Mono path[0] = 'C:/Users/Alienware/Documents/范志毅VS赵鹏/范志毅VS赵鹏 PC双人版（32位）/鑼冨織姣匳S璧甸箯 PC鍙屼汉鐗堬紙32浣嶏級/AI Mod Source/build/fan-strategy-selfplay-experiment-worker-0/FanZhiYi_Data/Managed'
Mono config path = 'C:/Users/Alienware/Documents/范志毅VS赵鹏/范志毅VS赵鹏 PC双人版（32位）/鑼冨織姣匳S璧甸箯 PC鍙屼汉鐗堬紙32浣嶏級/AI Mod Source/build/fan-strategy-selfplay-experiment-worker-0/MonoBleedingEdge/etc'
AS: AutoStreaming module initializing.Initialize engine version: 2019.4.33f1c1 (c2f94a8bebb3)
[Subsystems] Discovering subsystems at path C:/Users/Alienware/Documents/范志毅VS赵鹏/范志毅VS赵鹏 PC双人版（32位）/鑼冨織姣匳S璧甸箯 PC鍙屼汉鐗堬紙32浣嶏級/AI Mod Source/build/fan-strategy-selfplay-experiment-worker-0/FanZhiYi_Data/UnitySubsystems
Forcing GfxDevice: Null
GfxDevice: creating device client; threaded=0
NullGfxDevice:
    Version:  NULL 1.0 [1.0]
    Renderer: Null Device
    Vendor:   Unity Technologies
Begin MonoManager ReloadAssembly
- Completed reload, in  0.096 seconds
Microsoft Media Foundation video decoding to texture disabled: graphics device is Null, only Direct3D 11 and Direct3D 12 (only on desktop) are supported for hardware-accelerated video decoding.
UnloadTime: 0.541300 ms
Unloading 5 Unused Serialized files (Serialized files now loaded: 0)
UnloadTime: 0.188300 ms

Unloading 145 unused Assets to reduce memory usage. Loaded Objects now: 1003.
Total: 0.594900 ms (FindLiveObjects: 0.037300 ms CreateObjectMapping: 0.010300 ms MarkObjects: 0.218100 ms  DeleteObjects: 0.328700 ms)

SELFPLAY GOALMAP x=-6.13 isPlayer1Goal=True 
(Filename: E:\unity\Runtime/Export/Debug/Debug.bindings.h Line: 39)

SELFPLAY GOALMAP x=6.18 isPlayer1Goal=False 
(Filename: E:\unity\Runtime/Export/Debug/Debug.bindings.h Line: 39)

SELFPLAY GOAL 101 scorer=Fan ZhaoReward=-1 total=49:52 
(Filename: E:\unity\Runtime/Export/Debug/Debug.bindings.h Line: 39)

SELFPLAY GOAL 102 scorer=Fan ZhaoReward=-1 total=50:52 
(Filename: E:\unity\Runtime/Export/Debug/Debug.bindings.h Line: 39)

SELFPLAY GOAL 103 scorer=Zhao ZhaoReward=1 total=50:53 
(Filename: E:\unity\Runtime/Export/Debug/Debug.bindings.h Line: 39)

SELFPLAY GOAL 104 scorer=Fan ZhaoReward=-1 total=51:53 
(Filename: E:\unity\Runtime/Export/Debug/Debug.bindings.h Line: 39)

SELFPLAY GOAL 105 scorer=Fan ZhaoReward=-1 total=52:53 
(Filename: E:\unity\Runtime/Export/Debug/Debug.bindings.h Line: 39)

SELFPLAY GOAL 106 scorer=Zhao ZhaoReward=1 total=52:54 
(Filename: E:\unity\Runtime/Export/Debug/Debug.bindings.h Line: 39)

SELFPLAY GOAL 107 scorer=Fan ZhaoReward=-1 total=53:54 
(Filename: E:\unity\Runtime/Export/Debug/Debug.bindings.h Line: 39)

SELFPLAY GOAL 108 scorer=Zhao ZhaoReward=1 total=53:55 
(Filename: E:\unity\Runtime/Export/Debug/Debug.bindings.h Line: 39)

SELFPLAY MATCH 12 goals=8 total=108 score=5:3 
(Filename: E:\unity\Runtime/Export/Debug/Debug.bindings.h Line: 39)

Unloading 4 Unused Serialized files (Serialized files now loaded: 0)
UnloadTime: 0.969200 ms

Unloading 37 unused Assets to reduce memory usage. Loaded Objects now: 1061.
Total: 1.155500 ms (FindLiveObjects: 0.043700 ms CreateObjectMapping: 0.009700 ms MarkObjects: 0.272500 ms  DeleteObjects: 0.828900 ms)

SELFPLAY GOALMAP x=-6.13 isPlayer1Goal=True 
(Filename: E:\unity\Runtime/Export/Debug/Debug.bindings.h Line: 39)

SELFPLAY GOALMAP x=6.18 isPlayer1Goal=False 
(Filename: E:\unity\Runtime/Export/Debug/Debug.bindings.h Line: 39)

SELFPLAY GOAL 109 scorer=Zhao ZhaoReward=1 total=53:56 
(Filename: E:\unity\Runtime/Export/Debug/Debug.bindings.h Line: 39)

SELFPLAY GOAL 110 scorer=Fan ZhaoReward=-1 total=54:56 
(Filename: E:\unity\Runtime/Export/Debug/Debug.bindings.h Line: 39)

SELFPLAY GOAL 111 scorer=Fan ZhaoReward=-1 total=55:56 
(Filename: E:\unity\Runtime/Export/Debug/Debug.bindings.h Line: 39)

SELFPLAY GOAL 112 scorer=Zhao ZhaoReward=1 total=55:57 
(Filename: E:\unity\Runtime/Export/Debug/Debug.bindings.h Line: 39)

SELFPLAY GOAL 113 scorer=Zhao ZhaoReward=1 total=55:58 
(Filename: E:\unity\Runtime/Export/Debug/Debug.bindings.h Line: 39)

SELFPLAY GOAL 114 scorer=Fan ZhaoReward=-1 total=56:58 
(Filename: E:\unity\Runtime/Export/Debug/Debug.bindings.h Line: 39)

SELFPLAY GOAL 115 scorer=Zhao ZhaoReward=1 total=56:59 
(Filename: E:\unity\Runtime/Export/Debug/Debug.bindings.h Line: 39)

SELFPLAY GOAL 116 scorer=Zhao ZhaoReward=1 total=56:60 
(Filename: E:\unity\Runtime/Export/Debug/Debug.bindings.h Line: 39)

SELFPLAY MATCH 13 goals=8 total=116 score=3:5 
(Filename: E:\unity\Runtime/Export/Debug/Debug.bindings.h Line: 39)

Unloading 4 Unused Serialized files (Serialized files now loaded: 0)
UnloadTime: 0.615700 ms

Unloading 4 unused Assets to reduce memory usage. Loaded Objects now: 1061.
Total: 1.425000 ms (FindLiveObjects: 0.039800 ms CreateObjectMapping: 0.009100 ms MarkObjects: 0.293600 ms  DeleteObjects: 1.081900 ms)

SELFPLAY GOALMAP x=-6.13 isPlayer1Goal=True 
(Filename: E:\unity\Runtime/Export/Debug/Debug.bindings.h Line: 39)

SELFPLAY GOALMAP x=6.18 isPlayer1Goal=False 
(Filename: E:\unity\Runtime/Export/Debug/Debug.bindings.h Line: 39)

SELFPLAY GOAL 117 scorer=Zhao ZhaoReward=1 total=56:61 
(Filename: E:\unity\Runtime/Export/Debug/Debug.bindings.h Line: 39)

SELFPLAY GOAL 118 scorer=Fan ZhaoReward=-1 total=57:61 
(Filename: E:\unity\Runtime/Export/Debug/Debug.bindings.h Line: 39)

SELFPLAY GOAL 119 scorer=Fan ZhaoReward=-1 total=58:61 
(Filename: E:\unity\Runtime/Export/Debug/Debug.bindings.h Line: 39)

SELFPLAY GOAL 120 scorer=Zhao ZhaoReward=1 total=58:62 
(Filename: E:\unity\Runtime/Export/Debug/Debug.bindings.h Line: 39)

SELFPLAY GOAL 121 scorer=Zhao ZhaoReward=1 total=58:63 
(Filename: E:\unity\Runtime/Export/Debug/Debug.bindings.h Line: 39)

SELFPLAY GOAL 122 scorer=Fan ZhaoReward=-1 total=59:63 
(Filename: E:\unity\Runtime/Export/Debug/Debug.bindings.h Line: 39)

SELFPLAY GOAL 123 scorer=Fan ZhaoReward=-1 total=60:63 
(Filename: E:\unity\Runtime/Export/Debug/Debug.bindings.h Line: 39)

SELFPLAY GOAL 124 scorer=Fan ZhaoReward=-1 total=61:63 
(Filename: E:\unity\Runtime/Export/Debug/Debug.bindings.h Line: 39)

SELFPLAY GOAL 125 scorer=Zhao ZhaoReward=1 total=61:64 
(Filename: E:\unity\Runtime/Export/Debug/Debug.bindings.h Line: 39)

SELFPLAY GOAL 126 scorer=Zhao ZhaoReward=1 total=61:65 
(Filename: E:\unity\Runtime/Export/Debug/Debug.bindings.h Line: 39)

SELFPLAY MATCH 14 goals=10 total=126 score=5:5 
(Filename: E:\unity\Runtime/Export/Debug/Debug.bindings.h Line: 39)

Unloading 4 Unused Serialized files (Serialized files now loaded: 0)
UnloadTime: 0.439200 ms

Unloading 4 unused Assets to reduce memory usage. Loaded Objects now: 1061.
Total: 1.131400 ms (FindLiveObjects: 0.051800 ms CreateObjectMapping: 0.010100 ms MarkObjects: 0.242900 ms  DeleteObjects: 0.826400 ms)

SELFPLAY GOALMAP x=-6.13 isPlayer1Goal=True 
(Filename: E:\unity\Runtime/Export/Debug/Debug.bindings.h Line: 39)

SELFPLAY GOALMAP x=6.18 isPlayer1Goal=False 
(Filename: E:\unity\Runtime/Export/Debug/Debug.bindings.h Line: 39)

SELFPLAY GOAL 127 scorer=Fan ZhaoReward=-1 total=62:65 
(Filename: E:\unity\Runtime/Export/Debug/Debug.bindings.h Line: 39)

SELFPLAY GOAL 128 scorer=Fan ZhaoReward=-1 total=63:65 
(Filename: E:\unity\Runtime/Export/Debug/Debug.bindings.h Line: 39)

SELFPLAY GOAL 129 scorer=Fan ZhaoReward=-1 total=64:65 
(Filename: E:\unity\Runtime/Export/Debug/Debug.bindings.h Line: 39)

SELFPLAY GOAL 130 scorer=Zhao ZhaoReward=1 total=64:66 
(Filename: E:\unity\Runtime/Export/Debug/Debug.bindings.h Line: 39)

SELFPLAY GOAL 131 scorer=Zhao ZhaoReward=1 total=64:67 
(Filename: E:\unity\Runtime/Export/Debug/Debug.bindings.h Line: 39)

SELFPLAY GOAL 132 scorer=Fan ZhaoReward=-1 total=65:67 
(Filename: E:\unity\Runtime/Export/Debug/Debug.bindings.h Line: 39)

SELFPLAY GOAL 133 scorer=Fan ZhaoReward=-1 total=66:67 
(Filename: E:\unity\Runtime/Export/Debug/Debug.bindings.h Line: 39)

SELFPLAY GOAL 134 scorer=Fan ZhaoReward=-1 total=67:67 
(Filename: E:\unity\Runtime/Export/Debug/Debug.bindings.h Line: 39)

SELFPLAY GOAL 135 scorer=Zhao ZhaoReward=1 total=67:68 
(Filename: E:\unity\Runtime/Export/Debug/Debug.bindings.h Line: 39)

SELFPLAY GOAL 136 scorer=Fan ZhaoReward=-1 total=68:68 
(Filename: E:\unity\Runtime/Export/Debug/Debug.bindings.h Line: 39)

SELFPLAY GOAL 137 scorer=Zhao ZhaoReward=1 total=68:69 
(Filename: E:\unity\Runtime/Export/Debug/Debug.bindings.h Line: 39)

SELFPLAY MATCH 15 goals=11 total=137 score=7:4 
(Filename: E:\unity\Runtime/Export/Debug/Debug.bindings.h Line: 39)

Unloading 4 Unused Serialized files (Serialized files now loaded: 0)
UnloadTime: 0.530900 ms

Unloading 4 unused Assets to reduce memory usage. Loaded Objects now: 1061.
Total: 1.206100 ms (FindLiveObjects: 0.040100 ms CreateObjectMapping: 0.009000 ms MarkObjects: 0.263800 ms  DeleteObjects: 0.892700 ms)

SELFPLAY GOALMAP x=-6.13 isPlayer1Goal=True 
(Filename: E:\unity\Runtime/Export/Debug/Debug.bindings.h Line: 39)

SELFPLAY GOALMAP x=6.18 isPlayer1Goal=False 
(Filename: E:\unity\Runtime/Export/Debug/Debug.bindings.h Line: 39)

SELFPLAY GOAL 138 scorer=Fan ZhaoReward=-1 total=69:69 
(Filename: E:\unity\Runtime/Export/Debug/Debug.bindings.h Line: 39)

SELFPLAY GOAL 139 scorer=Zhao ZhaoReward=1 total=69:70 
(Filename: E:\unity\Runtime/Export/Debug/Debug.bindings.h Line: 39)

SELFPLAY GOAL 140 scorer=Fan ZhaoReward=-1 total=70:70 
(Filename: E:\unity\Runtime/Export/Debug/Debug.bindings.h Line: 39)

SELFPLAY GOAL 141 scorer=Fan ZhaoReward=-1 total=71:70 
(Filename: E:\unity\Runtime/Export/Debug/Debug.bindings.h Line: 39)

SELFPLAY GOAL 142 scorer=Zhao ZhaoReward=1 total=71:71 
(Filename: E:\unity\Runtime/Export/Debug/Debug.bindings.h Line: 39)

SELFPLAY GOAL 143 scorer=Zhao ZhaoReward=1 total=71:72 
(Filename: E:\unity\Runtime/Export/Debug/Debug.bindings.h Line: 39)

SELFPLAY GOAL 144 scorer=Fan ZhaoReward=-1 total=72:72 
(Filename: E:\unity\Runtime/Export/Debug/Debug.bindings.h Line: 39)

SELFPLAY GOAL 145 scorer=Zhao ZhaoReward=1 total=72:73 
(Filename: E:\unity\Runtime/Export/Debug/Debug.bindings.h Line: 39)

SELFPLAY GOAL 146 scorer=Fan ZhaoReward=-1 total=73:73 
(Filename: E:\unity\Runtime/Export/Debug/Debug.bindings.h Line: 39)

SELFPLAY GOAL 147 scorer=Zhao ZhaoReward=1 total=73:74 
(Filename: E:\unity\Runtime/Export/Debug/Debug.bindings.h Line: 39)

SELFPLAY GOAL 148 scorer=Zhao ZhaoReward=1 total=73:75 
(Filename: E:\unity\Runtime/Export/Debug/Debug.bindings.h Line: 39)

SELFPLAY MATCH 16 goals=11 total=148 score=5:6 
(Filename: E:\unity\Runtime/Export/Debug/Debug.bindings.h Line: 39)

Unloading 4 Unused Serialized files (Serialized files now loaded: 0)
UnloadTime: 0.437600 ms

Unloading 4 unused Assets to reduce memory usage. Loaded Objects now: 1061.
Total: 1.517500 ms (FindLiveObjects: 0.043400 ms CreateObjectMapping: 0.010700 ms MarkObjects: 0.323300 ms  DeleteObjects: 1.139400 ms)

SELFPLAY GOALMAP x=-6.13 isPlayer1Goal=True 
(Filename: E:\unity\Runtime/Export/Debug/Debug.bindings.h Line: 39)

SELFPLAY GOALMAP x=6.18 isPlayer1Goal=False 
(Filename: E:\unity\Runtime/Export/Debug/Debug.bindings.h Line: 39)

SELFPLAY GOAL 149 scorer=Fan ZhaoReward=-1 total=74:75 
(Filename: E:\unity\Runtime/Export/Debug/Debug.bindings.h Line: 39)

SELFPLAY GOAL 150 scorer=Fan ZhaoReward=-1 total=75:75 
(Filename: E:\unity\Runtime/Export/Debug/Debug.bindings.h Line: 39)

SELFPLAY GOAL 151 scorer=Fan ZhaoReward=-1 total=76:75 
(Filename: E:\unity\Runtime/Export/Debug/Debug.bindings.h Line: 39)

SELFPLAY GOAL 152 scorer=Fan ZhaoReward=-1 total=77:75 
(Filename: E:\unity\Runtime/Export/Debug/Debug.bindings.h Line: 39)

SELFPLAY GOAL 153 scorer=Fan ZhaoReward=-1 total=78:75 
(Filename: E:\unity\Runtime/Export/Debug/Debug.bindings.h Line: 39)

SELFPLAY GOAL 154 scorer=Zhao ZhaoReward=1 total=78:76 
(Filename: E:\unity\Runtime/Export/Debug/Debug.bindings.h Line: 39)

SELFPLAY GOAL 155 scorer=Fan ZhaoReward=-1 total=79:76 
(Filename: E:\unity\Runtime/Export/Debug/Debug.bindings.h Line: 39)

SELFPLAY GOAL 156 scorer=Fan ZhaoReward=-1 total=80:76 
(Filename: E:\unity\Runtime/Export/Debug/Debug.bindings.h Line: 39)

SELFPLAY MATCH 17 goals=8 total=156 score=7:1 
(Filename: E:\unity\Runtime/Export/Debug/Debug.bindings.h Line: 39)

Unloading 4 Unused Serialized files (Serialized files now loaded: 0)
UnloadTime: 0.594900 ms

Unloading 4 unused Assets to reduce memory usage. Loaded Objects now: 1061.
Total: 1.238100 ms (FindLiveObjects: 0.055700 ms CreateObjectMapping: 0.017900 ms MarkObjects: 0.272000 ms  DeleteObjects: 0.892200 ms)

SELFPLAY GOALMAP x=-6.13 isPlayer1Goal=True 
(Filename: E:\unity\Runtime/Export/Debug/Debug.bindings.h Line: 39)

SELFPLAY GOALMAP x=6.18 isPlayer1Goal=False 
(Filename: E:\unity\Runtime/Export/Debug/Debug.bindings.h Line: 39)

SELFPLAY GOAL 157 scorer=Fan ZhaoReward=-1 total=81:76 
(Filename: E:\unity\Runtime/Export/Debug/Debug.bindings.h Line: 39)

SELFPLAY GOAL 158 scorer=Fan ZhaoReward=-1 total=82:76 
(Filename: E:\unity\Runtime/Export/Debug/Debug.bindings.h Line: 39)

SELFPLAY GOAL 159 scorer=Fan ZhaoReward=-1 total=83:76 
(Filename: E:\unity\Runtime/Export/Debug/Debug.bindings.h Line: 39)

SELFPLAY GOAL 160 scorer=Zhao ZhaoReward=1 total=83:77 
(Filename: E:\unity\Runtime/Export/Debug/Debug.bindings.h Line: 39)

SELFPLAY GOAL 161 scorer=Zhao ZhaoReward=1 total=83:78 
(Filename: E:\unity\Runtime/Export/Debug/Debug.bindings.h Line: 39)

SELFPLAY GOAL 162 scorer=Zhao ZhaoReward=1 total=83:79 
(Filename: E:\unity\Runtime/Export/Debug/Debug.bindings.h Line: 39)

SELFPLAY GOAL 163 scorer=Fan ZhaoReward=-1 total=84:79 
(Filename: E:\unity\Runtime/Export/Debug/Debug.bindings.h Line: 39)

SELFPLAY MATCH 18 goals=7 total=163 score=4:3 
(Filename: E:\unity\Runtime/Export/Debug/Debug.bindings.h Line: 39)

Unloading 4 Unused Serialized files (Serialized files now loaded: 0)
UnloadTime: 0.643300 ms

Unloading 4 unused Assets to reduce memory usage. Loaded Objects now: 1061.
Total: 1.319000 ms (FindLiveObjects: 0.041400 ms CreateObjectMapping: 0.009600 ms MarkObjects: 0.240900 ms  DeleteObjects: 1.026700 ms)

SELFPLAY GOALMAP x=-6.13 isPlayer1Goal=True 
(Filename: E:\unity\Runtime/Export/Debug/Debug.bindings.h Line: 39)

SELFPLAY GOALMAP x=6.18 isPlayer1Goal=False 
(Filename: E:\unity\Runtime/Export/Debug/Debug.bindings.h Line: 39)

SELFPLAY GOAL 164 scorer=Fan ZhaoReward=-1 total=85:79 
(Filename: E:\unity\Runtime/Export/Debug/Debug.bindings.h Line: 39)

SELFPLAY GOAL 165 scorer=Fan ZhaoReward=-1 total=86:79 
(Filename: E:\unity\Runtime/Export/Debug/Debug.bindings.h Line: 39)

SELFPLAY GOAL 166 scorer=Fan ZhaoReward=-1 total=87:79 
(Filename: E:\unity\Runtime/Export/Debug/Debug.bindings.h Line: 39)

SELFPLAY GOAL 167 scorer=Zhao ZhaoReward=1 total=87:80 
(Filename: E:\unity\Runtime/Export/Debug/Debug.bindings.h Line: 39)

SELFPLAY GOAL 168 scorer=Fan ZhaoReward=-1 total=88:80 
(Filename: E:\unity\Runtime/Export/Debug/Debug.bindings.h Line: 39)

SELFPLAY PROGRESS goals=168/500 matches=19 score=88:80 real=73.08372 
(Filename: E:\unity\Runtime/Export/Debug/Debug.bindings.h Line: 39)

SELFPLAY GOAL 169 scorer=Fan ZhaoReward=-1 total=89:80 
(Filename: E:\unity\Runtime/Export/Debug/Debug.bindings.h Line: 39)

SELFPLAY GOAL 170 scorer=Fan ZhaoReward=-1 total=90:80 
(Filename: E:\unity\Runtime/Export/Debug/Debug.bindings.h Line: 39)

SELFPLAY GOAL 171 scorer=Fan ZhaoReward=-1 total=91:80 
(Filename: E:\unity\Runtime/Export/Debug/Debug.bindings.h Line: 39)

SELFPLAY GOAL 172 scorer=Zhao ZhaoReward=1 total=91:81 
(Filename: E:\unity\Runtime/Export/Debug/Debug.bindings.h Line: 39)

SELFPLAY GOAL 173 scorer=Fan ZhaoReward=-1 total=92:81 
(Filename: E:\unity\Runtime/Export/Debug/Debug.bindings.h Line: 39)

SELFPLAY GOAL 174 scorer=Zhao ZhaoReward=1 total=92:82 
(Filename: E:\unity\Runtime/Export/Debug/Debug.bindings.h Line: 39)

SELFPLAY GOAL 175 scorer=Fan ZhaoReward=-1 total=93:82 
(Filename: E:\unity\Runtime/Export/Debug/Debug.bindings.h Line: 39)

SELFPLAY GOAL 176 scorer=Zhao ZhaoReward=1 total=93:83 
(Filename: E:\unity\Runtime/Export/Debug/Debug.bindings.h Line: 39)

SELFPLAY MATCH 19 goals=13 total=176 score=9:4 
(Filename: E:\unity\Runtime/Export/Debug/Debug.bindings.h Line: 39)

Unloading 4 Unused Serialized files (Serialized files now loaded: 0)
UnloadTime: 0.443000 ms

Unloading 4 unused Assets to reduce memory usage. Loaded Objects now: 1061.
Total: 1.298300 ms (FindLiveObjects: 0.043500 ms CreateObjectMapping: 0.010100 ms MarkObjects: 0.323600 ms  DeleteObjects: 0.920600 ms)

SELFPLAY GOALMAP x=-6.13 isPlayer1Goal=True 
(Filename: E:\unity\Runtime/Export/Debug/Debug.bindings.h Line: 39)

SELFPLAY GOALMAP x=6.18 isPlayer1Goal=False 
(Filename: E:\unity\Runtime/Export/Debug/Debug.bindings.h Line: 39)

SELFPLAY GOAL 177 scorer=Fan ZhaoReward=-1 total=94:83 
(Filename: E:\unity\Runtime/Export/Debug/Debug.bindings.h Line: 39)

SELFPLAY GOAL 178 scorer=Zhao ZhaoReward=1 total=94:84 
(Filename: E:\unity\Runtime/Export/Debug/Debug.bindings.h Line: 39)

SELFPLAY GOAL 179 scorer=Zhao ZhaoReward=1 total=94:85 
(Filename: E:\unity\Runtime/Export/Debug/Debug.bindings.h Line: 39)

SELFPLAY GOAL 180 scorer=Zhao ZhaoReward=1 total=94:86 
(Filename: E:\unity\Runtime/Export/Debug/Debug.bindings.h Line: 39)

SELFPLAY GOAL 181 scorer=Zhao ZhaoReward=1 total=94:87 
(Filename: E:\unity\Runtime/Export/Debug/Debug.bindings.h Line: 39)

SELFPLAY GOAL 182 scorer=Zhao ZhaoReward=1 total=94:88 
(Filename: E:\unity\Runtime/Export/Debug/Debug.bindings.h Line: 39)

SELFPLAY GOAL 183 scorer=Fan ZhaoReward=-1 total=95:88 
(Filename: E:\unity\Runtime/Export/Debug/Debug.bindings.h Line: 39)

SELFPLAY GOAL 184 scorer=Zhao ZhaoReward=1 total=95:89 
(Filename: E:\unity\Runtime/Export/Debug/Debug.bindings.h Line: 39)

SELFPLAY GOAL 185 scorer=Zhao ZhaoReward=1 total=95:90 
(Filename: E:\unity\Runtime/Export/Debug/Debug.bindings.h Line: 39)

SELFPLAY MATCH 20 goals=9 total=185 score=2:7 
(Filename: E:\unity\Runtime/Export/Debug/Debug.bindings.h Line: 39)

Unloading 4 Unused Serialized files (Serialized files now loaded: 0)
UnloadTime: 0.501300 ms

Unloading 4 unused Assets to reduce memory usage. Loaded Objects now: 1061.
Total: 1.325000 ms (FindLiveObjects: 0.042200 ms CreateObjectMapping: 0.009700 ms MarkObjects: 0.260100 ms  DeleteObjects: 1.012300 ms)

SELFPLAY GOALMAP x=-6.13 isPlayer1Goal=True 
(Filename: E:\unity\Runtime/Export/Debug/Debug.bindings.h Line: 39)

SELFPLAY GOALMAP x=6.18 isPlayer1Goal=False 
(Filename: E:\unity\Runtime/Export/Debug/Debug.bindings.h Line: 39)

SELFPLAY GOAL 186 scorer=Fan ZhaoReward=-1 total=96:90 
(Filename: E:\unity\Runtime/Export/Debug/Debug.bindings.h Line: 39)

SELFPLAY GOAL 187 scorer=Fan ZhaoReward=-1 total=97:90 
(Filename: E:\unity\Runtime/Export/Debug/Debug.bindings.h Line: 39)

SELFPLAY GOAL 188 scorer=Zhao ZhaoReward=1 total=97:91 
(Filename: E:\unity\Runtime/Export/Debug/Debug.bindings.h Line: 39)

SELFPLAY GOAL 189 scorer=Zhao ZhaoReward=1 total=97:92 
(Filename: E:\unity\Runtime/Export/Debug/Debug.bindings.h Line: 39)

SELFPLAY GOAL 190 scorer=Fan ZhaoReward=-1 total=98:92 
(Filename: E:\unity\Runtime/Export/Debug/Debug.bindings.h Line: 39)

SELFPLAY GOAL 191 scorer=Fan ZhaoReward=-1 total=99:92 
(Filename: E:\unity\Runtime/Export/Debug/Debug.bindings.h Line: 39)

SELFPLAY GOAL 192 scorer=Zhao ZhaoReward=1 total=99:93 
(Filename: E:\unity\Runtime/Export/Debug/Debug.bindings.h Line: 39)

SELFPLAY GOAL 193 scorer=Zhao ZhaoReward=1 total=99:94 
(Filename: E:\unity\Runtime/Export/Debug/Debug.bindings.h Line: 39)

SELFPLAY GOAL 194 scorer=Zhao ZhaoReward=1 total=99:95 
(Filename: E:\unity\Runtime/Export/Debug/Debug.bindings.h Line: 39)

SELFPLAY MATCH 21 goals=9 total=194 score=4:5 
(Filename: E:\unity\Runtime/Export/Debug/Debug.bindings.h Line: 39)

Unloading 4 Unused Serialized files (Serialized files now loaded: 0)
UnloadTime: 0.412700 ms

Unloading 4 unused Assets to reduce memory usage. Loaded Objects now: 1061.
Total: 1.414000 ms (FindLiveObjects: 0.054400 ms CreateObjectMapping: 0.010100 ms MarkObjects: 0.329200 ms  DeleteObjects: 1.019400 ms)

SELFPLAY GOALMAP x=-6.13 isPlayer1Goal=True 
(Filename: E:\unity\Runtime/Export/Debug/Debug.bindings.h Line: 39)

SELFPLAY GOALMAP x=6.18 isPlayer1Goal=False 
(Filename: E:\unity\Runtime/Export/Debug/Debug.bindings.h Line: 39)

SELFPLAY GOAL 195 scorer=Fan ZhaoReward=-1 total=100:95 
(Filename: E:\unity\Runtime/Export/Debug/Debug.bindings.h Line: 39)

SELFPLAY GOAL 196 scorer=Fan ZhaoReward=-1 total=101:95 
(Filename: E:\unity\Runtime/Export/Debug/Debug.bindings.h Line: 39)

SELFPLAY GOAL 197 scorer=Zhao ZhaoReward=1 total=101:96 
(Filename: E:\unity\Runtime/Export/Debug/Debug.bindings.h Line: 39)

SELFPLAY GOAL 198 scorer=Fan ZhaoReward=-1 total=102:96 
(Filename: E:\unity\Runtime/Export/Debug/Debug.bindings.h Line: 39)

SELFPLAY GOAL 199 scorer=Zhao ZhaoReward=1 total=102:97 
(Filename: E:\unity\Runtime/Export/Debug/Debug.bindings.h Line: 39)

SELFPLAY GOAL 200 scorer=Fan ZhaoReward=-1 total=103:97 
(Filename: E:\unity\Runtime/Export/Debug/Debug.bindings.h Line: 39)

SELFPLAY GOAL 201 scorer=Fan ZhaoReward=-1 total=104:97 
(Filename: E:\unity\Runtime/Export/Debug/Debug.bindings.h Line: 39)

SELFPLAY GOAL 202 scorer=Fan ZhaoReward=-1 total=105:97 
(Filename: E:\unity\Runtime/Export/Debug/Debug.bindings.h Line: 39)

SELFPLAY GOAL 203 scorer=Zhao ZhaoReward=1 total=105:98 
(Filename: E:\unity\Runtime/Export/Debug/Debug.bindings.h Line: 39)

SELFPLAY GOAL 204 scorer=Zhao ZhaoReward=1 total=105:99 
(Filename: E:\unity\Runtime/Export/Debug/Debug.bindings.h Line: 39)

SELFPLAY GOAL 205 scorer=Fan ZhaoReward=-1 total=106:99 
(Filename: E:\unity\Runtime/Export/Debug/Debug.bindings.h Line: 39)

SELFPLAY GOAL 206 scorer=Fan ZhaoReward=-1 total=107:99 
(Filename: E:\unity\Runtime/Export/Debug/Debug.bindings.h Line: 39)

SELFPLAY GOAL 207 scorer=Fan ZhaoReward=-1 total=108:99 
(Filename: E:\unity\Runtime/Export/Debug/Debug.bindings.h Line: 39)

SELFPLAY GOAL 208 scorer=Fan ZhaoReward=-1 total=109:99 
(Filename: E:\unity\Runtime/Export/Debug/Debug.bindings.h Line: 39)

SELFPLAY MATCH 22 goals=14 total=208 score=10:4 
(Filename: E:\unity\Runtime/Export/Debug/Debug.bindings.h Line: 39)

Unloading 4 Unused Serialized files (Serialized files now loaded: 0)
UnloadTime: 0.736300 ms

Unloading 4 unused Assets to reduce memory usage. Loaded Objects now: 1061.
Total: 1.406000 ms (FindLiveObjects: 0.044100 ms CreateObjectMapping: 0.011000 ms MarkObjects: 0.338000 ms  DeleteObjects: 1.012500 ms)

SELFPLAY GOALMAP x=-6.13 isPlayer1Goal=True 
(Filename: E:\unity\Runtime/Export/Debug/Debug.bindings.h Line: 39)

SELFPLAY GOALMAP x=6.18 isPlayer1Goal=False 
(Filename: E:\unity\Runtime/Export/Debug/Debug.bindings.h Line: 39)

SELFPLAY GOAL 209 scorer=Fan ZhaoReward=-1 total=110:99 
(Filename: E:\unity\Runtime/Export/Debug/Debug.bindings.h Line: 39)

SELFPLAY GOAL 210 scorer=Zhao ZhaoReward=1 total=110:100 
(Filename: E:\unity\Runtime/Export/Debug/Debug.bindings.h Line: 39)

SELFPLAY GOAL 211 scorer=Fan ZhaoReward=-1 total=111:100 
(Filename: E:\unity\Runtime/Export/Debug/Debug.bindings.h Line: 39)

SELFPLAY GOAL 212 scorer=Fan ZhaoReward=-1 total=112:100 
(Filename: E:\unity\Runtime/Export/Debug/Debug.bindings.h Line: 39)

SELFPLAY GOAL 213 scorer=Fan ZhaoReward=-1 total=113:100 
(Filename: E:\unity\Runtime/Export/Debug/Debug.bindings.h Line: 39)

SELFPLAY GOAL 214 scorer=Fan ZhaoReward=-1 total=114:100 
(Filename: E:\unity\Runtime/Export/Debug/Debug.bindings.h Line: 39)

SELFPLAY GOAL 215 scorer=Fan ZhaoReward=-1 total=115:100 
(Filename: E:\unity\Runtime/Export/Debug/Debug.bindings.h Line: 39)

SELFPLAY GOAL 216 scorer=Zhao ZhaoReward=1 total=115:101 
(Filename: E:\unity\Runtime/Export/Debug/Debug.bindings.h Line: 39)

SELFPLAY GOAL 217 scorer=Zhao ZhaoReward=1 total=115:102 
(Filename: E:\unity\Runtime/Export/Debug/Debug.bindings.h Line: 39)

SELFPLAY GOAL 218 scorer=Fan ZhaoReward=-1 total=116:102 
(Filename: E:\unity\Runtime/Export/Debug/Debug.bindings.h Line: 39)

SELFPLAY MATCH 23 goals=10 total=218 score=7:3 
(Filename: E:\unity\Runtime/Export/Debug/Debug.bindings.h Line: 39)

Unloading 4 Unused Serialized files (Serialized files now loaded: 0)
UnloadTime: 0.600000 ms

Unloading 4 unused Assets to reduce memory usage. Loaded Objects now: 1061.
Total: 1.384300 ms (FindLiveObjects: 0.044400 ms CreateObjectMapping: 0.009800 ms MarkObjects: 0.357300 ms  DeleteObjects: 0.971900 ms)

SELFPLAY GOALMAP x=-6.13 isPlayer1Goal=True 
(Filename: E:\unity\Runtime/Export/Debug/Debug.bindings.h Line: 39)

SELFPLAY GOALMAP x=6.18 isPlayer1Goal=False 
(Filename: E:\unity\Runtime/Export/Debug/Debug.bindings.h Line: 39)

SELFPLAY GOAL 219 scorer=Fan ZhaoReward=-1 total=117:102 
(Filename: E:\unity\Runtime/Export/Debug/Debug.bindings.h Line: 39)

SELFPLAY GOAL 220 scorer=Fan ZhaoReward=-1 total=118:102 
(Filename: E:\unity\Runtime/Export/Debug/Debug.bindings.h Line: 39)

SELFPLAY GOAL 221 scorer=Zhao ZhaoReward=1 total=118:103 
(Filename: E:\unity\Runtime/Export/Debug/Debug.bindings.h Line: 39)

SELFPLAY GOAL 222 scorer=Fan ZhaoReward=-1 total=119:103 
(Filename: E:\unity\Runtime/Export/Debug/Debug.bindings.h Line: 39)

SELFPLAY GOAL 223 scorer=Zhao ZhaoReward=1 total=119:104 
(Filename: E:\unity\Runtime/Export/Debug/Debug.bindings.h Line: 39)

SELFPLAY GOAL 224 scorer=Zhao ZhaoReward=1 total=119:105 
(Filename: E:\unity\Runtime/Export/Debug/Debug.bindings.h Line: 39)

SELFPLAY MATCH 24 goals=6 total=224 score=3:3 
(Filename: E:\unity\Runtime/Export/Debug/Debug.bindings.h Line: 39)

Unloading 4 Unused Serialized files (Serialized files now loaded: 0)
UnloadTime: 0.530000 ms

Unloading 4 unused Assets to reduce memory usage. Loaded Objects now: 1061.
Total: 1.398400 ms (FindLiveObjects: 0.045300 ms CreateObjectMapping: 0.011000 ms MarkObjects: 0.376700 ms  DeleteObjects: 0.964900 ms)

SELFPLAY GOALMAP x=-6.13 isPlayer1Goal=True 
(Filename: E:\unity\Runtime/Export/Debug/Debug.bindings.h Line: 39)

SELFPLAY GOALMAP x=6.18 isPlayer1Goal=False 
(Filename: E:\unity\Runtime/Export/Debug/Debug.bindings.h Line: 39)

SELFPLAY GOAL 225 scorer=Zhao ZhaoReward=1 total=119:106 
(Filename: E:\unity\Runtime/Export/Debug/Debug.bindings.h Line: 39)

SELFPLAY GOAL 226 scorer=Zhao ZhaoReward=1 total=119:107 
(Filename: E:\unity\Runtime/Export/Debug/Debug.bindings.h Line: 39)

SELFPLAY GOAL 227 scorer=Zhao ZhaoReward=1 total=119:108 
(Filename: E:\unity\Runtime/Export/Debug/Debug.bindings.h Line: 39)

SELFPLAY GOAL 228 scorer=Zhao ZhaoReward=1 total=119:109 
(Filename: E:\unity\Runtime/Export/Debug/Debug.bindings.h Line: 39)

SELFPLAY GOAL 229 scorer=Fan ZhaoReward=-1 total=120:109 
(Filename: E:\unity\Runtime/Export/Debug/Debug.bindings.h Line: 39)

SELFPLAY GOAL 230 scorer=Zhao ZhaoReward=1 total=120:110 
(Filename: E:\unity\Runtime/Export/Debug/Debug.bindings.h Line: 39)

SELFPLAY GOAL 231 scorer=Zhao ZhaoReward=1 total=120:111 
(Filename: E:\unity\Runtime/Export/Debug/Debug.bindings.h Line: 39)

SELFPLAY GOAL 232 scorer=Fan ZhaoReward=-1 total=121:111 
(Filename: E:\unity\Runtime/Export/Debug/Debug.bindings.h Line: 39)

SELFPLAY GOAL 233 scorer=Zhao ZhaoReward=1 total=121:112 
(Filename: E:\unity\Runtime/Export/Debug/Debug.bindings.h Line: 39)

SELFPLAY MATCH 25 goals=9 total=233 score=2:7 
(Filename: E:\unity\Runtime/Export/Debug/Debug.bindings.h Line: 39)

Unloading 4 Unused Serialized files (Serialized files now loaded: 0)
UnloadTime: 0.506600 ms

Unloading 4 unused Assets to reduce memory usage. Loaded Objects now: 1061.
Total: 1.222800 ms (FindLiveObjects: 0.049500 ms CreateObjectMapping: 0.010700 ms MarkObjects: 0.294100 ms  DeleteObjects: 0.868000 ms)

SELFPLAY GOALMAP x=-6.13 isPlayer1Goal=True 
(Filename: E:\unity\Runtime/Export/Debug/Debug.bindings.h Line: 39)

SELFPLAY GOALMAP x=6.18 isPlayer1Goal=False 
(Filename: E:\unity\Runtime/Export/Debug/Debug.bindings.h Line: 39)

SELFPLAY GOAL 234 scorer=Zhao ZhaoReward=1 total=121:113 
(Filename: E:\unity\Runtime/Export/Debug/Debug.bindings.h Line: 39)

SELFPLAY GOAL 235 scorer=Fan ZhaoReward=-1 total=122:113 
(Filename: E:\unity\Runtime/Export/Debug/Debug.bindings.h Line: 39)

SELFPLAY GOAL 236 scorer=Fan ZhaoReward=-1 total=123:113 
(Filename: E:\unity\Runtime/Export/Debug/Debug.bindings.h Line: 39)

SELFPLAY GOAL 237 scorer=Zhao ZhaoReward=1 total=123:114 
(Filename: E:\unity\Runtime/Export/Debug/Debug.bindings.h Line: 39)

SELFPLAY GOAL 238 scorer=Fan ZhaoReward=-1 total=124:114 
(Filename: E:\unity\Runtime/Export/Debug/Debug.bindings.h Line: 39)

SELFPLAY GOAL 239 scorer=Zhao ZhaoReward=1 total=124:115 
(Filename: E:\unity\Runtime/Export/Debug/Debug.bindings.h Line: 39)

SELFPLAY GOAL 240 scorer=Fan ZhaoReward=-1 total=125:115 
(Filename: E:\unity\Runtime/Export/Debug/Debug.bindings.h Line: 39)

SELFPLAY PROGRESS goals=240/500 matches=26 score=125:115 real=103.0882 
(Filename: E:\unity\Runtime/Export/Debug/Debug.bindings.h Line: 39)

SELFPLAY GOAL 241 scorer=Zhao ZhaoReward=1 total=125:116 
(Filename: E:\unity\Runtime/Export/Debug/Debug.bindings.h Line: 39)

SELFPLAY GOAL 242 scorer=Fan ZhaoReward=-1 total=126:116 
(Filename: E:\unity\Runtime/Export/Debug/Debug.bindings.h Line: 39)

SELFPLAY GOAL 243 scorer=Fan ZhaoReward=-1 total=127:116 
(Filename: E:\unity\Runtime/Export/Debug/Debug.bindings.h Line: 39)

SELFPLAY MATCH 26 goals=10 total=243 score=6:4 
(Filename: E:\unity\Runtime/Export/Debug/Debug.bindings.h Line: 39)

Unloading 4 Unused Serialized files (Serialized files now loaded: 0)
UnloadTime: 0.565500 ms

Unloading 4 unused Assets to reduce memory usage. Loaded Objects now: 1061.
Total: 1.427300 ms (FindLiveObjects: 0.044200 ms CreateObjectMapping: 0.011400 ms MarkObjects: 0.345800 ms  DeleteObjects: 1.025500 ms)

SELFPLAY GOALMAP x=-6.13 isPlayer1Goal=True 
(Filename: E:\unity\Runtime/Export/Debug/Debug.bindings.h Line: 39)

SELFPLAY GOALMAP x=6.18 isPlayer1Goal=False 
(Filename: E:\unity\Runtime/Export/Debug/Debug.bindings.h Line: 39)

SELFPLAY GOAL 244 scorer=Fan ZhaoReward=-1 total=128:116 
(Filename: E:\unity\Runtime/Export/Debug/Debug.bindings.h Line: 39)

SELFPLAY GOAL 245 scorer=Fan ZhaoReward=-1 total=129:116 
(Filename: E:\unity\Runtime/Export/Debug/Debug.bindings.h Line: 39)

SELFPLAY GOAL 246 scorer=Zhao ZhaoReward=1 total=129:117 
(Filename: E:\unity\Runtime/Export/Debug/Debug.bindings.h Line: 39)

SELFPLAY GOAL 247 scorer=Zhao ZhaoReward=1 total=129:118 
(Filename: E:\unity\Runtime/Export/Debug/Debug.bindings.h Line: 39)

SELFPLAY GOAL 248 scorer=Fan ZhaoReward=-1 total=130:118 
(Filename: E:\unity\Runtime/Export/Debug/Debug.bindings.h Line: 39)

SELFPLAY GOAL 249 scorer=Zhao ZhaoReward=1 total=130:119 
(Filename: E:\unity\Runtime/Export/Debug/Debug.bindings.h Line: 39)

SELFPLAY GOAL 250 scorer=Zhao ZhaoReward=1 total=130:120 
(Filename: E:\unity\Runtime/Export/Debug/Debug.bindings.h Line: 39)

SELFPLAY GOAL 251 scorer=Zhao ZhaoReward=1 total=130:121 
(Filename: E:\unity\Runtime/Export/Debug/Debug.bindings.h Line: 39)

SELFPLAY GOAL 252 scorer=Zhao ZhaoReward=1 total=130:122 
(Filename: E:\unity\Runtime/Export/Debug/Debug.bindings.h Line: 39)

SELFPLAY GOAL 253 scorer=Zhao ZhaoReward=1 total=130:123 
(Filename: E:\unity\Runtime/Export/Debug/Debug.bindings.h Line: 39)

SELFPLAY MATCH 27 goals=10 total=253 score=3:7 
(Filename: E:\unity\Runtime/Export/Debug/Debug.bindings.h Line: 39)

Unloading 4 Unused Serialized files (Serialized files now loaded: 0)
UnloadTime: 0.403600 ms

Unloading 4 unused Assets to reduce memory usage. Loaded Objects now: 1061.
Total: 1.382700 ms (FindLiveObjects: 0.040500 ms CreateObjectMapping: 0.010400 ms MarkObjects: 0.341000 ms  DeleteObjects: 0.990500 ms)

SELFPLAY GOALMAP x=-6.13 isPlayer1Goal=True 
(Filename: E:\unity\Runtime/Export/Debug/Debug.bindings.h Line: 39)

SELFPLAY GOALMAP x=6.18 isPlayer1Goal=False 
(Filename: E:\unity\Runtime/Export/Debug/Debug.bindings.h Line: 39)

SELFPLAY GOAL 254 scorer=Fan ZhaoReward=-1 total=131:123 
(Filename: E:\unity\Runtime/Export/Debug/Debug.bindings.h Line: 39)

SELFPLAY GOAL 255 scorer=Fan ZhaoReward=-1 total=132:123 
(Filename: E:\unity\Runtime/Export/Debug/Debug.bindings.h Line: 39)

SELFPLAY GOAL 256 scorer=Zhao ZhaoReward=1 total=132:124 
(Filename: E:\unity\Runtime/Export/Debug/Debug.bindings.h Line: 39)

SELFPLAY GOAL 257 scorer=Fan ZhaoReward=-1 total=133:124 
(Filename: E:\unity\Runtime/Export/Debug/Debug.bindings.h Line: 39)

SELFPLAY GOAL 258 scorer=Zhao ZhaoReward=1 total=133:125 
(Filename: E:\unity\Runtime/Export/Debug/Debug.bindings.h Line: 39)

SELFPLAY GOAL 259 scorer=Fan ZhaoReward=-1 total=134:125 
(Filename: E:\unity\Runtime/Export/Debug/Debug.bindings.h Line: 39)

SELFPLAY GOAL 260 scorer=Fan ZhaoReward=-1 total=135:125 
(Filename: E:\unity\Runtime/Export/Debug/Debug.bindings.h Line: 39)

SELFPLAY GOAL 261 scorer=Fan ZhaoReward=-1 total=136:125 
(Filename: E:\unity\Runtime/Export/Debug/Debug.bindings.h Line: 39)

SELFPLAY GOAL 262 scorer=Zhao ZhaoReward=1 total=136:126 
(Filename: E:\unity\Runtime/Export/Debug/Debug.bindings.h Line: 39)

SELFPLAY GOAL 263 scorer=Fan ZhaoReward=-1 total=137:126 
(Filename: E:\unity\Runtime/Export/Debug/Debug.bindings.h Line: 39)

SELFPLAY MATCH 28 goals=10 total=263 score=7:3 
(Filename: E:\unity\Runtime/Export/Debug/Debug.bindings.h Line: 39)

Unloading 4 Unused Serialized files (Serialized files now loaded: 0)
UnloadTime: 0.732300 ms

Unloading 4 unused Assets to reduce memory usage. Loaded Objects now: 1061.
Total: 1.420700 ms (FindLiveObjects: 0.046300 ms CreateObjectMapping: 0.010500 ms MarkObjects: 0.297900 ms  DeleteObjects: 1.065200 ms)

SELFPLAY GOALMAP x=-6.13 isPlayer1Goal=True 
(Filename: E:\unity\Runtime/Export/Debug/Debug.bindings.h Line: 39)

SELFPLAY GOALMAP x=6.18 isPlayer1Goal=False 
(Filename: E:\unity\Runtime/Export/Debug/Debug.bindings.h Line: 39)

SELFPLAY GOAL 264 scorer=Fan ZhaoReward=-1 total=138:126 
(Filename: E:\unity\Runtime/Export/Debug/Debug.bindings.h Line: 39)

SELFPLAY GOAL 265 scorer=Fan ZhaoReward=-1 total=139:126 
(Filename: E:\unity\Runtime/Export/Debug/Debug.bindings.h Line: 39)

SELFPLAY GOAL 266 scorer=Fan ZhaoReward=-1 total=140:126 
(Filename: E:\unity\Runtime/Export/Debug/Debug.bindings.h Line: 39)

SELFPLAY GOAL 267 scorer=Fan ZhaoReward=-1 total=141:126 
(Filename: E:\unity\Runtime/Export/Debug/Debug.bindings.h Line: 39)

SELFPLAY GOAL 268 scorer=Fan ZhaoReward=-1 total=142:126 
(Filename: E:\unity\Runtime/Export/Debug/Debug.bindings.h Line: 39)

SELFPLAY GOAL 269 scorer=Fan ZhaoReward=-1 total=143:126 
(Filename: E:\unity\Runtime/Export/Debug/Debug.bindings.h Line: 39)

SELFPLAY GOAL 270 scorer=Fan ZhaoReward=-1 total=144:126 
(Filename: E:\unity\Runtime/Export/Debug/Debug.bindings.h Line: 39)

SELFPLAY GOAL 271 scorer=Zhao ZhaoReward=1 total=144:127 
(Filename: E:\unity\Runtime/Export/Debug/Debug.bindings.h Line: 39)

SELFPLAY GOAL 272 scorer=Zhao ZhaoReward=1 total=144:128 
(Filename: E:\unity\Runtime/Export/Debug/Debug.bindings.h Line: 39)

SELFPLAY GOAL 273 scorer=Fan ZhaoReward=-1 total=145:128 
(Filename: E:\unity\Runtime/Export/Debug/Debug.bindings.h Line: 39)

SELFPLAY GOAL 274 scorer=Zhao ZhaoReward=1 total=145:129 
(Filename: E:\unity\Runtime/Export/Debug/Debug.bindings.h Line: 39)

SELFPLAY GOAL 275 scorer=Fan ZhaoReward=-1 total=146:129 
(Filename: E:\unity\Runtime/Export/Debug/Debug.bindings.h Line: 39)

SELFPLAY MATCH 29 goals=12 total=275 score=9:3 
(Filename: E:\unity\Runtime/Export/Debug/Debug.bindings.h Line: 39)

Unloading 4 Unused Serialized files (Serialized files now loaded: 0)
UnloadTime: 0.537100 ms

Unloading 4 unused Assets to reduce memory usage. Loaded Objects now: 1061.
Total: 1.411700 ms (FindLiveObjects: 0.048000 ms CreateObjectMapping: 0.011100 ms MarkObjects: 0.312800 ms  DeleteObjects: 1.039300 ms)

SELFPLAY GOALMAP x=-6.13 isPlayer1Goal=True 
(Filename: E:\unity\Runtime/Export/Debug/Debug.bindings.h Line: 39)

SELFPLAY GOALMAP x=6.18 isPlayer1Goal=False 
(Filename: E:\unity\Runtime/Export/Debug/Debug.bindings.h Line: 39)

SELFPLAY GOAL 276 scorer=Fan ZhaoReward=-1 total=147:129 
(Filename: E:\unity\Runtime/Export/Debug/Debug.bindings.h Line: 39)

SELFPLAY GOAL 277 scorer=Zhao ZhaoReward=1 total=147:130 
(Filename: E:\unity\Runtime/Export/Debug/Debug.bindings.h Line: 39)

SELFPLAY GOAL 278 scorer=Zhao ZhaoReward=1 total=147:131 
(Filename: E:\unity\Runtime/Export/Debug/Debug.bindings.h Line: 39)

SELFPLAY GOAL 279 scorer=Fan ZhaoReward=-1 total=148:131 
(Filename: E:\unity\Runtime/Export/Debug/Debug.bindings.h Line: 39)

SELFPLAY GOAL 280 scorer=Zhao ZhaoReward=1 total=148:132 
(Filename: E:\unity\Runtime/Export/Debug/Debug.bindings.h Line: 39)

SELFPLAY MATCH 30 goals=5 total=280 score=2:3 
(Filename: E:\unity\Runtime/Export/Debug/Debug.bindings.h Line: 39)

Unloading 4 Unused Serialized files (Serialized files now loaded: 0)
UnloadTime: 0.422400 ms

Unloading 4 unused Assets to reduce memory usage. Loaded Objects now: 1061.
Total: 1.560400 ms (FindLiveObjects: 0.046500 ms CreateObjectMapping: 0.012200 ms MarkObjects: 0.368400 ms  DeleteObjects: 1.132900 ms)

SELFPLAY GOALMAP x=-6.13 isPlayer1Goal=True 
(Filename: E:\unity\Runtime/Export/Debug/Debug.bindings.h Line: 39)

SELFPLAY GOALMAP x=6.18 isPlayer1Goal=False 
(Filename: E:\unity\Runtime/Export/Debug/Debug.bindings.h Line: 39)

SELFPLAY GOAL 281 scorer=Fan ZhaoReward=-1 total=149:132 
(Filename: E:\unity\Runtime/Export/Debug/Debug.bindings.h Line: 39)

SELFPLAY GOAL 282 scorer=Fan ZhaoReward=-1 total=150:132 
(Filename: E:\unity\Runtime/Export/Debug/Debug.bindings.h Line: 39)

SELFPLAY GOAL 283 scorer=Zhao ZhaoReward=1 total=150:133 
(Filename: E:\unity\Runtime/Export/Debug/Debug.bindings.h Line: 39)

SELFPLAY GOAL 284 scorer=Zhao ZhaoReward=1 total=150:134 
(Filename: E:\unity\Runtime/Export/Debug/Debug.bindings.h Line: 39)

SELFPLAY GOAL 285 scorer=Fan ZhaoReward=-1 total=151:134 
(Filename: E:\unity\Runtime/Export/Debug/Debug.bindings.h Line: 39)

SELFPLAY GOAL 286 scorer=Fan ZhaoReward=-1 total=152:134 
(Filename: E:\unity\Runtime/Export/Debug/Debug.bindings.h Line: 39)

SELFPLAY GOAL 287 scorer=Zhao ZhaoReward=1 total=152:135 
(Filename: E:\unity\Runtime/Export/Debug/Debug.bindings.h Line: 39)

SELFPLAY GOAL 288 scorer=Fan ZhaoReward=-1 total=153:135 
(Filename: E:\unity\Runtime/Export/Debug/Debug.bindings.h Line: 39)

SELFPLAY GOAL 289 scorer=Zhao ZhaoReward=1 total=153:136 
(Filename: E:\unity\Runtime/Export/Debug/Debug.bindings.h Line: 39)

SELFPLAY GOAL 290 scorer=Zhao ZhaoReward=1 total=153:137 
(Filename: E:\unity\Runtime/Export/Debug/Debug.bindings.h Line: 39)

SELFPLAY GOAL 291 scorer=Zhao ZhaoReward=1 total=153:138 
(Filename: E:\unity\Runtime/Export/Debug/Debug.bindings.h Line: 39)

SELFPLAY GOAL 292 scorer=Fan ZhaoReward=-1 total=154:138 
(Filename: E:\unity\Runtime/Export/Debug/Debug.bindings.h Line: 39)

SELFPLAY MATCH 31 goals=12 total=292 score=6:6 
(Filename: E:\unity\Runtime/Export/Debug/Debug.bindings.h Line: 39)

Unloading 4 Unused Serialized files (Serialized files now loaded: 0)
UnloadTime: 0.728900 ms

Unloading 4 unused Assets to reduce memory usage. Loaded Objects now: 1061.
Total: 1.370200 ms (FindLiveObjects: 0.043700 ms CreateObjectMapping: 0.010300 ms MarkObjects: 0.301200 ms  DeleteObjects: 1.014500 ms)

SELFPLAY GOALMAP x=-6.13 isPlayer1Goal=True 
(Filename: E:\unity\Runtime/Export/Debug/Debug.bindings.h Line: 39)

SELFPLAY GOALMAP x=6.18 isPlayer1Goal=False 
(Filename: E:\unity\Runtime/Export/Debug/Debug.bindings.h Line: 39)

SELFPLAY GOAL 293 scorer=Fan ZhaoReward=-1 total=155:138 
(Filename: E:\unity\Runtime/Export/Debug/Debug.bindings.h Line: 39)

SELFPLAY GOAL 294 scorer=Fan ZhaoReward=-1 total=156:138 
(Filename: E:\unity\Runtime/Export/Debug/Debug.bindings.h Line: 39)

SELFPLAY GOAL 295 scorer=Fan ZhaoReward=-1 total=157:138 
(Filename: E:\unity\Runtime/Export/Debug/Debug.bindings.h Line: 39)

SELFPLAY GOAL 296 scorer=Zhao ZhaoReward=1 total=157:139 
(Filename: E:\unity\Runtime/Export/Debug/Debug.bindings.h Line: 39)

SELFPLAY GOAL 297 scorer=Zhao ZhaoReward=1 total=157:140 
(Filename: E:\unity\Runtime/Export/Debug/Debug.bindings.h Line: 39)

SELFPLAY GOAL 298 scorer=Fan ZhaoReward=-1 total=158:140 
(Filename: E:\unity\Runtime/Export/Debug/Debug.bindings.h Line: 39)

SELFPLAY GOAL 299 scorer=Fan ZhaoReward=-1 total=159:140 
(Filename: E:\unity\Runtime/Export/Debug/Debug.bindings.h Line: 39)

SELFPLAY GOAL 300 scorer=Fan ZhaoReward=-1 total=160:140 
(Filename: E:\unity\Runtime/Export/Debug/Debug.bindings.h Line: 39)

SELFPLAY GOAL 301 scorer=Zhao ZhaoReward=1 total=160:141 
(Filename: E:\unity\Runtime/Export/Debug/Debug.bindings.h Line: 39)

SELFPLAY GOAL 302 scorer=Fan ZhaoReward=-1 total=161:141 
(Filename: E:\unity\Runtime/Export/Debug/Debug.bindings.h Line: 39)

SELFPLAY GOAL 303 scorer=Zhao ZhaoReward=1 total=161:142 
(Filename: E:\unity\Runtime/Export/Debug/Debug.bindings.h Line: 39)

SELFPLAY MATCH 32 goals=11 total=303 score=7:4 
(Filename: E:\unity\Runtime/Export/Debug/Debug.bindings.h Line: 39)

Unloading 4 Unused Serialized files (Serialized files now loaded: 0)
UnloadTime: 0.472200 ms

Unloading 4 unused Assets to reduce memory usage. Loaded Objects now: 1061.
Total: 1.047300 ms (FindLiveObjects: 0.040100 ms CreateObjectMapping: 0.009300 ms MarkObjects: 0.314000 ms  DeleteObjects: 0.683400 ms)

SELFPLAY GOALMAP x=-6.13 isPlayer1Goal=True 
(Filename: E:\unity\Runtime/Export/Debug/Debug.bindings.h Line: 39)

SELFPLAY GOALMAP x=6.18 isPlayer1Goal=False 
(Filename: E:\unity\Runtime/Export/Debug/Debug.bindings.h Line: 39)

SELFPLAY GOAL 304 scorer=Fan ZhaoReward=-1 total=162:142 
(Filename: E:\unity\Runtime/Export/Debug/Debug.bindings.h Line: 39)

SELFPLAY GOAL 305 scorer=Zhao ZhaoReward=1 total=162:143 
(Filename: E:\unity\Runtime/Export/Debug/Debug.bindings.h Line: 39)

SELFPLAY GOAL 306 scorer=Zhao ZhaoReward=1 total=162:144 
(Filename: E:\unity\Runtime/Export/Debug/Debug.bindings.h Line: 39)

SELFPLAY GOAL 307 scorer=Fan ZhaoReward=-1 total=163:144 
(Filename: E:\unity\Runtime/Export/Debug/Debug.bindings.h Line: 39)

SELFPLAY GOAL 308 scorer=Zhao ZhaoReward=1 total=163:145 
(Filename: E:\unity\Runtime/Export/Debug/Debug.bindings.h Line: 39)

SELFPLAY GOAL 309 scorer=Fan ZhaoReward=-1 total=164:145 
(Filename: E:\unity\Runtime/Export/Debug/Debug.bindings.h Line: 39)

SELFPLAY GOAL 310 scorer=Zhao ZhaoReward=1 total=164:146 
(Filename: E:\unity\Runtime/Export/Debug/Debug.bindings.h Line: 39)

SELFPLAY GOAL 311 scorer=Zhao ZhaoReward=1 total=164:147 
(Filename: E:\unity\Runtime/Export/Debug/Debug.bindings.h Line: 39)

SELFPLAY GOAL 312 scorer=Fan ZhaoReward=-1 total=165:147 
(Filename: E:\unity\Runtime/Export/Debug/Debug.bindings.h Line: 39)

SELFPLAY GOAL 313 scorer=Fan ZhaoReward=-1 total=166:147 
(Filename: E:\unity\Runtime/Export/Debug/Debug.bindings.h Line: 39)

SELFPLAY GOAL 314 scorer=Fan ZhaoReward=-1 total=167:147 
(Filename: E:\unity\Runtime/Export/Debug/Debug.bindings.h Line: 39)

SELFPLAY GOAL 315 scorer=Zhao ZhaoReward=1 total=167:148 
(Filename: E:\unity\Runtime/Export/Debug/Debug.bindings.h Line: 39)

SELFPLAY MATCH 33 goals=12 total=315 score=6:6 
(Filename: E:\unity\Runtime/Export/Debug/Debug.bindings.h Line: 39)

Unloading 4 Unused Serialized files (Serialized files now loaded: 0)
UnloadTime: 0.415800 ms

Unloading 4 unused Assets to reduce memory usage. Loaded Objects now: 1061.
Total: 1.477900 ms (FindLiveObjects: 0.041900 ms CreateObjectMapping: 0.010400 ms MarkObjects: 0.365500 ms  DeleteObjects: 1.059800 ms)

SELFPLAY GOALMAP x=-6.13 isPlayer1Goal=True 
(Filename: E:\unity\Runtime/Export/Debug/Debug.bindings.h Line: 39)

SELFPLAY GOALMAP x=6.18 isPlayer1Goal=False 
(Filename: E:\unity\Runtime/Export/Debug/Debug.bindings.h Line: 39)

SELFPLAY PROGRESS goals=315/500 matches=34 score=167:148 real=133.2993 
(Filename: E:\unity\Runtime/Export/Debug/Debug.bindings.h Line: 39)

SELFPLAY GOAL 316 scorer=Fan ZhaoReward=-1 total=168:148 
(Filename: E:\unity\Runtime/Export/Debug/Debug.bindings.h Line: 39)

SELFPLAY GOAL 317 scorer=Fan ZhaoReward=-1 total=169:148 
(Filename: E:\unity\Runtime/Export/Debug/Debug.bindings.h Line: 39)

SELFPLAY GOAL 318 scorer=Fan ZhaoReward=-1 total=170:148 
(Filename: E:\unity\Runtime/Export/Debug/Debug.bindings.h Line: 39)

SELFPLAY GOAL 319 scorer=Fan ZhaoReward=-1 total=171:148 
(Filename: E:\unity\Runtime/Export/Debug/Debug.bindings.h Line: 39)

SELFPLAY GOAL 320 scorer=Fan ZhaoReward=-1 total=172:148 
(Filename: E:\unity\Runtime/Export/Debug/Debug.bindings.h Line: 39)

SELFPLAY GOAL 321 scorer=Zhao ZhaoReward=1 total=172:149 
(Filename: E:\unity\Runtime/Export/Debug/Debug.bindings.h Line: 39)

SELFPLAY GOAL 322 scorer=Fan ZhaoReward=-1 total=173:149 
(Filename: E:\unity\Runtime/Export/Debug/Debug.bindings.h Line: 39)

SELFPLAY GOAL 323 scorer=Zhao ZhaoReward=1 total=173:150 
(Filename: E:\unity\Runtime/Export/Debug/Debug.bindings.h Line: 39)

SELFPLAY GOAL 324 scorer=Zhao ZhaoReward=1 total=173:151 
(Filename: E:\unity\Runtime/Export/Debug/Debug.bindings.h Line: 39)

SELFPLAY GOAL 325 scorer=Zhao ZhaoReward=1 total=173:152 
(Filename: E:\unity\Runtime/Export/Debug/Debug.bindings.h Line: 39)

SELFPLAY GOAL 326 scorer=Zhao ZhaoReward=1 total=173:153 
(Filename: E:\unity\Runtime/Export/Debug/Debug.bindings.h Line: 39)

SELFPLAY MATCH 34 goals=11 total=326 score=6:5 
(Filename: E:\unity\Runtime/Export/Debug/Debug.bindings.h Line: 39)

Unloading 4 Unused Serialized files (Serialized files now loaded: 0)
UnloadTime: 0.484400 ms

Unloading 4 unused Assets to reduce memory usage. Loaded Objects now: 1061.
Total: 1.072600 ms (FindLiveObjects: 0.059300 ms CreateObjectMapping: 0.010300 ms MarkObjects: 0.285200 ms  DeleteObjects: 0.717300 ms)

SELFPLAY GOALMAP x=-6.13 isPlayer1Goal=True 
(Filename: E:\unity\Runtime/Export/Debug/Debug.bindings.h Line: 39)

SELFPLAY GOALMAP x=6.18 isPlayer1Goal=False 
(Filename: E:\unity\Runtime/Export/Debug/Debug.bindings.h Line: 39)

SELFPLAY GOAL 327 scorer=Fan ZhaoReward=-1 total=174:153 
(Filename: E:\unity\Runtime/Export/Debug/Debug.bindings.h Line: 39)

SELFPLAY GOAL 328 scorer=Fan ZhaoReward=-1 total=175:153 
(Filename: E:\unity\Runtime/Export/Debug/Debug.bindings.h Line: 39)

SELFPLAY GOAL 329 scorer=Zhao ZhaoReward=1 total=175:154 
(Filename: E:\unity\Runtime/Export/Debug/Debug.bindings.h Line: 39)

SELFPLAY GOAL 330 scorer=Zhao ZhaoReward=1 total=175:155 
(Filename: E:\unity\Runtime/Export/Debug/Debug.bindings.h Line: 39)

SELFPLAY GOAL 331 scorer=Zhao ZhaoReward=1 total=175:156 
(Filename: E:\unity\Runtime/Export/Debug/Debug.bindings.h Line: 39)

SELFPLAY GOAL 332 scorer=Zhao ZhaoReward=1 total=175:157 
(Filename: E:\unity\Runtime/Export/Debug/Debug.bindings.h Line: 39)

SELFPLAY GOAL 333 scorer=Fan ZhaoReward=-1 total=176:157 
(Filename: E:\unity\Runtime/Export/Debug/Debug.bindings.h Line: 39)

SELFPLAY GOAL 334 scorer=Fan ZhaoReward=-1 total=177:157 
(Filename: E:\unity\Runtime/Export/Debug/Debug.bindings.h Line: 39)

SELFPLAY GOAL 335 scorer=Fan ZhaoReward=-1 total=178:157 
(Filename: E:\unity\Runtime/Export/Debug/Debug.bindings.h Line: 39)

SELFPLAY GOAL 336 scorer=Zhao ZhaoReward=1 total=178:158 
(Filename: E:\unity\Runtime/Export/Debug/Debug.bindings.h Line: 39)

SELFPLAY GOAL 337 scorer=Zhao ZhaoReward=1 total=178:159 
(Filename: E:\unity\Runtime/Export/Debug/Debug.bindings.h Line: 39)

SELFPLAY GOAL 338 scorer=Fan ZhaoReward=-1 total=179:159 
(Filename: E:\unity\Runtime/Export/Debug/Debug.bindings.h Line: 39)

SELFPLAY GOAL 339 scorer=Zhao ZhaoReward=1 total=179:160 
(Filename: E:\unity\Runtime/Export/Debug/Debug.bindings.h Line: 39)

SELFPLAY MATCH 35 goals=13 total=339 score=6:7 
(Filename: E:\unity\Runtime/Export/Debug/Debug.bindings.h Line: 39)

Unloading 4 Unused Serialized files (Serialized files now loaded: 0)
UnloadTime: 0.434300 ms

Unloading 4 unused Assets to reduce memory usage. Loaded Objects now: 1061.
Total: 1.307000 ms (FindLiveObjects: 0.045500 ms CreateObjectMapping: 0.009800 ms MarkObjects: 0.310100 ms  DeleteObjects: 0.941300 ms)

SELFPLAY GOALMAP x=-6.13 isPlayer1Goal=True 
(Filename: E:\unity\Runtime/Export/Debug/Debug.bindings.h Line: 39)

SELFPLAY GOALMAP x=6.18 isPlayer1Goal=False 
(Filename: E:\unity\Runtime/Export/Debug/Debug.bindings.h Line: 39)

SELFPLAY GOAL 340 scorer=Fan ZhaoReward=-1 total=180:160 
(Filename: E:\unity\Runtime/Export/Debug/Debug.bindings.h Line: 39)

SELFPLAY GOAL 341 scorer=Fan ZhaoReward=-1 total=181:160 
(Filename: E:\unity\Runtime/Export/Debug/Debug.bindings.h Line: 39)

SELFPLAY GOAL 342 scorer=Fan ZhaoReward=-1 total=182:160 
(Filename: E:\unity\Runtime/Export/Debug/Debug.bindings.h Line: 39)

SELFPLAY GOAL 343 scorer=Fan ZhaoReward=-1 total=183:160 
(Filename: E:\unity\Runtime/Export/Debug/Debug.bindings.h Line: 39)

SELFPLAY GOAL 344 scorer=Fan ZhaoReward=-1 total=184:160 
(Filename: E:\unity\Runtime/Export/Debug/Debug.bindings.h Line: 39)

SELFPLAY GOAL 345 scorer=Fan ZhaoReward=-1 total=185:160 
(Filename: E:\unity\Runtime/Export/Debug/Debug.bindings.h Line: 39)

SELFPLAY GOAL 346 scorer=Fan ZhaoReward=-1 total=186:160 
(Filename: E:\unity\Runtime/Export/Debug/Debug.bindings.h Line: 39)

SELFPLAY GOAL 347 scorer=Fan ZhaoReward=-1 total=187:160 
(Filename: E:\unity\Runtime/Export/Debug/Debug.bindings.h Line: 39)

SELFPLAY GOAL 348 scorer=Zhao ZhaoReward=1 total=187:161 
(Filename: E:\unity\Runtime/Export/Debug/Debug.bindings.h Line: 39)

SELFPLAY MATCH 36 goals=9 total=348 score=8:1 
(Filename: E:\unity\Runtime/Export/Debug/Debug.bindings.h Line: 39)

Unloading 4 Unused Serialized files (Serialized files now loaded: 0)
UnloadTime: 0.646400 ms

Unloading 4 unused Assets to reduce memory usage. Loaded Objects now: 1061.
Total: 1.375700 ms (FindLiveObjects: 0.041800 ms CreateObjectMapping: 0.010700 ms MarkObjects: 0.289000 ms  DeleteObjects: 1.033700 ms)

SELFPLAY GOALMAP x=-6.13 isPlayer1Goal=True 
(Filename: E:\unity\Runtime/Export/Debug/Debug.bindings.h Line: 39)

SELFPLAY GOALMAP x=6.18 isPlayer1Goal=False 
(Filename: E:\unity\Runtime/Export/Debug/Debug.bindings.h Line: 39)

SELFPLAY GOAL 349 scorer=Fan ZhaoReward=-1 total=188:161 
(Filename: E:\unity\Runtime/Export/Debug/Debug.bindings.h Line: 39)

SELFPLAY GOAL 350 scorer=Zhao ZhaoReward=1 total=188:162 
(Filename: E:\unity\Runtime/Export/Debug/Debug.bindings.h Line: 39)

SELFPLAY GOAL 351 scorer=Zhao ZhaoReward=1 total=188:163 
(Filename: E:\unity\Runtime/Export/Debug/Debug.bindings.h Line: 39)

SELFPLAY GOAL 352 scorer=Zhao ZhaoReward=1 total=188:164 
(Filename: E:\unity\Runtime/Export/Debug/Debug.bindings.h Line: 39)

SELFPLAY GOAL 353 scorer=Fan ZhaoReward=-1 total=189:164 
(Filename: E:\unity\Runtime/Export/Debug/Debug.bindings.h Line: 39)

SELFPLAY MATCH 37 goals=5 total=353 score=2:3 
(Filename: E:\unity\Runtime/Export/Debug/Debug.bindings.h Line: 39)

Unloading 4 Unused Serialized files (Serialized files now loaded: 0)
UnloadTime: 0.391200 ms

Unloading 4 unused Assets to reduce memory usage. Loaded Objects now: 1061.
Total: 1.313700 ms (FindLiveObjects: 0.040200 ms CreateObjectMapping: 0.010100 ms MarkObjects: 0.303200 ms  DeleteObjects: 0.959700 ms)

SELFPLAY GOALMAP x=-6.13 isPlayer1Goal=True 
(Filename: E:\unity\Runtime/Export/Debug/Debug.bindings.h Line: 39)

SELFPLAY GOALMAP x=6.18 isPlayer1Goal=False 
(Filename: E:\unity\Runtime/Export/Debug/Debug.bindings.h Line: 39)

SELFPLAY GOAL 354 scorer=Fan ZhaoReward=-1 total=190:164 
(Filename: E:\unity\Runtime/Export/Debug/Debug.bindings.h Line: 39)

SELFPLAY GOAL 355 scorer=Fan ZhaoReward=-1 total=191:164 
(Filename: E:\unity\Runtime/Export/Debug/Debug.bindings.h Line: 39)

SELFPLAY GOAL 356 scorer=Zhao ZhaoReward=1 total=191:165 
(Filename: E:\unity\Runtime/Export/Debug/Debug.bindings.h Line: 39)

SELFPLAY GOAL 357 scorer=Zhao ZhaoReward=1 total=191:166 
(Filename: E:\unity\Runtime/Export/Debug/Debug.bindings.h Line: 39)

SELFPLAY GOAL 358 scorer=Fan ZhaoReward=-1 total=192:166 
(Filename: E:\unity\Runtime/Export/Debug/Debug.bindings.h Line: 39)

SELFPLAY GOAL 359 scorer=Fan ZhaoReward=-1 total=193:166 
(Filename: E:\unity\Runtime/Export/Debug/Debug.bindings.h Line: 39)

SELFPLAY GOAL 360 scorer=Zhao ZhaoReward=1 total=193:167 
(Filename: E:\unity\Runtime/Export/Debug/Debug.bindings.h Line: 39)

SELFPLAY GOAL 361 scorer=Fan ZhaoReward=-1 total=194:167 
(Filename: E:\unity\Runtime/Export/Debug/Debug.bindings.h Line: 39)

SELFPLAY GOAL 362 scorer=Fan ZhaoReward=-1 total=195:167 
(Filename: E:\unity\Runtime/Export/Debug/Debug.bindings.h Line: 39)

SELFPLAY MATCH 38 goals=9 total=362 score=6:3 
(Filename: E:\unity\Runtime/Export/Debug/Debug.bindings.h Line: 39)

Unloading 4 Unused Serialized files (Serialized files now loaded: 0)
UnloadTime: 0.477000 ms

Unloading 4 unused Assets to reduce memory usage. Loaded Objects now: 1061.
Total: 1.357200 ms (FindLiveObjects: 0.042600 ms CreateObjectMapping: 0.010100 ms MarkObjects: 0.309800 ms  DeleteObjects: 0.994200 ms)

SELFPLAY GOALMAP x=-6.13 isPlayer1Goal=True 
(Filename: E:\unity\Runtime/Export/Debug/Debug.bindings.h Line: 39)

SELFPLAY GOALMAP x=6.18 isPlayer1Goal=False 
(Filename: E:\unity\Runtime/Export/Debug/Debug.bindings.h Line: 39)

SELFPLAY GOAL 363 scorer=Fan ZhaoReward=-1 total=196:167 
(Filename: E:\unity\Runtime/Export/Debug/Debug.bindings.h Line: 39)

SELFPLAY GOAL 364 scorer=Zhao ZhaoReward=1 total=196:168 
(Filename: E:\unity\Runtime/Export/Debug/Debug.bindings.h Line: 39)

SELFPLAY GOAL 365 scorer=Zhao ZhaoReward=1 total=196:169 
(Filename: E:\unity\Runtime/Export/Debug/Debug.bindings.h Line: 39)

SELFPLAY GOAL 366 scorer=Fan ZhaoReward=-1 total=197:169 
(Filename: E:\unity\Runtime/Export/Debug/Debug.bindings.h Line: 39)

SELFPLAY GOAL 367 scorer=Fan ZhaoReward=-1 total=198:169 
(Filename: E:\unity\Runtime/Export/Debug/Debug.bindings.h Line: 39)

SELFPLAY GOAL 368 scorer=Zhao ZhaoReward=1 total=198:170 
(Filename: E:\unity\Runtime/Export/Debug/Debug.bindings.h Line: 39)

SELFPLAY GOAL 369 scorer=Zhao ZhaoReward=1 total=198:171 
(Filename: E:\unity\Runtime/Export/Debug/Debug.bindings.h Line: 39)

SELFPLAY GOAL 370 scorer=Zhao ZhaoReward=1 total=198:172 
(Filename: E:\unity\Runtime/Export/Debug/Debug.bindings.h Line: 39)

SELFPLAY MATCH 39 goals=8 total=370 score=3:5 
(Filename: E:\unity\Runtime/Export/Debug/Debug.bindings.h Line: 39)

Unloading 4 Unused Serialized files (Serialized files now loaded: 0)
UnloadTime: 0.649200 ms

Unloading 4 unused Assets to reduce memory usage. Loaded Objects now: 1061.
Total: 1.419400 ms (FindLiveObjects: 0.062300 ms CreateObjectMapping: 0.010400 ms MarkObjects: 0.363300 ms  DeleteObjects: 0.983100 ms)

SELFPLAY GOALMAP x=-6.13 isPlayer1Goal=True 
(Filename: E:\unity\Runtime/Export/Debug/Debug.bindings.h Line: 39)

SELFPLAY GOALMAP x=6.18 isPlayer1Goal=False 
(Filename: E:\unity\Runtime/Export/Debug/Debug.bindings.h Line: 39)

SELFPLAY GOAL 371 scorer=Fan ZhaoReward=-1 total=199:172 
(Filename: E:\unity\Runtime/Export/Debug/Debug.bindings.h Line: 39)

SELFPLAY GOAL 372 scorer=Zhao ZhaoReward=1 total=199:173 
(Filename: E:\unity\Runtime/Export/Debug/Debug.bindings.h Line: 39)

SELFPLAY GOAL 373 scorer=Zhao ZhaoReward=1 total=199:174 
(Filename: E:\unity\Runtime/Export/Debug/Debug.bindings.h Line: 39)

SELFPLAY GOAL 374 scorer=Fan ZhaoReward=-1 total=200:174 
(Filename: E:\unity\Runtime/Export/Debug/Debug.bindings.h Line: 39)

SELFPLAY GOAL 375 scorer=Zhao ZhaoReward=1 total=200:175 
(Filename: E:\unity\Runtime/Export/Debug/Debug.bindings.h Line: 39)

SELFPLAY GOAL 376 scorer=Zhao ZhaoReward=1 total=200:176 
(Filename: E:\unity\Runtime/Export/Debug/Debug.bindings.h Line: 39)

SELFPLAY MATCH 40 goals=6 total=376 score=2:4 
(Filename: E:\unity\Runtime/Export/Debug/Debug.bindings.h Line: 39)

Unloading 4 Unused Serialized files (Serialized files now loaded: 0)
UnloadTime: 0.645200 ms

Unloading 4 unused Assets to reduce memory usage. Loaded Objects now: 1061.
Total: 1.382100 ms (FindLiveObjects: 0.045100 ms CreateObjectMapping: 0.011100 ms MarkObjects: 0.350100 ms  DeleteObjects: 0.975500 ms)

SELFPLAY GOALMAP x=-6.13 isPlayer1Goal=True 
(Filename: E:\unity\Runtime/Export/Debug/Debug.bindings.h Line: 39)

SELFPLAY GOALMAP x=6.18 isPlayer1Goal=False 
(Filename: E:\unity\Runtime/Export/Debug/Debug.bindings.h Line: 39)

SELFPLAY GOAL 377 scorer=Fan ZhaoReward=-1 total=201:176 
(Filename: E:\unity\Runtime/Export/Debug/Debug.bindings.h Line: 39)

SELFPLAY GOAL 378 scorer=Zhao ZhaoReward=1 total=201:177 
(Filename: E:\unity\Runtime/Export/Debug/Debug.bindings.h Line: 39)

SELFPLAY PROGRESS goals=378/500 matches=41 score=201:177 real=163.2999 
(Filename: E:\unity\Runtime/Export/Debug/Debug.bindings.h Line: 39)

SELFPLAY GOAL 379 scorer=Zhao ZhaoReward=1 total=201:178 
(Filename: E:\unity\Runtime/Export/Debug/Debug.bindings.h Line: 39)

SELFPLAY GOAL 380 scorer=Zhao ZhaoReward=1 total=201:179 
(Filename: E:\unity\Runtime/Export/Debug/Debug.bindings.h Line: 39)

SELFPLAY GOAL 381 scorer=Fan ZhaoReward=-1 total=202:179 
(Filename: E:\unity\Runtime/Export/Debug/Debug.bindings.h Line: 39)

SELFPLAY GOAL 382 scorer=Zhao ZhaoReward=1 total=202:180 
(Filename: E:\unity\Runtime/Export/Debug/Debug.bindings.h Line: 39)

SELFPLAY GOAL 383 scorer=Zhao ZhaoReward=1 total=202:181 
(Filename: E:\unity\Runtime/Export/Debug/Debug.bindings.h Line: 39)

SELFPLAY GOAL 384 scorer=Fan ZhaoReward=-1 total=203:181 
(Filename: E:\unity\Runtime/Export/Debug/Debug.bindings.h Line: 39)

SELFPLAY GOAL 385 scorer=Zhao ZhaoReward=1 total=203:182 
(Filename: E:\unity\Runtime/Export/Debug/Debug.bindings.h Line: 39)

SELFPLAY MATCH 41 goals=9 total=385 score=3:6 
(Filename: E:\unity\Runtime/Export/Debug/Debug.bindings.h Line: 39)

Unloading 4 Unused Serialized files (Serialized files now loaded: 0)
UnloadTime: 0.530800 ms

Unloading 4 unused Assets to reduce memory usage. Loaded Objects now: 1061.
Total: 1.476400 ms (FindLiveObjects: 0.045600 ms CreateObjectMapping: 0.011000 ms MarkObjects: 0.394800 ms  DeleteObjects: 1.024200 ms)

SELFPLAY GOALMAP x=-6.13 isPlayer1Goal=True 
(Filename: E:\unity\Runtime/Export/Debug/Debug.bindings.h Line: 39)

SELFPLAY GOALMAP x=6.18 isPlayer1Goal=False 
(Filename: E:\unity\Runtime/Export/Debug/Debug.bindings.h Line: 39)

SELFPLAY GOAL 386 scorer=Fan ZhaoReward=-1 total=204:182 
(Filename: E:\unity\Runtime/Export/Debug/Debug.bindings.h Line: 39)

SELFPLAY GOAL 387 scorer=Fan ZhaoReward=-1 total=205:182 
(Filename: E:\unity\Runtime/Export/Debug/Debug.bindings.h Line: 39)

SELFPLAY GOAL 388 scorer=Zhao ZhaoReward=1 total=205:183 
(Filename: E:\unity\Runtime/Export/Debug/Debug.bindings.h Line: 39)

SELFPLAY GOAL 389 scorer=Zhao ZhaoReward=1 total=205:184 
(Filename: E:\unity\Runtime/Export/Debug/Debug.bindings.h Line: 39)

SELFPLAY GOAL 390 scorer=Fan ZhaoReward=-1 total=206:184 
(Filename: E:\unity\Runtime/Export/Debug/Debug.bindings.h Line: 39)

SELFPLAY GOAL 391 scorer=Zhao ZhaoReward=1 total=206:185 
(Filename: E:\unity\Runtime/Export/Debug/Debug.bindings.h Line: 39)

SELFPLAY GOAL 392 scorer=Fan ZhaoReward=-1 total=207:185 
(Filename: E:\unity\Runtime/Export/Debug/Debug.bindings.h Line: 39)

SELFPLAY GOAL 393 scorer=Fan ZhaoReward=-1 total=208:185 
(Filename: E:\unity\Runtime/Export/Debug/Debug.bindings.h Line: 39)

SELFPLAY GOAL 394 scorer=Zhao ZhaoReward=1 total=208:186 
(Filename: E:\unity\Runtime/Export/Debug/Debug.bindings.h Line: 39)

SELFPLAY GOAL 395 scorer=Fan ZhaoReward=-1 total=209:186 
(Filename: E:\unity\Runtime/Export/Debug/Debug.bindings.h Line: 39)

SELFPLAY GOAL 396 scorer=Zhao ZhaoReward=1 total=209:187 
(Filename: E:\unity\Runtime/Export/Debug/Debug.bindings.h Line: 39)

SELFPLAY GOAL 397 scorer=Zhao ZhaoReward=1 total=209:188 
(Filename: E:\unity\Runtime/Export/Debug/Debug.bindings.h Line: 39)

SELFPLAY GOAL 398 scorer=Fan ZhaoReward=-1 total=210:188 
(Filename: E:\unity\Runtime/Export/Debug/Debug.bindings.h Line: 39)

SELFPLAY GOAL 399 scorer=Zhao ZhaoReward=1 total=210:189 
(Filename: E:\unity\Runtime/Export/Debug/Debug.bindings.h Line: 39)

SELFPLAY MATCH 42 goals=14 total=399 score=7:7 
(Filename: E:\unity\Runtime/Export/Debug/Debug.bindings.h Line: 39)

Unloading 4 Unused Serialized files (Serialized files now loaded: 0)
UnloadTime: 0.484200 ms

Unloading 4 unused Assets to reduce memory usage. Loaded Objects now: 1061.
Total: 1.545700 ms (FindLiveObjects: 0.063900 ms CreateObjectMapping: 0.011600 ms MarkObjects: 0.392700 ms  DeleteObjects: 1.077200 ms)

SELFPLAY GOALMAP x=-6.13 isPlayer1Goal=True 
(Filename: E:\unity\Runtime/Export/Debug/Debug.bindings.h Line: 39)

SELFPLAY GOALMAP x=6.18 isPlayer1Goal=False 
(Filename: E:\unity\Runtime/Export/Debug/Debug.bindings.h Line: 39)

SELFPLAY GOAL 400 scorer=Zhao ZhaoReward=1 total=210:190 
(Filename: E:\unity\Runtime/Export/Debug/Debug.bindings.h Line: 39)

SELFPLAY GOAL 401 scorer=Fan ZhaoReward=-1 total=211:190 
(Filename: E:\unity\Runtime/Export/Debug/Debug.bindings.h Line: 39)

SELFPLAY GOAL 402 scorer=Zhao ZhaoReward=1 total=211:191 
(Filename: E:\unity\Runtime/Export/Debug/Debug.bindings.h Line: 39)

SELFPLAY GOAL 403 scorer=Fan ZhaoReward=-1 total=212:191 
(Filename: E:\unity\Runtime/Export/Debug/Debug.bindings.h Line: 39)

SELFPLAY GOAL 404 scorer=Fan ZhaoReward=-1 total=213:191 
(Filename: E:\unity\Runtime/Export/Debug/Debug.bindings.h Line: 39)

SELFPLAY GOAL 405 scorer=Zhao ZhaoReward=1 total=213:192 
(Filename: E:\unity\Runtime/Export/Debug/Debug.bindings.h Line: 39)

SELFPLAY GOAL 406 scorer=Zhao ZhaoReward=1 total=213:193 
(Filename: E:\unity\Runtime/Export/Debug/Debug.bindings.h Line: 39)

SELFPLAY MATCH 43 goals=7 total=406 score=3:4 
(Filename: E:\unity\Runtime/Export/Debug/Debug.bindings.h Line: 39)

Unloading 4 Unused Serialized files (Serialized files now loaded: 0)
UnloadTime: 0.414700 ms

Unloading 4 unused Assets to reduce memory usage. Loaded Objects now: 1061.
Total: 1.321800 ms (FindLiveObjects: 0.045000 ms CreateObjectMapping: 0.011300 ms MarkObjects: 0.298000 ms  DeleteObjects: 0.967100 ms)

SELFPLAY GOALMAP x=-6.13 isPlayer1Goal=True 
(Filename: E:\unity\Runtime/Export/Debug/Debug.bindings.h Line: 39)

SELFPLAY GOALMAP x=6.18 isPlayer1Goal=False 
(Filename: E:\unity\Runtime/Export/Debug/Debug.bindings.h Line: 39)

SELFPLAY GOAL 407 scorer=Fan ZhaoReward=-1 total=214:193 
(Filename: E:\unity\Runtime/Export/Debug/Debug.bindings.h Line: 39)

SELFPLAY GOAL 408 scorer=Fan ZhaoReward=-1 total=215:193 
(Filename: E:\unity\Runtime/Export/Debug/Debug.bindings.h Line: 39)

SELFPLAY GOAL 409 scorer=Zhao ZhaoReward=1 total=215:194 
(Filename: E:\unity\Runtime/Export/Debug/Debug.bindings.h Line: 39)

SELFPLAY GOAL 410 scorer=Zhao ZhaoReward=1 total=215:195 
(Filename: E:\unity\Runtime/Export/Debug/Debug.bindings.h Line: 39)

SELFPLAY GOAL 411 scorer=Zhao ZhaoReward=1 total=215:196 
(Filename: E:\unity\Runtime/Export/Debug/Debug.bindings.h Line: 39)

SELFPLAY GOAL 412 scorer=Fan ZhaoReward=-1 total=216:196 
(Filename: E:\unity\Runtime/Export/Debug/Debug.bindings.h Line: 39)

SELFPLAY GOAL 413 scorer=Zhao ZhaoReward=1 total=216:197 
(Filename: E:\unity\Runtime/Export/Debug/Debug.bindings.h Line: 39)

SELFPLAY GOAL 414 scorer=Zhao ZhaoReward=1 total=216:198 
(Filename: E:\unity\Runtime/Export/Debug/Debug.bindings.h Line: 39)

SELFPLAY GOAL 415 scorer=Fan ZhaoReward=-1 total=217:198 
(Filename: E:\unity\Runtime/Export/Debug/Debug.bindings.h Line: 39)

SELFPLAY MATCH 44 goals=9 total=415 score=4:5 
(Filename: E:\unity\Runtime/Export/Debug/Debug.bindings.h Line: 39)

Unloading 4 Unused Serialized files (Serialized files now loaded: 0)
UnloadTime: 0.434000 ms

Unloading 4 unused Assets to reduce memory usage. Loaded Objects now: 1061.
Total: 1.477100 ms (FindLiveObjects: 0.041200 ms CreateObjectMapping: 0.009900 ms MarkObjects: 0.283000 ms  DeleteObjects: 1.142600 ms)

SELFPLAY GOALMAP x=-6.13 isPlayer1Goal=True 
(Filename: E:\unity\Runtime/Export/Debug/Debug.bindings.h Line: 39)

SELFPLAY GOALMAP x=6.18 isPlayer1Goal=False 
(Filename: E:\unity\Runtime/Export/Debug/Debug.bindings.h Line: 39)

SELFPLAY GOAL 416 scorer=Fan ZhaoReward=-1 total=218:198 
(Filename: E:\unity\Runtime/Export/Debug/Debug.bindings.h Line: 39)

SELFPLAY GOAL 417 scorer=Zhao ZhaoReward=1 total=218:199 
(Filename: E:\unity\Runtime/Export/Debug/Debug.bindings.h Line: 39)

SELFPLAY GOAL 418 scorer=Fan ZhaoReward=-1 total=219:199 
(Filename: E:\unity\Runtime/Export/Debug/Debug.bindings.h Line: 39)

SELFPLAY GOAL 419 scorer=Zhao ZhaoReward=1 total=219:200 
(Filename: E:\unity\Runtime/Export/Debug/Debug.bindings.h Line: 39)

SELFPLAY GOAL 420 scorer=Fan ZhaoReward=-1 total=220:200 
(Filename: E:\unity\Runtime/Export/Debug/Debug.bindings.h Line: 39)

SELFPLAY GOAL 421 scorer=Zhao ZhaoReward=1 total=220:201 
(Filename: E:\unity\Runtime/Export/Debug/Debug.bindings.h Line: 39)

SELFPLAY GOAL 422 scorer=Zhao ZhaoReward=1 total=220:202 
(Filename: E:\unity\Runtime/Export/Debug/Debug.bindings.h Line: 39)

SELFPLAY GOAL 423 scorer=Fan ZhaoReward=-1 total=221:202 
(Filename: E:\unity\Runtime/Export/Debug/Debug.bindings.h Line: 39)

SELFPLAY GOAL 424 scorer=Zhao ZhaoReward=1 total=221:203 
(Filename: E:\unity\Runtime/Export/Debug/Debug.bindings.h Line: 39)

SELFPLAY GOAL 425 scorer=Fan ZhaoReward=-1 total=222:203 
(Filename: E:\unity\Runtime/Export/Debug/Debug.bindings.h Line: 39)

SELFPLAY MATCH 45 goals=10 total=425 score=5:5 
(Filename: E:\unity\Runtime/Export/Debug/Debug.bindings.h Line: 39)

Unloading 4 Unused Serialized files (Serialized files now loaded: 0)
UnloadTime: 0.426000 ms

Unloading 4 unused Assets to reduce memory usage. Loaded Objects now: 1061.
Total: 1.398800 ms (FindLiveObjects: 0.045300 ms CreateObjectMapping: 0.011000 ms MarkObjects: 0.361600 ms  DeleteObjects: 0.980500 ms)

SELFPLAY GOALMAP x=-6.13 isPlayer1Goal=True 
(Filename: E:\unity\Runtime/Export/Debug/Debug.bindings.h Line: 39)

SELFPLAY GOALMAP x=6.18 isPlayer1Goal=False 
(Filename: E:\unity\Runtime/Export/Debug/Debug.bindings.h Line: 39)

SELFPLAY GOAL 426 scorer=Fan ZhaoReward=-1 total=223:203 
(Filename: E:\unity\Runtime/Export/Debug/Debug.bindings.h Line: 39)

SELFPLAY GOAL 427 scorer=Fan ZhaoReward=-1 total=224:203 
(Filename: E:\unity\Runtime/Export/Debug/Debug.bindings.h Line: 39)

SELFPLAY GOAL 428 scorer=Zhao ZhaoReward=1 total=224:204 
(Filename: E:\unity\Runtime/Export/Debug/Debug.bindings.h Line: 39)

SELFPLAY GOAL 429 scorer=Zhao ZhaoReward=1 total=224:205 
(Filename: E:\unity\Runtime/Export/Debug/Debug.bindings.h Line: 39)

SELFPLAY GOAL 430 scorer=Zhao ZhaoReward=1 total=224:206 
(Filename: E:\unity\Runtime/Export/Debug/Debug.bindings.h Line: 39)

SELFPLAY GOAL 431 scorer=Fan ZhaoReward=-1 total=225:206 
(Filename: E:\unity\Runtime/Export/Debug/Debug.bindings.h Line: 39)

SELFPLAY GOAL 432 scorer=Zhao ZhaoReward=1 total=225:207 
(Filename: E:\unity\Runtime/Export/Debug/Debug.bindings.h Line: 39)

SELFPLAY MATCH 46 goals=7 total=432 score=3:4 
(Filename: E:\unity\Runtime/Export/Debug/Debug.bindings.h Line: 39)

Unloading 4 Unused Serialized files (Serialized files now loaded: 0)
UnloadTime: 0.526500 ms

Unloading 4 unused Assets to reduce memory usage. Loaded Objects now: 1061.
Total: 1.385900 ms (FindLiveObjects: 0.045400 ms CreateObjectMapping: 0.010500 ms MarkObjects: 0.331400 ms  DeleteObjects: 0.998200 ms)

SELFPLAY GOALMAP x=-6.13 isPlayer1Goal=True 
(Filename: E:\unity\Runtime/Export/Debug/Debug.bindings.h Line: 39)

SELFPLAY GOALMAP x=6.18 isPlayer1Goal=False 
(Filename: E:\unity\Runtime/Export/Debug/Debug.bindings.h Line: 39)

SELFPLAY GOAL 433 scorer=Fan ZhaoReward=-1 total=226:207 
(Filename: E:\unity\Runtime/Export/Debug/Debug.bindings.h Line: 39)

SELFPLAY GOAL 434 scorer=Fan ZhaoReward=-1 total=227:207 
(Filename: E:\unity\Runtime/Export/Debug/Debug.bindings.h Line: 39)

SELFPLAY GOAL 435 scorer=Fan ZhaoReward=-1 total=228:207 
(Filename: E:\unity\Runtime/Export/Debug/Debug.bindings.h Line: 39)

SELFPLAY GOAL 436 scorer=Zhao ZhaoReward=1 total=228:208 
(Filename: E:\unity\Runtime/Export/Debug/Debug.bindings.h Line: 39)

SELFPLAY GOAL 437 scorer=Zhao ZhaoReward=1 total=228:209 
(Filename: E:\unity\Runtime/Export/Debug/Debug.bindings.h Line: 39)

SELFPLAY GOAL 438 scorer=Fan ZhaoReward=-1 total=229:209 
(Filename: E:\unity\Runtime/Export/Debug/Debug.bindings.h Line: 39)

SELFPLAY GOAL 439 scorer=Fan ZhaoReward=-1 total=230:209 
(Filename: E:\unity\Runtime/Export/Debug/Debug.bindings.h Line: 39)

SELFPLAY GOAL 440 scorer=Fan ZhaoReward=-1 total=231:209 
(Filename: E:\unity\Runtime/Export/Debug/Debug.bindings.h Line: 39)

SELFPLAY GOAL 441 scorer=Fan ZhaoReward=-1 total=232:209 
(Filename: E:\unity\Runtime/Export/Debug/Debug.bindings.h Line: 39)

SELFPLAY GOAL 442 scorer=Zhao ZhaoReward=1 total=232:210 
(Filename: E:\unity\Runtime/Export/Debug/Debug.bindings.h Line: 39)

SELFPLAY GOAL 443 scorer=Fan ZhaoReward=-1 total=233:210 
(Filename: E:\unity\Runtime/Export/Debug/Debug.bindings.h Line: 39)

SELFPLAY MATCH 47 goals=11 total=443 score=8:3 
(Filename: E:\unity\Runtime/Export/Debug/Debug.bindings.h Line: 39)

Unloading 4 Unused Serialized files (Serialized files now loaded: 0)
UnloadTime: 0.568100 ms

Unloading 4 unused Assets to reduce memory usage. Loaded Objects now: 1061.
Total: 1.403800 ms (FindLiveObjects: 0.045700 ms CreateObjectMapping: 0.010600 ms MarkObjects: 0.399300 ms  DeleteObjects: 0.947400 ms)

SELFPLAY GOALMAP x=-6.13 isPlayer1Goal=True 
(Filename: E:\unity\Runtime/Export/Debug/Debug.bindings.h Line: 39)

SELFPLAY GOALMAP x=6.18 isPlayer1Goal=False 
(Filename: E:\unity\Runtime/Export/Debug/Debug.bindings.h Line: 39)

SELFPLAY GOAL 444 scorer=Fan ZhaoReward=-1 total=234:210 
(Filename: E:\unity\Runtime/Export/Debug/Debug.bindings.h Line: 39)

SELFPLAY GOAL 445 scorer=Zhao ZhaoReward=1 total=234:211 
(Filename: E:\unity\Runtime/Export/Debug/Debug.bindings.h Line: 39)

SELFPLAY GOAL 446 scorer=Fan ZhaoReward=-1 total=235:211 
(Filename: E:\unity\Runtime/Export/Debug/Debug.bindings.h Line: 39)

SELFPLAY GOAL 447 scorer=Zhao ZhaoReward=1 total=235:212 
(Filename: E:\unity\Runtime/Export/Debug/Debug.bindings.h Line: 39)

SELFPLAY GOAL 448 scorer=Fan ZhaoReward=-1 total=236:212 
(Filename: E:\unity\Runtime/Export/Debug/Debug.bindings.h Line: 39)

SELFPLAY GOAL 449 scorer=Zhao ZhaoReward=1 total=236:213 
(Filename: E:\unity\Runtime/Export/Debug/Debug.bindings.h Line: 39)

SELFPLAY GOAL 450 scorer=Fan ZhaoReward=-1 total=237:213 
(Filename: E:\unity\Runtime/Export/Debug/Debug.bindings.h Line: 39)

SELFPLAY GOAL 451 scorer=Zhao ZhaoReward=1 total=237:214 
(Filename: E:\unity\Runtime/Export/Debug/Debug.bindings.h Line: 39)

SELFPLAY GOAL 452 scorer=Zhao ZhaoReward=1 total=237:215 
(Filename: E:\unity\Runtime/Export/Debug/Debug.bindings.h Line: 39)

SELFPLAY PROGRESS goals=452/500 matches=48 score=237:215 real=193.3 
(Filename: E:\unity\Runtime/Export/Debug/Debug.bindings.h Line: 39)

SELFPLAY GOAL 453 scorer=Fan ZhaoReward=-1 total=238:215 
(Filename: E:\unity\Runtime/Export/Debug/Debug.bindings.h Line: 39)

SELFPLAY GOAL 454 scorer=Fan ZhaoReward=-1 total=239:215 
(Filename: E:\unity\Runtime/Export/Debug/Debug.bindings.h Line: 39)

SELFPLAY GOAL 455 scorer=Zhao ZhaoReward=1 total=239:216 
(Filename: E:\unity\Runtime/Export/Debug/Debug.bindings.h Line: 39)

SELFPLAY MATCH 48 goals=12 total=455 score=6:6 
(Filename: E:\unity\Runtime/Export/Debug/Debug.bindings.h Line: 39)

Unloading 4 Unused Serialized files (Serialized files now loaded: 0)
UnloadTime: 0.568300 ms

Unloading 4 unused Assets to reduce memory usage. Loaded Objects now: 1061.
Total: 1.395500 ms (FindLiveObjects: 0.043500 ms CreateObjectMapping: 0.010100 ms MarkObjects: 0.325400 ms  DeleteObjects: 1.015900 ms)

SELFPLAY GOALMAP x=-6.13 isPlayer1Goal=True 
(Filename: E:\unity\Runtime/Export/Debug/Debug.bindings.h Line: 39)

SELFPLAY GOALMAP x=6.18 isPlayer1Goal=False 
(Filename: E:\unity\Runtime/Export/Debug/Debug.bindings.h Line: 39)

SELFPLAY GOAL 456 scorer=Fan ZhaoReward=-1 total=240:216 
(Filename: E:\unity\Runtime/Export/Debug/Debug.bindings.h Line: 39)

SELFPLAY GOAL 457 scorer=Fan ZhaoReward=-1 total=241:216 
(Filename: E:\unity\Runtime/Export/Debug/Debug.bindings.h Line: 39)

SELFPLAY GOAL 458 scorer=Zhao ZhaoReward=1 total=241:217 
(Filename: E:\unity\Runtime/Export/Debug/Debug.bindings.h Line: 39)

SELFPLAY GOAL 459 scorer=Zhao ZhaoReward=1 total=241:218 
(Filename: E:\unity\Runtime/Export/Debug/Debug.bindings.h Line: 39)

SELFPLAY GOAL 460 scorer=Fan ZhaoReward=-1 total=242:218 
(Filename: E:\unity\Runtime/Export/Debug/Debug.bindings.h Line: 39)

SELFPLAY GOAL 461 scorer=Zhao ZhaoReward=1 total=242:219 
(Filename: E:\unity\Runtime/Export/Debug/Debug.bindings.h Line: 39)

SELFPLAY GOAL 462 scorer=Zhao ZhaoReward=1 total=242:220 
(Filename: E:\unity\Runtime/Export/Debug/Debug.bindings.h Line: 39)

SELFPLAY GOAL 463 scorer=Fan ZhaoReward=-1 total=243:220 
(Filename: E:\unity\Runtime/Export/Debug/Debug.bindings.h Line: 39)

SELFPLAY GOAL 464 scorer=Fan ZhaoReward=-1 total=244:220 
(Filename: E:\unity\Runtime/Export/Debug/Debug.bindings.h Line: 39)

SELFPLAY GOAL 465 scorer=Fan ZhaoReward=-1 total=245:220 
(Filename: E:\unity\Runtime/Export/Debug/Debug.bindings.h Line: 39)

SELFPLAY MATCH 49 goals=10 total=465 score=6:4 
(Filename: E:\unity\Runtime/Export/Debug/Debug.bindings.h Line: 39)

Unloading 4 Unused Serialized files (Serialized files now loaded: 0)
UnloadTime: 0.463600 ms

Unloading 4 unused Assets to reduce memory usage. Loaded Objects now: 1061.
Total: 1.369900 ms (FindLiveObjects: 0.040300 ms CreateObjectMapping: 0.009500 ms MarkObjects: 0.287100 ms  DeleteObjects: 1.032800 ms)

SELFPLAY GOALMAP x=-6.13 isPlayer1Goal=True 
(Filename: E:\unity\Runtime/Export/Debug/Debug.bindings.h Line: 39)

SELFPLAY GOALMAP x=6.18 isPlayer1Goal=False 
(Filename: E:\unity\Runtime/Export/Debug/Debug.bindings.h Line: 39)

SELFPLAY GOAL 466 scorer=Fan ZhaoReward=-1 total=246:220 
(Filename: E:\unity\Runtime/Export/Debug/Debug.bindings.h Line: 39)

SELFPLAY GOAL 467 scorer=Fan ZhaoReward=-1 total=247:220 
(Filename: E:\unity\Runtime/Export/Debug/Debug.bindings.h Line: 39)

SELFPLAY GOAL 468 scorer=Zhao ZhaoReward=1 total=247:221 
(Filename: E:\unity\Runtime/Export/Debug/Debug.bindings.h Line: 39)

SELFPLAY GOAL 469 scorer=Zhao ZhaoReward=1 total=247:222 
(Filename: E:\unity\Runtime/Export/Debug/Debug.bindings.h Line: 39)

SELFPLAY GOAL 470 scorer=Zhao ZhaoReward=1 total=247:223 
(Filename: E:\unity\Runtime/Export/Debug/Debug.bindings.h Line: 39)

SELFPLAY MATCH 50 goals=5 total=470 score=2:3 
(Filename: E:\unity\Runtime/Export/Debug/Debug.bindings.h Line: 39)

Unloading 4 Unused Serialized files (Serialized files now loaded: 0)
UnloadTime: 0.430400 ms

Unloading 4 unused Assets to reduce memory usage. Loaded Objects now: 1061.
Total: 1.178300 ms (FindLiveObjects: 0.039200 ms CreateObjectMapping: 0.010500 ms MarkObjects: 0.279700 ms  DeleteObjects: 0.848500 ms)

SELFPLAY GOALMAP x=-6.13 isPlayer1Goal=True 
(Filename: E:\unity\Runtime/Export/Debug/Debug.bindings.h Line: 39)

SELFPLAY GOALMAP x=6.18 isPlayer1Goal=False 
(Filename: E:\unity\Runtime/Export/Debug/Debug.bindings.h Line: 39)

SELFPLAY GOAL 471 scorer=Zhao ZhaoReward=1 total=247:224 
(Filename: E:\unity\Runtime/Export/Debug/Debug.bindings.h Line: 39)

SELFPLAY GOAL 472 scorer=Fan ZhaoReward=-1 total=248:224 
(Filename: E:\unity\Runtime/Export/Debug/Debug.bindings.h Line: 39)

SELFPLAY GOAL 473 scorer=Zhao ZhaoReward=1 total=248:225 
(Filename: E:\unity\Runtime/Export/Debug/Debug.bindings.h Line: 39)

SELFPLAY GOAL 474 scorer=Fan ZhaoReward=-1 total=249:225 
(Filename: E:\unity\Runtime/Export/Debug/Debug.bindings.h Line: 39)

SELFPLAY GOAL 475 scorer=Fan ZhaoReward=-1 total=250:225 
(Filename: E:\unity\Runtime/Export/Debug/Debug.bindings.h Line: 39)

SELFPLAY GOAL 476 scorer=Zhao ZhaoReward=1 total=250:226 
(Filename: E:\unity\Runtime/Export/Debug/Debug.bindings.h Line: 39)

SELFPLAY GOAL 477 scorer=Fan ZhaoReward=-1 total=251:226 
(Filename: E:\unity\Runtime/Export/Debug/Debug.bindings.h Line: 39)

SELFPLAY GOAL 478 scorer=Fan ZhaoReward=-1 total=252:226 
(Filename: E:\unity\Runtime/Export/Debug/Debug.bindings.h Line: 39)

SELFPLAY GOAL 479 scorer=Fan ZhaoReward=-1 total=253:226 
(Filename: E:\unity\Runtime/Export/Debug/Debug.bindings.h Line: 39)

SELFPLAY MATCH 51 goals=9 total=479 score=6:3 
(Filename: E:\unity\Runtime/Export/Debug/Debug.bindings.h Line: 39)

Unloading 4 Unused Serialized files (Serialized files now loaded: 0)
UnloadTime: 0.444400 ms

Unloading 4 unused Assets to reduce memory usage. Loaded Objects now: 1061.
Total: 0.946400 ms (FindLiveObjects: 0.033100 ms CreateObjectMapping: 0.009000 ms MarkObjects: 0.261200 ms  DeleteObjects: 0.642800 ms)

SELFPLAY GOALMAP x=-6.13 isPlayer1Goal=True 
(Filename: E:\unity\Runtime/Export/Debug/Debug.bindings.h Line: 39)

SELFPLAY GOALMAP x=6.18 isPlayer1Goal=False 
(Filename: E:\unity\Runtime/Export/Debug/Debug.bindings.h Line: 39)

SELFPLAY GOAL 480 scorer=Fan ZhaoReward=-1 total=254:226 
(Filename: E:\unity\Runtime/Export/Debug/Debug.bindings.h Line: 39)

SELFPLAY GOAL 481 scorer=Zhao ZhaoReward=1 total=254:227 
(Filename: E:\unity\Runtime/Export/Debug/Debug.bindings.h Line: 39)

SELFPLAY GOAL 482 scorer=Zhao ZhaoReward=1 total=254:228 
(Filename: E:\unity\Runtime/Export/Debug/Debug.bindings.h Line: 39)

SELFPLAY GOAL 483 scorer=Zhao ZhaoReward=1 total=254:229 
(Filename: E:\unity\Runtime/Export/Debug/Debug.bindings.h Line: 39)

SELFPLAY GOAL 484 scorer=Zhao ZhaoReward=1 total=254:230 
(Filename: E:\unity\Runtime/Export/Debug/Debug.bindings.h Line: 39)

SELFPLAY GOAL 485 scorer=Zhao ZhaoReward=1 total=254:231 
(Filename: E:\unity\Runtime/Export/Debug/Debug.bindings.h Line: 39)

SELFPLAY GOAL 486 scorer=Fan ZhaoReward=-1 total=255:231 
(Filename: E:\unity\Runtime/Export/Debug/Debug.bindings.h Line: 39)

SELFPLAY GOAL 487 scorer=Zhao ZhaoReward=1 total=255:232 
(Filename: E:\unity\Runtime/Export/Debug/Debug.bindings.h Line: 39)

SELFPLAY GOAL 488 scorer=Fan ZhaoReward=-1 total=256:232 
(Filename: E:\unity\Runtime/Export/Debug/Debug.bindings.h Line: 39)

SELFPLAY GOAL 489 scorer=Fan ZhaoReward=-1 total=257:232 
(Filename: E:\unity\Runtime/Export/Debug/Debug.bindings.h Line: 39)

SELFPLAY GOAL 490 scorer=Fan ZhaoReward=-1 total=258:232 
(Filename: E:\unity\Runtime/Export/Debug/Debug.bindings.h Line: 39)

SELFPLAY GOAL 491 scorer=Fan ZhaoReward=-1 total=259:232 
(Filename: E:\unity\Runtime/Export/Debug/Debug.bindings.h Line: 39)

SELFPLAY MATCH 52 goals=12 total=491 score=6:6 
(Filename: E:\unity\Runtime/Export/Debug/Debug.bindings.h Line: 39)

Unloading 4 Unused Serialized files (Serialized files now loaded: 0)
UnloadTime: 0.372800 ms

Unloading 4 unused Assets to reduce memory usage. Loaded Objects now: 1061.
Total: 1.091700 ms (FindLiveObjects: 0.042800 ms CreateObjectMapping: 0.008100 ms MarkObjects: 0.213000 ms  DeleteObjects: 0.827500 ms)

SELFPLAY GOALMAP x=-6.13 isPlayer1Goal=True 
(Filename: E:\unity\Runtime/Export/Debug/Debug.bindings.h Line: 39)

SELFPLAY GOALMAP x=6.18 isPlayer1Goal=False 
(Filename: E:\unity\Runtime/Export/Debug/Debug.bindings.h Line: 39)

SELFPLAY GOAL 492 scorer=Fan ZhaoReward=-1 total=260:232 
(Filename: E:\unity\Runtime/Export/Debug/Debug.bindings.h Line: 39)

SELFPLAY GOAL 493 scorer=Zhao ZhaoReward=1 total=260:233 
(Filename: E:\unity\Runtime/Export/Debug/Debug.bindings.h Line: 39)

SELFPLAY GOAL 494 scorer=Fan ZhaoReward=-1 total=261:233 
(Filename: E:\unity\Runtime/Export/Debug/Debug.bindings.h Line: 39)

SELFPLAY GOAL 495 scorer=Zhao ZhaoReward=1 total=261:234 
(Filename: E:\unity\Runtime/Export/Debug/Debug.bindings.h Line: 39)

SELFPLAY GOAL 496 scorer=Zhao ZhaoReward=1 total=261:235 
(Filename: E:\unity\Runtime/Export/Debug/Debug.bindings.h Line: 39)

SELFPLAY GOAL 497 scorer=Zhao ZhaoReward=1 total=261:236 
(Filename: E:\unity\Runtime/Export/Debug/Debug.bindings.h Line: 39)

SELFPLAY GOAL 498 scorer=Zhao ZhaoReward=1 total=261:237 
(Filename: E:\unity\Runtime/Export/Debug/Debug.bindings.h Line: 39)

SELFPLAY GOAL 499 scorer=Zhao ZhaoReward=1 total=261:238 
(Filename: E:\unity\Runtime/Export/Debug/Debug.bindings.h Line: 39)

SELFPLAY GOAL 500 scorer=Fan ZhaoReward=-1 total=262:238 
(Filename: E:\unity\Runtime/Export/Debug/Debug.bindings.h Line: 39)

SELFPLAY MATCH 53 goals=9 total=500 score=3:6 
(Filename: E:\unity\Runtime/Export/Debug/Debug.bindings.h Line: 39)

SELFPLAY COMPLETE goals=500 fan=262 zhao=238 matches=53 failures=0 
(Filename: E:\unity\Runtime/Export/Debug/Debug.bindings.h Line: 39)

Setting up 12 worker threads for Enlighten.
  Thread -> id: 1834 -> priority: 1 
  Thread -> id: 3ee0 -> priority: 1 
  Thread -> id: 6a9c -> priority: 1 
  Thread -> id: a24c -> priority: 1 
  Thread -> id: a5c4 -> priority: 1 
  Thread -> id: 2e0c -> priority: 1 
  Thread -> id: 8dbc -> priority: 1 
  Thread -> id: 24d4 -> priority: 1 
  Thread -> id: 6fdc -> priority: 1 
  Thread -> id: 7e68 -> priority: 1 
  Thread -> id: 6c78 -> priority: 1 
  Thread -> id: 8a68 -> priority: 1 

Mono path[0] = 'C:/Users/Alienware/Documents/范志毅VS赵鹏/范志毅VS赵鹏 PC双人版（32位）/鑼冨織姣匳S璧甸箯 PC鍙屼汉鐗堬紙32浣嶏級/AI Mod Source/build/fan-strategy-selfplay-experiment-worker-1/FanZhiYi_Data/Managed'
Mono config path = 'C:/Users/Alienware/Documents/范志毅VS赵鹏/范志毅VS赵鹏 PC双人版（32位）/鑼冨織姣匳S璧甸箯 PC鍙屼汉鐗堬紙32浣嶏級/AI Mod Source/build/fan-strategy-selfplay-experiment-worker-1/MonoBleedingEdge/etc'
AS: AutoStreaming module initializing.Initialize engine version: 2019.4.33f1c1 (c2f94a8bebb3)
[Subsystems] Discovering subsystems at path C:/Users/Alienware/Documents/范志毅VS赵鹏/范志毅VS赵鹏 PC双人版（32位）/鑼冨織姣匳S璧甸箯 PC鍙屼汉鐗堬紙32浣嶏級/AI Mod Source/build/fan-strategy-selfplay-experiment-worker-1/FanZhiYi_Data/UnitySubsystems
Forcing GfxDevice: Null
GfxDevice: creating device client; threaded=0
NullGfxDevice:
    Version:  NULL 1.0 [1.0]
    Renderer: Null Device
    Vendor:   Unity Technologies
Begin MonoManager ReloadAssembly
- Completed reload, in  0.099 seconds
Microsoft Media Foundation video decoding to texture disabled: graphics device is Null, only Direct3D 11 and Direct3D 12 (only on desktop) are supported for hardware-accelerated video decoding.
UnloadTime: 0.612500 ms
Unloading 5 Unused Serialized files (Serialized files now loaded: 0)
UnloadTime: 0.153700 ms

Unloading 145 unused Assets to reduce memory usage. Loaded Objects now: 1003.
Total: 0.724100 ms (FindLiveObjects: 0.043500 ms CreateObjectMapping: 0.011400 ms MarkObjects: 0.282700 ms  DeleteObjects: 0.385900 ms)

SELFPLAY GOALMAP x=-6.13 isPlayer1Goal=True 
(Filename: E:\unity\Runtime/Export/Debug/Debug.bindings.h Line: 39)

SELFPLAY GOALMAP x=6.18 isPlayer1Goal=False 
(Filename: E:\unity\Runtime/Export/Debug/Debug.bindings.h Line: 39)

SELFPLAY GOAL 101 scorer=Fan ZhaoReward=-1 total=58:43 
(Filename: E:\unity\Runtime/Export/Debug/Debug.bindings.h Line: 39)

SELFPLAY GOAL 102 scorer=Zhao ZhaoReward=1 total=58:44 
(Filename: E:\unity\Runtime/Export/Debug/Debug.bindings.h Line: 39)

SELFPLAY GOAL 103 scorer=Zhao ZhaoReward=1 total=58:45 
(Filename: E:\unity\Runtime/Export/Debug/Debug.bindings.h Line: 39)

SELFPLAY GOAL 104 scorer=Fan ZhaoReward=-1 total=59:45 
(Filename: E:\unity\Runtime/Export/Debug/Debug.bindings.h Line: 39)

SELFPLAY GOAL 105 scorer=Zhao ZhaoReward=1 total=59:46 
(Filename: E:\unity\Runtime/Export/Debug/Debug.bindings.h Line: 39)

SELFPLAY GOAL 106 scorer=Fan ZhaoReward=-1 total=60:46 
(Filename: E:\unity\Runtime/Export/Debug/Debug.bindings.h Line: 39)

SELFPLAY GOAL 107 scorer=Zhao ZhaoReward=1 total=60:47 
(Filename: E:\unity\Runtime/Export/Debug/Debug.bindings.h Line: 39)

SELFPLAY GOAL 108 scorer=Fan ZhaoReward=-1 total=61:47 
(Filename: E:\unity\Runtime/Export/Debug/Debug.bindings.h Line: 39)

SELFPLAY GOAL 109 scorer=Zhao ZhaoReward=1 total=61:48 
(Filename: E:\unity\Runtime/Export/Debug/Debug.bindings.h Line: 39)

SELFPLAY GOAL 110 scorer=Fan ZhaoReward=-1 total=62:48 
(Filename: E:\unity\Runtime/Export/Debug/Debug.bindings.h Line: 39)

SELFPLAY MATCH 11 goals=10 total=110 score=5:5 
(Filename: E:\unity\Runtime/Export/Debug/Debug.bindings.h Line: 39)

Unloading 4 Unused Serialized files (Serialized files now loaded: 0)
UnloadTime: 0.924500 ms

Unloading 37 unused Assets to reduce memory usage. Loaded Objects now: 1061.
Total: 1.189200 ms (FindLiveObjects: 0.041500 ms CreateObjectMapping: 0.009000 ms MarkObjects: 0.308600 ms  DeleteObjects: 0.829400 ms)

SELFPLAY GOALMAP x=-6.13 isPlayer1Goal=True 
(Filename: E:\unity\Runtime/Export/Debug/Debug.bindings.h Line: 39)

SELFPLAY GOALMAP x=6.18 isPlayer1Goal=False 
(Filename: E:\unity\Runtime/Export/Debug/Debug.bindings.h Line: 39)

SELFPLAY GOAL 111 scorer=Zhao ZhaoReward=1 total=62:49 
(Filename: E:\unity\Runtime/Export/Debug/Debug.bindings.h Line: 39)

SELFPLAY GOAL 112 scorer=Zhao ZhaoReward=1 total=62:50 
(Filename: E:\unity\Runtime/Export/Debug/Debug.bindings.h Line: 39)

SELFPLAY GOAL 113 scorer=Zhao ZhaoReward=1 total=62:51 
(Filename: E:\unity\Runtime/Export/Debug/Debug.bindings.h Line: 39)

SELFPLAY GOAL 114 scorer=Zhao ZhaoReward=1 total=62:52 
(Filename: E:\unity\Runtime/Export/Debug/Debug.bindings.h Line: 39)

SELFPLAY GOAL 115 scorer=Fan ZhaoReward=-1 total=63:52 
(Filename: E:\unity\Runtime/Export/Debug/Debug.bindings.h Line: 39)

SELFPLAY GOAL 116 scorer=Fan ZhaoReward=-1 total=64:52 
(Filename: E:\unity\Runtime/Export/Debug/Debug.bindings.h Line: 39)

SELFPLAY GOAL 117 scorer=Zhao ZhaoReward=1 total=64:53 
(Filename: E:\unity\Runtime/Export/Debug/Debug.bindings.h Line: 39)

SELFPLAY GOAL 118 scorer=Fan ZhaoReward=-1 total=65:53 
(Filename: E:\unity\Runtime/Export/Debug/Debug.bindings.h Line: 39)

SELFPLAY GOAL 119 scorer=Zhao ZhaoReward=1 total=65:54 
(Filename: E:\unity\Runtime/Export/Debug/Debug.bindings.h Line: 39)

SELFPLAY GOAL 120 scorer=Zhao ZhaoReward=1 total=65:55 
(Filename: E:\unity\Runtime/Export/Debug/Debug.bindings.h Line: 39)

SELFPLAY GOAL 121 scorer=Fan ZhaoReward=-1 total=66:55 
(Filename: E:\unity\Runtime/Export/Debug/Debug.bindings.h Line: 39)

SELFPLAY GOAL 122 scorer=Zhao ZhaoReward=1 total=66:56 
(Filename: E:\unity\Runtime/Export/Debug/Debug.bindings.h Line: 39)

SELFPLAY MATCH 12 goals=12 total=122 score=4:8 
(Filename: E:\unity\Runtime/Export/Debug/Debug.bindings.h Line: 39)

Unloading 4 Unused Serialized files (Serialized files now loaded: 0)
UnloadTime: 0.384700 ms

Unloading 4 unused Assets to reduce memory usage. Loaded Objects now: 1061.
Total: 1.362500 ms (FindLiveObjects: 0.063200 ms CreateObjectMapping: 0.008800 ms MarkObjects: 0.281000 ms  DeleteObjects: 1.009000 ms)

SELFPLAY GOALMAP x=-6.13 isPlayer1Goal=True 
(Filename: E:\unity\Runtime/Export/Debug/Debug.bindings.h Line: 39)

SELFPLAY GOALMAP x=6.18 isPlayer1Goal=False 
(Filename: E:\unity\Runtime/Export/Debug/Debug.bindings.h Line: 39)

SELFPLAY GOAL 123 scorer=Zhao ZhaoReward=1 total=66:57 
(Filename: E:\unity\Runtime/Export/Debug/Debug.bindings.h Line: 39)

SELFPLAY GOAL 124 scorer=Fan ZhaoReward=-1 total=67:57 
(Filename: E:\unity\Runtime/Export/Debug/Debug.bindings.h Line: 39)

SELFPLAY GOAL 125 scorer=Zhao ZhaoReward=1 total=67:58 
(Filename: E:\unity\Runtime/Export/Debug/Debug.bindings.h Line: 39)

SELFPLAY GOAL 126 scorer=Fan ZhaoReward=-1 total=68:58 
(Filename: E:\unity\Runtime/Export/Debug/Debug.bindings.h Line: 39)

SELFPLAY GOAL 127 scorer=Zhao ZhaoReward=1 total=68:59 
(Filename: E:\unity\Runtime/Export/Debug/Debug.bindings.h Line: 39)

SELFPLAY GOAL 128 scorer=Zhao ZhaoReward=1 total=68:60 
(Filename: E:\unity\Runtime/Export/Debug/Debug.bindings.h Line: 39)

SELFPLAY GOAL 129 scorer=Fan ZhaoReward=-1 total=69:60 
(Filename: E:\unity\Runtime/Export/Debug/Debug.bindings.h Line: 39)

SELFPLAY GOAL 130 scorer=Zhao ZhaoReward=1 total=69:61 
(Filename: E:\unity\Runtime/Export/Debug/Debug.bindings.h Line: 39)

SELFPLAY MATCH 13 goals=8 total=130 score=3:5 
(Filename: E:\unity\Runtime/Export/Debug/Debug.bindings.h Line: 39)

Unloading 4 Unused Serialized files (Serialized files now loaded: 0)
UnloadTime: 0.467400 ms

Unloading 4 unused Assets to reduce memory usage. Loaded Objects now: 1061.
Total: 1.120800 ms (FindLiveObjects: 0.038400 ms CreateObjectMapping: 0.008800 ms MarkObjects: 0.246300 ms  DeleteObjects: 0.826800 ms)

SELFPLAY GOALMAP x=-6.13 isPlayer1Goal=True 
(Filename: E:\unity\Runtime/Export/Debug/Debug.bindings.h Line: 39)

SELFPLAY GOALMAP x=6.18 isPlayer1Goal=False 
(Filename: E:\unity\Runtime/Export/Debug/Debug.bindings.h Line: 39)

SELFPLAY GOAL 131 scorer=Fan ZhaoReward=-1 total=70:61 
(Filename: E:\unity\Runtime/Export/Debug/Debug.bindings.h Line: 39)

SELFPLAY GOAL 132 scorer=Zhao ZhaoReward=1 total=70:62 
(Filename: E:\unity\Runtime/Export/Debug/Debug.bindings.h Line: 39)

SELFPLAY GOAL 133 scorer=Zhao ZhaoReward=1 total=70:63 
(Filename: E:\unity\Runtime/Export/Debug/Debug.bindings.h Line: 39)

SELFPLAY GOAL 134 scorer=Fan ZhaoReward=-1 total=71:63 
(Filename: E:\unity\Runtime/Export/Debug/Debug.bindings.h Line: 39)

SELFPLAY GOAL 135 scorer=Fan ZhaoReward=-1 total=72:63 
(Filename: E:\unity\Runtime/Export/Debug/Debug.bindings.h Line: 39)

SELFPLAY GOAL 136 scorer=Zhao ZhaoReward=1 total=72:64 
(Filename: E:\unity\Runtime/Export/Debug/Debug.bindings.h Line: 39)

SELFPLAY GOAL 137 scorer=Zhao ZhaoReward=1 total=72:65 
(Filename: E:\unity\Runtime/Export/Debug/Debug.bindings.h Line: 39)

SELFPLAY GOAL 138 scorer=Zhao ZhaoReward=1 total=72:66 
(Filename: E:\unity\Runtime/Export/Debug/Debug.bindings.h Line: 39)

SELFPLAY GOAL 139 scorer=Fan ZhaoReward=-1 total=73:66 
(Filename: E:\unity\Runtime/Export/Debug/Debug.bindings.h Line: 39)

SELFPLAY GOAL 140 scorer=Zhao ZhaoReward=1 total=73:67 
(Filename: E:\unity\Runtime/Export/Debug/Debug.bindings.h Line: 39)

SELFPLAY MATCH 14 goals=10 total=140 score=4:6 
(Filename: E:\unity\Runtime/Export/Debug/Debug.bindings.h Line: 39)

Unloading 4 Unused Serialized files (Serialized files now loaded: 0)
UnloadTime: 0.410900 ms

Unloading 4 unused Assets to reduce memory usage. Loaded Objects now: 1061.
Total: 1.074700 ms (FindLiveObjects: 0.039500 ms CreateObjectMapping: 0.009000 ms MarkObjects: 0.224000 ms  DeleteObjects: 0.801800 ms)

SELFPLAY GOALMAP x=-6.13 isPlayer1Goal=True 
(Filename: E:\unity\Runtime/Export/Debug/Debug.bindings.h Line: 39)

SELFPLAY GOALMAP x=6.18 isPlayer1Goal=False 
(Filename: E:\unity\Runtime/Export/Debug/Debug.bindings.h Line: 39)

SELFPLAY GOAL 141 scorer=Zhao ZhaoReward=1 total=73:68 
(Filename: E:\unity\Runtime/Export/Debug/Debug.bindings.h Line: 39)

SELFPLAY GOAL 142 scorer=Zhao ZhaoReward=1 total=73:69 
(Filename: E:\unity\Runtime/Export/Debug/Debug.bindings.h Line: 39)

SELFPLAY GOAL 143 scorer=Fan ZhaoReward=-1 total=74:69 
(Filename: E:\unity\Runtime/Export/Debug/Debug.bindings.h Line: 39)

SELFPLAY GOAL 144 scorer=Fan ZhaoReward=-1 total=75:69 
(Filename: E:\unity\Runtime/Export/Debug/Debug.bindings.h Line: 39)

SELFPLAY GOAL 145 scorer=Zhao ZhaoReward=1 total=75:70 
(Filename: E:\unity\Runtime/Export/Debug/Debug.bindings.h Line: 39)

SELFPLAY GOAL 146 scorer=Zhao ZhaoReward=1 total=75:71 
(Filename: E:\unity\Runtime/Export/Debug/Debug.bindings.h Line: 39)

SELFPLAY GOAL 147 scorer=Zhao ZhaoReward=1 total=75:72 
(Filename: E:\unity\Runtime/Export/Debug/Debug.bindings.h Line: 39)

SELFPLAY GOAL 148 scorer=Fan ZhaoReward=-1 total=76:72 
(Filename: E:\unity\Runtime/Export/Debug/Debug.bindings.h Line: 39)

SELFPLAY GOAL 149 scorer=Fan ZhaoReward=-1 total=77:72 
(Filename: E:\unity\Runtime/Export/Debug/Debug.bindings.h Line: 39)

SELFPLAY GOAL 150 scorer=Zhao ZhaoReward=1 total=77:73 
(Filename: E:\unity\Runtime/Export/Debug/Debug.bindings.h Line: 39)

SELFPLAY GOAL 151 scorer=Fan ZhaoReward=-1 total=78:73 
(Filename: E:\unity\Runtime/Export/Debug/Debug.bindings.h Line: 39)

SELFPLAY GOAL 152 scorer=Zhao ZhaoReward=1 total=78:74 
(Filename: E:\unity\Runtime/Export/Debug/Debug.bindings.h Line: 39)

SELFPLAY MATCH 15 goals=12 total=152 score=5:7 
(Filename: E:\unity\Runtime/Export/Debug/Debug.bindings.h Line: 39)

Unloading 4 Unused Serialized files (Serialized files now loaded: 0)
UnloadTime: 0.674900 ms

Unloading 4 unused Assets to reduce memory usage. Loaded Objects now: 1061.
Total: 1.129200 ms (FindLiveObjects: 0.042300 ms CreateObjectMapping: 0.010600 ms MarkObjects: 0.250500 ms  DeleteObjects: 0.825300 ms)

SELFPLAY GOALMAP x=-6.13 isPlayer1Goal=True 
(Filename: E:\unity\Runtime/Export/Debug/Debug.bindings.h Line: 39)

SELFPLAY GOALMAP x=6.18 isPlayer1Goal=False 
(Filename: E:\unity\Runtime/Export/Debug/Debug.bindings.h Line: 39)

SELFPLAY GOAL 153 scorer=Fan ZhaoReward=-1 total=79:74 
(Filename: E:\unity\Runtime/Export/Debug/Debug.bindings.h Line: 39)

SELFPLAY GOAL 154 scorer=Fan ZhaoReward=-1 total=80:74 
(Filename: E:\unity\Runtime/Export/Debug/Debug.bindings.h Line: 39)

SELFPLAY GOAL 155 scorer=Fan ZhaoReward=-1 total=81:74 
(Filename: E:\unity\Runtime/Export/Debug/Debug.bindings.h Line: 39)

SELFPLAY GOAL 156 scorer=Zhao ZhaoReward=1 total=81:75 
(Filename: E:\unity\Runtime/Export/Debug/Debug.bindings.h Line: 39)

SELFPLAY GOAL 157 scorer=Fan ZhaoReward=-1 total=82:75 
(Filename: E:\unity\Runtime/Export/Debug/Debug.bindings.h Line: 39)

SELFPLAY GOAL 158 scorer=Zhao ZhaoReward=1 total=82:76 
(Filename: E:\unity\Runtime/Export/Debug/Debug.bindings.h Line: 39)

SELFPLAY GOAL 159 scorer=Fan ZhaoReward=-1 total=83:76 
(Filename: E:\unity\Runtime/Export/Debug/Debug.bindings.h Line: 39)

SELFPLAY GOAL 160 scorer=Zhao ZhaoReward=1 total=83:77 
(Filename: E:\unity\Runtime/Export/Debug/Debug.bindings.h Line: 39)

SELFPLAY GOAL 161 scorer=Zhao ZhaoReward=1 total=83:78 
(Filename: E:\unity\Runtime/Export/Debug/Debug.bindings.h Line: 39)

SELFPLAY GOAL 162 scorer=Fan ZhaoReward=-1 total=84:78 
(Filename: E:\unity\Runtime/Export/Debug/Debug.bindings.h Line: 39)

SELFPLAY GOAL 163 scorer=Fan ZhaoReward=-1 total=85:78 
(Filename: E:\unity\Runtime/Export/Debug/Debug.bindings.h Line: 39)

SELFPLAY GOAL 164 scorer=Fan ZhaoReward=-1 total=86:78 
(Filename: E:\unity\Runtime/Export/Debug/Debug.bindings.h Line: 39)

SELFPLAY MATCH 16 goals=12 total=164 score=8:4 
(Filename: E:\unity\Runtime/Export/Debug/Debug.bindings.h Line: 39)

Unloading 4 Unused Serialized files (Serialized files now loaded: 0)
UnloadTime: 0.427500 ms

Unloading 4 unused Assets to reduce memory usage. Loaded Objects now: 1061.
Total: 1.357300 ms (FindLiveObjects: 0.039600 ms CreateObjectMapping: 0.017000 ms MarkObjects: 0.309200 ms  DeleteObjects: 0.991200 ms)

SELFPLAY GOALMAP x=-6.13 isPlayer1Goal=True 
(Filename: E:\unity\Runtime/Export/Debug/Debug.bindings.h Line: 39)

SELFPLAY GOALMAP x=6.18 isPlayer1Goal=False 
(Filename: E:\unity\Runtime/Export/Debug/Debug.bindings.h Line: 39)

SELFPLAY GOAL 165 scorer=Fan ZhaoReward=-1 total=87:78 
(Filename: E:\unity\Runtime/Export/Debug/Debug.bindings.h Line: 39)

SELFPLAY GOAL 166 scorer=Fan ZhaoReward=-1 total=88:78 
(Filename: E:\unity\Runtime/Export/Debug/Debug.bindings.h Line: 39)

SELFPLAY GOAL 167 scorer=Zhao ZhaoReward=1 total=88:79 
(Filename: E:\unity\Runtime/Export/Debug/Debug.bindings.h Line: 39)

SELFPLAY GOAL 168 scorer=Fan ZhaoReward=-1 total=89:79 
(Filename: E:\unity\Runtime/Export/Debug/Debug.bindings.h Line: 39)

SELFPLAY GOAL 169 scorer=Zhao ZhaoReward=1 total=89:80 
(Filename: E:\unity\Runtime/Export/Debug/Debug.bindings.h Line: 39)

SELFPLAY GOAL 170 scorer=Fan ZhaoReward=-1 total=90:80 
(Filename: E:\unity\Runtime/Export/Debug/Debug.bindings.h Line: 39)

SELFPLAY GOAL 171 scorer=Fan ZhaoReward=-1 total=91:80 
(Filename: E:\unity\Runtime/Export/Debug/Debug.bindings.h Line: 39)

SELFPLAY GOAL 172 scorer=Zhao ZhaoReward=1 total=91:81 
(Filename: E:\unity\Runtime/Export/Debug/Debug.bindings.h Line: 39)

SELFPLAY MATCH 17 goals=8 total=172 score=5:3 
(Filename: E:\unity\Runtime/Export/Debug/Debug.bindings.h Line: 39)

Unloading 4 Unused Serialized files (Serialized files now loaded: 0)
UnloadTime: 0.555800 ms

Unloading 4 unused Assets to reduce memory usage. Loaded Objects now: 1061.
Total: 1.462500 ms (FindLiveObjects: 0.103700 ms CreateObjectMapping: 0.014500 ms MarkObjects: 0.321300 ms  DeleteObjects: 1.022400 ms)

SELFPLAY GOALMAP x=-6.13 isPlayer1Goal=True 
(Filename: E:\unity\Runtime/Export/Debug/Debug.bindings.h Line: 39)

SELFPLAY GOALMAP x=6.18 isPlayer1Goal=False 
(Filename: E:\unity\Runtime/Export/Debug/Debug.bindings.h Line: 39)

SELFPLAY GOAL 173 scorer=Fan ZhaoReward=-1 total=92:81 
(Filename: E:\unity\Runtime/Export/Debug/Debug.bindings.h Line: 39)

SELFPLAY GOAL 174 scorer=Fan ZhaoReward=-1 total=93:81 
(Filename: E:\unity\Runtime/Export/Debug/Debug.bindings.h Line: 39)

SELFPLAY PROGRESS goals=174/500 matches=18 score=93:81 real=69.63377 
(Filename: E:\unity\Runtime/Export/Debug/Debug.bindings.h Line: 39)

SELFPLAY GOAL 175 scorer=Zhao ZhaoReward=1 total=93:82 
(Filename: E:\unity\Runtime/Export/Debug/Debug.bindings.h Line: 39)

SELFPLAY GOAL 176 scorer=Fan ZhaoReward=-1 total=94:82 
(Filename: E:\unity\Runtime/Export/Debug/Debug.bindings.h Line: 39)

SELFPLAY GOAL 177 scorer=Fan ZhaoReward=-1 total=95:82 
(Filename: E:\unity\Runtime/Export/Debug/Debug.bindings.h Line: 39)

SELFPLAY GOAL 178 scorer=Fan ZhaoReward=-1 total=96:82 
(Filename: E:\unity\Runtime/Export/Debug/Debug.bindings.h Line: 39)

SELFPLAY GOAL 179 scorer=Zhao ZhaoReward=1 total=96:83 
(Filename: E:\unity\Runtime/Export/Debug/Debug.bindings.h Line: 39)

SELFPLAY GOAL 180 scorer=Zhao ZhaoReward=1 total=96:84 
(Filename: E:\unity\Runtime/Export/Debug/Debug.bindings.h Line: 39)

SELFPLAY GOAL 181 scorer=Zhao ZhaoReward=1 total=96:85 
(Filename: E:\unity\Runtime/Export/Debug/Debug.bindings.h Line: 39)

SELFPLAY GOAL 182 scorer=Fan ZhaoReward=-1 total=97:85 
(Filename: E:\unity\Runtime/Export/Debug/Debug.bindings.h Line: 39)

SELFPLAY GOAL 183 scorer=Fan ZhaoReward=-1 total=98:85 
(Filename: E:\unity\Runtime/Export/Debug/Debug.bindings.h Line: 39)

SELFPLAY MATCH 18 goals=11 total=183 score=7:4 
(Filename: E:\unity\Runtime/Export/Debug/Debug.bindings.h Line: 39)

Unloading 4 Unused Serialized files (Serialized files now loaded: 0)
UnloadTime: 0.480500 ms

Unloading 4 unused Assets to reduce memory usage. Loaded Objects now: 1061.
Total: 1.278600 ms (FindLiveObjects: 0.053900 ms CreateObjectMapping: 0.009900 ms MarkObjects: 0.249000 ms  DeleteObjects: 0.965100 ms)

SELFPLAY GOALMAP x=-6.13 isPlayer1Goal=True 
(Filename: E:\unity\Runtime/Export/Debug/Debug.bindings.h Line: 39)

SELFPLAY GOALMAP x=6.18 isPlayer1Goal=False 
(Filename: E:\unity\Runtime/Export/Debug/Debug.bindings.h Line: 39)

SELFPLAY GOAL 184 scorer=Zhao ZhaoReward=1 total=98:86 
(Filename: E:\unity\Runtime/Export/Debug/Debug.bindings.h Line: 39)

SELFPLAY GOAL 185 scorer=Zhao ZhaoReward=1 total=98:87 
(Filename: E:\unity\Runtime/Export/Debug/Debug.bindings.h Line: 39)

SELFPLAY GOAL 186 scorer=Zhao ZhaoReward=1 total=98:88 
(Filename: E:\unity\Runtime/Export/Debug/Debug.bindings.h Line: 39)

SELFPLAY GOAL 187 scorer=Zhao ZhaoReward=1 total=98:89 
(Filename: E:\unity\Runtime/Export/Debug/Debug.bindings.h Line: 39)

SELFPLAY GOAL 188 scorer=Zhao ZhaoReward=1 total=98:90 
(Filename: E:\unity\Runtime/Export/Debug/Debug.bindings.h Line: 39)

SELFPLAY GOAL 189 scorer=Zhao ZhaoReward=1 total=98:91 
(Filename: E:\unity\Runtime/Export/Debug/Debug.bindings.h Line: 39)

SELFPLAY GOAL 190 scorer=Fan ZhaoReward=-1 total=99:91 
(Filename: E:\unity\Runtime/Export/Debug/Debug.bindings.h Line: 39)

SELFPLAY GOAL 191 scorer=Fan ZhaoReward=-1 total=100:91 
(Filename: E:\unity\Runtime/Export/Debug/Debug.bindings.h Line: 39)

SELFPLAY GOAL 192 scorer=Zhao ZhaoReward=1 total=100:92 
(Filename: E:\unity\Runtime/Export/Debug/Debug.bindings.h Line: 39)

SELFPLAY MATCH 19 goals=9 total=192 score=2:7 
(Filename: E:\unity\Runtime/Export/Debug/Debug.bindings.h Line: 39)

Unloading 4 Unused Serialized files (Serialized files now loaded: 0)
UnloadTime: 0.487000 ms

Unloading 4 unused Assets to reduce memory usage. Loaded Objects now: 1061.
Total: 1.626500 ms (FindLiveObjects: 0.073300 ms CreateObjectMapping: 0.013900 ms MarkObjects: 0.395200 ms  DeleteObjects: 1.143200 ms)

SELFPLAY GOALMAP x=-6.13 isPlayer1Goal=True 
(Filename: E:\unity\Runtime/Export/Debug/Debug.bindings.h Line: 39)

SELFPLAY GOALMAP x=6.18 isPlayer1Goal=False 
(Filename: E:\unity\Runtime/Export/Debug/Debug.bindings.h Line: 39)

SELFPLAY GOAL 193 scorer=Fan ZhaoReward=-1 total=101:92 
(Filename: E:\unity\Runtime/Export/Debug/Debug.bindings.h Line: 39)

SELFPLAY GOAL 194 scorer=Fan ZhaoReward=-1 total=102:92 
(Filename: E:\unity\Runtime/Export/Debug/Debug.bindings.h Line: 39)

SELFPLAY GOAL 195 scorer=Zhao ZhaoReward=1 total=102:93 
(Filename: E:\unity\Runtime/Export/Debug/Debug.bindings.h Line: 39)

SELFPLAY GOAL 196 scorer=Fan ZhaoReward=-1 total=103:93 
(Filename: E:\unity\Runtime/Export/Debug/Debug.bindings.h Line: 39)

SELFPLAY GOAL 197 scorer=Zhao ZhaoReward=1 total=103:94 
(Filename: E:\unity\Runtime/Export/Debug/Debug.bindings.h Line: 39)

SELFPLAY GOAL 198 scorer=Zhao ZhaoReward=1 total=103:95 
(Filename: E:\unity\Runtime/Export/Debug/Debug.bindings.h Line: 39)

SELFPLAY GOAL 199 scorer=Zhao ZhaoReward=1 total=103:96 
(Filename: E:\unity\Runtime/Export/Debug/Debug.bindings.h Line: 39)

SELFPLAY GOAL 200 scorer=Fan ZhaoReward=-1 total=104:96 
(Filename: E:\unity\Runtime/Export/Debug/Debug.bindings.h Line: 39)

SELFPLAY GOAL 201 scorer=Fan ZhaoReward=-1 total=105:96 
(Filename: E:\unity\Runtime/Export/Debug/Debug.bindings.h Line: 39)

SELFPLAY GOAL 202 scorer=Zhao ZhaoReward=1 total=105:97 
(Filename: E:\unity\Runtime/Export/Debug/Debug.bindings.h Line: 39)

SELFPLAY GOAL 203 scorer=Fan ZhaoReward=-1 total=106:97 
(Filename: E:\unity\Runtime/Export/Debug/Debug.bindings.h Line: 39)

SELFPLAY GOAL 204 scorer=Fan ZhaoReward=-1 total=107:97 
(Filename: E:\unity\Runtime/Export/Debug/Debug.bindings.h Line: 39)

SELFPLAY MATCH 20 goals=12 total=204 score=7:5 
(Filename: E:\unity\Runtime/Export/Debug/Debug.bindings.h Line: 39)

Unloading 4 Unused Serialized files (Serialized files now loaded: 0)
UnloadTime: 0.408500 ms

Unloading 4 unused Assets to reduce memory usage. Loaded Objects now: 1061.
Total: 1.367700 ms (FindLiveObjects: 0.046500 ms CreateObjectMapping: 0.011000 ms MarkObjects: 0.286200 ms  DeleteObjects: 1.023700 ms)

SELFPLAY GOALMAP x=-6.13 isPlayer1Goal=True 
(Filename: E:\unity\Runtime/Export/Debug/Debug.bindings.h Line: 39)

SELFPLAY GOALMAP x=6.18 isPlayer1Goal=False 
(Filename: E:\unity\Runtime/Export/Debug/Debug.bindings.h Line: 39)

SELFPLAY GOAL 205 scorer=Fan ZhaoReward=-1 total=108:97 
(Filename: E:\unity\Runtime/Export/Debug/Debug.bindings.h Line: 39)

SELFPLAY GOAL 206 scorer=Zhao ZhaoReward=1 total=108:98 
(Filename: E:\unity\Runtime/Export/Debug/Debug.bindings.h Line: 39)

SELFPLAY GOAL 207 scorer=Fan ZhaoReward=-1 total=109:98 
(Filename: E:\unity\Runtime/Export/Debug/Debug.bindings.h Line: 39)

SELFPLAY GOAL 208 scorer=Fan ZhaoReward=-1 total=110:98 
(Filename: E:\unity\Runtime/Export/Debug/Debug.bindings.h Line: 39)

SELFPLAY GOAL 209 scorer=Zhao ZhaoReward=1 total=110:99 
(Filename: E:\unity\Runtime/Export/Debug/Debug.bindings.h Line: 39)

SELFPLAY GOAL 210 scorer=Zhao ZhaoReward=1 total=110:100 
(Filename: E:\unity\Runtime/Export/Debug/Debug.bindings.h Line: 39)

SELFPLAY GOAL 211 scorer=Zhao ZhaoReward=1 total=110:101 
(Filename: E:\unity\Runtime/Export/Debug/Debug.bindings.h Line: 39)

SELFPLAY MATCH 21 goals=7 total=211 score=3:4 
(Filename: E:\unity\Runtime/Export/Debug/Debug.bindings.h Line: 39)

Unloading 4 Unused Serialized files (Serialized files now loaded: 0)
UnloadTime: 0.639500 ms

Unloading 4 unused Assets to reduce memory usage. Loaded Objects now: 1061.
Total: 1.362900 ms (FindLiveObjects: 0.047800 ms CreateObjectMapping: 0.009500 ms MarkObjects: 0.335400 ms  DeleteObjects: 0.969800 ms)

SELFPLAY GOALMAP x=-6.13 isPlayer1Goal=True 
(Filename: E:\unity\Runtime/Export/Debug/Debug.bindings.h Line: 39)

SELFPLAY GOALMAP x=6.18 isPlayer1Goal=False 
(Filename: E:\unity\Runtime/Export/Debug/Debug.bindings.h Line: 39)

SELFPLAY GOAL 212 scorer=Fan ZhaoReward=-1 total=111:101 
(Filename: E:\unity\Runtime/Export/Debug/Debug.bindings.h Line: 39)

SELFPLAY GOAL 213 scorer=Zhao ZhaoReward=1 total=111:102 
(Filename: E:\unity\Runtime/Export/Debug/Debug.bindings.h Line: 39)

SELFPLAY GOAL 214 scorer=Zhao ZhaoReward=1 total=111:103 
(Filename: E:\unity\Runtime/Export/Debug/Debug.bindings.h Line: 39)

SELFPLAY GOAL 215 scorer=Fan ZhaoReward=-1 total=112:103 
(Filename: E:\unity\Runtime/Export/Debug/Debug.bindings.h Line: 39)

SELFPLAY GOAL 216 scorer=Zhao ZhaoReward=1 total=112:104 
(Filename: E:\unity\Runtime/Export/Debug/Debug.bindings.h Line: 39)

SELFPLAY GOAL 217 scorer=Fan ZhaoReward=-1 total=113:104 
(Filename: E:\unity\Runtime/Export/Debug/Debug.bindings.h Line: 39)

SELFPLAY GOAL 218 scorer=Fan ZhaoReward=-1 total=114:104 
(Filename: E:\unity\Runtime/Export/Debug/Debug.bindings.h Line: 39)

SELFPLAY GOAL 219 scorer=Fan ZhaoReward=-1 total=115:104 
(Filename: E:\unity\Runtime/Export/Debug/Debug.bindings.h Line: 39)

SELFPLAY GOAL 220 scorer=Fan ZhaoReward=-1 total=116:104 
(Filename: E:\unity\Runtime/Export/Debug/Debug.bindings.h Line: 39)

SELFPLAY GOAL 221 scorer=Fan ZhaoReward=-1 total=117:104 
(Filename: E:\unity\Runtime/Export/Debug/Debug.bindings.h Line: 39)

SELFPLAY GOAL 222 scorer=Fan ZhaoReward=-1 total=118:104 
(Filename: E:\unity\Runtime/Export/Debug/Debug.bindings.h Line: 39)

SELFPLAY GOAL 223 scorer=Fan ZhaoReward=-1 total=119:104 
(Filename: E:\unity\Runtime/Export/Debug/Debug.bindings.h Line: 39)

SELFPLAY GOAL 224 scorer=Fan ZhaoReward=-1 total=120:104 
(Filename: E:\unity\Runtime/Export/Debug/Debug.bindings.h Line: 39)

SELFPLAY GOAL 225 scorer=Zhao ZhaoReward=1 total=120:105 
(Filename: E:\unity\Runtime/Export/Debug/Debug.bindings.h Line: 39)

SELFPLAY GOAL 226 scorer=Zhao ZhaoReward=1 total=120:106 
(Filename: E:\unity\Runtime/Export/Debug/Debug.bindings.h Line: 39)

SELFPLAY MATCH 22 goals=15 total=226 score=10:5 
(Filename: E:\unity\Runtime/Export/Debug/Debug.bindings.h Line: 39)

Unloading 4 Unused Serialized files (Serialized files now loaded: 0)
UnloadTime: 0.482000 ms

Unloading 4 unused Assets to reduce memory usage. Loaded Objects now: 1061.
Total: 1.068300 ms (FindLiveObjects: 0.047400 ms CreateObjectMapping: 0.010200 ms MarkObjects: 0.276900 ms  DeleteObjects: 0.733200 ms)

SELFPLAY GOALMAP x=-6.13 isPlayer1Goal=True 
(Filename: E:\unity\Runtime/Export/Debug/Debug.bindings.h Line: 39)

SELFPLAY GOALMAP x=6.18 isPlayer1Goal=False 
(Filename: E:\unity\Runtime/Export/Debug/Debug.bindings.h Line: 39)

SELFPLAY GOAL 227 scorer=Fan ZhaoReward=-1 total=121:106 
(Filename: E:\unity\Runtime/Export/Debug/Debug.bindings.h Line: 39)

SELFPLAY GOAL 228 scorer=Zhao ZhaoReward=1 total=121:107 
(Filename: E:\unity\Runtime/Export/Debug/Debug.bindings.h Line: 39)

SELFPLAY GOAL 229 scorer=Zhao ZhaoReward=1 total=121:108 
(Filename: E:\unity\Runtime/Export/Debug/Debug.bindings.h Line: 39)

SELFPLAY GOAL 230 scorer=Zhao ZhaoReward=1 total=121:109 
(Filename: E:\unity\Runtime/Export/Debug/Debug.bindings.h Line: 39)

SELFPLAY GOAL 231 scorer=Fan ZhaoReward=-1 total=122:109 
(Filename: E:\unity\Runtime/Export/Debug/Debug.bindings.h Line: 39)

SELFPLAY GOAL 232 scorer=Zhao ZhaoReward=1 total=122:110 
(Filename: E:\unity\Runtime/Export/Debug/Debug.bindings.h Line: 39)

SELFPLAY GOAL 233 scorer=Fan ZhaoReward=-1 total=123:110 
(Filename: E:\unity\Runtime/Export/Debug/Debug.bindings.h Line: 39)

SELFPLAY GOAL 234 scorer=Fan ZhaoReward=-1 total=124:110 
(Filename: E:\unity\Runtime/Export/Debug/Debug.bindings.h Line: 39)

SELFPLAY GOAL 235 scorer=Fan ZhaoReward=-1 total=125:110 
(Filename: E:\unity\Runtime/Export/Debug/Debug.bindings.h Line: 39)

SELFPLAY MATCH 23 goals=9 total=235 score=5:4 
(Filename: E:\unity\Runtime/Export/Debug/Debug.bindings.h Line: 39)

Unloading 4 Unused Serialized files (Serialized files now loaded: 0)
UnloadTime: 0.430700 ms

Unloading 4 unused Assets to reduce memory usage. Loaded Objects now: 1061.
Total: 1.337500 ms (FindLiveObjects: 0.040700 ms CreateObjectMapping: 0.010100 ms MarkObjects: 0.339100 ms  DeleteObjects: 0.947000 ms)

SELFPLAY GOALMAP x=-6.13 isPlayer1Goal=True 
(Filename: E:\unity\Runtime/Export/Debug/Debug.bindings.h Line: 39)

SELFPLAY GOALMAP x=6.18 isPlayer1Goal=False 
(Filename: E:\unity\Runtime/Export/Debug/Debug.bindings.h Line: 39)

SELFPLAY GOAL 236 scorer=Fan ZhaoReward=-1 total=126:110 
(Filename: E:\unity\Runtime/Export/Debug/Debug.bindings.h Line: 39)

SELFPLAY GOAL 237 scorer=Fan ZhaoReward=-1 total=127:110 
(Filename: E:\unity\Runtime/Export/Debug/Debug.bindings.h Line: 39)

SELFPLAY GOAL 238 scorer=Zhao ZhaoReward=1 total=127:111 
(Filename: E:\unity\Runtime/Export/Debug/Debug.bindings.h Line: 39)

SELFPLAY GOAL 239 scorer=Fan ZhaoReward=-1 total=128:111 
(Filename: E:\unity\Runtime/Export/Debug/Debug.bindings.h Line: 39)

SELFPLAY GOAL 240 scorer=Fan ZhaoReward=-1 total=129:111 
(Filename: E:\unity\Runtime/Export/Debug/Debug.bindings.h Line: 39)

SELFPLAY GOAL 241 scorer=Zhao ZhaoReward=1 total=129:112 
(Filename: E:\unity\Runtime/Export/Debug/Debug.bindings.h Line: 39)

SELFPLAY GOAL 242 scorer=Fan ZhaoReward=-1 total=130:112 
(Filename: E:\unity\Runtime/Export/Debug/Debug.bindings.h Line: 39)

SELFPLAY GOAL 243 scorer=Zhao ZhaoReward=1 total=130:113 
(Filename: E:\unity\Runtime/Export/Debug/Debug.bindings.h Line: 39)

SELFPLAY GOAL 244 scorer=Zhao ZhaoReward=1 total=130:114 
(Filename: E:\unity\Runtime/Export/Debug/Debug.bindings.h Line: 39)

SELFPLAY GOAL 245 scorer=Fan ZhaoReward=-1 total=131:114 
(Filename: E:\unity\Runtime/Export/Debug/Debug.bindings.h Line: 39)

SELFPLAY GOAL 246 scorer=Zhao ZhaoReward=1 total=131:115 
(Filename: E:\unity\Runtime/Export/Debug/Debug.bindings.h Line: 39)

SELFPLAY GOAL 247 scorer=Zhao ZhaoReward=1 total=131:116 
(Filename: E:\unity\Runtime/Export/Debug/Debug.bindings.h Line: 39)

SELFPLAY MATCH 24 goals=12 total=247 score=6:6 
(Filename: E:\unity\Runtime/Export/Debug/Debug.bindings.h Line: 39)

Unloading 4 Unused Serialized files (Serialized files now loaded: 0)
UnloadTime: 0.743500 ms

Unloading 4 unused Assets to reduce memory usage. Loaded Objects now: 1061.
Total: 1.526300 ms (FindLiveObjects: 0.076000 ms CreateObjectMapping: 0.014900 ms MarkObjects: 0.383700 ms  DeleteObjects: 1.050900 ms)

SELFPLAY GOALMAP x=-6.13 isPlayer1Goal=True 
(Filename: E:\unity\Runtime/Export/Debug/Debug.bindings.h Line: 39)

SELFPLAY GOALMAP x=6.18 isPlayer1Goal=False 
(Filename: E:\unity\Runtime/Export/Debug/Debug.bindings.h Line: 39)

SELFPLAY GOAL 248 scorer=Fan ZhaoReward=-1 total=132:116 
(Filename: E:\unity\Runtime/Export/Debug/Debug.bindings.h Line: 39)

SELFPLAY GOAL 249 scorer=Zhao ZhaoReward=1 total=132:117 
(Filename: E:\unity\Runtime/Export/Debug/Debug.bindings.h Line: 39)

SELFPLAY GOAL 250 scorer=Fan ZhaoReward=-1 total=133:117 
(Filename: E:\unity\Runtime/Export/Debug/Debug.bindings.h Line: 39)

SELFPLAY GOAL 251 scorer=Fan ZhaoReward=-1 total=134:117 
(Filename: E:\unity\Runtime/Export/Debug/Debug.bindings.h Line: 39)

SELFPLAY GOAL 252 scorer=Fan ZhaoReward=-1 total=135:117 
(Filename: E:\unity\Runtime/Export/Debug/Debug.bindings.h Line: 39)

SELFPLAY PROGRESS goals=252/500 matches=25 score=135:117 real=99.63484 
(Filename: E:\unity\Runtime/Export/Debug/Debug.bindings.h Line: 39)

SELFPLAY GOAL 253 scorer=Zhao ZhaoReward=1 total=135:118 
(Filename: E:\unity\Runtime/Export/Debug/Debug.bindings.h Line: 39)

SELFPLAY GOAL 254 scorer=Fan ZhaoReward=-1 total=136:118 
(Filename: E:\unity\Runtime/Export/Debug/Debug.bindings.h Line: 39)

SELFPLAY GOAL 255 scorer=Fan ZhaoReward=-1 total=137:118 
(Filename: E:\unity\Runtime/Export/Debug/Debug.bindings.h Line: 39)

SELFPLAY GOAL 256 scorer=Zhao ZhaoReward=1 total=137:119 
(Filename: E:\unity\Runtime/Export/Debug/Debug.bindings.h Line: 39)

SELFPLAY MATCH 25 goals=9 total=256 score=6:3 
(Filename: E:\unity\Runtime/Export/Debug/Debug.bindings.h Line: 39)

Unloading 4 Unused Serialized files (Serialized files now loaded: 0)
UnloadTime: 0.619800 ms

Unloading 4 unused Assets to reduce memory usage. Loaded Objects now: 1061.
Total: 1.627800 ms (FindLiveObjects: 0.071200 ms CreateObjectMapping: 0.012100 ms MarkObjects: 0.364800 ms  DeleteObjects: 1.179200 ms)

SELFPLAY GOALMAP x=-6.13 isPlayer1Goal=True 
(Filename: E:\unity\Runtime/Export/Debug/Debug.bindings.h Line: 39)

SELFPLAY GOALMAP x=6.18 isPlayer1Goal=False 
(Filename: E:\unity\Runtime/Export/Debug/Debug.bindings.h Line: 39)

SELFPLAY GOAL 257 scorer=Fan ZhaoReward=-1 total=138:119 
(Filename: E:\unity\Runtime/Export/Debug/Debug.bindings.h Line: 39)

SELFPLAY GOAL 258 scorer=Zhao ZhaoReward=1 total=138:120 
(Filename: E:\unity\Runtime/Export/Debug/Debug.bindings.h Line: 39)

SELFPLAY GOAL 259 scorer=Fan ZhaoReward=-1 total=139:120 
(Filename: E:\unity\Runtime/Export/Debug/Debug.bindings.h Line: 39)

SELFPLAY GOAL 260 scorer=Fan ZhaoReward=-1 total=140:120 
(Filename: E:\unity\Runtime/Export/Debug/Debug.bindings.h Line: 39)

SELFPLAY GOAL 261 scorer=Fan ZhaoReward=-1 total=141:120 
(Filename: E:\unity\Runtime/Export/Debug/Debug.bindings.h Line: 39)

SELFPLAY GOAL 262 scorer=Zhao ZhaoReward=1 total=141:121 
(Filename: E:\unity\Runtime/Export/Debug/Debug.bindings.h Line: 39)

SELFPLAY GOAL 263 scorer=Fan ZhaoReward=-1 total=142:121 
(Filename: E:\unity\Runtime/Export/Debug/Debug.bindings.h Line: 39)

SELFPLAY GOAL 264 scorer=Fan ZhaoReward=-1 total=143:121 
(Filename: E:\unity\Runtime/Export/Debug/Debug.bindings.h Line: 39)

SELFPLAY GOAL 265 scorer=Fan ZhaoReward=-1 total=144:121 
(Filename: E:\unity\Runtime/Export/Debug/Debug.bindings.h Line: 39)

SELFPLAY MATCH 26 goals=9 total=265 score=7:2 
(Filename: E:\unity\Runtime/Export/Debug/Debug.bindings.h Line: 39)

Unloading 4 Unused Serialized files (Serialized files now loaded: 0)
UnloadTime: 0.441000 ms

Unloading 4 unused Assets to reduce memory usage. Loaded Objects now: 1061.
Total: 1.152000 ms (FindLiveObjects: 0.040200 ms CreateObjectMapping: 0.009200 ms MarkObjects: 0.268100 ms  DeleteObjects: 0.834300 ms)

SELFPLAY GOALMAP x=-6.13 isPlayer1Goal=True 
(Filename: E:\unity\Runtime/Export/Debug/Debug.bindings.h Line: 39)

SELFPLAY GOALMAP x=6.18 isPlayer1Goal=False 
(Filename: E:\unity\Runtime/Export/Debug/Debug.bindings.h Line: 39)

SELFPLAY GOAL 266 scorer=Fan ZhaoReward=-1 total=145:121 
(Filename: E:\unity\Runtime/Export/Debug/Debug.bindings.h Line: 39)

SELFPLAY GOAL 267 scorer=Zhao ZhaoReward=1 total=145:122 
(Filename: E:\unity\Runtime/Export/Debug/Debug.bindings.h Line: 39)

SELFPLAY GOAL 268 scorer=Fan ZhaoReward=-1 total=146:122 
(Filename: E:\unity\Runtime/Export/Debug/Debug.bindings.h Line: 39)

SELFPLAY GOAL 269 scorer=Zhao ZhaoReward=1 total=146:123 
(Filename: E:\unity\Runtime/Export/Debug/Debug.bindings.h Line: 39)

SELFPLAY GOAL 270 scorer=Zhao ZhaoReward=1 total=146:124 
(Filename: E:\unity\Runtime/Export/Debug/Debug.bindings.h Line: 39)

SELFPLAY GOAL 271 scorer=Zhao ZhaoReward=1 total=146:125 
(Filename: E:\unity\Runtime/Export/Debug/Debug.bindings.h Line: 39)

SELFPLAY GOAL 272 scorer=Zhao ZhaoReward=1 total=146:126 
(Filename: E:\unity\Runtime/Export/Debug/Debug.bindings.h Line: 39)

SELFPLAY GOAL 273 scorer=Fan ZhaoReward=-1 total=147:126 
(Filename: E:\unity\Runtime/Export/Debug/Debug.bindings.h Line: 39)

SELFPLAY MATCH 27 goals=8 total=273 score=3:5 
(Filename: E:\unity\Runtime/Export/Debug/Debug.bindings.h Line: 39)

Unloading 4 Unused Serialized files (Serialized files now loaded: 0)
UnloadTime: 0.596500 ms

Unloading 4 unused Assets to reduce memory usage. Loaded Objects now: 1061.
Total: 1.512700 ms (FindLiveObjects: 0.050900 ms CreateObjectMapping: 0.011200 ms MarkObjects: 0.355600 ms  DeleteObjects: 1.094600 ms)

SELFPLAY GOALMAP x=-6.13 isPlayer1Goal=True 
(Filename: E:\unity\Runtime/Export/Debug/Debug.bindings.h Line: 39)

SELFPLAY GOALMAP x=6.18 isPlayer1Goal=False 
(Filename: E:\unity\Runtime/Export/Debug/Debug.bindings.h Line: 39)

SELFPLAY GOAL 274 scorer=Fan ZhaoReward=-1 total=148:126 
(Filename: E:\unity\Runtime/Export/Debug/Debug.bindings.h Line: 39)

SELFPLAY GOAL 275 scorer=Fan ZhaoReward=-1 total=149:126 
(Filename: E:\unity\Runtime/Export/Debug/Debug.bindings.h Line: 39)

SELFPLAY GOAL 276 scorer=Fan ZhaoReward=-1 total=150:126 
(Filename: E:\unity\Runtime/Export/Debug/Debug.bindings.h Line: 39)

SELFPLAY GOAL 277 scorer=Fan ZhaoReward=-1 total=151:126 
(Filename: E:\unity\Runtime/Export/Debug/Debug.bindings.h Line: 39)

SELFPLAY GOAL 278 scorer=Fan ZhaoReward=-1 total=152:126 
(Filename: E:\unity\Runtime/Export/Debug/Debug.bindings.h Line: 39)

SELFPLAY MATCH 28 goals=5 total=278 score=5:0 
(Filename: E:\unity\Runtime/Export/Debug/Debug.bindings.h Line: 39)

Unloading 4 Unused Serialized files (Serialized files now loaded: 0)
UnloadTime: 0.479700 ms

Unloading 4 unused Assets to reduce memory usage. Loaded Objects now: 1061.
Total: 1.614100 ms (FindLiveObjects: 0.049600 ms CreateObjectMapping: 0.010700 ms MarkObjects: 0.454300 ms  DeleteObjects: 1.098700 ms)

SELFPLAY GOALMAP x=-6.13 isPlayer1Goal=True 
(Filename: E:\unity\Runtime/Export/Debug/Debug.bindings.h Line: 39)

SELFPLAY GOALMAP x=6.18 isPlayer1Goal=False 
(Filename: E:\unity\Runtime/Export/Debug/Debug.bindings.h Line: 39)

SELFPLAY GOAL 279 scorer=Fan ZhaoReward=-1 total=153:126 
(Filename: E:\unity\Runtime/Export/Debug/Debug.bindings.h Line: 39)

SELFPLAY GOAL 280 scorer=Fan ZhaoReward=-1 total=154:126 
(Filename: E:\unity\Runtime/Export/Debug/Debug.bindings.h Line: 39)

SELFPLAY GOAL 281 scorer=Fan ZhaoReward=-1 total=155:126 
(Filename: E:\unity\Runtime/Export/Debug/Debug.bindings.h Line: 39)

SELFPLAY GOAL 282 scorer=Zhao ZhaoReward=1 total=155:127 
(Filename: E:\unity\Runtime/Export/Debug/Debug.bindings.h Line: 39)

SELFPLAY GOAL 283 scorer=Fan ZhaoReward=-1 total=156:127 
(Filename: E:\unity\Runtime/Export/Debug/Debug.bindings.h Line: 39)

SELFPLAY GOAL 284 scorer=Fan ZhaoReward=-1 total=157:127 
(Filename: E:\unity\Runtime/Export/Debug/Debug.bindings.h Line: 39)

SELFPLAY GOAL 285 scorer=Fan ZhaoReward=-1 total=158:127 
(Filename: E:\unity\Runtime/Export/Debug/Debug.bindings.h Line: 39)

SELFPLAY GOAL 286 scorer=Zhao ZhaoReward=1 total=158:128 
(Filename: E:\unity\Runtime/Export/Debug/Debug.bindings.h Line: 39)

SELFPLAY GOAL 287 scorer=Fan ZhaoReward=-1 total=159:128 
(Filename: E:\unity\Runtime/Export/Debug/Debug.bindings.h Line: 39)

SELFPLAY GOAL 288 scorer=Zhao ZhaoReward=1 total=159:129 
(Filename: E:\unity\Runtime/Export/Debug/Debug.bindings.h Line: 39)

SELFPLAY GOAL 289 scorer=Fan ZhaoReward=-1 total=160:129 
(Filename: E:\unity\Runtime/Export/Debug/Debug.bindings.h Line: 39)

SELFPLAY GOAL 290 scorer=Fan ZhaoReward=-1 total=161:129 
(Filename: E:\unity\Runtime/Export/Debug/Debug.bindings.h Line: 39)

SELFPLAY MATCH 29 goals=12 total=290 score=9:3 
(Filename: E:\unity\Runtime/Export/Debug/Debug.bindings.h Line: 39)

Unloading 4 Unused Serialized files (Serialized files now loaded: 0)
UnloadTime: 0.642000 ms

Unloading 4 unused Assets to reduce memory usage. Loaded Objects now: 1061.
Total: 1.449600 ms (FindLiveObjects: 0.050100 ms CreateObjectMapping: 0.011000 ms MarkObjects: 0.324300 ms  DeleteObjects: 1.063600 ms)

SELFPLAY GOALMAP x=-6.13 isPlayer1Goal=True 
(Filename: E:\unity\Runtime/Export/Debug/Debug.bindings.h Line: 39)

SELFPLAY GOALMAP x=6.18 isPlayer1Goal=False 
(Filename: E:\unity\Runtime/Export/Debug/Debug.bindings.h Line: 39)

SELFPLAY GOAL 291 scorer=Fan ZhaoReward=-1 total=162:129 
(Filename: E:\unity\Runtime/Export/Debug/Debug.bindings.h Line: 39)

SELFPLAY GOAL 292 scorer=Zhao ZhaoReward=1 total=162:130 
(Filename: E:\unity\Runtime/Export/Debug/Debug.bindings.h Line: 39)

SELFPLAY GOAL 293 scorer=Fan ZhaoReward=-1 total=163:130 
(Filename: E:\unity\Runtime/Export/Debug/Debug.bindings.h Line: 39)

SELFPLAY GOAL 294 scorer=Zhao ZhaoReward=1 total=163:131 
(Filename: E:\unity\Runtime/Export/Debug/Debug.bindings.h Line: 39)

SELFPLAY GOAL 295 scorer=Zhao ZhaoReward=1 total=163:132 
(Filename: E:\unity\Runtime/Export/Debug/Debug.bindings.h Line: 39)

SELFPLAY GOAL 296 scorer=Zhao ZhaoReward=1 total=163:133 
(Filename: E:\unity\Runtime/Export/Debug/Debug.bindings.h Line: 39)

SELFPLAY GOAL 297 scorer=Zhao ZhaoReward=1 total=163:134 
(Filename: E:\unity\Runtime/Export/Debug/Debug.bindings.h Line: 39)

SELFPLAY MATCH 30 goals=7 total=297 score=2:5 
(Filename: E:\unity\Runtime/Export/Debug/Debug.bindings.h Line: 39)

Unloading 4 Unused Serialized files (Serialized files now loaded: 0)
UnloadTime: 0.498400 ms

Unloading 4 unused Assets to reduce memory usage. Loaded Objects now: 1061.
Total: 1.266400 ms (FindLiveObjects: 0.043000 ms CreateObjectMapping: 0.010300 ms MarkObjects: 0.310700 ms  DeleteObjects: 0.901900 ms)

SELFPLAY GOALMAP x=-6.13 isPlayer1Goal=True 
(Filename: E:\unity\Runtime/Export/Debug/Debug.bindings.h Line: 39)

SELFPLAY GOALMAP x=6.18 isPlayer1Goal=False 
(Filename: E:\unity\Runtime/Export/Debug/Debug.bindings.h Line: 39)

SELFPLAY GOAL 298 scorer=Fan ZhaoReward=-1 total=164:134 
(Filename: E:\unity\Runtime/Export/Debug/Debug.bindings.h Line: 39)

SELFPLAY GOAL 299 scorer=Zhao ZhaoReward=1 total=164:135 
(Filename: E:\unity\Runtime/Export/Debug/Debug.bindings.h Line: 39)

SELFPLAY GOAL 300 scorer=Zhao ZhaoReward=1 total=164:136 
(Filename: E:\unity\Runtime/Export/Debug/Debug.bindings.h Line: 39)

SELFPLAY GOAL 301 scorer=Zhao ZhaoReward=1 total=164:137 
(Filename: E:\unity\Runtime/Export/Debug/Debug.bindings.h Line: 39)

SELFPLAY GOAL 302 scorer=Zhao ZhaoReward=1 total=164:138 
(Filename: E:\unity\Runtime/Export/Debug/Debug.bindings.h Line: 39)

SELFPLAY GOAL 303 scorer=Zhao ZhaoReward=1 total=164:139 
(Filename: E:\unity\Runtime/Export/Debug/Debug.bindings.h Line: 39)

SELFPLAY GOAL 304 scorer=Zhao ZhaoReward=1 total=164:140 
(Filename: E:\unity\Runtime/Export/Debug/Debug.bindings.h Line: 39)

SELFPLAY GOAL 305 scorer=Fan ZhaoReward=-1 total=165:140 
(Filename: E:\unity\Runtime/Export/Debug/Debug.bindings.h Line: 39)

SELFPLAY MATCH 31 goals=8 total=305 score=2:6 
(Filename: E:\unity\Runtime/Export/Debug/Debug.bindings.h Line: 39)

Unloading 4 Unused Serialized files (Serialized files now loaded: 0)
UnloadTime: 0.436100 ms

Unloading 4 unused Assets to reduce memory usage. Loaded Objects now: 1061.
Total: 1.402900 ms (FindLiveObjects: 0.038700 ms CreateObjectMapping: 0.008900 ms MarkObjects: 0.365800 ms  DeleteObjects: 0.988700 ms)

SELFPLAY GOALMAP x=-6.13 isPlayer1Goal=True 
(Filename: E:\unity\Runtime/Export/Debug/Debug.bindings.h Line: 39)

SELFPLAY GOALMAP x=6.18 isPlayer1Goal=False 
(Filename: E:\unity\Runtime/Export/Debug/Debug.bindings.h Line: 39)

SELFPLAY GOAL 306 scorer=Zhao ZhaoReward=1 total=165:141 
(Filename: E:\unity\Runtime/Export/Debug/Debug.bindings.h Line: 39)

SELFPLAY GOAL 307 scorer=Fan ZhaoReward=-1 total=166:141 
(Filename: E:\unity\Runtime/Export/Debug/Debug.bindings.h Line: 39)

SELFPLAY GOAL 308 scorer=Zhao ZhaoReward=1 total=166:142 
(Filename: E:\unity\Runtime/Export/Debug/Debug.bindings.h Line: 39)

SELFPLAY GOAL 309 scorer=Fan ZhaoReward=-1 total=167:142 
(Filename: E:\unity\Runtime/Export/Debug/Debug.bindings.h Line: 39)

SELFPLAY GOAL 310 scorer=Zhao ZhaoReward=1 total=167:143 
(Filename: E:\unity\Runtime/Export/Debug/Debug.bindings.h Line: 39)

SELFPLAY GOAL 311 scorer=Fan ZhaoReward=-1 total=168:143 
(Filename: E:\unity\Runtime/Export/Debug/Debug.bindings.h Line: 39)

SELFPLAY GOAL 312 scorer=Zhao ZhaoReward=1 total=168:144 
(Filename: E:\unity\Runtime/Export/Debug/Debug.bindings.h Line: 39)

SELFPLAY GOAL 313 scorer=Zhao ZhaoReward=1 total=168:145 
(Filename: E:\unity\Runtime/Export/Debug/Debug.bindings.h Line: 39)

SELFPLAY GOAL 314 scorer=Fan ZhaoReward=-1 total=169:145 
(Filename: E:\unity\Runtime/Export/Debug/Debug.bindings.h Line: 39)

SELFPLAY MATCH 32 goals=9 total=314 score=4:5 
(Filename: E:\unity\Runtime/Export/Debug/Debug.bindings.h Line: 39)

Unloading 4 Unused Serialized files (Serialized files now loaded: 0)
UnloadTime: 0.390700 ms

Unloading 4 unused Assets to reduce memory usage. Loaded Objects now: 1061.
Total: 1.219600 ms (FindLiveObjects: 0.040800 ms CreateObjectMapping: 0.009100 ms MarkObjects: 0.265000 ms  DeleteObjects: 0.904500 ms)

SELFPLAY GOALMAP x=-6.13 isPlayer1Goal=True 
(Filename: E:\unity\Runtime/Export/Debug/Debug.bindings.h Line: 39)

SELFPLAY GOALMAP x=6.18 isPlayer1Goal=False 
(Filename: E:\unity\Runtime/Export/Debug/Debug.bindings.h Line: 39)

SELFPLAY PROGRESS goals=314/500 matches=33 score=169:145 real=129.8853 
(Filename: E:\unity\Runtime/Export/Debug/Debug.bindings.h Line: 39)

SELFPLAY GOAL 315 scorer=Fan ZhaoReward=-1 total=170:145 
(Filename: E:\unity\Runtime/Export/Debug/Debug.bindings.h Line: 39)

SELFPLAY GOAL 316 scorer=Zhao ZhaoReward=1 total=170:146 
(Filename: E:\unity\Runtime/Export/Debug/Debug.bindings.h Line: 39)

SELFPLAY GOAL 317 scorer=Fan ZhaoReward=-1 total=171:146 
(Filename: E:\unity\Runtime/Export/Debug/Debug.bindings.h Line: 39)

SELFPLAY GOAL 318 scorer=Fan ZhaoReward=-1 total=172:146 
(Filename: E:\unity\Runtime/Export/Debug/Debug.bindings.h Line: 39)

SELFPLAY GOAL 319 scorer=Fan ZhaoReward=-1 total=173:146 
(Filename: E:\unity\Runtime/Export/Debug/Debug.bindings.h Line: 39)

SELFPLAY GOAL 320 scorer=Fan ZhaoReward=-1 total=174:146 
(Filename: E:\unity\Runtime/Export/Debug/Debug.bindings.h Line: 39)

SELFPLAY GOAL 321 scorer=Zhao ZhaoReward=1 total=174:147 
(Filename: E:\unity\Runtime/Export/Debug/Debug.bindings.h Line: 39)

SELFPLAY GOAL 322 scorer=Fan ZhaoReward=-1 total=175:147 
(Filename: E:\unity\Runtime/Export/Debug/Debug.bindings.h Line: 39)

SELFPLAY MATCH 33 goals=8 total=322 score=6:2 
(Filename: E:\unity\Runtime/Export/Debug/Debug.bindings.h Line: 39)

Unloading 4 Unused Serialized files (Serialized files now loaded: 0)
UnloadTime: 0.460900 ms

Unloading 4 unused Assets to reduce memory usage. Loaded Objects now: 1061.
Total: 1.165000 ms (FindLiveObjects: 0.073500 ms CreateObjectMapping: 0.010900 ms MarkObjects: 0.293600 ms  DeleteObjects: 0.786500 ms)

SELFPLAY GOALMAP x=-6.13 isPlayer1Goal=True 
(Filename: E:\unity\Runtime/Export/Debug/Debug.bindings.h Line: 39)

SELFPLAY GOALMAP x=6.18 isPlayer1Goal=False 
(Filename: E:\unity\Runtime/Export/Debug/Debug.bindings.h Line: 39)

SELFPLAY GOAL 323 scorer=Fan ZhaoReward=-1 total=176:147 
(Filename: E:\unity\Runtime/Export/Debug/Debug.bindings.h Line: 39)

SELFPLAY GOAL 324 scorer=Fan ZhaoReward=-1 total=177:147 
(Filename: E:\unity\Runtime/Export/Debug/Debug.bindings.h Line: 39)

SELFPLAY GOAL 325 scorer=Zhao ZhaoReward=1 total=177:148 
(Filename: E:\unity\Runtime/Export/Debug/Debug.bindings.h Line: 39)

SELFPLAY GOAL 326 scorer=Zhao ZhaoReward=1 total=177:149 
(Filename: E:\unity\Runtime/Export/Debug/Debug.bindings.h Line: 39)

SELFPLAY GOAL 327 scorer=Fan ZhaoReward=-1 total=178:149 
(Filename: E:\unity\Runtime/Export/Debug/Debug.bindings.h Line: 39)

SELFPLAY GOAL 328 scorer=Fan ZhaoReward=-1 total=179:149 
(Filename: E:\unity\Runtime/Export/Debug/Debug.bindings.h Line: 39)

SELFPLAY GOAL 329 scorer=Fan ZhaoReward=-1 total=180:149 
(Filename: E:\unity\Runtime/Export/Debug/Debug.bindings.h Line: 39)

SELFPLAY GOAL 330 scorer=Zhao ZhaoReward=1 total=180:150 
(Filename: E:\unity\Runtime/Export/Debug/Debug.bindings.h Line: 39)

SELFPLAY GOAL 331 scorer=Fan ZhaoReward=-1 total=181:150 
(Filename: E:\unity\Runtime/Export/Debug/Debug.bindings.h Line: 39)

SELFPLAY GOAL 332 scorer=Fan ZhaoReward=-1 total=182:150 
(Filename: E:\unity\Runtime/Export/Debug/Debug.bindings.h Line: 39)

SELFPLAY GOAL 333 scorer=Zhao ZhaoReward=1 total=182:151 
(Filename: E:\unity\Runtime/Export/Debug/Debug.bindings.h Line: 39)

SELFPLAY GOAL 334 scorer=Fan ZhaoReward=-1 total=183:151 
(Filename: E:\unity\Runtime/Export/Debug/Debug.bindings.h Line: 39)

SELFPLAY GOAL 335 scorer=Zhao ZhaoReward=1 total=183:152 
(Filename: E:\unity\Runtime/Export/Debug/Debug.bindings.h Line: 39)

SELFPLAY MATCH 34 goals=13 total=335 score=8:5 
(Filename: E:\unity\Runtime/Export/Debug/Debug.bindings.h Line: 39)

Unloading 4 Unused Serialized files (Serialized files now loaded: 0)
UnloadTime: 0.472800 ms

Unloading 4 unused Assets to reduce memory usage. Loaded Objects now: 1061.
Total: 1.254800 ms (FindLiveObjects: 0.042800 ms CreateObjectMapping: 0.009100 ms MarkObjects: 0.281100 ms  DeleteObjects: 0.921200 ms)

SELFPLAY GOALMAP x=-6.13 isPlayer1Goal=True 
(Filename: E:\unity\Runtime/Export/Debug/Debug.bindings.h Line: 39)

SELFPLAY GOALMAP x=6.18 isPlayer1Goal=False 
(Filename: E:\unity\Runtime/Export/Debug/Debug.bindings.h Line: 39)

SELFPLAY GOAL 336 scorer=Fan ZhaoReward=-1 total=184:152 
(Filename: E:\unity\Runtime/Export/Debug/Debug.bindings.h Line: 39)

SELFPLAY GOAL 337 scorer=Zhao ZhaoReward=1 total=184:153 
(Filename: E:\unity\Runtime/Export/Debug/Debug.bindings.h Line: 39)

SELFPLAY GOAL 338 scorer=Zhao ZhaoReward=1 total=184:154 
(Filename: E:\unity\Runtime/Export/Debug/Debug.bindings.h Line: 39)

SELFPLAY GOAL 339 scorer=Fan ZhaoReward=-1 total=185:154 
(Filename: E:\unity\Runtime/Export/Debug/Debug.bindings.h Line: 39)

SELFPLAY GOAL 340 scorer=Fan ZhaoReward=-1 total=186:154 
(Filename: E:\unity\Runtime/Export/Debug/Debug.bindings.h Line: 39)

SELFPLAY GOAL 341 scorer=Fan ZhaoReward=-1 total=187:154 
(Filename: E:\unity\Runtime/Export/Debug/Debug.bindings.h Line: 39)

SELFPLAY GOAL 342 scorer=Fan ZhaoReward=-1 total=188:154 
(Filename: E:\unity\Runtime/Export/Debug/Debug.bindings.h Line: 39)

SELFPLAY GOAL 343 scorer=Zhao ZhaoReward=1 total=188:155 
(Filename: E:\unity\Runtime/Export/Debug/Debug.bindings.h Line: 39)

SELFPLAY GOAL 344 scorer=Zhao ZhaoReward=1 total=188:156 
(Filename: E:\unity\Runtime/Export/Debug/Debug.bindings.h Line: 39)

SELFPLAY GOAL 345 scorer=Fan ZhaoReward=-1 total=189:156 
(Filename: E:\unity\Runtime/Export/Debug/Debug.bindings.h Line: 39)

SELFPLAY GOAL 346 scorer=Fan ZhaoReward=-1 total=190:156 
(Filename: E:\unity\Runtime/Export/Debug/Debug.bindings.h Line: 39)

SELFPLAY GOAL 347 scorer=Fan ZhaoReward=-1 total=191:156 
(Filename: E:\unity\Runtime/Export/Debug/Debug.bindings.h Line: 39)

SELFPLAY MATCH 35 goals=12 total=347 score=8:4 
(Filename: E:\unity\Runtime/Export/Debug/Debug.bindings.h Line: 39)

Unloading 4 Unused Serialized files (Serialized files now loaded: 0)
UnloadTime: 0.402600 ms

Unloading 4 unused Assets to reduce memory usage. Loaded Objects now: 1061.
Total: 1.517400 ms (FindLiveObjects: 0.044600 ms CreateObjectMapping: 0.010700 ms MarkObjects: 0.353000 ms  DeleteObjects: 1.108400 ms)

SELFPLAY GOALMAP x=-6.13 isPlayer1Goal=True 
(Filename: E:\unity\Runtime/Export/Debug/Debug.bindings.h Line: 39)

SELFPLAY GOALMAP x=6.18 isPlayer1Goal=False 
(Filename: E:\unity\Runtime/Export/Debug/Debug.bindings.h Line: 39)

SELFPLAY GOAL 348 scorer=Fan ZhaoReward=-1 total=192:156 
(Filename: E:\unity\Runtime/Export/Debug/Debug.bindings.h Line: 39)

SELFPLAY GOAL 349 scorer=Fan ZhaoReward=-1 total=193:156 
(Filename: E:\unity\Runtime/Export/Debug/Debug.bindings.h Line: 39)

SELFPLAY GOAL 350 scorer=Zhao ZhaoReward=1 total=193:157 
(Filename: E:\unity\Runtime/Export/Debug/Debug.bindings.h Line: 39)

SELFPLAY GOAL 351 scorer=Fan ZhaoReward=-1 total=194:157 
(Filename: E:\unity\Runtime/Export/Debug/Debug.bindings.h Line: 39)

SELFPLAY GOAL 352 scorer=Fan ZhaoReward=-1 total=195:157 
(Filename: E:\unity\Runtime/Export/Debug/Debug.bindings.h Line: 39)

SELFPLAY GOAL 353 scorer=Zhao ZhaoReward=1 total=195:158 
(Filename: E:\unity\Runtime/Export/Debug/Debug.bindings.h Line: 39)

SELFPLAY GOAL 354 scorer=Zhao ZhaoReward=1 total=195:159 
(Filename: E:\unity\Runtime/Export/Debug/Debug.bindings.h Line: 39)

SELFPLAY GOAL 355 scorer=Fan ZhaoReward=-1 total=196:159 
(Filename: E:\unity\Runtime/Export/Debug/Debug.bindings.h Line: 39)

SELFPLAY MATCH 36 goals=8 total=355 score=5:3 
(Filename: E:\unity\Runtime/Export/Debug/Debug.bindings.h Line: 39)

Unloading 4 Unused Serialized files (Serialized files now loaded: 0)
UnloadTime: 0.683700 ms

Unloading 4 unused Assets to reduce memory usage. Loaded Objects now: 1061.
Total: 1.477700 ms (FindLiveObjects: 0.044200 ms CreateObjectMapping: 0.009500 ms MarkObjects: 0.329800 ms  DeleteObjects: 1.093700 ms)

SELFPLAY GOALMAP x=-6.13 isPlayer1Goal=True 
(Filename: E:\unity\Runtime/Export/Debug/Debug.bindings.h Line: 39)

SELFPLAY GOALMAP x=6.18 isPlayer1Goal=False 
(Filename: E:\unity\Runtime/Export/Debug/Debug.bindings.h Line: 39)

SELFPLAY GOAL 356 scorer=Fan ZhaoReward=-1 total=197:159 
(Filename: E:\unity\Runtime/Export/Debug/Debug.bindings.h Line: 39)

SELFPLAY GOAL 357 scorer=Zhao ZhaoReward=1 total=197:160 
(Filename: E:\unity\Runtime/Export/Debug/Debug.bindings.h Line: 39)

SELFPLAY GOAL 358 scorer=Fan ZhaoReward=-1 total=198:160 
(Filename: E:\unity\Runtime/Export/Debug/Debug.bindings.h Line: 39)

SELFPLAY GOAL 359 scorer=Zhao ZhaoReward=1 total=198:161 
(Filename: E:\unity\Runtime/Export/Debug/Debug.bindings.h Line: 39)

SELFPLAY GOAL 360 scorer=Fan ZhaoReward=-1 total=199:161 
(Filename: E:\unity\Runtime/Export/Debug/Debug.bindings.h Line: 39)

SELFPLAY GOAL 361 scorer=Zhao ZhaoReward=1 total=199:162 
(Filename: E:\unity\Runtime/Export/Debug/Debug.bindings.h Line: 39)

SELFPLAY GOAL 362 scorer=Zhao ZhaoReward=1 total=199:163 
(Filename: E:\unity\Runtime/Export/Debug/Debug.bindings.h Line: 39)

SELFPLAY GOAL 363 scorer=Fan ZhaoReward=-1 total=200:163 
(Filename: E:\unity\Runtime/Export/Debug/Debug.bindings.h Line: 39)

SELFPLAY GOAL 364 scorer=Fan ZhaoReward=-1 total=201:163 
(Filename: E:\unity\Runtime/Export/Debug/Debug.bindings.h Line: 39)

SELFPLAY GOAL 365 scorer=Zhao ZhaoReward=1 total=201:164 
(Filename: E:\unity\Runtime/Export/Debug/Debug.bindings.h Line: 39)

SELFPLAY MATCH 37 goals=10 total=365 score=5:5 
(Filename: E:\unity\Runtime/Export/Debug/Debug.bindings.h Line: 39)

Unloading 4 Unused Serialized files (Serialized files now loaded: 0)
UnloadTime: 0.420700 ms

Unloading 4 unused Assets to reduce memory usage. Loaded Objects now: 1061.
Total: 1.357900 ms (FindLiveObjects: 0.040400 ms CreateObjectMapping: 0.009100 ms MarkObjects: 0.374800 ms  DeleteObjects: 0.933100 ms)

SELFPLAY GOALMAP x=-6.13 isPlayer1Goal=True 
(Filename: E:\unity\Runtime/Export/Debug/Debug.bindings.h Line: 39)

SELFPLAY GOALMAP x=6.18 isPlayer1Goal=False 
(Filename: E:\unity\Runtime/Export/Debug/Debug.bindings.h Line: 39)

SELFPLAY GOAL 366 scorer=Fan ZhaoReward=-1 total=202:164 
(Filename: E:\unity\Runtime/Export/Debug/Debug.bindings.h Line: 39)

SELFPLAY GOAL 367 scorer=Fan ZhaoReward=-1 total=203:164 
(Filename: E:\unity\Runtime/Export/Debug/Debug.bindings.h Line: 39)

SELFPLAY GOAL 368 scorer=Fan ZhaoReward=-1 total=204:164 
(Filename: E:\unity\Runtime/Export/Debug/Debug.bindings.h Line: 39)

SELFPLAY GOAL 369 scorer=Fan ZhaoReward=-1 total=205:164 
(Filename: E:\unity\Runtime/Export/Debug/Debug.bindings.h Line: 39)

SELFPLAY GOAL 370 scorer=Fan ZhaoReward=-1 total=206:164 
(Filename: E:\unity\Runtime/Export/Debug/Debug.bindings.h Line: 39)

SELFPLAY GOAL 371 scorer=Zhao ZhaoReward=1 total=206:165 
(Filename: E:\unity\Runtime/Export/Debug/Debug.bindings.h Line: 39)

SELFPLAY GOAL 372 scorer=Zhao ZhaoReward=1 total=206:166 
(Filename: E:\unity\Runtime/Export/Debug/Debug.bindings.h Line: 39)

SELFPLAY GOAL 373 scorer=Zhao ZhaoReward=1 total=206:167 
(Filename: E:\unity\Runtime/Export/Debug/Debug.bindings.h Line: 39)

SELFPLAY GOAL 374 scorer=Fan ZhaoReward=-1 total=207:167 
(Filename: E:\unity\Runtime/Export/Debug/Debug.bindings.h Line: 39)

SELFPLAY GOAL 375 scorer=Fan ZhaoReward=-1 total=208:167 
(Filename: E:\unity\Runtime/Export/Debug/Debug.bindings.h Line: 39)

SELFPLAY GOAL 376 scorer=Zhao ZhaoReward=1 total=208:168 
(Filename: E:\unity\Runtime/Export/Debug/Debug.bindings.h Line: 39)

SELFPLAY GOAL 377 scorer=Fan ZhaoReward=-1 total=209:168 
(Filename: E:\unity\Runtime/Export/Debug/Debug.bindings.h Line: 39)

SELFPLAY GOAL 378 scorer=Fan ZhaoReward=-1 total=210:168 
(Filename: E:\unity\Runtime/Export/Debug/Debug.bindings.h Line: 39)

SELFPLAY MATCH 38 goals=13 total=378 score=9:4 
(Filename: E:\unity\Runtime/Export/Debug/Debug.bindings.h Line: 39)

Unloading 4 Unused Serialized files (Serialized files now loaded: 0)
UnloadTime: 0.465000 ms

Unloading 4 unused Assets to reduce memory usage. Loaded Objects now: 1061.
Total: 1.316600 ms (FindLiveObjects: 0.043700 ms CreateObjectMapping: 0.009400 ms MarkObjects: 0.313000 ms  DeleteObjects: 0.949800 ms)

SELFPLAY GOALMAP x=-6.13 isPlayer1Goal=True 
(Filename: E:\unity\Runtime/Export/Debug/Debug.bindings.h Line: 39)

SELFPLAY GOALMAP x=6.18 isPlayer1Goal=False 
(Filename: E:\unity\Runtime/Export/Debug/Debug.bindings.h Line: 39)

SELFPLAY GOAL 379 scorer=Fan ZhaoReward=-1 total=211:168 
(Filename: E:\unity\Runtime/Export/Debug/Debug.bindings.h Line: 39)

SELFPLAY GOAL 380 scorer=Zhao ZhaoReward=1 total=211:169 
(Filename: E:\unity\Runtime/Export/Debug/Debug.bindings.h Line: 39)

SELFPLAY GOAL 381 scorer=Zhao ZhaoReward=1 total=211:170 
(Filename: E:\unity\Runtime/Export/Debug/Debug.bindings.h Line: 39)

SELFPLAY GOAL 382 scorer=Zhao ZhaoReward=1 total=211:171 
(Filename: E:\unity\Runtime/Export/Debug/Debug.bindings.h Line: 39)

SELFPLAY GOAL 383 scorer=Fan ZhaoReward=-1 total=212:171 
(Filename: E:\unity\Runtime/Export/Debug/Debug.bindings.h Line: 39)

SELFPLAY GOAL 384 scorer=Fan ZhaoReward=-1 total=213:171 
(Filename: E:\unity\Runtime/Export/Debug/Debug.bindings.h Line: 39)

SELFPLAY GOAL 385 scorer=Zhao ZhaoReward=1 total=213:172 
(Filename: E:\unity\Runtime/Export/Debug/Debug.bindings.h Line: 39)

SELFPLAY GOAL 386 scorer=Fan ZhaoReward=-1 total=214:172 
(Filename: E:\unity\Runtime/Export/Debug/Debug.bindings.h Line: 39)

SELFPLAY GOAL 387 scorer=Zhao ZhaoReward=1 total=214:173 
(Filename: E:\unity\Runtime/Export/Debug/Debug.bindings.h Line: 39)

SELFPLAY MATCH 39 goals=9 total=387 score=4:5 
(Filename: E:\unity\Runtime/Export/Debug/Debug.bindings.h Line: 39)

Unloading 4 Unused Serialized files (Serialized files now loaded: 0)
UnloadTime: 0.520200 ms

Unloading 4 unused Assets to reduce memory usage. Loaded Objects now: 1061.
Total: 1.456500 ms (FindLiveObjects: 0.093800 ms CreateObjectMapping: 0.011000 ms MarkObjects: 0.351000 ms  DeleteObjects: 1.000300 ms)

SELFPLAY GOALMAP x=-6.13 isPlayer1Goal=True 
(Filename: E:\unity\Runtime/Export/Debug/Debug.bindings.h Line: 39)

SELFPLAY GOALMAP x=6.18 isPlayer1Goal=False 
(Filename: E:\unity\Runtime/Export/Debug/Debug.bindings.h Line: 39)

SELFPLAY PROGRESS goals=387/500 matches=40 score=214:173 real=159.888 
(Filename: E:\unity\Runtime/Export/Debug/Debug.bindings.h Line: 39)

SELFPLAY GOAL 388 scorer=Zhao ZhaoReward=1 total=214:174 
(Filename: E:\unity\Runtime/Export/Debug/Debug.bindings.h Line: 39)

SELFPLAY GOAL 389 scorer=Zhao ZhaoReward=1 total=214:175 
(Filename: E:\unity\Runtime/Export/Debug/Debug.bindings.h Line: 39)

SELFPLAY GOAL 390 scorer=Fan ZhaoReward=-1 total=215:175 
(Filename: E:\unity\Runtime/Export/Debug/Debug.bindings.h Line: 39)

SELFPLAY GOAL 391 scorer=Fan ZhaoReward=-1 total=216:175 
(Filename: E:\unity\Runtime/Export/Debug/Debug.bindings.h Line: 39)

SELFPLAY GOAL 392 scorer=Zhao ZhaoReward=1 total=216:176 
(Filename: E:\unity\Runtime/Export/Debug/Debug.bindings.h Line: 39)

SELFPLAY GOAL 393 scorer=Zhao ZhaoReward=1 total=216:177 
(Filename: E:\unity\Runtime/Export/Debug/Debug.bindings.h Line: 39)

SELFPLAY GOAL 394 scorer=Fan ZhaoReward=-1 total=217:177 
(Filename: E:\unity\Runtime/Export/Debug/Debug.bindings.h Line: 39)

SELFPLAY MATCH 40 goals=7 total=394 score=3:4 
(Filename: E:\unity\Runtime/Export/Debug/Debug.bindings.h Line: 39)

Unloading 4 Unused Serialized files (Serialized files now loaded: 0)
UnloadTime: 0.384600 ms

Unloading 4 unused Assets to reduce memory usage. Loaded Objects now: 1061.
Total: 1.694800 ms (FindLiveObjects: 0.060200 ms CreateObjectMapping: 0.012600 ms MarkObjects: 0.516800 ms  DeleteObjects: 1.104700 ms)

SELFPLAY GOALMAP x=-6.13 isPlayer1Goal=True 
(Filename: E:\unity\Runtime/Export/Debug/Debug.bindings.h Line: 39)

SELFPLAY GOALMAP x=6.18 isPlayer1Goal=False 
(Filename: E:\unity\Runtime/Export/Debug/Debug.bindings.h Line: 39)

SELFPLAY GOAL 395 scorer=Fan ZhaoReward=-1 total=218:177 
(Filename: E:\unity\Runtime/Export/Debug/Debug.bindings.h Line: 39)

SELFPLAY GOAL 396 scorer=Zhao ZhaoReward=1 total=218:178 
(Filename: E:\unity\Runtime/Export/Debug/Debug.bindings.h Line: 39)

SELFPLAY GOAL 397 scorer=Fan ZhaoReward=-1 total=219:178 
(Filename: E:\unity\Runtime/Export/Debug/Debug.bindings.h Line: 39)

SELFPLAY GOAL 398 scorer=Fan ZhaoReward=-1 total=220:178 
(Filename: E:\unity\Runtime/Export/Debug/Debug.bindings.h Line: 39)

SELFPLAY GOAL 399 scorer=Fan ZhaoReward=-1 total=221:178 
(Filename: E:\unity\Runtime/Export/Debug/Debug.bindings.h Line: 39)

SELFPLAY GOAL 400 scorer=Fan ZhaoReward=-1 total=222:178 
(Filename: E:\unity\Runtime/Export/Debug/Debug.bindings.h Line: 39)

SELFPLAY GOAL 401 scorer=Zhao ZhaoReward=1 total=222:179 
(Filename: E:\unity\Runtime/Export/Debug/Debug.bindings.h Line: 39)

SELFPLAY GOAL 402 scorer=Zhao ZhaoReward=1 total=222:180 
(Filename: E:\unity\Runtime/Export/Debug/Debug.bindings.h Line: 39)

SELFPLAY GOAL 403 scorer=Fan ZhaoReward=-1 total=223:180 
(Filename: E:\unity\Runtime/Export/Debug/Debug.bindings.h Line: 39)

SELFPLAY GOAL 404 scorer=Fan ZhaoReward=-1 total=224:180 
(Filename: E:\unity\Runtime/Export/Debug/Debug.bindings.h Line: 39)

SELFPLAY GOAL 405 scorer=Zhao ZhaoReward=1 total=224:181 
(Filename: E:\unity\Runtime/Export/Debug/Debug.bindings.h Line: 39)

SELFPLAY MATCH 41 goals=11 total=405 score=7:4 
(Filename: E:\unity\Runtime/Export/Debug/Debug.bindings.h Line: 39)

Unloading 4 Unused Serialized files (Serialized files now loaded: 0)
UnloadTime: 0.472600 ms

Unloading 4 unused Assets to reduce memory usage. Loaded Objects now: 1061.
Total: 1.487500 ms (FindLiveObjects: 0.062100 ms CreateObjectMapping: 0.011600 ms MarkObjects: 0.401200 ms  DeleteObjects: 1.012200 ms)

SELFPLAY GOALMAP x=-6.13 isPlayer1Goal=True 
(Filename: E:\unity\Runtime/Export/Debug/Debug.bindings.h Line: 39)

SELFPLAY GOALMAP x=6.18 isPlayer1Goal=False 
(Filename: E:\unity\Runtime/Export/Debug/Debug.bindings.h Line: 39)

SELFPLAY GOAL 406 scorer=Fan ZhaoReward=-1 total=225:181 
(Filename: E:\unity\Runtime/Export/Debug/Debug.bindings.h Line: 39)

SELFPLAY GOAL 407 scorer=Zhao ZhaoReward=1 total=225:182 
(Filename: E:\unity\Runtime/Export/Debug/Debug.bindings.h Line: 39)

SELFPLAY GOAL 408 scorer=Fan ZhaoReward=-1 total=226:182 
(Filename: E:\unity\Runtime/Export/Debug/Debug.bindings.h Line: 39)

SELFPLAY GOAL 409 scorer=Fan ZhaoReward=-1 total=227:182 
(Filename: E:\unity\Runtime/Export/Debug/Debug.bindings.h Line: 39)

SELFPLAY GOAL 410 scorer=Fan ZhaoReward=-1 total=228:182 
(Filename: E:\unity\Runtime/Export/Debug/Debug.bindings.h Line: 39)

SELFPLAY GOAL 411 scorer=Fan ZhaoReward=-1 total=229:182 
(Filename: E:\unity\Runtime/Export/Debug/Debug.bindings.h Line: 39)

SELFPLAY GOAL 412 scorer=Zhao ZhaoReward=1 total=229:183 
(Filename: E:\unity\Runtime/Export/Debug/Debug.bindings.h Line: 39)

SELFPLAY GOAL 413 scorer=Zhao ZhaoReward=1 total=229:184 
(Filename: E:\unity\Runtime/Export/Debug/Debug.bindings.h Line: 39)

SELFPLAY GOAL 414 scorer=Zhao ZhaoReward=1 total=229:185 
(Filename: E:\unity\Runtime/Export/Debug/Debug.bindings.h Line: 39)

SELFPLAY MATCH 42 goals=9 total=414 score=5:4 
(Filename: E:\unity\Runtime/Export/Debug/Debug.bindings.h Line: 39)

Unloading 4 Unused Serialized files (Serialized files now loaded: 0)
UnloadTime: 0.405100 ms

Unloading 4 unused Assets to reduce memory usage. Loaded Objects now: 1061.
Total: 1.395400 ms (FindLiveObjects: 0.044000 ms CreateObjectMapping: 0.009700 ms MarkObjects: 0.287800 ms  DeleteObjects: 1.053100 ms)

SELFPLAY GOALMAP x=-6.13 isPlayer1Goal=True 
(Filename: E:\unity\Runtime/Export/Debug/Debug.bindings.h Line: 39)

SELFPLAY GOALMAP x=6.18 isPlayer1Goal=False 
(Filename: E:\unity\Runtime/Export/Debug/Debug.bindings.h Line: 39)

SELFPLAY GOAL 415 scorer=Fan ZhaoReward=-1 total=230:185 
(Filename: E:\unity\Runtime/Export/Debug/Debug.bindings.h Line: 39)

SELFPLAY GOAL 416 scorer=Zhao ZhaoReward=1 total=230:186 
(Filename: E:\unity\Runtime/Export/Debug/Debug.bindings.h Line: 39)

SELFPLAY GOAL 417 scorer=Fan ZhaoReward=-1 total=231:186 
(Filename: E:\unity\Runtime/Export/Debug/Debug.bindings.h Line: 39)

SELFPLAY GOAL 418 scorer=Zhao ZhaoReward=1 total=231:187 
(Filename: E:\unity\Runtime/Export/Debug/Debug.bindings.h Line: 39)

SELFPLAY GOAL 419 scorer=Zhao ZhaoReward=1 total=231:188 
(Filename: E:\unity\Runtime/Export/Debug/Debug.bindings.h Line: 39)

SELFPLAY GOAL 420 scorer=Zhao ZhaoReward=1 total=231:189 
(Filename: E:\unity\Runtime/Export/Debug/Debug.bindings.h Line: 39)

SELFPLAY GOAL 421 scorer=Fan ZhaoReward=-1 total=232:189 
(Filename: E:\unity\Runtime/Export/Debug/Debug.bindings.h Line: 39)

SELFPLAY GOAL 422 scorer=Fan ZhaoReward=-1 total=233:189 
(Filename: E:\unity\Runtime/Export/Debug/Debug.bindings.h Line: 39)

SELFPLAY GOAL 423 scorer=Zhao ZhaoReward=1 total=233:190 
(Filename: E:\unity\Runtime/Export/Debug/Debug.bindings.h Line: 39)

SELFPLAY GOAL 424 scorer=Zhao ZhaoReward=1 total=233:191 
(Filename: E:\unity\Runtime/Export/Debug/Debug.bindings.h Line: 39)

SELFPLAY GOAL 425 scorer=Zhao ZhaoReward=1 total=233:192 
(Filename: E:\unity\Runtime/Export/Debug/Debug.bindings.h Line: 39)

SELFPLAY GOAL 426 scorer=Fan ZhaoReward=-1 total=234:192 
(Filename: E:\unity\Runtime/Export/Debug/Debug.bindings.h Line: 39)

SELFPLAY MATCH 43 goals=12 total=426 score=5:7 
(Filename: E:\unity\Runtime/Export/Debug/Debug.bindings.h Line: 39)

Unloading 4 Unused Serialized files (Serialized files now loaded: 0)
UnloadTime: 0.623900 ms

Unloading 4 unused Assets to reduce memory usage. Loaded Objects now: 1061.
Total: 1.370500 ms (FindLiveObjects: 0.052200 ms CreateObjectMapping: 0.009500 ms MarkObjects: 0.282000 ms  DeleteObjects: 1.026500 ms)

SELFPLAY GOALMAP x=-6.13 isPlayer1Goal=True 
(Filename: E:\unity\Runtime/Export/Debug/Debug.bindings.h Line: 39)

SELFPLAY GOALMAP x=6.18 isPlayer1Goal=False 
(Filename: E:\unity\Runtime/Export/Debug/Debug.bindings.h Line: 39)

SELFPLAY GOAL 427 scorer=Fan ZhaoReward=-1 total=235:192 
(Filename: E:\unity\Runtime/Export/Debug/Debug.bindings.h Line: 39)

SELFPLAY GOAL 428 scorer=Zhao ZhaoReward=1 total=235:193 
(Filename: E:\unity\Runtime/Export/Debug/Debug.bindings.h Line: 39)

SELFPLAY GOAL 429 scorer=Fan ZhaoReward=-1 total=236:193 
(Filename: E:\unity\Runtime/Export/Debug/Debug.bindings.h Line: 39)

SELFPLAY GOAL 430 scorer=Fan ZhaoReward=-1 total=237:193 
(Filename: E:\unity\Runtime/Export/Debug/Debug.bindings.h Line: 39)

SELFPLAY GOAL 431 scorer=Zhao ZhaoReward=1 total=237:194 
(Filename: E:\unity\Runtime/Export/Debug/Debug.bindings.h Line: 39)

SELFPLAY GOAL 432 scorer=Fan ZhaoReward=-1 total=238:194 
(Filename: E:\unity\Runtime/Export/Debug/Debug.bindings.h Line: 39)

SELFPLAY GOAL 433 scorer=Zhao ZhaoReward=1 total=238:195 
(Filename: E:\unity\Runtime/Export/Debug/Debug.bindings.h Line: 39)

SELFPLAY GOAL 434 scorer=Zhao ZhaoReward=1 total=238:196 
(Filename: E:\unity\Runtime/Export/Debug/Debug.bindings.h Line: 39)

SELFPLAY GOAL 435 scorer=Zhao ZhaoReward=1 total=238:197 
(Filename: E:\unity\Runtime/Export/Debug/Debug.bindings.h Line: 39)

SELFPLAY GOAL 436 scorer=Zhao ZhaoReward=1 total=238:198 
(Filename: E:\unity\Runtime/Export/Debug/Debug.bindings.h Line: 39)

SELFPLAY MATCH 44 goals=10 total=436 score=4:6 
(Filename: E:\unity\Runtime/Export/Debug/Debug.bindings.h Line: 39)

Unloading 4 Unused Serialized files (Serialized files now loaded: 0)
UnloadTime: 0.470100 ms

Unloading 4 unused Assets to reduce memory usage. Loaded Objects now: 1061.
Total: 1.327400 ms (FindLiveObjects: 0.052200 ms CreateObjectMapping: 0.011500 ms MarkObjects: 0.374500 ms  DeleteObjects: 0.888700 ms)

SELFPLAY GOALMAP x=-6.13 isPlayer1Goal=True 
(Filename: E:\unity\Runtime/Export/Debug/Debug.bindings.h Line: 39)

SELFPLAY GOALMAP x=6.18 isPlayer1Goal=False 
(Filename: E:\unity\Runtime/Export/Debug/Debug.bindings.h Line: 39)

SELFPLAY GOAL 437 scorer=Fan ZhaoReward=-1 total=239:198 
(Filename: E:\unity\Runtime/Export/Debug/Debug.bindings.h Line: 39)

SELFPLAY GOAL 438 scorer=Zhao ZhaoReward=1 total=239:199 
(Filename: E:\unity\Runtime/Export/Debug/Debug.bindings.h Line: 39)

SELFPLAY GOAL 439 scorer=Zhao ZhaoReward=1 total=239:200 
(Filename: E:\unity\Runtime/Export/Debug/Debug.bindings.h Line: 39)

SELFPLAY GOAL 440 scorer=Zhao ZhaoReward=1 total=239:201 
(Filename: E:\unity\Runtime/Export/Debug/Debug.bindings.h Line: 39)

SELFPLAY GOAL 441 scorer=Zhao ZhaoReward=1 total=239:202 
(Filename: E:\unity\Runtime/Export/Debug/Debug.bindings.h Line: 39)

SELFPLAY GOAL 442 scorer=Fan ZhaoReward=-1 total=240:202 
(Filename: E:\unity\Runtime/Export/Debug/Debug.bindings.h Line: 39)

SELFPLAY GOAL 443 scorer=Zhao ZhaoReward=1 total=240:203 
(Filename: E:\unity\Runtime/Export/Debug/Debug.bindings.h Line: 39)

SELFPLAY GOAL 444 scorer=Fan ZhaoReward=-1 total=241:203 
(Filename: E:\unity\Runtime/Export/Debug/Debug.bindings.h Line: 39)

SELFPLAY MATCH 45 goals=8 total=444 score=3:5 
(Filename: E:\unity\Runtime/Export/Debug/Debug.bindings.h Line: 39)

Unloading 4 Unused Serialized files (Serialized files now loaded: 0)
UnloadTime: 0.404900 ms

Unloading 4 unused Assets to reduce memory usage. Loaded Objects now: 1061.
Total: 1.451100 ms (FindLiveObjects: 0.043700 ms CreateObjectMapping: 0.011200 ms MarkObjects: 0.374100 ms  DeleteObjects: 1.021500 ms)

SELFPLAY GOALMAP x=-6.13 isPlayer1Goal=True 
(Filename: E:\unity\Runtime/Export/Debug/Debug.bindings.h Line: 39)

SELFPLAY GOALMAP x=6.18 isPlayer1Goal=False 
(Filename: E:\unity\Runtime/Export/Debug/Debug.bindings.h Line: 39)

SELFPLAY GOAL 445 scorer=Fan ZhaoReward=-1 total=242:203 
(Filename: E:\unity\Runtime/Export/Debug/Debug.bindings.h Line: 39)

SELFPLAY GOAL 446 scorer=Fan ZhaoReward=-1 total=243:203 
(Filename: E:\unity\Runtime/Export/Debug/Debug.bindings.h Line: 39)

SELFPLAY GOAL 447 scorer=Fan ZhaoReward=-1 total=244:203 
(Filename: E:\unity\Runtime/Export/Debug/Debug.bindings.h Line: 39)

SELFPLAY GOAL 448 scorer=Zhao ZhaoReward=1 total=244:204 
(Filename: E:\unity\Runtime/Export/Debug/Debug.bindings.h Line: 39)

SELFPLAY GOAL 449 scorer=Fan ZhaoReward=-1 total=245:204 
(Filename: E:\unity\Runtime/Export/Debug/Debug.bindings.h Line: 39)

SELFPLAY GOAL 450 scorer=Zhao ZhaoReward=1 total=245:205 
(Filename: E:\unity\Runtime/Export/Debug/Debug.bindings.h Line: 39)

SELFPLAY GOAL 451 scorer=Fan ZhaoReward=-1 total=246:205 
(Filename: E:\unity\Runtime/Export/Debug/Debug.bindings.h Line: 39)

SELFPLAY GOAL 452 scorer=Zhao ZhaoReward=1 total=246:206 
(Filename: E:\unity\Runtime/Export/Debug/Debug.bindings.h Line: 39)

SELFPLAY GOAL 453 scorer=Fan ZhaoReward=-1 total=247:206 
(Filename: E:\unity\Runtime/Export/Debug/Debug.bindings.h Line: 39)

SELFPLAY GOAL 454 scorer=Zhao ZhaoReward=1 total=247:207 
(Filename: E:\unity\Runtime/Export/Debug/Debug.bindings.h Line: 39)

SELFPLAY GOAL 455 scorer=Zhao ZhaoReward=1 total=247:208 
(Filename: E:\unity\Runtime/Export/Debug/Debug.bindings.h Line: 39)

SELFPLAY MATCH 46 goals=11 total=455 score=6:5 
(Filename: E:\unity\Runtime/Export/Debug/Debug.bindings.h Line: 39)

Unloading 4 Unused Serialized files (Serialized files now loaded: 0)
UnloadTime: 0.433400 ms

Unloading 4 unused Assets to reduce memory usage. Loaded Objects now: 1061.
Total: 1.362600 ms (FindLiveObjects: 0.040300 ms CreateObjectMapping: 0.009600 ms MarkObjects: 0.368600 ms  DeleteObjects: 0.943500 ms)

SELFPLAY GOALMAP x=-6.13 isPlayer1Goal=True 
(Filename: E:\unity\Runtime/Export/Debug/Debug.bindings.h Line: 39)

SELFPLAY GOALMAP x=6.18 isPlayer1Goal=False 
(Filename: E:\unity\Runtime/Export/Debug/Debug.bindings.h Line: 39)

SELFPLAY GOAL 456 scorer=Fan ZhaoReward=-1 total=248:208 
(Filename: E:\unity\Runtime/Export/Debug/Debug.bindings.h Line: 39)

SELFPLAY GOAL 457 scorer=Fan ZhaoReward=-1 total=249:208 
(Filename: E:\unity\Runtime/Export/Debug/Debug.bindings.h Line: 39)

SELFPLAY GOAL 458 scorer=Zhao ZhaoReward=1 total=249:209 
(Filename: E:\unity\Runtime/Export/Debug/Debug.bindings.h Line: 39)

SELFPLAY GOAL 459 scorer=Zhao ZhaoReward=1 total=249:210 
(Filename: E:\unity\Runtime/Export/Debug/Debug.bindings.h Line: 39)

SELFPLAY GOAL 460 scorer=Fan ZhaoReward=-1 total=250:210 
(Filename: E:\unity\Runtime/Export/Debug/Debug.bindings.h Line: 39)

SELFPLAY GOAL 461 scorer=Zhao ZhaoReward=1 total=250:211 
(Filename: E:\unity\Runtime/Export/Debug/Debug.bindings.h Line: 39)

SELFPLAY GOAL 462 scorer=Fan ZhaoReward=-1 total=251:211 
(Filename: E:\unity\Runtime/Export/Debug/Debug.bindings.h Line: 39)

SELFPLAY GOAL 463 scorer=Fan ZhaoReward=-1 total=252:211 
(Filename: E:\unity\Runtime/Export/Debug/Debug.bindings.h Line: 39)

SELFPLAY GOAL 464 scorer=Fan ZhaoReward=-1 total=253:211 
(Filename: E:\unity\Runtime/Export/Debug/Debug.bindings.h Line: 39)

SELFPLAY GOAL 465 scorer=Fan ZhaoReward=-1 total=254:211 
(Filename: E:\unity\Runtime/Export/Debug/Debug.bindings.h Line: 39)

SELFPLAY GOAL 466 scorer=Fan ZhaoReward=-1 total=255:211 
(Filename: E:\unity\Runtime/Export/Debug/Debug.bindings.h Line: 39)

SELFPLAY PROGRESS goals=466/500 matches=47 score=255:211 real=189.892 
(Filename: E:\unity\Runtime/Export/Debug/Debug.bindings.h Line: 39)

SELFPLAY GOAL 467 scorer=Zhao ZhaoReward=1 total=255:212 
(Filename: E:\unity\Runtime/Export/Debug/Debug.bindings.h Line: 39)

SELFPLAY GOAL 468 scorer=Fan ZhaoReward=-1 total=256:212 
(Filename: E:\unity\Runtime/Export/Debug/Debug.bindings.h Line: 39)

SELFPLAY MATCH 47 goals=13 total=468 score=9:4 
(Filename: E:\unity\Runtime/Export/Debug/Debug.bindings.h Line: 39)

Unloading 4 Unused Serialized files (Serialized files now loaded: 0)
UnloadTime: 0.543300 ms

Unloading 4 unused Assets to reduce memory usage. Loaded Objects now: 1061.
Total: 1.449400 ms (FindLiveObjects: 0.042600 ms CreateObjectMapping: 0.009400 ms MarkObjects: 0.309000 ms  DeleteObjects: 1.087800 ms)

SELFPLAY GOALMAP x=-6.13 isPlayer1Goal=True 
(Filename: E:\unity\Runtime/Export/Debug/Debug.bindings.h Line: 39)

SELFPLAY GOALMAP x=6.18 isPlayer1Goal=False 
(Filename: E:\unity\Runtime/Export/Debug/Debug.bindings.h Line: 39)

SELFPLAY GOAL 469 scorer=Fan ZhaoReward=-1 total=257:212 
(Filename: E:\unity\Runtime/Export/Debug/Debug.bindings.h Line: 39)

SELFPLAY GOAL 470 scorer=Fan ZhaoReward=-1 total=258:212 
(Filename: E:\unity\Runtime/Export/Debug/Debug.bindings.h Line: 39)

SELFPLAY GOAL 471 scorer=Fan ZhaoReward=-1 total=259:212 
(Filename: E:\unity\Runtime/Export/Debug/Debug.bindings.h Line: 39)

SELFPLAY GOAL 472 scorer=Zhao ZhaoReward=1 total=259:213 
(Filename: E:\unity\Runtime/Export/Debug/Debug.bindings.h Line: 39)

SELFPLAY GOAL 473 scorer=Fan ZhaoReward=-1 total=260:213 
(Filename: E:\unity\Runtime/Export/Debug/Debug.bindings.h Line: 39)

SELFPLAY GOAL 474 scorer=Zhao ZhaoReward=1 total=260:214 
(Filename: E:\unity\Runtime/Export/Debug/Debug.bindings.h Line: 39)

SELFPLAY GOAL 475 scorer=Fan ZhaoReward=-1 total=261:214 
(Filename: E:\unity\Runtime/Export/Debug/Debug.bindings.h Line: 39)

SELFPLAY GOAL 476 scorer=Zhao ZhaoReward=1 total=261:215 
(Filename: E:\unity\Runtime/Export/Debug/Debug.bindings.h Line: 39)

SELFPLAY GOAL 477 scorer=Fan ZhaoReward=-1 total=262:215 
(Filename: E:\unity\Runtime/Export/Debug/Debug.bindings.h Line: 39)

SELFPLAY GOAL 478 scorer=Fan ZhaoReward=-1 total=263:215 
(Filename: E:\unity\Runtime/Export/Debug/Debug.bindings.h Line: 39)

SELFPLAY GOAL 479 scorer=Zhao ZhaoReward=1 total=263:216 
(Filename: E:\unity\Runtime/Export/Debug/Debug.bindings.h Line: 39)

SELFPLAY GOAL 480 scorer=Zhao ZhaoReward=1 total=263:217 
(Filename: E:\unity\Runtime/Export/Debug/Debug.bindings.h Line: 39)

SELFPLAY MATCH 48 goals=12 total=480 score=7:5 
(Filename: E:\unity\Runtime/Export/Debug/Debug.bindings.h Line: 39)

Unloading 4 Unused Serialized files (Serialized files now loaded: 0)
UnloadTime: 0.438000 ms

Unloading 4 unused Assets to reduce memory usage. Loaded Objects now: 1061.
Total: 1.271100 ms (FindLiveObjects: 0.045500 ms CreateObjectMapping: 0.009800 ms MarkObjects: 0.331400 ms  DeleteObjects: 0.884000 ms)

SELFPLAY GOALMAP x=-6.13 isPlayer1Goal=True 
(Filename: E:\unity\Runtime/Export/Debug/Debug.bindings.h Line: 39)

SELFPLAY GOALMAP x=6.18 isPlayer1Goal=False 
(Filename: E:\unity\Runtime/Export/Debug/Debug.bindings.h Line: 39)

SELFPLAY GOAL 481 scorer=Fan ZhaoReward=-1 total=264:217 
(Filename: E:\unity\Runtime/Export/Debug/Debug.bindings.h Line: 39)

SELFPLAY GOAL 482 scorer=Zhao ZhaoReward=1 total=264:218 
(Filename: E:\unity\Runtime/Export/Debug/Debug.bindings.h Line: 39)

SELFPLAY GOAL 483 scorer=Zhao ZhaoReward=1 total=264:219 
(Filename: E:\unity\Runtime/Export/Debug/Debug.bindings.h Line: 39)

SELFPLAY GOAL 484 scorer=Fan ZhaoReward=-1 total=265:219 
(Filename: E:\unity\Runtime/Export/Debug/Debug.bindings.h Line: 39)

SELFPLAY GOAL 485 scorer=Fan ZhaoReward=-1 total=266:219 
(Filename: E:\unity\Runtime/Export/Debug/Debug.bindings.h Line: 39)

SELFPLAY GOAL 486 scorer=Zhao ZhaoReward=1 total=266:220 
(Filename: E:\unity\Runtime/Export/Debug/Debug.bindings.h Line: 39)

SELFPLAY GOAL 487 scorer=Zhao ZhaoReward=1 total=266:221 
(Filename: E:\unity\Runtime/Export/Debug/Debug.bindings.h Line: 39)

SELFPLAY GOAL 488 scorer=Fan ZhaoReward=-1 total=267:221 
(Filename: E:\unity\Runtime/Export/Debug/Debug.bindings.h Line: 39)

SELFPLAY MATCH 49 goals=8 total=488 score=4:4 
(Filename: E:\unity\Runtime/Export/Debug/Debug.bindings.h Line: 39)

Unloading 4 Unused Serialized files (Serialized files now loaded: 0)
UnloadTime: 0.436700 ms

Unloading 4 unused Assets to reduce memory usage. Loaded Objects now: 1061.
Total: 1.235400 ms (FindLiveObjects: 0.041200 ms CreateObjectMapping: 0.009300 ms MarkObjects: 0.255600 ms  DeleteObjects: 0.928900 ms)

SELFPLAY GOALMAP x=-6.13 isPlayer1Goal=True 
(Filename: E:\unity\Runtime/Export/Debug/Debug.bindings.h Line: 39)

SELFPLAY GOALMAP x=6.18 isPlayer1Goal=False 
(Filename: E:\unity\Runtime/Export/Debug/Debug.bindings.h Line: 39)

SELFPLAY GOAL 489 scorer=Fan ZhaoReward=-1 total=268:221 
(Filename: E:\unity\Runtime/Export/Debug/Debug.bindings.h Line: 39)

SELFPLAY GOAL 490 scorer=Fan ZhaoReward=-1 total=269:221 
(Filename: E:\unity\Runtime/Export/Debug/Debug.bindings.h Line: 39)

SELFPLAY GOAL 491 scorer=Fan ZhaoReward=-1 total=270:221 
(Filename: E:\unity\Runtime/Export/Debug/Debug.bindings.h Line: 39)

SELFPLAY GOAL 492 scorer=Fan ZhaoReward=-1 total=271:221 
(Filename: E:\unity\Runtime/Export/Debug/Debug.bindings.h Line: 39)

SELFPLAY GOAL 493 scorer=Fan ZhaoReward=-1 total=272:221 
(Filename: E:\unity\Runtime/Export/Debug/Debug.bindings.h Line: 39)

SELFPLAY GOAL 494 scorer=Fan ZhaoReward=-1 total=273:221 
(Filename: E:\unity\Runtime/Export/Debug/Debug.bindings.h Line: 39)

SELFPLAY GOAL 495 scorer=Fan ZhaoReward=-1 total=274:221 
(Filename: E:\unity\Runtime/Export/Debug/Debug.bindings.h Line: 39)

SELFPLAY GOAL 496 scorer=Zhao ZhaoReward=1 total=274:222 
(Filename: E:\unity\Runtime/Export/Debug/Debug.bindings.h Line: 39)

SELFPLAY GOAL 497 scorer=Fan ZhaoReward=-1 total=275:222 
(Filename: E:\unity\Runtime/Export/Debug/Debug.bindings.h Line: 39)

SELFPLAY MATCH 50 goals=9 total=497 score=8:1 
(Filename: E:\unity\Runtime/Export/Debug/Debug.bindings.h Line: 39)

Unloading 4 Unused Serialized files (Serialized files now loaded: 0)
UnloadTime: 0.380800 ms

Unloading 4 unused Assets to reduce memory usage. Loaded Objects now: 1061.
Total: 1.368600 ms (FindLiveObjects: 0.036600 ms CreateObjectMapping: 0.009200 ms MarkObjects: 0.235600 ms  DeleteObjects: 1.086900 ms)

SELFPLAY GOALMAP x=-6.13 isPlayer1Goal=True 
(Filename: E:\unity\Runtime/Export/Debug/Debug.bindings.h Line: 39)

SELFPLAY GOALMAP x=6.18 isPlayer1Goal=False 
(Filename: E:\unity\Runtime/Export/Debug/Debug.bindings.h Line: 39)

SELFPLAY GOAL 498 scorer=Zhao ZhaoReward=1 total=275:223 
(Filename: E:\unity\Runtime/Export/Debug/Debug.bindings.h Line: 39)

SELFPLAY GOAL 499 scorer=Fan ZhaoReward=-1 total=276:223 
(Filename: E:\unity\Runtime/Export/Debug/Debug.bindings.h Line: 39)

SELFPLAY GOAL 500 scorer=Zhao ZhaoReward=1 total=276:224 
(Filename: E:\unity\Runtime/Export/Debug/Debug.bindings.h Line: 39)

SELFPLAY MATCH 51 goals=3 total=500 score=1:2 
(Filename: E:\unity\Runtime/Export/Debug/Debug.bindings.h Line: 39)

SELFPLAY COMPLETE goals=500 fan=276 zhao=224 matches=51 failures=0 
(Filename: E:\unity\Runtime/Export/Debug/Debug.bindings.h Line: 39)

Setting up 12 worker threads for Enlighten.
  Thread -> id: 61a0 -> priority: 1 
  Thread -> id: 86c4 -> priority: 1 
  Thread -> id: 4380 -> priority: 1 
  Thread -> id: 3870 -> priority: 1 
  Thread -> id: 9a60 -> priority: 1 
  Thread -> id: 8f8 -> priority: 1 
  Thread -> id: 31f4 -> priority: 1 
  Thread -> id: 820c -> priority: 1 
  Thread -> id: 282c -> priority: 1 
  Thread -> id: 2a4c -> priority: 1 
  Thread -> id: 1764 -> priority: 1 
  Thread -> id: 7b70 -> priority: 1 

Mono path[0] = 'C:/Users/Alienware/Documents/范志毅VS赵鹏/范志毅VS赵鹏 PC双人版（32位）/鑼冨織姣匳S璧甸箯 PC鍙屼汉鐗堬紙32浣嶏級/AI Mod Source/build/fan-strategy-selfplay-experiment-worker-2/FanZhiYi_Data/Managed'
Mono config path = 'C:/Users/Alienware/Documents/范志毅VS赵鹏/范志毅VS赵鹏 PC双人版（32位）/鑼冨織姣匳S璧甸箯 PC鍙屼汉鐗堬紙32浣嶏級/AI Mod Source/build/fan-strategy-selfplay-experiment-worker-2/MonoBleedingEdge/etc'
AS: AutoStreaming module initializing.Initialize engine version: 2019.4.33f1c1 (c2f94a8bebb3)
[Subsystems] Discovering subsystems at path C:/Users/Alienware/Documents/范志毅VS赵鹏/范志毅VS赵鹏 PC双人版（32位）/鑼冨織姣匳S璧甸箯 PC鍙屼汉鐗堬紙32浣嶏級/AI Mod Source/build/fan-strategy-selfplay-experiment-worker-2/FanZhiYi_Data/UnitySubsystems
Forcing GfxDevice: Null
GfxDevice: creating device client; threaded=0
NullGfxDevice:
    Version:  NULL 1.0 [1.0]
    Renderer: Null Device
    Vendor:   Unity Technologies
Begin MonoManager ReloadAssembly
- Completed reload, in  0.108 seconds
Microsoft Media Foundation video decoding to texture disabled: graphics device is Null, only Direct3D 11 and Direct3D 12 (only on desktop) are supported for hardware-accelerated video decoding.
UnloadTime: 0.499400 ms
Unloading 5 Unused Serialized files (Serialized files now loaded: 0)
UnloadTime: 0.212400 ms

Unloading 145 unused Assets to reduce memory usage. Loaded Objects now: 1003.
Total: 0.627400 ms (FindLiveObjects: 0.039600 ms CreateObjectMapping: 0.010100 ms MarkObjects: 0.231100 ms  DeleteObjects: 0.346000 ms)

SELFPLAY GOALMAP x=-6.13 isPlayer1Goal=True 
(Filename: E:\unity\Runtime/Export/Debug/Debug.bindings.h Line: 39)

SELFPLAY GOALMAP x=6.18 isPlayer1Goal=False 
(Filename: E:\unity\Runtime/Export/Debug/Debug.bindings.h Line: 39)

SELFPLAY GOAL 101 scorer=Fan ZhaoReward=-1 total=65:36 
(Filename: E:\unity\Runtime/Export/Debug/Debug.bindings.h Line: 39)

SELFPLAY GOAL 102 scorer=Zhao ZhaoReward=1 total=65:37 
(Filename: E:\unity\Runtime/Export/Debug/Debug.bindings.h Line: 39)

SELFPLAY GOAL 103 scorer=Fan ZhaoReward=-1 total=66:37 
(Filename: E:\unity\Runtime/Export/Debug/Debug.bindings.h Line: 39)

SELFPLAY GOAL 104 scorer=Zhao ZhaoReward=1 total=66:38 
(Filename: E:\unity\Runtime/Export/Debug/Debug.bindings.h Line: 39)

SELFPLAY GOAL 105 scorer=Fan ZhaoReward=-1 total=67:38 
(Filename: E:\unity\Runtime/Export/Debug/Debug.bindings.h Line: 39)

SELFPLAY GOAL 106 scorer=Fan ZhaoReward=-1 total=68:38 
(Filename: E:\unity\Runtime/Export/Debug/Debug.bindings.h Line: 39)

SELFPLAY GOAL 107 scorer=Fan ZhaoReward=-1 total=69:38 
(Filename: E:\unity\Runtime/Export/Debug/Debug.bindings.h Line: 39)

SELFPLAY GOAL 108 scorer=Zhao ZhaoReward=1 total=69:39 
(Filename: E:\unity\Runtime/Export/Debug/Debug.bindings.h Line: 39)

SELFPLAY GOAL 109 scorer=Fan ZhaoReward=-1 total=70:39 
(Filename: E:\unity\Runtime/Export/Debug/Debug.bindings.h Line: 39)

SELFPLAY GOAL 110 scorer=Fan ZhaoReward=-1 total=71:39 
(Filename: E:\unity\Runtime/Export/Debug/Debug.bindings.h Line: 39)

SELFPLAY GOAL 111 scorer=Fan ZhaoReward=-1 total=72:39 
(Filename: E:\unity\Runtime/Export/Debug/Debug.bindings.h Line: 39)

SELFPLAY GOAL 112 scorer=Fan ZhaoReward=-1 total=73:39 
(Filename: E:\unity\Runtime/Export/Debug/Debug.bindings.h Line: 39)

SELFPLAY GOAL 113 scorer=Fan ZhaoReward=-1 total=74:39 
(Filename: E:\unity\Runtime/Export/Debug/Debug.bindings.h Line: 39)

SELFPLAY GOAL 114 scorer=Fan ZhaoReward=-1 total=75:39 
(Filename: E:\unity\Runtime/Export/Debug/Debug.bindings.h Line: 39)

SELFPLAY GOAL 115 scorer=Zhao ZhaoReward=1 total=75:40 
(Filename: E:\unity\Runtime/Export/Debug/Debug.bindings.h Line: 39)

SELFPLAY MATCH 12 goals=15 total=115 score=11:4 
(Filename: E:\unity\Runtime/Export/Debug/Debug.bindings.h Line: 39)

Unloading 4 Unused Serialized files (Serialized files now loaded: 0)
UnloadTime: 1.017700 ms

Unloading 37 unused Assets to reduce memory usage. Loaded Objects now: 1061.
Total: 1.096600 ms (FindLiveObjects: 0.040300 ms CreateObjectMapping: 0.009600 ms MarkObjects: 0.233100 ms  DeleteObjects: 0.812900 ms)

SELFPLAY GOALMAP x=-6.13 isPlayer1Goal=True 
(Filename: E:\unity\Runtime/Export/Debug/Debug.bindings.h Line: 39)

SELFPLAY GOALMAP x=6.18 isPlayer1Goal=False 
(Filename: E:\unity\Runtime/Export/Debug/Debug.bindings.h Line: 39)

SELFPLAY GOAL 116 scorer=Fan ZhaoReward=-1 total=76:40 
(Filename: E:\unity\Runtime/Export/Debug/Debug.bindings.h Line: 39)

SELFPLAY GOAL 117 scorer=Fan ZhaoReward=-1 total=77:40 
(Filename: E:\unity\Runtime/Export/Debug/Debug.bindings.h Line: 39)

SELFPLAY GOAL 118 scorer=Zhao ZhaoReward=1 total=77:41 
(Filename: E:\unity\Runtime/Export/Debug/Debug.bindings.h Line: 39)

SELFPLAY GOAL 119 scorer=Fan ZhaoReward=-1 total=78:41 
(Filename: E:\unity\Runtime/Export/Debug/Debug.bindings.h Line: 39)

SELFPLAY GOAL 120 scorer=Fan ZhaoReward=-1 total=79:41 
(Filename: E:\unity\Runtime/Export/Debug/Debug.bindings.h Line: 39)

SELFPLAY GOAL 121 scorer=Zhao ZhaoReward=1 total=79:42 
(Filename: E:\unity\Runtime/Export/Debug/Debug.bindings.h Line: 39)

SELFPLAY MATCH 13 goals=6 total=121 score=4:2 
(Filename: E:\unity\Runtime/Export/Debug/Debug.bindings.h Line: 39)

Unloading 4 Unused Serialized files (Serialized files now loaded: 0)
UnloadTime: 0.453100 ms

Unloading 4 unused Assets to reduce memory usage. Loaded Objects now: 1061.
Total: 1.378100 ms (FindLiveObjects: 0.040500 ms CreateObjectMapping: 0.009200 ms MarkObjects: 0.301600 ms  DeleteObjects: 1.026400 ms)

SELFPLAY GOALMAP x=-6.13 isPlayer1Goal=True 
(Filename: E:\unity\Runtime/Export/Debug/Debug.bindings.h Line: 39)

SELFPLAY GOALMAP x=6.18 isPlayer1Goal=False 
(Filename: E:\unity\Runtime/Export/Debug/Debug.bindings.h Line: 39)

SELFPLAY GOAL 122 scorer=Fan ZhaoReward=-1 total=80:42 
(Filename: E:\unity\Runtime/Export/Debug/Debug.bindings.h Line: 39)

SELFPLAY GOAL 123 scorer=Zhao ZhaoReward=1 total=80:43 
(Filename: E:\unity\Runtime/Export/Debug/Debug.bindings.h Line: 39)

SELFPLAY GOAL 124 scorer=Fan ZhaoReward=-1 total=81:43 
(Filename: E:\unity\Runtime/Export/Debug/Debug.bindings.h Line: 39)

SELFPLAY GOAL 125 scorer=Fan ZhaoReward=-1 total=82:43 
(Filename: E:\unity\Runtime/Export/Debug/Debug.bindings.h Line: 39)

SELFPLAY GOAL 126 scorer=Zhao ZhaoReward=1 total=82:44 
(Filename: E:\unity\Runtime/Export/Debug/Debug.bindings.h Line: 39)

SELFPLAY GOAL 127 scorer=Zhao ZhaoReward=1 total=82:45 
(Filename: E:\unity\Runtime/Export/Debug/Debug.bindings.h Line: 39)

SELFPLAY GOAL 128 scorer=Fan ZhaoReward=-1 total=83:45 
(Filename: E:\unity\Runtime/Export/Debug/Debug.bindings.h Line: 39)

SELFPLAY GOAL 129 scorer=Zhao ZhaoReward=1 total=83:46 
(Filename: E:\unity\Runtime/Export/Debug/Debug.bindings.h Line: 39)

SELFPLAY GOAL 130 scorer=Fan ZhaoReward=-1 total=84:46 
(Filename: E:\unity\Runtime/Export/Debug/Debug.bindings.h Line: 39)

SELFPLAY GOAL 131 scorer=Zhao ZhaoReward=1 total=84:47 
(Filename: E:\unity\Runtime/Export/Debug/Debug.bindings.h Line: 39)

SELFPLAY GOAL 132 scorer=Fan ZhaoReward=-1 total=85:47 
(Filename: E:\unity\Runtime/Export/Debug/Debug.bindings.h Line: 39)

SELFPLAY MATCH 14 goals=11 total=132 score=6:5 
(Filename: E:\unity\Runtime/Export/Debug/Debug.bindings.h Line: 39)

Unloading 4 Unused Serialized files (Serialized files now loaded: 0)
UnloadTime: 0.396100 ms

Unloading 4 unused Assets to reduce memory usage. Loaded Objects now: 1061.
Total: 1.123900 ms (FindLiveObjects: 0.042500 ms CreateObjectMapping: 0.009400 ms MarkObjects: 0.255200 ms  DeleteObjects: 0.816300 ms)

SELFPLAY GOALMAP x=-6.13 isPlayer1Goal=True 
(Filename: E:\unity\Runtime/Export/Debug/Debug.bindings.h Line: 39)

SELFPLAY GOALMAP x=6.18 isPlayer1Goal=False 
(Filename: E:\unity\Runtime/Export/Debug/Debug.bindings.h Line: 39)

SELFPLAY GOAL 133 scorer=Fan ZhaoReward=-1 total=86:47 
(Filename: E:\unity\Runtime/Export/Debug/Debug.bindings.h Line: 39)

SELFPLAY GOAL 134 scorer=Fan ZhaoReward=-1 total=87:47 
(Filename: E:\unity\Runtime/Export/Debug/Debug.bindings.h Line: 39)

SELFPLAY GOAL 135 scorer=Fan ZhaoReward=-1 total=88:47 
(Filename: E:\unity\Runtime/Export/Debug/Debug.bindings.h Line: 39)

SELFPLAY GOAL 136 scorer=Zhao ZhaoReward=1 total=88:48 
(Filename: E:\unity\Runtime/Export/Debug/Debug.bindings.h Line: 39)

SELFPLAY GOAL 137 scorer=Fan ZhaoReward=-1 total=89:48 
(Filename: E:\unity\Runtime/Export/Debug/Debug.bindings.h Line: 39)

SELFPLAY GOAL 138 scorer=Fan ZhaoReward=-1 total=90:48 
(Filename: E:\unity\Runtime/Export/Debug/Debug.bindings.h Line: 39)

SELFPLAY GOAL 139 scorer=Zhao ZhaoReward=1 total=90:49 
(Filename: E:\unity\Runtime/Export/Debug/Debug.bindings.h Line: 39)

SELFPLAY MATCH 15 goals=7 total=139 score=5:2 
(Filename: E:\unity\Runtime/Export/Debug/Debug.bindings.h Line: 39)

Unloading 4 Unused Serialized files (Serialized files now loaded: 0)
UnloadTime: 0.774800 ms

Unloading 4 unused Assets to reduce memory usage. Loaded Objects now: 1061.
Total: 1.250400 ms (FindLiveObjects: 0.039900 ms CreateObjectMapping: 0.009600 ms MarkObjects: 0.258100 ms  DeleteObjects: 0.942300 ms)

SELFPLAY GOALMAP x=-6.13 isPlayer1Goal=True 
(Filename: E:\unity\Runtime/Export/Debug/Debug.bindings.h Line: 39)

SELFPLAY GOALMAP x=6.18 isPlayer1Goal=False 
(Filename: E:\unity\Runtime/Export/Debug/Debug.bindings.h Line: 39)

SELFPLAY GOAL 140 scorer=Zhao ZhaoReward=1 total=90:50 
(Filename: E:\unity\Runtime/Export/Debug/Debug.bindings.h Line: 39)

SELFPLAY GOAL 141 scorer=Zhao ZhaoReward=1 total=90:51 
(Filename: E:\unity\Runtime/Export/Debug/Debug.bindings.h Line: 39)

SELFPLAY GOAL 142 scorer=Zhao ZhaoReward=1 total=90:52 
(Filename: E:\unity\Runtime/Export/Debug/Debug.bindings.h Line: 39)

SELFPLAY GOAL 143 scorer=Zhao ZhaoReward=1 total=90:53 
(Filename: E:\unity\Runtime/Export/Debug/Debug.bindings.h Line: 39)

SELFPLAY GOAL 144 scorer=Fan ZhaoReward=-1 total=91:53 
(Filename: E:\unity\Runtime/Export/Debug/Debug.bindings.h Line: 39)

SELFPLAY GOAL 145 scorer=Zhao ZhaoReward=1 total=91:54 
(Filename: E:\unity\Runtime/Export/Debug/Debug.bindings.h Line: 39)

SELFPLAY GOAL 146 scorer=Zhao ZhaoReward=1 total=91:55 
(Filename: E:\unity\Runtime/Export/Debug/Debug.bindings.h Line: 39)

SELFPLAY GOAL 147 scorer=Zhao ZhaoReward=1 total=91:56 
(Filename: E:\unity\Runtime/Export/Debug/Debug.bindings.h Line: 39)

SELFPLAY MATCH 16 goals=8 total=147 score=1:7 
(Filename: E:\unity\Runtime/Export/Debug/Debug.bindings.h Line: 39)

Unloading 4 Unused Serialized files (Serialized files now loaded: 0)
UnloadTime: 0.593600 ms

Unloading 4 unused Assets to reduce memory usage. Loaded Objects now: 1061.
Total: 1.849900 ms (FindLiveObjects: 0.060800 ms CreateObjectMapping: 0.012800 ms MarkObjects: 0.374300 ms  DeleteObjects: 1.401000 ms)

SELFPLAY GOALMAP x=-6.13 isPlayer1Goal=True 
(Filename: E:\unity\Runtime/Export/Debug/Debug.bindings.h Line: 39)

SELFPLAY GOALMAP x=6.18 isPlayer1Goal=False 
(Filename: E:\unity\Runtime/Export/Debug/Debug.bindings.h Line: 39)

SELFPLAY GOAL 148 scorer=Fan ZhaoReward=-1 total=92:56 
(Filename: E:\unity\Runtime/Export/Debug/Debug.bindings.h Line: 39)

SELFPLAY GOAL 149 scorer=Fan ZhaoReward=-1 total=93:56 
(Filename: E:\unity\Runtime/Export/Debug/Debug.bindings.h Line: 39)

SELFPLAY GOAL 150 scorer=Zhao ZhaoReward=1 total=93:57 
(Filename: E:\unity\Runtime/Export/Debug/Debug.bindings.h Line: 39)

SELFPLAY GOAL 151 scorer=Zhao ZhaoReward=1 total=93:58 
(Filename: E:\unity\Runtime/Export/Debug/Debug.bindings.h Line: 39)

SELFPLAY GOAL 152 scorer=Fan ZhaoReward=-1 total=94:58 
(Filename: E:\unity\Runtime/Export/Debug/Debug.bindings.h Line: 39)

SELFPLAY GOAL 153 scorer=Zhao ZhaoReward=1 total=94:59 
(Filename: E:\unity\Runtime/Export/Debug/Debug.bindings.h Line: 39)

SELFPLAY GOAL 154 scorer=Fan ZhaoReward=-1 total=95:59 
(Filename: E:\unity\Runtime/Export/Debug/Debug.bindings.h Line: 39)

SELFPLAY GOAL 155 scorer=Zhao ZhaoReward=1 total=95:60 
(Filename: E:\unity\Runtime/Export/Debug/Debug.bindings.h Line: 39)

SELFPLAY GOAL 156 scorer=Fan ZhaoReward=-1 total=96:60 
(Filename: E:\unity\Runtime/Export/Debug/Debug.bindings.h Line: 39)

SELFPLAY GOAL 157 scorer=Zhao ZhaoReward=1 total=96:61 
(Filename: E:\unity\Runtime/Export/Debug/Debug.bindings.h Line: 39)

SELFPLAY GOAL 158 scorer=Fan ZhaoReward=-1 total=97:61 
(Filename: E:\unity\Runtime/Export/Debug/Debug.bindings.h Line: 39)

SELFPLAY MATCH 17 goals=11 total=158 score=6:5 
(Filename: E:\unity\Runtime/Export/Debug/Debug.bindings.h Line: 39)

Unloading 4 Unused Serialized files (Serialized files now loaded: 0)
UnloadTime: 0.517900 ms

Unloading 4 unused Assets to reduce memory usage. Loaded Objects now: 1061.
Total: 1.446200 ms (FindLiveObjects: 0.038600 ms CreateObjectMapping: 0.016300 ms MarkObjects: 0.305700 ms  DeleteObjects: 1.085100 ms)

SELFPLAY GOALMAP x=-6.13 isPlayer1Goal=True 
(Filename: E:\unity\Runtime/Export/Debug/Debug.bindings.h Line: 39)

SELFPLAY GOALMAP x=6.18 isPlayer1Goal=False 
(Filename: E:\unity\Runtime/Export/Debug/Debug.bindings.h Line: 39)

SELFPLAY GOAL 159 scorer=Fan ZhaoReward=-1 total=98:61 
(Filename: E:\unity\Runtime/Export/Debug/Debug.bindings.h Line: 39)

SELFPLAY GOAL 160 scorer=Zhao ZhaoReward=1 total=98:62 
(Filename: E:\unity\Runtime/Export/Debug/Debug.bindings.h Line: 39)

SELFPLAY GOAL 161 scorer=Fan ZhaoReward=-1 total=99:62 
(Filename: E:\unity\Runtime/Export/Debug/Debug.bindings.h Line: 39)

SELFPLAY GOAL 162 scorer=Zhao ZhaoReward=1 total=99:63 
(Filename: E:\unity\Runtime/Export/Debug/Debug.bindings.h Line: 39)

SELFPLAY GOAL 163 scorer=Fan ZhaoReward=-1 total=100:63 
(Filename: E:\unity\Runtime/Export/Debug/Debug.bindings.h Line: 39)

SELFPLAY GOAL 164 scorer=Zhao ZhaoReward=1 total=100:64 
(Filename: E:\unity\Runtime/Export/Debug/Debug.bindings.h Line: 39)

SELFPLAY GOAL 165 scorer=Zhao ZhaoReward=1 total=100:65 
(Filename: E:\unity\Runtime/Export/Debug/Debug.bindings.h Line: 39)

SELFPLAY GOAL 166 scorer=Zhao ZhaoReward=1 total=100:66 
(Filename: E:\unity\Runtime/Export/Debug/Debug.bindings.h Line: 39)

SELFPLAY GOAL 167 scorer=Fan ZhaoReward=-1 total=101:66 
(Filename: E:\unity\Runtime/Export/Debug/Debug.bindings.h Line: 39)

SELFPLAY GOAL 168 scorer=Zhao ZhaoReward=1 total=101:67 
(Filename: E:\unity\Runtime/Export/Debug/Debug.bindings.h Line: 39)

SELFPLAY GOAL 169 scorer=Fan ZhaoReward=-1 total=102:67 
(Filename: E:\unity\Runtime/Export/Debug/Debug.bindings.h Line: 39)

SELFPLAY MATCH 18 goals=11 total=169 score=5:6 
(Filename: E:\unity\Runtime/Export/Debug/Debug.bindings.h Line: 39)

Unloading 4 Unused Serialized files (Serialized files now loaded: 0)
UnloadTime: 0.458500 ms

Unloading 4 unused Assets to reduce memory usage. Loaded Objects now: 1061.
Total: 1.401000 ms (FindLiveObjects: 0.053200 ms CreateObjectMapping: 0.013300 ms MarkObjects: 0.323800 ms  DeleteObjects: 1.010100 ms)

SELFPLAY GOALMAP x=-6.13 isPlayer1Goal=True 
(Filename: E:\unity\Runtime/Export/Debug/Debug.bindings.h Line: 39)

SELFPLAY GOALMAP x=6.18 isPlayer1Goal=False 
(Filename: E:\unity\Runtime/Export/Debug/Debug.bindings.h Line: 39)

SELFPLAY GOAL 170 scorer=Fan ZhaoReward=-1 total=103:67 
(Filename: E:\unity\Runtime/Export/Debug/Debug.bindings.h Line: 39)

SELFPLAY GOAL 171 scorer=Fan ZhaoReward=-1 total=104:67 
(Filename: E:\unity\Runtime/Export/Debug/Debug.bindings.h Line: 39)

SELFPLAY GOAL 172 scorer=Fan ZhaoReward=-1 total=105:67 
(Filename: E:\unity\Runtime/Export/Debug/Debug.bindings.h Line: 39)

SELFPLAY PROGRESS goals=172/500 matches=19 score=105:67 real=72.41234 
(Filename: E:\unity\Runtime/Export/Debug/Debug.bindings.h Line: 39)

SELFPLAY GOAL 173 scorer=Fan ZhaoReward=-1 total=106:67 
(Filename: E:\unity\Runtime/Export/Debug/Debug.bindings.h Line: 39)

SELFPLAY GOAL 174 scorer=Fan ZhaoReward=-1 total=107:67 
(Filename: E:\unity\Runtime/Export/Debug/Debug.bindings.h Line: 39)

SELFPLAY GOAL 175 scorer=Zhao ZhaoReward=1 total=107:68 
(Filename: E:\unity\Runtime/Export/Debug/Debug.bindings.h Line: 39)

SELFPLAY GOAL 176 scorer=Zhao ZhaoReward=1 total=107:69 
(Filename: E:\unity\Runtime/Export/Debug/Debug.bindings.h Line: 39)

SELFPLAY GOAL 177 scorer=Zhao ZhaoReward=1 total=107:70 
(Filename: E:\unity\Runtime/Export/Debug/Debug.bindings.h Line: 39)

SELFPLAY MATCH 19 goals=8 total=177 score=5:3 
(Filename: E:\unity\Runtime/Export/Debug/Debug.bindings.h Line: 39)

Unloading 4 Unused Serialized files (Serialized files now loaded: 0)
UnloadTime: 0.649400 ms

Unloading 4 unused Assets to reduce memory usage. Loaded Objects now: 1061.
Total: 1.228100 ms (FindLiveObjects: 0.041300 ms CreateObjectMapping: 0.009200 ms MarkObjects: 0.283200 ms  DeleteObjects: 0.893900 ms)

SELFPLAY GOALMAP x=-6.13 isPlayer1Goal=True 
(Filename: E:\unity\Runtime/Export/Debug/Debug.bindings.h Line: 39)

SELFPLAY GOALMAP x=6.18 isPlayer1Goal=False 
(Filename: E:\unity\Runtime/Export/Debug/Debug.bindings.h Line: 39)

SELFPLAY GOAL 178 scorer=Fan ZhaoReward=-1 total=108:70 
(Filename: E:\unity\Runtime/Export/Debug/Debug.bindings.h Line: 39)

SELFPLAY GOAL 179 scorer=Zhao ZhaoReward=1 total=108:71 
(Filename: E:\unity\Runtime/Export/Debug/Debug.bindings.h Line: 39)

SELFPLAY GOAL 180 scorer=Fan ZhaoReward=-1 total=109:71 
(Filename: E:\unity\Runtime/Export/Debug/Debug.bindings.h Line: 39)

SELFPLAY GOAL 181 scorer=Zhao ZhaoReward=1 total=109:72 
(Filename: E:\unity\Runtime/Export/Debug/Debug.bindings.h Line: 39)

SELFPLAY GOAL 182 scorer=Fan ZhaoReward=-1 total=110:72 
(Filename: E:\unity\Runtime/Export/Debug/Debug.bindings.h Line: 39)

SELFPLAY GOAL 183 scorer=Zhao ZhaoReward=1 total=110:73 
(Filename: E:\unity\Runtime/Export/Debug/Debug.bindings.h Line: 39)

SELFPLAY GOAL 184 scorer=Fan ZhaoReward=-1 total=111:73 
(Filename: E:\unity\Runtime/Export/Debug/Debug.bindings.h Line: 39)

SELFPLAY GOAL 185 scorer=Zhao ZhaoReward=1 total=111:74 
(Filename: E:\unity\Runtime/Export/Debug/Debug.bindings.h Line: 39)

SELFPLAY GOAL 186 scorer=Fan ZhaoReward=-1 total=112:74 
(Filename: E:\unity\Runtime/Export/Debug/Debug.bindings.h Line: 39)

SELFPLAY GOAL 187 scorer=Zhao ZhaoReward=1 total=112:75 
(Filename: E:\unity\Runtime/Export/Debug/Debug.bindings.h Line: 39)

SELFPLAY GOAL 188 scorer=Fan ZhaoReward=-1 total=113:75 
(Filename: E:\unity\Runtime/Export/Debug/Debug.bindings.h Line: 39)

SELFPLAY GOAL 189 scorer=Fan ZhaoReward=-1 total=114:75 
(Filename: E:\unity\Runtime/Export/Debug/Debug.bindings.h Line: 39)

SELFPLAY MATCH 20 goals=12 total=189 score=7:5 
(Filename: E:\unity\Runtime/Export/Debug/Debug.bindings.h Line: 39)

Unloading 4 Unused Serialized files (Serialized files now loaded: 0)
UnloadTime: 0.412600 ms

Unloading 4 unused Assets to reduce memory usage. Loaded Objects now: 1061.
Total: 1.409400 ms (FindLiveObjects: 0.057900 ms CreateObjectMapping: 0.013100 ms MarkObjects: 0.365100 ms  DeleteObjects: 0.972500 ms)

SELFPLAY GOALMAP x=-6.13 isPlayer1Goal=True 
(Filename: E:\unity\Runtime/Export/Debug/Debug.bindings.h Line: 39)

SELFPLAY GOALMAP x=6.18 isPlayer1Goal=False 
(Filename: E:\unity\Runtime/Export/Debug/Debug.bindings.h Line: 39)

SELFPLAY GOAL 190 scorer=Fan ZhaoReward=-1 total=115:75 
(Filename: E:\unity\Runtime/Export/Debug/Debug.bindings.h Line: 39)

SELFPLAY GOAL 191 scorer=Fan ZhaoReward=-1 total=116:75 
(Filename: E:\unity\Runtime/Export/Debug/Debug.bindings.h Line: 39)

SELFPLAY GOAL 192 scorer=Fan ZhaoReward=-1 total=117:75 
(Filename: E:\unity\Runtime/Export/Debug/Debug.bindings.h Line: 39)

SELFPLAY GOAL 193 scorer=Zhao ZhaoReward=1 total=117:76 
(Filename: E:\unity\Runtime/Export/Debug/Debug.bindings.h Line: 39)

SELFPLAY GOAL 194 scorer=Zhao ZhaoReward=1 total=117:77 
(Filename: E:\unity\Runtime/Export/Debug/Debug.bindings.h Line: 39)

SELFPLAY GOAL 195 scorer=Fan ZhaoReward=-1 total=118:77 
(Filename: E:\unity\Runtime/Export/Debug/Debug.bindings.h Line: 39)

SELFPLAY GOAL 196 scorer=Zhao ZhaoReward=1 total=118:78 
(Filename: E:\unity\Runtime/Export/Debug/Debug.bindings.h Line: 39)

SELFPLAY GOAL 197 scorer=Fan ZhaoReward=-1 total=119:78 
(Filename: E:\unity\Runtime/Export/Debug/Debug.bindings.h Line: 39)

SELFPLAY GOAL 198 scorer=Fan ZhaoReward=-1 total=120:78 
(Filename: E:\unity\Runtime/Export/Debug/Debug.bindings.h Line: 39)

SELFPLAY GOAL 199 scorer=Zhao ZhaoReward=1 total=120:79 
(Filename: E:\unity\Runtime/Export/Debug/Debug.bindings.h Line: 39)

SELFPLAY GOAL 200 scorer=Zhao ZhaoReward=1 total=120:80 
(Filename: E:\unity\Runtime/Export/Debug/Debug.bindings.h Line: 39)

SELFPLAY GOAL 201 scorer=Fan ZhaoReward=-1 total=121:80 
(Filename: E:\unity\Runtime/Export/Debug/Debug.bindings.h Line: 39)

SELFPLAY MATCH 21 goals=12 total=201 score=7:5 
(Filename: E:\unity\Runtime/Export/Debug/Debug.bindings.h Line: 39)

Unloading 4 Unused Serialized files (Serialized files now loaded: 0)
UnloadTime: 0.594800 ms

Unloading 4 unused Assets to reduce memory usage. Loaded Objects now: 1061.
Total: 1.286800 ms (FindLiveObjects: 0.052200 ms CreateObjectMapping: 0.009900 ms MarkObjects: 0.263500 ms  DeleteObjects: 0.960800 ms)

SELFPLAY GOALMAP x=-6.13 isPlayer1Goal=True 
(Filename: E:\unity\Runtime/Export/Debug/Debug.bindings.h Line: 39)

SELFPLAY GOALMAP x=6.18 isPlayer1Goal=False 
(Filename: E:\unity\Runtime/Export/Debug/Debug.bindings.h Line: 39)

SELFPLAY GOAL 202 scorer=Fan ZhaoReward=-1 total=122:80 
(Filename: E:\unity\Runtime/Export/Debug/Debug.bindings.h Line: 39)

SELFPLAY GOAL 203 scorer=Fan ZhaoReward=-1 total=123:80 
(Filename: E:\unity\Runtime/Export/Debug/Debug.bindings.h Line: 39)

SELFPLAY GOAL 204 scorer=Zhao ZhaoReward=1 total=123:81 
(Filename: E:\unity\Runtime/Export/Debug/Debug.bindings.h Line: 39)

SELFPLAY GOAL 205 scorer=Zhao ZhaoReward=1 total=123:82 
(Filename: E:\unity\Runtime/Export/Debug/Debug.bindings.h Line: 39)

SELFPLAY GOAL 206 scorer=Fan ZhaoReward=-1 total=124:82 
(Filename: E:\unity\Runtime/Export/Debug/Debug.bindings.h Line: 39)

SELFPLAY GOAL 207 scorer=Fan ZhaoReward=-1 total=125:82 
(Filename: E:\unity\Runtime/Export/Debug/Debug.bindings.h Line: 39)

SELFPLAY GOAL 208 scorer=Zhao ZhaoReward=1 total=125:83 
(Filename: E:\unity\Runtime/Export/Debug/Debug.bindings.h Line: 39)

SELFPLAY GOAL 209 scorer=Fan ZhaoReward=-1 total=126:83 
(Filename: E:\unity\Runtime/Export/Debug/Debug.bindings.h Line: 39)

SELFPLAY GOAL 210 scorer=Zhao ZhaoReward=1 total=126:84 
(Filename: E:\unity\Runtime/Export/Debug/Debug.bindings.h Line: 39)

SELFPLAY GOAL 211 scorer=Zhao ZhaoReward=1 total=126:85 
(Filename: E:\unity\Runtime/Export/Debug/Debug.bindings.h Line: 39)

SELFPLAY MATCH 22 goals=10 total=211 score=5:5 
(Filename: E:\unity\Runtime/Export/Debug/Debug.bindings.h Line: 39)

Unloading 4 Unused Serialized files (Serialized files now loaded: 0)
UnloadTime: 0.424000 ms

Unloading 4 unused Assets to reduce memory usage. Loaded Objects now: 1061.
Total: 1.243300 ms (FindLiveObjects: 0.047500 ms CreateObjectMapping: 0.011000 ms MarkObjects: 0.280600 ms  DeleteObjects: 0.903800 ms)

SELFPLAY GOALMAP x=-6.13 isPlayer1Goal=True 
(Filename: E:\unity\Runtime/Export/Debug/Debug.bindings.h Line: 39)

SELFPLAY GOALMAP x=6.18 isPlayer1Goal=False 
(Filename: E:\unity\Runtime/Export/Debug/Debug.bindings.h Line: 39)

SELFPLAY GOAL 212 scorer=Fan ZhaoReward=-1 total=127:85 
(Filename: E:\unity\Runtime/Export/Debug/Debug.bindings.h Line: 39)

SELFPLAY GOAL 213 scorer=Zhao ZhaoReward=1 total=127:86 
(Filename: E:\unity\Runtime/Export/Debug/Debug.bindings.h Line: 39)

SELFPLAY GOAL 214 scorer=Fan ZhaoReward=-1 total=128:86 
(Filename: E:\unity\Runtime/Export/Debug/Debug.bindings.h Line: 39)

SELFPLAY GOAL 215 scorer=Fan ZhaoReward=-1 total=129:86 
(Filename: E:\unity\Runtime/Export/Debug/Debug.bindings.h Line: 39)

SELFPLAY GOAL 216 scorer=Zhao ZhaoReward=1 total=129:87 
(Filename: E:\unity\Runtime/Export/Debug/Debug.bindings.h Line: 39)

SELFPLAY GOAL 217 scorer=Fan ZhaoReward=-1 total=130:87 
(Filename: E:\unity\Runtime/Export/Debug/Debug.bindings.h Line: 39)

SELFPLAY GOAL 218 scorer=Fan ZhaoReward=-1 total=131:87 
(Filename: E:\unity\Runtime/Export/Debug/Debug.bindings.h Line: 39)

SELFPLAY GOAL 219 scorer=Zhao ZhaoReward=1 total=131:88 
(Filename: E:\unity\Runtime/Export/Debug/Debug.bindings.h Line: 39)

SELFPLAY GOAL 220 scorer=Zhao ZhaoReward=1 total=131:89 
(Filename: E:\unity\Runtime/Export/Debug/Debug.bindings.h Line: 39)

SELFPLAY GOAL 221 scorer=Fan ZhaoReward=-1 total=132:89 
(Filename: E:\unity\Runtime/Export/Debug/Debug.bindings.h Line: 39)

SELFPLAY MATCH 23 goals=10 total=221 score=6:4 
(Filename: E:\unity\Runtime/Export/Debug/Debug.bindings.h Line: 39)

Unloading 4 Unused Serialized files (Serialized files now loaded: 0)
UnloadTime: 0.599700 ms

Unloading 4 unused Assets to reduce memory usage. Loaded Objects now: 1061.
Total: 1.020800 ms (FindLiveObjects: 0.050700 ms CreateObjectMapping: 0.010500 ms MarkObjects: 0.317300 ms  DeleteObjects: 0.641600 ms)

SELFPLAY GOALMAP x=-6.13 isPlayer1Goal=True 
(Filename: E:\unity\Runtime/Export/Debug/Debug.bindings.h Line: 39)

SELFPLAY GOALMAP x=6.18 isPlayer1Goal=False 
(Filename: E:\unity\Runtime/Export/Debug/Debug.bindings.h Line: 39)

SELFPLAY GOAL 222 scorer=Fan ZhaoReward=-1 total=133:89 
(Filename: E:\unity\Runtime/Export/Debug/Debug.bindings.h Line: 39)

SELFPLAY GOAL 223 scorer=Zhao ZhaoReward=1 total=133:90 
(Filename: E:\unity\Runtime/Export/Debug/Debug.bindings.h Line: 39)

SELFPLAY GOAL 224 scorer=Fan ZhaoReward=-1 total=134:90 
(Filename: E:\unity\Runtime/Export/Debug/Debug.bindings.h Line: 39)

SELFPLAY GOAL 225 scorer=Fan ZhaoReward=-1 total=135:90 
(Filename: E:\unity\Runtime/Export/Debug/Debug.bindings.h Line: 39)

SELFPLAY GOAL 226 scorer=Zhao ZhaoReward=1 total=135:91 
(Filename: E:\unity\Runtime/Export/Debug/Debug.bindings.h Line: 39)

SELFPLAY GOAL 227 scorer=Fan ZhaoReward=-1 total=136:91 
(Filename: E:\unity\Runtime/Export/Debug/Debug.bindings.h Line: 39)

SELFPLAY GOAL 228 scorer=Zhao ZhaoReward=1 total=136:92 
(Filename: E:\unity\Runtime/Export/Debug/Debug.bindings.h Line: 39)

SELFPLAY GOAL 229 scorer=Zhao ZhaoReward=1 total=136:93 
(Filename: E:\unity\Runtime/Export/Debug/Debug.bindings.h Line: 39)

SELFPLAY GOAL 230 scorer=Zhao ZhaoReward=1 total=136:94 
(Filename: E:\unity\Runtime/Export/Debug/Debug.bindings.h Line: 39)

SELFPLAY GOAL 231 scorer=Fan ZhaoReward=-1 total=137:94 
(Filename: E:\unity\Runtime/Export/Debug/Debug.bindings.h Line: 39)

SELFPLAY GOAL 232 scorer=Zhao ZhaoReward=1 total=137:95 
(Filename: E:\unity\Runtime/Export/Debug/Debug.bindings.h Line: 39)

SELFPLAY GOAL 233 scorer=Fan ZhaoReward=-1 total=138:95 
(Filename: E:\unity\Runtime/Export/Debug/Debug.bindings.h Line: 39)

SELFPLAY GOAL 234 scorer=Zhao ZhaoReward=1 total=138:96 
(Filename: E:\unity\Runtime/Export/Debug/Debug.bindings.h Line: 39)

SELFPLAY GOAL 235 scorer=Fan ZhaoReward=-1 total=139:96 
(Filename: E:\unity\Runtime/Export/Debug/Debug.bindings.h Line: 39)

SELFPLAY MATCH 24 goals=14 total=235 score=7:7 
(Filename: E:\unity\Runtime/Export/Debug/Debug.bindings.h Line: 39)

Unloading 4 Unused Serialized files (Serialized files now loaded: 0)
UnloadTime: 0.437200 ms

Unloading 4 unused Assets to reduce memory usage. Loaded Objects now: 1061.
Total: 1.230500 ms (FindLiveObjects: 0.041800 ms CreateObjectMapping: 0.009300 ms MarkObjects: 0.348100 ms  DeleteObjects: 0.830800 ms)

SELFPLAY GOALMAP x=-6.13 isPlayer1Goal=True 
(Filename: E:\unity\Runtime/Export/Debug/Debug.bindings.h Line: 39)

SELFPLAY GOALMAP x=6.18 isPlayer1Goal=False 
(Filename: E:\unity\Runtime/Export/Debug/Debug.bindings.h Line: 39)

SELFPLAY GOAL 236 scorer=Fan ZhaoReward=-1 total=140:96 
(Filename: E:\unity\Runtime/Export/Debug/Debug.bindings.h Line: 39)

SELFPLAY GOAL 237 scorer=Zhao ZhaoReward=1 total=140:97 
(Filename: E:\unity\Runtime/Export/Debug/Debug.bindings.h Line: 39)

SELFPLAY GOAL 238 scorer=Fan ZhaoReward=-1 total=141:97 
(Filename: E:\unity\Runtime/Export/Debug/Debug.bindings.h Line: 39)

SELFPLAY GOAL 239 scorer=Fan ZhaoReward=-1 total=142:97 
(Filename: E:\unity\Runtime/Export/Debug/Debug.bindings.h Line: 39)

SELFPLAY GOAL 240 scorer=Zhao ZhaoReward=1 total=142:98 
(Filename: E:\unity\Runtime/Export/Debug/Debug.bindings.h Line: 39)

SELFPLAY GOAL 241 scorer=Zhao ZhaoReward=1 total=142:99 
(Filename: E:\unity\Runtime/Export/Debug/Debug.bindings.h Line: 39)

SELFPLAY GOAL 242 scorer=Zhao ZhaoReward=1 total=142:100 
(Filename: E:\unity\Runtime/Export/Debug/Debug.bindings.h Line: 39)

SELFPLAY GOAL 243 scorer=Zhao ZhaoReward=1 total=142:101 
(Filename: E:\unity\Runtime/Export/Debug/Debug.bindings.h Line: 39)

SELFPLAY GOAL 244 scorer=Fan ZhaoReward=-1 total=143:101 
(Filename: E:\unity\Runtime/Export/Debug/Debug.bindings.h Line: 39)

SELFPLAY GOAL 245 scorer=Zhao ZhaoReward=1 total=143:102 
(Filename: E:\unity\Runtime/Export/Debug/Debug.bindings.h Line: 39)

SELFPLAY GOAL 246 scorer=Zhao ZhaoReward=1 total=143:103 
(Filename: E:\unity\Runtime/Export/Debug/Debug.bindings.h Line: 39)

SELFPLAY MATCH 25 goals=11 total=246 score=4:7 
(Filename: E:\unity\Runtime/Export/Debug/Debug.bindings.h Line: 39)

Unloading 4 Unused Serialized files (Serialized files now loaded: 0)
UnloadTime: 0.564400 ms

Unloading 4 unused Assets to reduce memory usage. Loaded Objects now: 1061.
Total: 1.526700 ms (FindLiveObjects: 0.048100 ms CreateObjectMapping: 0.010900 ms MarkObjects: 0.406700 ms  DeleteObjects: 1.060600 ms)

SELFPLAY GOALMAP x=-6.13 isPlayer1Goal=True 
(Filename: E:\unity\Runtime/Export/Debug/Debug.bindings.h Line: 39)

SELFPLAY GOALMAP x=6.18 isPlayer1Goal=False 
(Filename: E:\unity\Runtime/Export/Debug/Debug.bindings.h Line: 39)

SELFPLAY GOAL 247 scorer=Fan ZhaoReward=-1 total=144:103 
(Filename: E:\unity\Runtime/Export/Debug/Debug.bindings.h Line: 39)

SELFPLAY GOAL 248 scorer=Fan ZhaoReward=-1 total=145:103 
(Filename: E:\unity\Runtime/Export/Debug/Debug.bindings.h Line: 39)

SELFPLAY GOAL 249 scorer=Zhao ZhaoReward=1 total=145:104 
(Filename: E:\unity\Runtime/Export/Debug/Debug.bindings.h Line: 39)

SELFPLAY GOAL 250 scorer=Fan ZhaoReward=-1 total=146:104 
(Filename: E:\unity\Runtime/Export/Debug/Debug.bindings.h Line: 39)

SELFPLAY PROGRESS goals=250/500 matches=26 score=146:104 real=102.4147 
(Filename: E:\unity\Runtime/Export/Debug/Debug.bindings.h Line: 39)

SELFPLAY GOAL 251 scorer=Zhao ZhaoReward=1 total=146:105 
(Filename: E:\unity\Runtime/Export/Debug/Debug.bindings.h Line: 39)

SELFPLAY GOAL 252 scorer=Fan ZhaoReward=-1 total=147:105 
(Filename: E:\unity\Runtime/Export/Debug/Debug.bindings.h Line: 39)

SELFPLAY GOAL 253 scorer=Fan ZhaoReward=-1 total=148:105 
(Filename: E:\unity\Runtime/Export/Debug/Debug.bindings.h Line: 39)

SELFPLAY MATCH 26 goals=7 total=253 score=5:2 
(Filename: E:\unity\Runtime/Export/Debug/Debug.bindings.h Line: 39)

Unloading 4 Unused Serialized files (Serialized files now loaded: 0)
UnloadTime: 0.821400 ms

Unloading 4 unused Assets to reduce memory usage. Loaded Objects now: 1061.
Total: 1.736900 ms (FindLiveObjects: 0.050800 ms CreateObjectMapping: 0.010800 ms MarkObjects: 0.419600 ms  DeleteObjects: 1.255000 ms)

SELFPLAY GOALMAP x=-6.13 isPlayer1Goal=True 
(Filename: E:\unity\Runtime/Export/Debug/Debug.bindings.h Line: 39)

SELFPLAY GOALMAP x=6.18 isPlayer1Goal=False 
(Filename: E:\unity\Runtime/Export/Debug/Debug.bindings.h Line: 39)

SELFPLAY GOAL 254 scorer=Fan ZhaoReward=-1 total=149:105 
(Filename: E:\unity\Runtime/Export/Debug/Debug.bindings.h Line: 39)

SELFPLAY GOAL 255 scorer=Fan ZhaoReward=-1 total=150:105 
(Filename: E:\unity\Runtime/Export/Debug/Debug.bindings.h Line: 39)

SELFPLAY GOAL 256 scorer=Zhao ZhaoReward=1 total=150:106 
(Filename: E:\unity\Runtime/Export/Debug/Debug.bindings.h Line: 39)

SELFPLAY GOAL 257 scorer=Zhao ZhaoReward=1 total=150:107 
(Filename: E:\unity\Runtime/Export/Debug/Debug.bindings.h Line: 39)

SELFPLAY GOAL 258 scorer=Fan ZhaoReward=-1 total=151:107 
(Filename: E:\unity\Runtime/Export/Debug/Debug.bindings.h Line: 39)

SELFPLAY GOAL 259 scorer=Zhao ZhaoReward=1 total=151:108 
(Filename: E:\unity\Runtime/Export/Debug/Debug.bindings.h Line: 39)

SELFPLAY GOAL 260 scorer=Zhao ZhaoReward=1 total=151:109 
(Filename: E:\unity\Runtime/Export/Debug/Debug.bindings.h Line: 39)

SELFPLAY GOAL 261 scorer=Fan ZhaoReward=-1 total=152:109 
(Filename: E:\unity\Runtime/Export/Debug/Debug.bindings.h Line: 39)

SELFPLAY GOAL 262 scorer=Zhao ZhaoReward=1 total=152:110 
(Filename: E:\unity\Runtime/Export/Debug/Debug.bindings.h Line: 39)

SELFPLAY GOAL 263 scorer=Fan ZhaoReward=-1 total=153:110 
(Filename: E:\unity\Runtime/Export/Debug/Debug.bindings.h Line: 39)

SELFPLAY MATCH 27 goals=10 total=263 score=5:5 
(Filename: E:\unity\Runtime/Export/Debug/Debug.bindings.h Line: 39)

Unloading 4 Unused Serialized files (Serialized files now loaded: 0)
UnloadTime: 0.427600 ms

Unloading 4 unused Assets to reduce memory usage. Loaded Objects now: 1061.
Total: 1.477100 ms (FindLiveObjects: 0.041500 ms CreateObjectMapping: 0.009300 ms MarkObjects: 0.347100 ms  DeleteObjects: 1.078800 ms)

SELFPLAY GOALMAP x=-6.13 isPlayer1Goal=True 
(Filename: E:\unity\Runtime/Export/Debug/Debug.bindings.h Line: 39)

SELFPLAY GOALMAP x=6.18 isPlayer1Goal=False 
(Filename: E:\unity\Runtime/Export/Debug/Debug.bindings.h Line: 39)

SELFPLAY GOAL 264 scorer=Fan ZhaoReward=-1 total=154:110 
(Filename: E:\unity\Runtime/Export/Debug/Debug.bindings.h Line: 39)

SELFPLAY GOAL 265 scorer=Fan ZhaoReward=-1 total=155:110 
(Filename: E:\unity\Runtime/Export/Debug/Debug.bindings.h Line: 39)

SELFPLAY GOAL 266 scorer=Fan ZhaoReward=-1 total=156:110 
(Filename: E:\unity\Runtime/Export/Debug/Debug.bindings.h Line: 39)

SELFPLAY GOAL 267 scorer=Fan ZhaoReward=-1 total=157:110 
(Filename: E:\unity\Runtime/Export/Debug/Debug.bindings.h Line: 39)

SELFPLAY GOAL 268 scorer=Fan ZhaoReward=-1 total=158:110 
(Filename: E:\unity\Runtime/Export/Debug/Debug.bindings.h Line: 39)

SELFPLAY GOAL 269 scorer=Zhao ZhaoReward=1 total=158:111 
(Filename: E:\unity\Runtime/Export/Debug/Debug.bindings.h Line: 39)

SELFPLAY GOAL 270 scorer=Fan ZhaoReward=-1 total=159:111 
(Filename: E:\unity\Runtime/Export/Debug/Debug.bindings.h Line: 39)

SELFPLAY GOAL 271 scorer=Fan ZhaoReward=-1 total=160:111 
(Filename: E:\unity\Runtime/Export/Debug/Debug.bindings.h Line: 39)

SELFPLAY GOAL 272 scorer=Fan ZhaoReward=-1 total=161:111 
(Filename: E:\unity\Runtime/Export/Debug/Debug.bindings.h Line: 39)

SELFPLAY GOAL 273 scorer=Zhao ZhaoReward=1 total=161:112 
(Filename: E:\unity\Runtime/Export/Debug/Debug.bindings.h Line: 39)

SELFPLAY GOAL 274 scorer=Fan ZhaoReward=-1 total=162:112 
(Filename: E:\unity\Runtime/Export/Debug/Debug.bindings.h Line: 39)

SELFPLAY GOAL 275 scorer=Fan ZhaoReward=-1 total=163:112 
(Filename: E:\unity\Runtime/Export/Debug/Debug.bindings.h Line: 39)

SELFPLAY GOAL 276 scorer=Zhao ZhaoReward=1 total=163:113 
(Filename: E:\unity\Runtime/Export/Debug/Debug.bindings.h Line: 39)

SELFPLAY GOAL 277 scorer=Fan ZhaoReward=-1 total=164:113 
(Filename: E:\unity\Runtime/Export/Debug/Debug.bindings.h Line: 39)

SELFPLAY MATCH 28 goals=14 total=277 score=11:3 
(Filename: E:\unity\Runtime/Export/Debug/Debug.bindings.h Line: 39)

Unloading 4 Unused Serialized files (Serialized files now loaded: 0)
UnloadTime: 0.451900 ms

Unloading 4 unused Assets to reduce memory usage. Loaded Objects now: 1061.
Total: 1.334300 ms (FindLiveObjects: 0.043500 ms CreateObjectMapping: 0.011100 ms MarkObjects: 0.355100 ms  DeleteObjects: 0.924100 ms)

SELFPLAY GOALMAP x=-6.13 isPlayer1Goal=True 
(Filename: E:\unity\Runtime/Export/Debug/Debug.bindings.h Line: 39)

SELFPLAY GOALMAP x=6.18 isPlayer1Goal=False 
(Filename: E:\unity\Runtime/Export/Debug/Debug.bindings.h Line: 39)

SELFPLAY GOAL 278 scorer=Fan ZhaoReward=-1 total=165:113 
(Filename: E:\unity\Runtime/Export/Debug/Debug.bindings.h Line: 39)

SELFPLAY GOAL 279 scorer=Zhao ZhaoReward=1 total=165:114 
(Filename: E:\unity\Runtime/Export/Debug/Debug.bindings.h Line: 39)

SELFPLAY GOAL 280 scorer=Fan ZhaoReward=-1 total=166:114 
(Filename: E:\unity\Runtime/Export/Debug/Debug.bindings.h Line: 39)

SELFPLAY GOAL 281 scorer=Zhao ZhaoReward=1 total=166:115 
(Filename: E:\unity\Runtime/Export/Debug/Debug.bindings.h Line: 39)

SELFPLAY GOAL 282 scorer=Zhao ZhaoReward=1 total=166:116 
(Filename: E:\unity\Runtime/Export/Debug/Debug.bindings.h Line: 39)

SELFPLAY GOAL 283 scorer=Fan ZhaoReward=-1 total=167:116 
(Filename: E:\unity\Runtime/Export/Debug/Debug.bindings.h Line: 39)

SELFPLAY GOAL 284 scorer=Zhao ZhaoReward=1 total=167:117 
(Filename: E:\unity\Runtime/Export/Debug/Debug.bindings.h Line: 39)

SELFPLAY GOAL 285 scorer=Fan ZhaoReward=-1 total=168:117 
(Filename: E:\unity\Runtime/Export/Debug/Debug.bindings.h Line: 39)

SELFPLAY GOAL 286 scorer=Zhao ZhaoReward=1 total=168:118 
(Filename: E:\unity\Runtime/Export/Debug/Debug.bindings.h Line: 39)

SELFPLAY GOAL 287 scorer=Zhao ZhaoReward=1 total=168:119 
(Filename: E:\unity\Runtime/Export/Debug/Debug.bindings.h Line: 39)

SELFPLAY GOAL 288 scorer=Zhao ZhaoReward=1 total=168:120 
(Filename: E:\unity\Runtime/Export/Debug/Debug.bindings.h Line: 39)

SELFPLAY GOAL 289 scorer=Zhao ZhaoReward=1 total=168:121 
(Filename: E:\unity\Runtime/Export/Debug/Debug.bindings.h Line: 39)

SELFPLAY MATCH 29 goals=12 total=289 score=4:8 
(Filename: E:\unity\Runtime/Export/Debug/Debug.bindings.h Line: 39)

Unloading 4 Unused Serialized files (Serialized files now loaded: 0)
UnloadTime: 0.482300 ms

Unloading 4 unused Assets to reduce memory usage. Loaded Objects now: 1061.
Total: 1.232400 ms (FindLiveObjects: 0.042400 ms CreateObjectMapping: 0.009700 ms MarkObjects: 0.280800 ms  DeleteObjects: 0.899200 ms)

SELFPLAY GOALMAP x=-6.13 isPlayer1Goal=True 
(Filename: E:\unity\Runtime/Export/Debug/Debug.bindings.h Line: 39)

SELFPLAY GOALMAP x=6.18 isPlayer1Goal=False 
(Filename: E:\unity\Runtime/Export/Debug/Debug.bindings.h Line: 39)

SELFPLAY GOAL 290 scorer=Fan ZhaoReward=-1 total=169:121 
(Filename: E:\unity\Runtime/Export/Debug/Debug.bindings.h Line: 39)

SELFPLAY GOAL 291 scorer=Fan ZhaoReward=-1 total=170:121 
(Filename: E:\unity\Runtime/Export/Debug/Debug.bindings.h Line: 39)

SELFPLAY GOAL 292 scorer=Zhao ZhaoReward=1 total=170:122 
(Filename: E:\unity\Runtime/Export/Debug/Debug.bindings.h Line: 39)

SELFPLAY GOAL 293 scorer=Fan ZhaoReward=-1 total=171:122 
(Filename: E:\unity\Runtime/Export/Debug/Debug.bindings.h Line: 39)

SELFPLAY GOAL 294 scorer=Zhao ZhaoReward=1 total=171:123 
(Filename: E:\unity\Runtime/Export/Debug/Debug.bindings.h Line: 39)

SELFPLAY GOAL 295 scorer=Zhao ZhaoReward=1 total=171:124 
(Filename: E:\unity\Runtime/Export/Debug/Debug.bindings.h Line: 39)

SELFPLAY GOAL 296 scorer=Zhao ZhaoReward=1 total=171:125 
(Filename: E:\unity\Runtime/Export/Debug/Debug.bindings.h Line: 39)

SELFPLAY GOAL 297 scorer=Zhao ZhaoReward=1 total=171:126 
(Filename: E:\unity\Runtime/Export/Debug/Debug.bindings.h Line: 39)

SELFPLAY GOAL 298 scorer=Zhao ZhaoReward=1 total=171:127 
(Filename: E:\unity\Runtime/Export/Debug/Debug.bindings.h Line: 39)

SELFPLAY MATCH 30 goals=9 total=298 score=3:6 
(Filename: E:\unity\Runtime/Export/Debug/Debug.bindings.h Line: 39)

Unloading 4 Unused Serialized files (Serialized files now loaded: 0)
UnloadTime: 0.424500 ms

Unloading 4 unused Assets to reduce memory usage. Loaded Objects now: 1061.
Total: 1.467800 ms (FindLiveObjects: 0.040200 ms CreateObjectMapping: 0.009300 ms MarkObjects: 0.346600 ms  DeleteObjects: 1.071000 ms)

SELFPLAY GOALMAP x=-6.13 isPlayer1Goal=True 
(Filename: E:\unity\Runtime/Export/Debug/Debug.bindings.h Line: 39)

SELFPLAY GOALMAP x=6.18 isPlayer1Goal=False 
(Filename: E:\unity\Runtime/Export/Debug/Debug.bindings.h Line: 39)

SELFPLAY GOAL 299 scorer=Fan ZhaoReward=-1 total=172:127 
(Filename: E:\unity\Runtime/Export/Debug/Debug.bindings.h Line: 39)

SELFPLAY GOAL 300 scorer=Zhao ZhaoReward=1 total=172:128 
(Filename: E:\unity\Runtime/Export/Debug/Debug.bindings.h Line: 39)

SELFPLAY GOAL 301 scorer=Zhao ZhaoReward=1 total=172:129 
(Filename: E:\unity\Runtime/Export/Debug/Debug.bindings.h Line: 39)

SELFPLAY GOAL 302 scorer=Zhao ZhaoReward=1 total=172:130 
(Filename: E:\unity\Runtime/Export/Debug/Debug.bindings.h Line: 39)

SELFPLAY GOAL 303 scorer=Fan ZhaoReward=-1 total=173:130 
(Filename: E:\unity\Runtime/Export/Debug/Debug.bindings.h Line: 39)

SELFPLAY GOAL 304 scorer=Fan ZhaoReward=-1 total=174:130 
(Filename: E:\unity\Runtime/Export/Debug/Debug.bindings.h Line: 39)

SELFPLAY GOAL 305 scorer=Zhao ZhaoReward=1 total=174:131 
(Filename: E:\unity\Runtime/Export/Debug/Debug.bindings.h Line: 39)

SELFPLAY GOAL 306 scorer=Zhao ZhaoReward=1 total=174:132 
(Filename: E:\unity\Runtime/Export/Debug/Debug.bindings.h Line: 39)

SELFPLAY GOAL 307 scorer=Fan ZhaoReward=-1 total=175:132 
(Filename: E:\unity\Runtime/Export/Debug/Debug.bindings.h Line: 39)

SELFPLAY GOAL 308 scorer=Fan ZhaoReward=-1 total=176:132 
(Filename: E:\unity\Runtime/Export/Debug/Debug.bindings.h Line: 39)

SELFPLAY GOAL 309 scorer=Zhao ZhaoReward=1 total=176:133 
(Filename: E:\unity\Runtime/Export/Debug/Debug.bindings.h Line: 39)

SELFPLAY MATCH 31 goals=11 total=309 score=5:6 
(Filename: E:\unity\Runtime/Export/Debug/Debug.bindings.h Line: 39)

Unloading 4 Unused Serialized files (Serialized files now loaded: 0)
UnloadTime: 0.702500 ms

Unloading 4 unused Assets to reduce memory usage. Loaded Objects now: 1061.
Total: 1.365100 ms (FindLiveObjects: 0.041600 ms CreateObjectMapping: 0.009500 ms MarkObjects: 0.315100 ms  DeleteObjects: 0.998300 ms)

SELFPLAY GOALMAP x=-6.13 isPlayer1Goal=True 
(Filename: E:\unity\Runtime/Export/Debug/Debug.bindings.h Line: 39)

SELFPLAY GOALMAP x=6.18 isPlayer1Goal=False 
(Filename: E:\unity\Runtime/Export/Debug/Debug.bindings.h Line: 39)

SELFPLAY GOAL 310 scorer=Fan ZhaoReward=-1 total=177:133 
(Filename: E:\unity\Runtime/Export/Debug/Debug.bindings.h Line: 39)

SELFPLAY GOAL 311 scorer=Fan ZhaoReward=-1 total=178:133 
(Filename: E:\unity\Runtime/Export/Debug/Debug.bindings.h Line: 39)

SELFPLAY GOAL 312 scorer=Zhao ZhaoReward=1 total=178:134 
(Filename: E:\unity\Runtime/Export/Debug/Debug.bindings.h Line: 39)

SELFPLAY GOAL 313 scorer=Fan ZhaoReward=-1 total=179:134 
(Filename: E:\unity\Runtime/Export/Debug/Debug.bindings.h Line: 39)

SELFPLAY GOAL 314 scorer=Fan ZhaoReward=-1 total=180:134 
(Filename: E:\unity\Runtime/Export/Debug/Debug.bindings.h Line: 39)

SELFPLAY GOAL 315 scorer=Zhao ZhaoReward=1 total=180:135 
(Filename: E:\unity\Runtime/Export/Debug/Debug.bindings.h Line: 39)

SELFPLAY GOAL 316 scorer=Zhao ZhaoReward=1 total=180:136 
(Filename: E:\unity\Runtime/Export/Debug/Debug.bindings.h Line: 39)

SELFPLAY GOAL 317 scorer=Zhao ZhaoReward=1 total=180:137 
(Filename: E:\unity\Runtime/Export/Debug/Debug.bindings.h Line: 39)

SELFPLAY GOAL 318 scorer=Fan ZhaoReward=-1 total=181:137 
(Filename: E:\unity\Runtime/Export/Debug/Debug.bindings.h Line: 39)

SELFPLAY MATCH 32 goals=9 total=318 score=5:4 
(Filename: E:\unity\Runtime/Export/Debug/Debug.bindings.h Line: 39)

Unloading 4 Unused Serialized files (Serialized files now loaded: 0)
UnloadTime: 0.421400 ms

Unloading 4 unused Assets to reduce memory usage. Loaded Objects now: 1061.
Total: 1.146100 ms (FindLiveObjects: 0.043100 ms CreateObjectMapping: 0.010600 ms MarkObjects: 0.307200 ms  DeleteObjects: 0.784700 ms)

SELFPLAY GOALMAP x=-6.13 isPlayer1Goal=True 
(Filename: E:\unity\Runtime/Export/Debug/Debug.bindings.h Line: 39)

SELFPLAY GOALMAP x=6.18 isPlayer1Goal=False 
(Filename: E:\unity\Runtime/Export/Debug/Debug.bindings.h Line: 39)

SELFPLAY GOAL 319 scorer=Fan ZhaoReward=-1 total=182:137 
(Filename: E:\unity\Runtime/Export/Debug/Debug.bindings.h Line: 39)

SELFPLAY GOAL 320 scorer=Zhao ZhaoReward=1 total=182:138 
(Filename: E:\unity\Runtime/Export/Debug/Debug.bindings.h Line: 39)

SELFPLAY GOAL 321 scorer=Fan ZhaoReward=-1 total=183:138 
(Filename: E:\unity\Runtime/Export/Debug/Debug.bindings.h Line: 39)

SELFPLAY GOAL 322 scorer=Zhao ZhaoReward=1 total=183:139 
(Filename: E:\unity\Runtime/Export/Debug/Debug.bindings.h Line: 39)

SELFPLAY GOAL 323 scorer=Zhao ZhaoReward=1 total=183:140 
(Filename: E:\unity\Runtime/Export/Debug/Debug.bindings.h Line: 39)

SELFPLAY GOAL 324 scorer=Zhao ZhaoReward=1 total=183:141 
(Filename: E:\unity\Runtime/Export/Debug/Debug.bindings.h Line: 39)

SELFPLAY GOAL 325 scorer=Fan ZhaoReward=-1 total=184:141 
(Filename: E:\unity\Runtime/Export/Debug/Debug.bindings.h Line: 39)

SELFPLAY GOAL 326 scorer=Fan ZhaoReward=-1 total=185:141 
(Filename: E:\unity\Runtime/Export/Debug/Debug.bindings.h Line: 39)

SELFPLAY GOAL 327 scorer=Fan ZhaoReward=-1 total=186:141 
(Filename: E:\unity\Runtime/Export/Debug/Debug.bindings.h Line: 39)

SELFPLAY GOAL 328 scorer=Zhao ZhaoReward=1 total=186:142 
(Filename: E:\unity\Runtime/Export/Debug/Debug.bindings.h Line: 39)

SELFPLAY GOAL 329 scorer=Fan ZhaoReward=-1 total=187:142 
(Filename: E:\unity\Runtime/Export/Debug/Debug.bindings.h Line: 39)

SELFPLAY MATCH 33 goals=11 total=329 score=6:5 
(Filename: E:\unity\Runtime/Export/Debug/Debug.bindings.h Line: 39)

Unloading 4 Unused Serialized files (Serialized files now loaded: 0)
UnloadTime: 0.444700 ms

Unloading 4 unused Assets to reduce memory usage. Loaded Objects now: 1061.
Total: 1.160800 ms (FindLiveObjects: 0.042400 ms CreateObjectMapping: 0.009800 ms MarkObjects: 0.310400 ms  DeleteObjects: 0.797800 ms)

SELFPLAY GOALMAP x=-6.13 isPlayer1Goal=True 
(Filename: E:\unity\Runtime/Export/Debug/Debug.bindings.h Line: 39)

SELFPLAY GOALMAP x=6.18 isPlayer1Goal=False 
(Filename: E:\unity\Runtime/Export/Debug/Debug.bindings.h Line: 39)

SELFPLAY PROGRESS goals=329/500 matches=34 score=187:142 real=132.691 
(Filename: E:\unity\Runtime/Export/Debug/Debug.bindings.h Line: 39)

SELFPLAY GOAL 330 scorer=Fan ZhaoReward=-1 total=188:142 
(Filename: E:\unity\Runtime/Export/Debug/Debug.bindings.h Line: 39)

SELFPLAY GOAL 331 scorer=Zhao ZhaoReward=1 total=188:143 
(Filename: E:\unity\Runtime/Export/Debug/Debug.bindings.h Line: 39)

SELFPLAY GOAL 332 scorer=Fan ZhaoReward=-1 total=189:143 
(Filename: E:\unity\Runtime/Export/Debug/Debug.bindings.h Line: 39)

SELFPLAY GOAL 333 scorer=Zhao ZhaoReward=1 total=189:144 
(Filename: E:\unity\Runtime/Export/Debug/Debug.bindings.h Line: 39)

SELFPLAY GOAL 334 scorer=Fan ZhaoReward=-1 total=190:144 
(Filename: E:\unity\Runtime/Export/Debug/Debug.bindings.h Line: 39)

SELFPLAY GOAL 335 scorer=Zhao ZhaoReward=1 total=190:145 
(Filename: E:\unity\Runtime/Export/Debug/Debug.bindings.h Line: 39)

SELFPLAY GOAL 336 scorer=Fan ZhaoReward=-1 total=191:145 
(Filename: E:\unity\Runtime/Export/Debug/Debug.bindings.h Line: 39)

SELFPLAY GOAL 337 scorer=Fan ZhaoReward=-1 total=192:145 
(Filename: E:\unity\Runtime/Export/Debug/Debug.bindings.h Line: 39)

SELFPLAY GOAL 338 scorer=Zhao ZhaoReward=1 total=192:146 
(Filename: E:\unity\Runtime/Export/Debug/Debug.bindings.h Line: 39)

SELFPLAY GOAL 339 scorer=Fan ZhaoReward=-1 total=193:146 
(Filename: E:\unity\Runtime/Export/Debug/Debug.bindings.h Line: 39)

SELFPLAY GOAL 340 scorer=Zhao ZhaoReward=1 total=193:147 
(Filename: E:\unity\Runtime/Export/Debug/Debug.bindings.h Line: 39)

SELFPLAY GOAL 341 scorer=Fan ZhaoReward=-1 total=194:147 
(Filename: E:\unity\Runtime/Export/Debug/Debug.bindings.h Line: 39)

SELFPLAY MATCH 34 goals=12 total=341 score=7:5 
(Filename: E:\unity\Runtime/Export/Debug/Debug.bindings.h Line: 39)

Unloading 4 Unused Serialized files (Serialized files now loaded: 0)
UnloadTime: 0.446400 ms

Unloading 4 unused Assets to reduce memory usage. Loaded Objects now: 1061.
Total: 1.455000 ms (FindLiveObjects: 0.040900 ms CreateObjectMapping: 0.009200 ms MarkObjects: 0.359000 ms  DeleteObjects: 1.045200 ms)

SELFPLAY GOALMAP x=-6.13 isPlayer1Goal=True 
(Filename: E:\unity\Runtime/Export/Debug/Debug.bindings.h Line: 39)

SELFPLAY GOALMAP x=6.18 isPlayer1Goal=False 
(Filename: E:\unity\Runtime/Export/Debug/Debug.bindings.h Line: 39)

SELFPLAY GOAL 342 scorer=Fan ZhaoReward=-1 total=195:147 
(Filename: E:\unity\Runtime/Export/Debug/Debug.bindings.h Line: 39)

SELFPLAY GOAL 343 scorer=Zhao ZhaoReward=1 total=195:148 
(Filename: E:\unity\Runtime/Export/Debug/Debug.bindings.h Line: 39)

SELFPLAY GOAL 344 scorer=Zhao ZhaoReward=1 total=195:149 
(Filename: E:\unity\Runtime/Export/Debug/Debug.bindings.h Line: 39)

SELFPLAY GOAL 345 scorer=Fan ZhaoReward=-1 total=196:149 
(Filename: E:\unity\Runtime/Export/Debug/Debug.bindings.h Line: 39)

SELFPLAY GOAL 346 scorer=Zhao ZhaoReward=1 total=196:150 
(Filename: E:\unity\Runtime/Export/Debug/Debug.bindings.h Line: 39)

SELFPLAY GOAL 347 scorer=Zhao ZhaoReward=1 total=196:151 
(Filename: E:\unity\Runtime/Export/Debug/Debug.bindings.h Line: 39)

SELFPLAY GOAL 348 scorer=Fan ZhaoReward=-1 total=197:151 
(Filename: E:\unity\Runtime/Export/Debug/Debug.bindings.h Line: 39)

SELFPLAY GOAL 349 scorer=Fan ZhaoReward=-1 total=198:151 
(Filename: E:\unity\Runtime/Export/Debug/Debug.bindings.h Line: 39)

SELFPLAY GOAL 350 scorer=Zhao ZhaoReward=1 total=198:152 
(Filename: E:\unity\Runtime/Export/Debug/Debug.bindings.h Line: 39)

SELFPLAY GOAL 351 scorer=Zhao ZhaoReward=1 total=198:153 
(Filename: E:\unity\Runtime/Export/Debug/Debug.bindings.h Line: 39)

SELFPLAY GOAL 352 scorer=Fan ZhaoReward=-1 total=199:153 
(Filename: E:\unity\Runtime/Export/Debug/Debug.bindings.h Line: 39)

SELFPLAY MATCH 35 goals=11 total=352 score=5:6 
(Filename: E:\unity\Runtime/Export/Debug/Debug.bindings.h Line: 39)

Unloading 4 Unused Serialized files (Serialized files now loaded: 0)
UnloadTime: 0.486800 ms

Unloading 4 unused Assets to reduce memory usage. Loaded Objects now: 1061.
Total: 1.623700 ms (FindLiveObjects: 0.052400 ms CreateObjectMapping: 0.013800 ms MarkObjects: 0.349500 ms  DeleteObjects: 1.207300 ms)

SELFPLAY GOALMAP x=-6.13 isPlayer1Goal=True 
(Filename: E:\unity\Runtime/Export/Debug/Debug.bindings.h Line: 39)

SELFPLAY GOALMAP x=6.18 isPlayer1Goal=False 
(Filename: E:\unity\Runtime/Export/Debug/Debug.bindings.h Line: 39)

SELFPLAY GOAL 353 scorer=Fan ZhaoReward=-1 total=200:153 
(Filename: E:\unity\Runtime/Export/Debug/Debug.bindings.h Line: 39)

SELFPLAY GOAL 354 scorer=Zhao ZhaoReward=1 total=200:154 
(Filename: E:\unity\Runtime/Export/Debug/Debug.bindings.h Line: 39)

SELFPLAY GOAL 355 scorer=Fan ZhaoReward=-1 total=201:154 
(Filename: E:\unity\Runtime/Export/Debug/Debug.bindings.h Line: 39)

SELFPLAY GOAL 356 scorer=Zhao ZhaoReward=1 total=201:155 
(Filename: E:\unity\Runtime/Export/Debug/Debug.bindings.h Line: 39)

SELFPLAY GOAL 357 scorer=Zhao ZhaoReward=1 total=201:156 
(Filename: E:\unity\Runtime/Export/Debug/Debug.bindings.h Line: 39)

SELFPLAY GOAL 358 scorer=Fan ZhaoReward=-1 total=202:156 
(Filename: E:\unity\Runtime/Export/Debug/Debug.bindings.h Line: 39)

SELFPLAY GOAL 359 scorer=Zhao ZhaoReward=1 total=202:157 
(Filename: E:\unity\Runtime/Export/Debug/Debug.bindings.h Line: 39)

SELFPLAY GOAL 360 scorer=Fan ZhaoReward=-1 total=203:157 
(Filename: E:\unity\Runtime/Export/Debug/Debug.bindings.h Line: 39)

SELFPLAY MATCH 36 goals=8 total=360 score=4:4 
(Filename: E:\unity\Runtime/Export/Debug/Debug.bindings.h Line: 39)

Unloading 4 Unused Serialized files (Serialized files now loaded: 0)
UnloadTime: 0.473700 ms

Unloading 4 unused Assets to reduce memory usage. Loaded Objects now: 1061.
Total: 1.248500 ms (FindLiveObjects: 0.043000 ms CreateObjectMapping: 0.009700 ms MarkObjects: 0.285300 ms  DeleteObjects: 0.909900 ms)

SELFPLAY GOALMAP x=-6.13 isPlayer1Goal=True 
(Filename: E:\unity\Runtime/Export/Debug/Debug.bindings.h Line: 39)

SELFPLAY GOALMAP x=6.18 isPlayer1Goal=False 
(Filename: E:\unity\Runtime/Export/Debug/Debug.bindings.h Line: 39)

SELFPLAY GOAL 361 scorer=Fan ZhaoReward=-1 total=204:157 
(Filename: E:\unity\Runtime/Export/Debug/Debug.bindings.h Line: 39)

SELFPLAY GOAL 362 scorer=Fan ZhaoReward=-1 total=205:157 
(Filename: E:\unity\Runtime/Export/Debug/Debug.bindings.h Line: 39)

SELFPLAY GOAL 363 scorer=Zhao ZhaoReward=1 total=205:158 
(Filename: E:\unity\Runtime/Export/Debug/Debug.bindings.h Line: 39)

SELFPLAY GOAL 364 scorer=Zhao ZhaoReward=1 total=205:159 
(Filename: E:\unity\Runtime/Export/Debug/Debug.bindings.h Line: 39)

SELFPLAY GOAL 365 scorer=Fan ZhaoReward=-1 total=206:159 
(Filename: E:\unity\Runtime/Export/Debug/Debug.bindings.h Line: 39)

SELFPLAY GOAL 366 scorer=Zhao ZhaoReward=1 total=206:160 
(Filename: E:\unity\Runtime/Export/Debug/Debug.bindings.h Line: 39)

SELFPLAY GOAL 367 scorer=Fan ZhaoReward=-1 total=207:160 
(Filename: E:\unity\Runtime/Export/Debug/Debug.bindings.h Line: 39)

SELFPLAY MATCH 37 goals=7 total=367 score=4:3 
(Filename: E:\unity\Runtime/Export/Debug/Debug.bindings.h Line: 39)

Unloading 4 Unused Serialized files (Serialized files now loaded: 0)
UnloadTime: 0.647000 ms

Unloading 4 unused Assets to reduce memory usage. Loaded Objects now: 1061.
Total: 1.284300 ms (FindLiveObjects: 0.041100 ms CreateObjectMapping: 0.009500 ms MarkObjects: 0.277500 ms  DeleteObjects: 0.955700 ms)

SELFPLAY GOALMAP x=-6.13 isPlayer1Goal=True 
(Filename: E:\unity\Runtime/Export/Debug/Debug.bindings.h Line: 39)

SELFPLAY GOALMAP x=6.18 isPlayer1Goal=False 
(Filename: E:\unity\Runtime/Export/Debug/Debug.bindings.h Line: 39)

SELFPLAY GOAL 368 scorer=Fan ZhaoReward=-1 total=208:160 
(Filename: E:\unity\Runtime/Export/Debug/Debug.bindings.h Line: 39)

SELFPLAY GOAL 369 scorer=Fan ZhaoReward=-1 total=209:160 
(Filename: E:\unity\Runtime/Export/Debug/Debug.bindings.h Line: 39)

SELFPLAY GOAL 370 scorer=Zhao ZhaoReward=1 total=209:161 
(Filename: E:\unity\Runtime/Export/Debug/Debug.bindings.h Line: 39)

SELFPLAY GOAL 371 scorer=Fan ZhaoReward=-1 total=210:161 
(Filename: E:\unity\Runtime/Export/Debug/Debug.bindings.h Line: 39)

SELFPLAY GOAL 372 scorer=Zhao ZhaoReward=1 total=210:162 
(Filename: E:\unity\Runtime/Export/Debug/Debug.bindings.h Line: 39)

SELFPLAY GOAL 373 scorer=Fan ZhaoReward=-1 total=211:162 
(Filename: E:\unity\Runtime/Export/Debug/Debug.bindings.h Line: 39)

SELFPLAY GOAL 374 scorer=Zhao ZhaoReward=1 total=211:163 
(Filename: E:\unity\Runtime/Export/Debug/Debug.bindings.h Line: 39)

SELFPLAY GOAL 375 scorer=Fan ZhaoReward=-1 total=212:163 
(Filename: E:\unity\Runtime/Export/Debug/Debug.bindings.h Line: 39)

SELFPLAY GOAL 376 scorer=Zhao ZhaoReward=1 total=212:164 
(Filename: E:\unity\Runtime/Export/Debug/Debug.bindings.h Line: 39)

SELFPLAY GOAL 377 scorer=Zhao ZhaoReward=1 total=212:165 
(Filename: E:\unity\Runtime/Export/Debug/Debug.bindings.h Line: 39)

SELFPLAY GOAL 378 scorer=Zhao ZhaoReward=1 total=212:166 
(Filename: E:\unity\Runtime/Export/Debug/Debug.bindings.h Line: 39)

SELFPLAY GOAL 379 scorer=Zhao ZhaoReward=1 total=212:167 
(Filename: E:\unity\Runtime/Export/Debug/Debug.bindings.h Line: 39)

SELFPLAY GOAL 380 scorer=Fan ZhaoReward=-1 total=213:167 
(Filename: E:\unity\Runtime/Export/Debug/Debug.bindings.h Line: 39)

SELFPLAY MATCH 38 goals=13 total=380 score=6:7 
(Filename: E:\unity\Runtime/Export/Debug/Debug.bindings.h Line: 39)

Unloading 4 Unused Serialized files (Serialized files now loaded: 0)
UnloadTime: 0.488900 ms

Unloading 4 unused Assets to reduce memory usage. Loaded Objects now: 1061.
Total: 1.368100 ms (FindLiveObjects: 0.059700 ms CreateObjectMapping: 0.011000 ms MarkObjects: 0.371100 ms  DeleteObjects: 0.925800 ms)

SELFPLAY GOALMAP x=-6.13 isPlayer1Goal=True 
(Filename: E:\unity\Runtime/Export/Debug/Debug.bindings.h Line: 39)

SELFPLAY GOALMAP x=6.18 isPlayer1Goal=False 
(Filename: E:\unity\Runtime/Export/Debug/Debug.bindings.h Line: 39)

SELFPLAY GOAL 381 scorer=Fan ZhaoReward=-1 total=214:167 
(Filename: E:\unity\Runtime/Export/Debug/Debug.bindings.h Line: 39)

SELFPLAY GOAL 382 scorer=Fan ZhaoReward=-1 total=215:167 
(Filename: E:\unity\Runtime/Export/Debug/Debug.bindings.h Line: 39)

SELFPLAY GOAL 383 scorer=Zhao ZhaoReward=1 total=215:168 
(Filename: E:\unity\Runtime/Export/Debug/Debug.bindings.h Line: 39)

SELFPLAY GOAL 384 scorer=Zhao ZhaoReward=1 total=215:169 
(Filename: E:\unity\Runtime/Export/Debug/Debug.bindings.h Line: 39)

SELFPLAY GOAL 385 scorer=Fan ZhaoReward=-1 total=216:169 
(Filename: E:\unity\Runtime/Export/Debug/Debug.bindings.h Line: 39)

SELFPLAY GOAL 386 scorer=Zhao ZhaoReward=1 total=216:170 
(Filename: E:\unity\Runtime/Export/Debug/Debug.bindings.h Line: 39)

SELFPLAY GOAL 387 scorer=Zhao ZhaoReward=1 total=216:171 
(Filename: E:\unity\Runtime/Export/Debug/Debug.bindings.h Line: 39)

SELFPLAY GOAL 388 scorer=Fan ZhaoReward=-1 total=217:171 
(Filename: E:\unity\Runtime/Export/Debug/Debug.bindings.h Line: 39)

SELFPLAY GOAL 389 scorer=Zhao ZhaoReward=1 total=217:172 
(Filename: E:\unity\Runtime/Export/Debug/Debug.bindings.h Line: 39)

SELFPLAY GOAL 390 scorer=Zhao ZhaoReward=1 total=217:173 
(Filename: E:\unity\Runtime/Export/Debug/Debug.bindings.h Line: 39)

SELFPLAY MATCH 39 goals=10 total=390 score=4:6 
(Filename: E:\unity\Runtime/Export/Debug/Debug.bindings.h Line: 39)

Unloading 4 Unused Serialized files (Serialized files now loaded: 0)
UnloadTime: 0.439000 ms

Unloading 4 unused Assets to reduce memory usage. Loaded Objects now: 1061.
Total: 1.536700 ms (FindLiveObjects: 0.044100 ms CreateObjectMapping: 0.009600 ms MarkObjects: 0.385000 ms  DeleteObjects: 1.097300 ms)

SELFPLAY GOALMAP x=-6.13 isPlayer1Goal=True 
(Filename: E:\unity\Runtime/Export/Debug/Debug.bindings.h Line: 39)

SELFPLAY GOALMAP x=6.18 isPlayer1Goal=False 
(Filename: E:\unity\Runtime/Export/Debug/Debug.bindings.h Line: 39)

SELFPLAY GOAL 391 scorer=Fan ZhaoReward=-1 total=218:173 
(Filename: E:\unity\Runtime/Export/Debug/Debug.bindings.h Line: 39)

SELFPLAY GOAL 392 scorer=Zhao ZhaoReward=1 total=218:174 
(Filename: E:\unity\Runtime/Export/Debug/Debug.bindings.h Line: 39)

SELFPLAY GOAL 393 scorer=Fan ZhaoReward=-1 total=219:174 
(Filename: E:\unity\Runtime/Export/Debug/Debug.bindings.h Line: 39)

SELFPLAY GOAL 394 scorer=Zhao ZhaoReward=1 total=219:175 
(Filename: E:\unity\Runtime/Export/Debug/Debug.bindings.h Line: 39)

SELFPLAY GOAL 395 scorer=Zhao ZhaoReward=1 total=219:176 
(Filename: E:\unity\Runtime/Export/Debug/Debug.bindings.h Line: 39)

SELFPLAY GOAL 396 scorer=Zhao ZhaoReward=1 total=219:177 
(Filename: E:\unity\Runtime/Export/Debug/Debug.bindings.h Line: 39)

SELFPLAY GOAL 397 scorer=Fan ZhaoReward=-1 total=220:177 
(Filename: E:\unity\Runtime/Export/Debug/Debug.bindings.h Line: 39)

SELFPLAY GOAL 398 scorer=Zhao ZhaoReward=1 total=220:178 
(Filename: E:\unity\Runtime/Export/Debug/Debug.bindings.h Line: 39)

SELFPLAY GOAL 399 scorer=Zhao ZhaoReward=1 total=220:179 
(Filename: E:\unity\Runtime/Export/Debug/Debug.bindings.h Line: 39)

SELFPLAY GOAL 400 scorer=Zhao ZhaoReward=1 total=220:180 
(Filename: E:\unity\Runtime/Export/Debug/Debug.bindings.h Line: 39)

SELFPLAY GOAL 401 scorer=Fan ZhaoReward=-1 total=221:180 
(Filename: E:\unity\Runtime/Export/Debug/Debug.bindings.h Line: 39)

SELFPLAY GOAL 402 scorer=Zhao ZhaoReward=1 total=221:181 
(Filename: E:\unity\Runtime/Export/Debug/Debug.bindings.h Line: 39)

SELFPLAY GOAL 403 scorer=Fan ZhaoReward=-1 total=222:181 
(Filename: E:\unity\Runtime/Export/Debug/Debug.bindings.h Line: 39)

SELFPLAY GOAL 404 scorer=Fan ZhaoReward=-1 total=223:181 
(Filename: E:\unity\Runtime/Export/Debug/Debug.bindings.h Line: 39)

SELFPLAY MATCH 40 goals=14 total=404 score=6:8 
(Filename: E:\unity\Runtime/Export/Debug/Debug.bindings.h Line: 39)

Unloading 4 Unused Serialized files (Serialized files now loaded: 0)
UnloadTime: 0.430700 ms

Unloading 4 unused Assets to reduce memory usage. Loaded Objects now: 1061.
Total: 1.300500 ms (FindLiveObjects: 0.043400 ms CreateObjectMapping: 0.009800 ms MarkObjects: 0.311900 ms  DeleteObjects: 0.934700 ms)

SELFPLAY GOALMAP x=-6.13 isPlayer1Goal=True 
(Filename: E:\unity\Runtime/Export/Debug/Debug.bindings.h Line: 39)

SELFPLAY GOALMAP x=6.18 isPlayer1Goal=False 
(Filename: E:\unity\Runtime/Export/Debug/Debug.bindings.h Line: 39)

SELFPLAY GOAL 405 scorer=Fan ZhaoReward=-1 total=224:181 
(Filename: E:\unity\Runtime/Export/Debug/Debug.bindings.h Line: 39)

SELFPLAY GOAL 406 scorer=Zhao ZhaoReward=1 total=224:182 
(Filename: E:\unity\Runtime/Export/Debug/Debug.bindings.h Line: 39)

SELFPLAY GOAL 407 scorer=Zhao ZhaoReward=1 total=224:183 
(Filename: E:\unity\Runtime/Export/Debug/Debug.bindings.h Line: 39)

SELFPLAY GOAL 408 scorer=Fan ZhaoReward=-1 total=225:183 
(Filename: E:\unity\Runtime/Export/Debug/Debug.bindings.h Line: 39)

SELFPLAY GOAL 409 scorer=Zhao ZhaoReward=1 total=225:184 
(Filename: E:\unity\Runtime/Export/Debug/Debug.bindings.h Line: 39)

SELFPLAY GOAL 410 scorer=Zhao ZhaoReward=1 total=225:185 
(Filename: E:\unity\Runtime/Export/Debug/Debug.bindings.h Line: 39)

SELFPLAY PROGRESS goals=410/500 matches=41 score=225:185 real=162.6915 
(Filename: E:\unity\Runtime/Export/Debug/Debug.bindings.h Line: 39)

SELFPLAY GOAL 411 scorer=Zhao ZhaoReward=1 total=225:186 
(Filename: E:\unity\Runtime/Export/Debug/Debug.bindings.h Line: 39)

SELFPLAY GOAL 412 scorer=Zhao ZhaoReward=1 total=225:187 
(Filename: E:\unity\Runtime/Export/Debug/Debug.bindings.h Line: 39)

SELFPLAY GOAL 413 scorer=Fan ZhaoReward=-1 total=226:187 
(Filename: E:\unity\Runtime/Export/Debug/Debug.bindings.h Line: 39)

SELFPLAY GOAL 414 scorer=Fan ZhaoReward=-1 total=227:187 
(Filename: E:\unity\Runtime/Export/Debug/Debug.bindings.h Line: 39)

SELFPLAY GOAL 415 scorer=Zhao ZhaoReward=1 total=227:188 
(Filename: E:\unity\Runtime/Export/Debug/Debug.bindings.h Line: 39)

SELFPLAY GOAL 416 scorer=Fan ZhaoReward=-1 total=228:188 
(Filename: E:\unity\Runtime/Export/Debug/Debug.bindings.h Line: 39)

SELFPLAY GOAL 417 scorer=Fan ZhaoReward=-1 total=229:188 
(Filename: E:\unity\Runtime/Export/Debug/Debug.bindings.h Line: 39)

SELFPLAY GOAL 418 scorer=Zhao ZhaoReward=1 total=229:189 
(Filename: E:\unity\Runtime/Export/Debug/Debug.bindings.h Line: 39)

SELFPLAY MATCH 41 goals=14 total=418 score=6:8 
(Filename: E:\unity\Runtime/Export/Debug/Debug.bindings.h Line: 39)

Unloading 4 Unused Serialized files (Serialized files now loaded: 0)
UnloadTime: 0.473000 ms

Unloading 4 unused Assets to reduce memory usage. Loaded Objects now: 1061.
Total: 1.597000 ms (FindLiveObjects: 0.076100 ms CreateObjectMapping: 0.015300 ms MarkObjects: 0.411700 ms  DeleteObjects: 1.093000 ms)

SELFPLAY GOALMAP x=-6.13 isPlayer1Goal=True 
(Filename: E:\unity\Runtime/Export/Debug/Debug.bindings.h Line: 39)

SELFPLAY GOALMAP x=6.18 isPlayer1Goal=False 
(Filename: E:\unity\Runtime/Export/Debug/Debug.bindings.h Line: 39)

SELFPLAY GOAL 419 scorer=Fan ZhaoReward=-1 total=230:189 
(Filename: E:\unity\Runtime/Export/Debug/Debug.bindings.h Line: 39)

SELFPLAY GOAL 420 scorer=Zhao ZhaoReward=1 total=230:190 
(Filename: E:\unity\Runtime/Export/Debug/Debug.bindings.h Line: 39)

SELFPLAY GOAL 421 scorer=Fan ZhaoReward=-1 total=231:190 
(Filename: E:\unity\Runtime/Export/Debug/Debug.bindings.h Line: 39)

SELFPLAY GOAL 422 scorer=Zhao ZhaoReward=1 total=231:191 
(Filename: E:\unity\Runtime/Export/Debug/Debug.bindings.h Line: 39)

SELFPLAY GOAL 423 scorer=Fan ZhaoReward=-1 total=232:191 
(Filename: E:\unity\Runtime/Export/Debug/Debug.bindings.h Line: 39)

SELFPLAY GOAL 424 scorer=Zhao ZhaoReward=1 total=232:192 
(Filename: E:\unity\Runtime/Export/Debug/Debug.bindings.h Line: 39)

SELFPLAY GOAL 425 scorer=Zhao ZhaoReward=1 total=232:193 
(Filename: E:\unity\Runtime/Export/Debug/Debug.bindings.h Line: 39)

SELFPLAY GOAL 426 scorer=Zhao ZhaoReward=1 total=232:194 
(Filename: E:\unity\Runtime/Export/Debug/Debug.bindings.h Line: 39)

SELFPLAY GOAL 427 scorer=Zhao ZhaoReward=1 total=232:195 
(Filename: E:\unity\Runtime/Export/Debug/Debug.bindings.h Line: 39)

SELFPLAY GOAL 428 scorer=Fan ZhaoReward=-1 total=233:195 
(Filename: E:\unity\Runtime/Export/Debug/Debug.bindings.h Line: 39)

SELFPLAY GOAL 429 scorer=Fan ZhaoReward=-1 total=234:195 
(Filename: E:\unity\Runtime/Export/Debug/Debug.bindings.h Line: 39)

SELFPLAY MATCH 42 goals=11 total=429 score=5:6 
(Filename: E:\unity\Runtime/Export/Debug/Debug.bindings.h Line: 39)

Unloading 4 Unused Serialized files (Serialized files now loaded: 0)
UnloadTime: 0.569400 ms

Unloading 4 unused Assets to reduce memory usage. Loaded Objects now: 1061.
Total: 1.397600 ms (FindLiveObjects: 0.041000 ms CreateObjectMapping: 0.009500 ms MarkObjects: 0.276800 ms  DeleteObjects: 1.069400 ms)

SELFPLAY GOALMAP x=-6.13 isPlayer1Goal=True 
(Filename: E:\unity\Runtime/Export/Debug/Debug.bindings.h Line: 39)

SELFPLAY GOALMAP x=6.18 isPlayer1Goal=False 
(Filename: E:\unity\Runtime/Export/Debug/Debug.bindings.h Line: 39)

SELFPLAY GOAL 430 scorer=Fan ZhaoReward=-1 total=235:195 
(Filename: E:\unity\Runtime/Export/Debug/Debug.bindings.h Line: 39)

SELFPLAY MATCH 43 goals=1 total=430 score=1:0 
(Filename: E:\unity\Runtime/Export/Debug/Debug.bindings.h Line: 39)

Unloading 4 Unused Serialized files (Serialized files now loaded: 0)
UnloadTime: 0.516100 ms

Unloading 4 unused Assets to reduce memory usage. Loaded Objects now: 1061.
Total: 1.283100 ms (FindLiveObjects: 0.042400 ms CreateObjectMapping: 0.009400 ms MarkObjects: 0.284100 ms  DeleteObjects: 0.946400 ms)

SELFPLAY GOALMAP x=-6.13 isPlayer1Goal=True 
(Filename: E:\unity\Runtime/Export/Debug/Debug.bindings.h Line: 39)

SELFPLAY GOALMAP x=6.18 isPlayer1Goal=False 
(Filename: E:\unity\Runtime/Export/Debug/Debug.bindings.h Line: 39)

SELFPLAY GOAL 431 scorer=Zhao ZhaoReward=1 total=235:196 
(Filename: E:\unity\Runtime/Export/Debug/Debug.bindings.h Line: 39)

SELFPLAY GOAL 432 scorer=Zhao ZhaoReward=1 total=235:197 
(Filename: E:\unity\Runtime/Export/Debug/Debug.bindings.h Line: 39)

SELFPLAY GOAL 433 scorer=Zhao ZhaoReward=1 total=235:198 
(Filename: E:\unity\Runtime/Export/Debug/Debug.bindings.h Line: 39)

SELFPLAY GOAL 434 scorer=Zhao ZhaoReward=1 total=235:199 
(Filename: E:\unity\Runtime/Export/Debug/Debug.bindings.h Line: 39)

SELFPLAY GOAL 435 scorer=Fan ZhaoReward=-1 total=236:199 
(Filename: E:\unity\Runtime/Export/Debug/Debug.bindings.h Line: 39)

SELFPLAY GOAL 436 scorer=Fan ZhaoReward=-1 total=237:199 
(Filename: E:\unity\Runtime/Export/Debug/Debug.bindings.h Line: 39)

SELFPLAY GOAL 437 scorer=Zhao ZhaoReward=1 total=237:200 
(Filename: E:\unity\Runtime/Export/Debug/Debug.bindings.h Line: 39)

SELFPLAY GOAL 438 scorer=Fan ZhaoReward=-1 total=238:200 
(Filename: E:\unity\Runtime/Export/Debug/Debug.bindings.h Line: 39)

SELFPLAY GOAL 439 scorer=Fan ZhaoReward=-1 total=239:200 
(Filename: E:\unity\Runtime/Export/Debug/Debug.bindings.h Line: 39)

SELFPLAY GOAL 440 scorer=Zhao ZhaoReward=1 total=239:201 
(Filename: E:\unity\Runtime/Export/Debug/Debug.bindings.h Line: 39)

SELFPLAY GOAL 441 scorer=Fan ZhaoReward=-1 total=240:201 
(Filename: E:\unity\Runtime/Export/Debug/Debug.bindings.h Line: 39)

SELFPLAY MATCH 44 goals=11 total=441 score=5:6 
(Filename: E:\unity\Runtime/Export/Debug/Debug.bindings.h Line: 39)

Unloading 4 Unused Serialized files (Serialized files now loaded: 0)
UnloadTime: 0.477100 ms

Unloading 4 unused Assets to reduce memory usage. Loaded Objects now: 1061.
Total: 1.437700 ms (FindLiveObjects: 0.043900 ms CreateObjectMapping: 0.009700 ms MarkObjects: 0.392300 ms  DeleteObjects: 0.991000 ms)

SELFPLAY GOALMAP x=-6.13 isPlayer1Goal=True 
(Filename: E:\unity\Runtime/Export/Debug/Debug.bindings.h Line: 39)

SELFPLAY GOALMAP x=6.18 isPlayer1Goal=False 
(Filename: E:\unity\Runtime/Export/Debug/Debug.bindings.h Line: 39)

SELFPLAY GOAL 442 scorer=Fan ZhaoReward=-1 total=241:201 
(Filename: E:\unity\Runtime/Export/Debug/Debug.bindings.h Line: 39)

SELFPLAY GOAL 443 scorer=Zhao ZhaoReward=1 total=241:202 
(Filename: E:\unity\Runtime/Export/Debug/Debug.bindings.h Line: 39)

SELFPLAY GOAL 444 scorer=Zhao ZhaoReward=1 total=241:203 
(Filename: E:\unity\Runtime/Export/Debug/Debug.bindings.h Line: 39)

SELFPLAY GOAL 445 scorer=Fan ZhaoReward=-1 total=242:203 
(Filename: E:\unity\Runtime/Export/Debug/Debug.bindings.h Line: 39)

SELFPLAY GOAL 446 scorer=Zhao ZhaoReward=1 total=242:204 
(Filename: E:\unity\Runtime/Export/Debug/Debug.bindings.h Line: 39)

SELFPLAY GOAL 447 scorer=Zhao ZhaoReward=1 total=242:205 
(Filename: E:\unity\Runtime/Export/Debug/Debug.bindings.h Line: 39)

SELFPLAY GOAL 448 scorer=Zhao ZhaoReward=1 total=242:206 
(Filename: E:\unity\Runtime/Export/Debug/Debug.bindings.h Line: 39)

SELFPLAY GOAL 449 scorer=Fan ZhaoReward=-1 total=243:206 
(Filename: E:\unity\Runtime/Export/Debug/Debug.bindings.h Line: 39)

SELFPLAY GOAL 450 scorer=Fan ZhaoReward=-1 total=244:206 
(Filename: E:\unity\Runtime/Export/Debug/Debug.bindings.h Line: 39)

SELFPLAY GOAL 451 scorer=Zhao ZhaoReward=1 total=244:207 
(Filename: E:\unity\Runtime/Export/Debug/Debug.bindings.h Line: 39)

SELFPLAY MATCH 45 goals=10 total=451 score=4:6 
(Filename: E:\unity\Runtime/Export/Debug/Debug.bindings.h Line: 39)

Unloading 4 Unused Serialized files (Serialized files now loaded: 0)
UnloadTime: 0.553100 ms

Unloading 4 unused Assets to reduce memory usage. Loaded Objects now: 1061.
Total: 1.376700 ms (FindLiveObjects: 0.041900 ms CreateObjectMapping: 0.010100 ms MarkObjects: 0.290500 ms  DeleteObjects: 1.033300 ms)

SELFPLAY GOALMAP x=-6.13 isPlayer1Goal=True 
(Filename: E:\unity\Runtime/Export/Debug/Debug.bindings.h Line: 39)

SELFPLAY GOALMAP x=6.18 isPlayer1Goal=False 
(Filename: E:\unity\Runtime/Export/Debug/Debug.bindings.h Line: 39)

SELFPLAY GOAL 452 scorer=Fan ZhaoReward=-1 total=245:207 
(Filename: E:\unity\Runtime/Export/Debug/Debug.bindings.h Line: 39)

SELFPLAY GOAL 453 scorer=Fan ZhaoReward=-1 total=246:207 
(Filename: E:\unity\Runtime/Export/Debug/Debug.bindings.h Line: 39)

SELFPLAY GOAL 454 scorer=Fan ZhaoReward=-1 total=247:207 
(Filename: E:\unity\Runtime/Export/Debug/Debug.bindings.h Line: 39)

SELFPLAY GOAL 455 scorer=Fan ZhaoReward=-1 total=248:207 
(Filename: E:\unity\Runtime/Export/Debug/Debug.bindings.h Line: 39)

SELFPLAY GOAL 456 scorer=Zhao ZhaoReward=1 total=248:208 
(Filename: E:\unity\Runtime/Export/Debug/Debug.bindings.h Line: 39)

SELFPLAY GOAL 457 scorer=Fan ZhaoReward=-1 total=249:208 
(Filename: E:\unity\Runtime/Export/Debug/Debug.bindings.h Line: 39)

SELFPLAY GOAL 458 scorer=Zhao ZhaoReward=1 total=249:209 
(Filename: E:\unity\Runtime/Export/Debug/Debug.bindings.h Line: 39)

SELFPLAY GOAL 459 scorer=Zhao ZhaoReward=1 total=249:210 
(Filename: E:\unity\Runtime/Export/Debug/Debug.bindings.h Line: 39)

SELFPLAY GOAL 460 scorer=Zhao ZhaoReward=1 total=249:211 
(Filename: E:\unity\Runtime/Export/Debug/Debug.bindings.h Line: 39)

SELFPLAY GOAL 461 scorer=Zhao ZhaoReward=1 total=249:212 
(Filename: E:\unity\Runtime/Export/Debug/Debug.bindings.h Line: 39)

SELFPLAY GOAL 462 scorer=Fan ZhaoReward=-1 total=250:212 
(Filename: E:\unity\Runtime/Export/Debug/Debug.bindings.h Line: 39)

SELFPLAY GOAL 463 scorer=Fan ZhaoReward=-1 total=251:212 
(Filename: E:\unity\Runtime/Export/Debug/Debug.bindings.h Line: 39)

SELFPLAY GOAL 464 scorer=Zhao ZhaoReward=1 total=251:213 
(Filename: E:\unity\Runtime/Export/Debug/Debug.bindings.h Line: 39)

SELFPLAY MATCH 46 goals=13 total=464 score=7:6 
(Filename: E:\unity\Runtime/Export/Debug/Debug.bindings.h Line: 39)

Unloading 4 Unused Serialized files (Serialized files now loaded: 0)
UnloadTime: 0.448000 ms

Unloading 4 unused Assets to reduce memory usage. Loaded Objects now: 1061.
Total: 1.270900 ms (FindLiveObjects: 0.043900 ms CreateObjectMapping: 0.010900 ms MarkObjects: 0.343700 ms  DeleteObjects: 0.871900 ms)

SELFPLAY GOALMAP x=-6.13 isPlayer1Goal=True 
(Filename: E:\unity\Runtime/Export/Debug/Debug.bindings.h Line: 39)

SELFPLAY GOALMAP x=6.18 isPlayer1Goal=False 
(Filename: E:\unity\Runtime/Export/Debug/Debug.bindings.h Line: 39)

SELFPLAY GOAL 465 scorer=Fan ZhaoReward=-1 total=252:213 
(Filename: E:\unity\Runtime/Export/Debug/Debug.bindings.h Line: 39)

SELFPLAY GOAL 466 scorer=Zhao ZhaoReward=1 total=252:214 
(Filename: E:\unity\Runtime/Export/Debug/Debug.bindings.h Line: 39)

SELFPLAY GOAL 467 scorer=Zhao ZhaoReward=1 total=252:215 
(Filename: E:\unity\Runtime/Export/Debug/Debug.bindings.h Line: 39)

SELFPLAY GOAL 468 scorer=Zhao ZhaoReward=1 total=252:216 
(Filename: E:\unity\Runtime/Export/Debug/Debug.bindings.h Line: 39)

SELFPLAY GOAL 469 scorer=Fan ZhaoReward=-1 total=253:216 
(Filename: E:\unity\Runtime/Export/Debug/Debug.bindings.h Line: 39)

SELFPLAY GOAL 470 scorer=Fan ZhaoReward=-1 total=254:216 
(Filename: E:\unity\Runtime/Export/Debug/Debug.bindings.h Line: 39)

SELFPLAY GOAL 471 scorer=Zhao ZhaoReward=1 total=254:217 
(Filename: E:\unity\Runtime/Export/Debug/Debug.bindings.h Line: 39)

SELFPLAY GOAL 472 scorer=Fan ZhaoReward=-1 total=255:217 
(Filename: E:\unity\Runtime/Export/Debug/Debug.bindings.h Line: 39)

SELFPLAY GOAL 473 scorer=Fan ZhaoReward=-1 total=256:217 
(Filename: E:\unity\Runtime/Export/Debug/Debug.bindings.h Line: 39)

SELFPLAY MATCH 47 goals=9 total=473 score=5:4 
(Filename: E:\unity\Runtime/Export/Debug/Debug.bindings.h Line: 39)

Unloading 4 Unused Serialized files (Serialized files now loaded: 0)
UnloadTime: 0.568500 ms

Unloading 4 unused Assets to reduce memory usage. Loaded Objects now: 1061.
Total: 1.171700 ms (FindLiveObjects: 0.045200 ms CreateObjectMapping: 0.011200 ms MarkObjects: 0.299700 ms  DeleteObjects: 0.815100 ms)

SELFPLAY GOALMAP x=-6.13 isPlayer1Goal=True 
(Filename: E:\unity\Runtime/Export/Debug/Debug.bindings.h Line: 39)

SELFPLAY GOALMAP x=6.18 isPlayer1Goal=False 
(Filename: E:\unity\Runtime/Export/Debug/Debug.bindings.h Line: 39)

SELFPLAY GOAL 474 scorer=Fan ZhaoReward=-1 total=257:217 
(Filename: E:\unity\Runtime/Export/Debug/Debug.bindings.h Line: 39)

SELFPLAY GOAL 475 scorer=Zhao ZhaoReward=1 total=257:218 
(Filename: E:\unity\Runtime/Export/Debug/Debug.bindings.h Line: 39)

SELFPLAY GOAL 476 scorer=Zhao ZhaoReward=1 total=257:219 
(Filename: E:\unity\Runtime/Export/Debug/Debug.bindings.h Line: 39)

SELFPLAY GOAL 477 scorer=Zhao ZhaoReward=1 total=257:220 
(Filename: E:\unity\Runtime/Export/Debug/Debug.bindings.h Line: 39)

SELFPLAY GOAL 478 scorer=Fan ZhaoReward=-1 total=258:220 
(Filename: E:\unity\Runtime/Export/Debug/Debug.bindings.h Line: 39)

SELFPLAY PROGRESS goals=478/500 matches=48 score=258:220 real=192.6921 
(Filename: E:\unity\Runtime/Export/Debug/Debug.bindings.h Line: 39)

SELFPLAY GOAL 479 scorer=Zhao ZhaoReward=1 total=258:221 
(Filename: E:\unity\Runtime/Export/Debug/Debug.bindings.h Line: 39)

SELFPLAY GOAL 480 scorer=Fan ZhaoReward=-1 total=259:221 
(Filename: E:\unity\Runtime/Export/Debug/Debug.bindings.h Line: 39)

SELFPLAY GOAL 481 scorer=Fan ZhaoReward=-1 total=260:221 
(Filename: E:\unity\Runtime/Export/Debug/Debug.bindings.h Line: 39)

SELFPLAY GOAL 482 scorer=Zhao ZhaoReward=1 total=260:222 
(Filename: E:\unity\Runtime/Export/Debug/Debug.bindings.h Line: 39)

SELFPLAY MATCH 48 goals=9 total=482 score=4:5 
(Filename: E:\unity\Runtime/Export/Debug/Debug.bindings.h Line: 39)

Unloading 4 Unused Serialized files (Serialized files now loaded: 0)
UnloadTime: 0.374800 ms

Unloading 4 unused Assets to reduce memory usage. Loaded Objects now: 1061.
Total: 1.531100 ms (FindLiveObjects: 0.066500 ms CreateObjectMapping: 0.014300 ms MarkObjects: 0.367700 ms  DeleteObjects: 1.081800 ms)

SELFPLAY GOALMAP x=-6.13 isPlayer1Goal=True 
(Filename: E:\unity\Runtime/Export/Debug/Debug.bindings.h Line: 39)

SELFPLAY GOALMAP x=6.18 isPlayer1Goal=False 
(Filename: E:\unity\Runtime/Export/Debug/Debug.bindings.h Line: 39)

SELFPLAY GOAL 483 scorer=Fan ZhaoReward=-1 total=261:222 
(Filename: E:\unity\Runtime/Export/Debug/Debug.bindings.h Line: 39)

SELFPLAY GOAL 484 scorer=Zhao ZhaoReward=1 total=261:223 
(Filename: E:\unity\Runtime/Export/Debug/Debug.bindings.h Line: 39)

SELFPLAY GOAL 485 scorer=Fan ZhaoReward=-1 total=262:223 
(Filename: E:\unity\Runtime/Export/Debug/Debug.bindings.h Line: 39)

SELFPLAY GOAL 486 scorer=Fan ZhaoReward=-1 total=263:223 
(Filename: E:\unity\Runtime/Export/Debug/Debug.bindings.h Line: 39)

SELFPLAY GOAL 487 scorer=Fan ZhaoReward=-1 total=264:223 
(Filename: E:\unity\Runtime/Export/Debug/Debug.bindings.h Line: 39)

SELFPLAY GOAL 488 scorer=Zhao ZhaoReward=1 total=264:224 
(Filename: E:\unity\Runtime/Export/Debug/Debug.bindings.h Line: 39)

SELFPLAY GOAL 489 scorer=Zhao ZhaoReward=1 total=264:225 
(Filename: E:\unity\Runtime/Export/Debug/Debug.bindings.h Line: 39)

SELFPLAY GOAL 490 scorer=Fan ZhaoReward=-1 total=265:225 
(Filename: E:\unity\Runtime/Export/Debug/Debug.bindings.h Line: 39)

SELFPLAY GOAL 491 scorer=Fan ZhaoReward=-1 total=266:225 
(Filename: E:\unity\Runtime/Export/Debug/Debug.bindings.h Line: 39)

SELFPLAY GOAL 492 scorer=Zhao ZhaoReward=1 total=266:226 
(Filename: E:\unity\Runtime/Export/Debug/Debug.bindings.h Line: 39)

SELFPLAY GOAL 493 scorer=Zhao ZhaoReward=1 total=266:227 
(Filename: E:\unity\Runtime/Export/Debug/Debug.bindings.h Line: 39)

SELFPLAY GOAL 494 scorer=Fan ZhaoReward=-1 total=267:227 
(Filename: E:\unity\Runtime/Export/Debug/Debug.bindings.h Line: 39)

SELFPLAY GOAL 495 scorer=Fan ZhaoReward=-1 total=268:227 
(Filename: E:\unity\Runtime/Export/Debug/Debug.bindings.h Line: 39)

SELFPLAY GOAL 496 scorer=Zhao ZhaoReward=1 total=268:228 
(Filename: E:\unity\Runtime/Export/Debug/Debug.bindings.h Line: 39)

SELFPLAY MATCH 49 goals=14 total=496 score=8:6 
(Filename: E:\unity\Runtime/Export/Debug/Debug.bindings.h Line: 39)

Unloading 4 Unused Serialized files (Serialized files now loaded: 0)
UnloadTime: 0.426900 ms

Unloading 4 unused Assets to reduce memory usage. Loaded Objects now: 1061.
Total: 1.305400 ms (FindLiveObjects: 0.041400 ms CreateObjectMapping: 0.009300 ms MarkObjects: 0.351500 ms  DeleteObjects: 0.902800 ms)

SELFPLAY GOALMAP x=-6.13 isPlayer1Goal=True 
(Filename: E:\unity\Runtime/Export/Debug/Debug.bindings.h Line: 39)

SELFPLAY GOALMAP x=6.18 isPlayer1Goal=False 
(Filename: E:\unity\Runtime/Export/Debug/Debug.bindings.h Line: 39)

SELFPLAY GOAL 497 scorer=Fan ZhaoReward=-1 total=269:228 
(Filename: E:\unity\Runtime/Export/Debug/Debug.bindings.h Line: 39)

SELFPLAY GOAL 498 scorer=Zhao ZhaoReward=1 total=269:229 
(Filename: E:\unity\Runtime/Export/Debug/Debug.bindings.h Line: 39)

SELFPLAY GOAL 499 scorer=Zhao ZhaoReward=1 total=269:230 
(Filename: E:\unity\Runtime/Export/Debug/Debug.bindings.h Line: 39)

SELFPLAY GOAL 500 scorer=Fan ZhaoReward=-1 total=270:230 
(Filename: E:\unity\Runtime/Export/Debug/Debug.bindings.h Line: 39)

SELFPLAY MATCH 50 goals=4 total=500 score=2:2 
(Filename: E:\unity\Runtime/Export/Debug/Debug.bindings.h Line: 39)

SELFPLAY COMPLETE goals=500 fan=270 zhao=230 matches=50 failures=0 
(Filename: E:\unity\Runtime/Export/Debug/Debug.bindings.h Line: 39)

Setting up 12 worker threads for Enlighten.
  Thread -> id: c14 -> priority: 1 
  Thread -> id: 9158 -> priority: 1 
  Thread -> id: 16f0 -> priority: 1 
  Thread -> id: 3134 -> priority: 1 
  Thread -> id: 90b8 -> priority: 1 
  Thread -> id: 5874 -> priority: 1 
  Thread -> id: d98 -> priority: 1 
  Thread -> id: 28f4 -> priority: 1 
  Thread -> id: 8050 -> priority: 1 
  Thread -> id: 3368 -> priority: 1 
  Thread -> id: 87a4 -> priority: 1 
  Thread -> id: 9310 -> priority: 1 

Mono path[0] = 'C:/Users/Alienware/Documents/范志毅VS赵鹏/范志毅VS赵鹏 PC双人版（32位）/鑼冨織姣匳S璧甸箯 PC鍙屼汉鐗堬紙32浣嶏級/AI Mod Source/build/fan-strategy-selfplay-experiment-worker-3/FanZhiYi_Data/Managed'
Mono config path = 'C:/Users/Alienware/Documents/范志毅VS赵鹏/范志毅VS赵鹏 PC双人版（32位）/鑼冨織姣匳S璧甸箯 PC鍙屼汉鐗堬紙32浣嶏級/AI Mod Source/build/fan-strategy-selfplay-experiment-worker-3/MonoBleedingEdge/etc'
AS: AutoStreaming module initializing.Initialize engine version: 2019.4.33f1c1 (c2f94a8bebb3)
[Subsystems] Discovering subsystems at path C:/Users/Alienware/Documents/范志毅VS赵鹏/范志毅VS赵鹏 PC双人版（32位）/鑼冨織姣匳S璧甸箯 PC鍙屼汉鐗堬紙32浣嶏級/AI Mod Source/build/fan-strategy-selfplay-experiment-worker-3/FanZhiYi_Data/UnitySubsystems
Forcing GfxDevice: Null
GfxDevice: creating device client; threaded=0
NullGfxDevice:
    Version:  NULL 1.0 [1.0]
    Renderer: Null Device
    Vendor:   Unity Technologies
Begin MonoManager ReloadAssembly
- Completed reload, in  0.115 seconds
Microsoft Media Foundation video decoding to texture disabled: graphics device is Null, only Direct3D 11 and Direct3D 12 (only on desktop) are supported for hardware-accelerated video decoding.
UnloadTime: 0.699500 ms
Unloading 5 Unused Serialized files (Serialized files now loaded: 0)
UnloadTime: 0.168300 ms

Unloading 145 unused Assets to reduce memory usage. Loaded Objects now: 1003.
Total: 0.606900 ms (FindLiveObjects: 0.040000 ms CreateObjectMapping: 0.009500 ms MarkObjects: 0.239500 ms  DeleteObjects: 0.317100 ms)

SELFPLAY GOALMAP x=-6.13 isPlayer1Goal=True 
(Filename: E:\unity\Runtime/Export/Debug/Debug.bindings.h Line: 39)

SELFPLAY GOALMAP x=6.18 isPlayer1Goal=False 
(Filename: E:\unity\Runtime/Export/Debug/Debug.bindings.h Line: 39)

SELFPLAY GOAL 101 scorer=Fan ZhaoReward=-1 total=53:48 
(Filename: E:\unity\Runtime/Export/Debug/Debug.bindings.h Line: 39)

SELFPLAY GOAL 102 scorer=Fan ZhaoReward=-1 total=54:48 
(Filename: E:\unity\Runtime/Export/Debug/Debug.bindings.h Line: 39)

SELFPLAY GOAL 103 scorer=Zhao ZhaoReward=1 total=54:49 
(Filename: E:\unity\Runtime/Export/Debug/Debug.bindings.h Line: 39)

SELFPLAY GOAL 104 scorer=Fan ZhaoReward=-1 total=55:49 
(Filename: E:\unity\Runtime/Export/Debug/Debug.bindings.h Line: 39)

SELFPLAY GOAL 105 scorer=Zhao ZhaoReward=1 total=55:50 
(Filename: E:\unity\Runtime/Export/Debug/Debug.bindings.h Line: 39)

SELFPLAY GOAL 106 scorer=Fan ZhaoReward=-1 total=56:50 
(Filename: E:\unity\Runtime/Export/Debug/Debug.bindings.h Line: 39)

SELFPLAY GOAL 107 scorer=Fan ZhaoReward=-1 total=57:50 
(Filename: E:\unity\Runtime/Export/Debug/Debug.bindings.h Line: 39)

SELFPLAY GOAL 108 scorer=Fan ZhaoReward=-1 total=58:50 
(Filename: E:\unity\Runtime/Export/Debug/Debug.bindings.h Line: 39)

SELFPLAY GOAL 109 scorer=Zhao ZhaoReward=1 total=58:51 
(Filename: E:\unity\Runtime/Export/Debug/Debug.bindings.h Line: 39)

SELFPLAY GOAL 110 scorer=Zhao ZhaoReward=1 total=58:52 
(Filename: E:\unity\Runtime/Export/Debug/Debug.bindings.h Line: 39)

SELFPLAY GOAL 111 scorer=Zhao ZhaoReward=1 total=58:53 
(Filename: E:\unity\Runtime/Export/Debug/Debug.bindings.h Line: 39)

SELFPLAY GOAL 112 scorer=Fan ZhaoReward=-1 total=59:53 
(Filename: E:\unity\Runtime/Export/Debug/Debug.bindings.h Line: 39)

SELFPLAY GOAL 113 scorer=Zhao ZhaoReward=1 total=59:54 
(Filename: E:\unity\Runtime/Export/Debug/Debug.bindings.h Line: 39)

SELFPLAY GOAL 114 scorer=Zhao ZhaoReward=1 total=59:55 
(Filename: E:\unity\Runtime/Export/Debug/Debug.bindings.h Line: 39)

SELFPLAY MATCH 12 goals=14 total=114 score=7:7 
(Filename: E:\unity\Runtime/Export/Debug/Debug.bindings.h Line: 39)

Unloading 4 Unused Serialized files (Serialized files now loaded: 0)
UnloadTime: 1.090200 ms

Unloading 37 unused Assets to reduce memory usage. Loaded Objects now: 1061.
Total: 1.186600 ms (FindLiveObjects: 0.068100 ms CreateObjectMapping: 0.010400 ms MarkObjects: 0.249900 ms  DeleteObjects: 0.857500 ms)

SELFPLAY GOALMAP x=-6.13 isPlayer1Goal=True 
(Filename: E:\unity\Runtime/Export/Debug/Debug.bindings.h Line: 39)

SELFPLAY GOALMAP x=6.18 isPlayer1Goal=False 
(Filename: E:\unity\Runtime/Export/Debug/Debug.bindings.h Line: 39)

SELFPLAY GOAL 115 scorer=Fan ZhaoReward=-1 total=60:55 
(Filename: E:\unity\Runtime/Export/Debug/Debug.bindings.h Line: 39)

SELFPLAY GOAL 116 scorer=Zhao ZhaoReward=1 total=60:56 
(Filename: E:\unity\Runtime/Export/Debug/Debug.bindings.h Line: 39)

SELFPLAY GOAL 117 scorer=Zhao ZhaoReward=1 total=60:57 
(Filename: E:\unity\Runtime/Export/Debug/Debug.bindings.h Line: 39)

SELFPLAY GOAL 118 scorer=Zhao ZhaoReward=1 total=60:58 
(Filename: E:\unity\Runtime/Export/Debug/Debug.bindings.h Line: 39)

SELFPLAY GOAL 119 scorer=Zhao ZhaoReward=1 total=60:59 
(Filename: E:\unity\Runtime/Export/Debug/Debug.bindings.h Line: 39)

SELFPLAY GOAL 120 scorer=Fan ZhaoReward=-1 total=61:59 
(Filename: E:\unity\Runtime/Export/Debug/Debug.bindings.h Line: 39)

SELFPLAY GOAL 121 scorer=Zhao ZhaoReward=1 total=61:60 
(Filename: E:\unity\Runtime/Export/Debug/Debug.bindings.h Line: 39)

SELFPLAY GOAL 122 scorer=Zhao ZhaoReward=1 total=61:61 
(Filename: E:\unity\Runtime/Export/Debug/Debug.bindings.h Line: 39)

SELFPLAY GOAL 123 scorer=Zhao ZhaoReward=1 total=61:62 
(Filename: E:\unity\Runtime/Export/Debug/Debug.bindings.h Line: 39)

SELFPLAY GOAL 124 scorer=Fan ZhaoReward=-1 total=62:62 
(Filename: E:\unity\Runtime/Export/Debug/Debug.bindings.h Line: 39)

SELFPLAY MATCH 13 goals=10 total=124 score=3:7 
(Filename: E:\unity\Runtime/Export/Debug/Debug.bindings.h Line: 39)

Unloading 4 Unused Serialized files (Serialized files now loaded: 0)
UnloadTime: 0.412400 ms

Unloading 4 unused Assets to reduce memory usage. Loaded Objects now: 1061.
Total: 1.365500 ms (FindLiveObjects: 0.043300 ms CreateObjectMapping: 0.009200 ms MarkObjects: 0.314200 ms  DeleteObjects: 0.998400 ms)

SELFPLAY GOALMAP x=-6.13 isPlayer1Goal=True 
(Filename: E:\unity\Runtime/Export/Debug/Debug.bindings.h Line: 39)

SELFPLAY GOALMAP x=6.18 isPlayer1Goal=False 
(Filename: E:\unity\Runtime/Export/Debug/Debug.bindings.h Line: 39)

SELFPLAY GOAL 125 scorer=Fan ZhaoReward=-1 total=63:62 
(Filename: E:\unity\Runtime/Export/Debug/Debug.bindings.h Line: 39)

SELFPLAY GOAL 126 scorer=Zhao ZhaoReward=1 total=63:63 
(Filename: E:\unity\Runtime/Export/Debug/Debug.bindings.h Line: 39)

SELFPLAY GOAL 127 scorer=Zhao ZhaoReward=1 total=63:64 
(Filename: E:\unity\Runtime/Export/Debug/Debug.bindings.h Line: 39)

SELFPLAY GOAL 128 scorer=Fan ZhaoReward=-1 total=64:64 
(Filename: E:\unity\Runtime/Export/Debug/Debug.bindings.h Line: 39)

SELFPLAY GOAL 129 scorer=Zhao ZhaoReward=1 total=64:65 
(Filename: E:\unity\Runtime/Export/Debug/Debug.bindings.h Line: 39)

SELFPLAY GOAL 130 scorer=Zhao ZhaoReward=1 total=64:66 
(Filename: E:\unity\Runtime/Export/Debug/Debug.bindings.h Line: 39)

SELFPLAY GOAL 131 scorer=Zhao ZhaoReward=1 total=64:67 
(Filename: E:\unity\Runtime/Export/Debug/Debug.bindings.h Line: 39)

SELFPLAY GOAL 132 scorer=Zhao ZhaoReward=1 total=64:68 
(Filename: E:\unity\Runtime/Export/Debug/Debug.bindings.h Line: 39)

SELFPLAY GOAL 133 scorer=Fan ZhaoReward=-1 total=65:68 
(Filename: E:\unity\Runtime/Export/Debug/Debug.bindings.h Line: 39)

SELFPLAY GOAL 134 scorer=Zhao ZhaoReward=1 total=65:69 
(Filename: E:\unity\Runtime/Export/Debug/Debug.bindings.h Line: 39)

SELFPLAY GOAL 135 scorer=Fan ZhaoReward=-1 total=66:69 
(Filename: E:\unity\Runtime/Export/Debug/Debug.bindings.h Line: 39)

SELFPLAY MATCH 14 goals=11 total=135 score=4:7 
(Filename: E:\unity\Runtime/Export/Debug/Debug.bindings.h Line: 39)

Unloading 4 Unused Serialized files (Serialized files now loaded: 0)
UnloadTime: 0.495000 ms

Unloading 4 unused Assets to reduce memory usage. Loaded Objects now: 1061.
Total: 1.160500 ms (FindLiveObjects: 0.041400 ms CreateObjectMapping: 0.009300 ms MarkObjects: 0.263500 ms  DeleteObjects: 0.845600 ms)

SELFPLAY GOALMAP x=-6.13 isPlayer1Goal=True 
(Filename: E:\unity\Runtime/Export/Debug/Debug.bindings.h Line: 39)

SELFPLAY GOALMAP x=6.18 isPlayer1Goal=False 
(Filename: E:\unity\Runtime/Export/Debug/Debug.bindings.h Line: 39)

SELFPLAY GOAL 136 scorer=Fan ZhaoReward=-1 total=67:69 
(Filename: E:\unity\Runtime/Export/Debug/Debug.bindings.h Line: 39)

SELFPLAY GOAL 137 scorer=Zhao ZhaoReward=1 total=67:70 
(Filename: E:\unity\Runtime/Export/Debug/Debug.bindings.h Line: 39)

SELFPLAY GOAL 138 scorer=Zhao ZhaoReward=1 total=67:71 
(Filename: E:\unity\Runtime/Export/Debug/Debug.bindings.h Line: 39)

SELFPLAY GOAL 139 scorer=Zhao ZhaoReward=1 total=67:72 
(Filename: E:\unity\Runtime/Export/Debug/Debug.bindings.h Line: 39)

SELFPLAY GOAL 140 scorer=Zhao ZhaoReward=1 total=67:73 
(Filename: E:\unity\Runtime/Export/Debug/Debug.bindings.h Line: 39)

SELFPLAY GOAL 141 scorer=Fan ZhaoReward=-1 total=68:73 
(Filename: E:\unity\Runtime/Export/Debug/Debug.bindings.h Line: 39)

SELFPLAY GOAL 142 scorer=Fan ZhaoReward=-1 total=69:73 
(Filename: E:\unity\Runtime/Export/Debug/Debug.bindings.h Line: 39)

SELFPLAY GOAL 143 scorer=Zhao ZhaoReward=1 total=69:74 
(Filename: E:\unity\Runtime/Export/Debug/Debug.bindings.h Line: 39)

SELFPLAY GOAL 144 scorer=Fan ZhaoReward=-1 total=70:74 
(Filename: E:\unity\Runtime/Export/Debug/Debug.bindings.h Line: 39)

SELFPLAY MATCH 15 goals=9 total=144 score=4:5 
(Filename: E:\unity\Runtime/Export/Debug/Debug.bindings.h Line: 39)

Unloading 4 Unused Serialized files (Serialized files now loaded: 0)
UnloadTime: 0.515500 ms

Unloading 4 unused Assets to reduce memory usage. Loaded Objects now: 1061.
Total: 1.172600 ms (FindLiveObjects: 0.042300 ms CreateObjectMapping: 0.015500 ms MarkObjects: 0.247100 ms  DeleteObjects: 0.867200 ms)

SELFPLAY GOALMAP x=-6.13 isPlayer1Goal=True 
(Filename: E:\unity\Runtime/Export/Debug/Debug.bindings.h Line: 39)

SELFPLAY GOALMAP x=6.18 isPlayer1Goal=False 
(Filename: E:\unity\Runtime/Export/Debug/Debug.bindings.h Line: 39)

SELFPLAY GOAL 145 scorer=Fan ZhaoReward=-1 total=71:74 
(Filename: E:\unity\Runtime/Export/Debug/Debug.bindings.h Line: 39)

SELFPLAY GOAL 146 scorer=Fan ZhaoReward=-1 total=72:74 
(Filename: E:\unity\Runtime/Export/Debug/Debug.bindings.h Line: 39)

SELFPLAY GOAL 147 scorer=Fan ZhaoReward=-1 total=73:74 
(Filename: E:\unity\Runtime/Export/Debug/Debug.bindings.h Line: 39)

SELFPLAY GOAL 148 scorer=Fan ZhaoReward=-1 total=74:74 
(Filename: E:\unity\Runtime/Export/Debug/Debug.bindings.h Line: 39)

SELFPLAY GOAL 149 scorer=Zhao ZhaoReward=1 total=74:75 
(Filename: E:\unity\Runtime/Export/Debug/Debug.bindings.h Line: 39)

SELFPLAY GOAL 150 scorer=Fan ZhaoReward=-1 total=75:75 
(Filename: E:\unity\Runtime/Export/Debug/Debug.bindings.h Line: 39)

SELFPLAY GOAL 151 scorer=Zhao ZhaoReward=1 total=75:76 
(Filename: E:\unity\Runtime/Export/Debug/Debug.bindings.h Line: 39)

SELFPLAY GOAL 152 scorer=Zhao ZhaoReward=1 total=75:77 
(Filename: E:\unity\Runtime/Export/Debug/Debug.bindings.h Line: 39)

SELFPLAY GOAL 153 scorer=Zhao ZhaoReward=1 total=75:78 
(Filename: E:\unity\Runtime/Export/Debug/Debug.bindings.h Line: 39)

SELFPLAY MATCH 16 goals=9 total=153 score=5:4 
(Filename: E:\unity\Runtime/Export/Debug/Debug.bindings.h Line: 39)

Unloading 4 Unused Serialized files (Serialized files now loaded: 0)
UnloadTime: 0.423600 ms

Unloading 4 unused Assets to reduce memory usage. Loaded Objects now: 1061.
Total: 1.097600 ms (FindLiveObjects: 0.041600 ms CreateObjectMapping: 0.009800 ms MarkObjects: 0.322400 ms  DeleteObjects: 0.723500 ms)

SELFPLAY GOALMAP x=-6.13 isPlayer1Goal=True 
(Filename: E:\unity\Runtime/Export/Debug/Debug.bindings.h Line: 39)

SELFPLAY GOALMAP x=6.18 isPlayer1Goal=False 
(Filename: E:\unity\Runtime/Export/Debug/Debug.bindings.h Line: 39)

SELFPLAY GOAL 154 scorer=Zhao ZhaoReward=1 total=75:79 
(Filename: E:\unity\Runtime/Export/Debug/Debug.bindings.h Line: 39)

SELFPLAY GOAL 155 scorer=Fan ZhaoReward=-1 total=76:79 
(Filename: E:\unity\Runtime/Export/Debug/Debug.bindings.h Line: 39)

SELFPLAY GOAL 156 scorer=Fan ZhaoReward=-1 total=77:79 
(Filename: E:\unity\Runtime/Export/Debug/Debug.bindings.h Line: 39)

SELFPLAY GOAL 157 scorer=Fan ZhaoReward=-1 total=78:79 
(Filename: E:\unity\Runtime/Export/Debug/Debug.bindings.h Line: 39)

SELFPLAY GOAL 158 scorer=Zhao ZhaoReward=1 total=78:80 
(Filename: E:\unity\Runtime/Export/Debug/Debug.bindings.h Line: 39)

SELFPLAY GOAL 159 scorer=Zhao ZhaoReward=1 total=78:81 
(Filename: E:\unity\Runtime/Export/Debug/Debug.bindings.h Line: 39)

SELFPLAY GOAL 160 scorer=Fan ZhaoReward=-1 total=79:81 
(Filename: E:\unity\Runtime/Export/Debug/Debug.bindings.h Line: 39)

SELFPLAY GOAL 161 scorer=Fan ZhaoReward=-1 total=80:81 
(Filename: E:\unity\Runtime/Export/Debug/Debug.bindings.h Line: 39)

SELFPLAY GOAL 162 scorer=Fan ZhaoReward=-1 total=81:81 
(Filename: E:\unity\Runtime/Export/Debug/Debug.bindings.h Line: 39)

SELFPLAY GOAL 163 scorer=Fan ZhaoReward=-1 total=82:81 
(Filename: E:\unity\Runtime/Export/Debug/Debug.bindings.h Line: 39)

SELFPLAY GOAL 164 scorer=Zhao ZhaoReward=1 total=82:82 
(Filename: E:\unity\Runtime/Export/Debug/Debug.bindings.h Line: 39)

SELFPLAY MATCH 17 goals=11 total=164 score=7:4 
(Filename: E:\unity\Runtime/Export/Debug/Debug.bindings.h Line: 39)

Unloading 4 Unused Serialized files (Serialized files now loaded: 0)
UnloadTime: 0.482000 ms

Unloading 4 unused Assets to reduce memory usage. Loaded Objects now: 1061.
Total: 1.479800 ms (FindLiveObjects: 0.044100 ms CreateObjectMapping: 0.011100 ms MarkObjects: 0.304500 ms  DeleteObjects: 1.119600 ms)

SELFPLAY GOALMAP x=-6.13 isPlayer1Goal=True 
(Filename: E:\unity\Runtime/Export/Debug/Debug.bindings.h Line: 39)

SELFPLAY GOALMAP x=6.18 isPlayer1Goal=False 
(Filename: E:\unity\Runtime/Export/Debug/Debug.bindings.h Line: 39)

SELFPLAY GOAL 165 scorer=Fan ZhaoReward=-1 total=83:82 
(Filename: E:\unity\Runtime/Export/Debug/Debug.bindings.h Line: 39)

SELFPLAY GOAL 166 scorer=Fan ZhaoReward=-1 total=84:82 
(Filename: E:\unity\Runtime/Export/Debug/Debug.bindings.h Line: 39)

SELFPLAY GOAL 167 scorer=Fan ZhaoReward=-1 total=85:82 
(Filename: E:\unity\Runtime/Export/Debug/Debug.bindings.h Line: 39)

SELFPLAY GOAL 168 scorer=Fan ZhaoReward=-1 total=86:82 
(Filename: E:\unity\Runtime/Export/Debug/Debug.bindings.h Line: 39)

SELFPLAY GOAL 169 scorer=Fan ZhaoReward=-1 total=87:82 
(Filename: E:\unity\Runtime/Export/Debug/Debug.bindings.h Line: 39)

SELFPLAY GOAL 170 scorer=Zhao ZhaoReward=1 total=87:83 
(Filename: E:\unity\Runtime/Export/Debug/Debug.bindings.h Line: 39)

SELFPLAY GOAL 171 scorer=Fan ZhaoReward=-1 total=88:83 
(Filename: E:\unity\Runtime/Export/Debug/Debug.bindings.h Line: 39)

SELFPLAY GOAL 172 scorer=Zhao ZhaoReward=1 total=88:84 
(Filename: E:\unity\Runtime/Export/Debug/Debug.bindings.h Line: 39)

SELFPLAY GOAL 173 scorer=Zhao ZhaoReward=1 total=88:85 
(Filename: E:\unity\Runtime/Export/Debug/Debug.bindings.h Line: 39)

SELFPLAY GOAL 174 scorer=Zhao ZhaoReward=1 total=88:86 
(Filename: E:\unity\Runtime/Export/Debug/Debug.bindings.h Line: 39)

SELFPLAY GOAL 175 scorer=Zhao ZhaoReward=1 total=88:87 
(Filename: E:\unity\Runtime/Export/Debug/Debug.bindings.h Line: 39)

SELFPLAY GOAL 176 scorer=Fan ZhaoReward=-1 total=89:87 
(Filename: E:\unity\Runtime/Export/Debug/Debug.bindings.h Line: 39)

SELFPLAY MATCH 18 goals=12 total=176 score=7:5 
(Filename: E:\unity\Runtime/Export/Debug/Debug.bindings.h Line: 39)

Unloading 4 Unused Serialized files (Serialized files now loaded: 0)
UnloadTime: 0.641000 ms

Unloading 4 unused Assets to reduce memory usage. Loaded Objects now: 1061.
Total: 1.468800 ms (FindLiveObjects: 0.072200 ms CreateObjectMapping: 0.013100 ms MarkObjects: 0.385800 ms  DeleteObjects: 0.997000 ms)

SELFPLAY GOALMAP x=-6.13 isPlayer1Goal=True 
(Filename: E:\unity\Runtime/Export/Debug/Debug.bindings.h Line: 39)

SELFPLAY GOALMAP x=6.18 isPlayer1Goal=False 
(Filename: E:\unity\Runtime/Export/Debug/Debug.bindings.h Line: 39)

SELFPLAY GOAL 177 scorer=Fan ZhaoReward=-1 total=90:87 
(Filename: E:\unity\Runtime/Export/Debug/Debug.bindings.h Line: 39)

SELFPLAY GOAL 178 scorer=Fan ZhaoReward=-1 total=91:87 
(Filename: E:\unity\Runtime/Export/Debug/Debug.bindings.h Line: 39)

SELFPLAY GOAL 179 scorer=Fan ZhaoReward=-1 total=92:87 
(Filename: E:\unity\Runtime/Export/Debug/Debug.bindings.h Line: 39)

SELFPLAY PROGRESS goals=179/500 matches=19 score=92:87 real=71.84883 
(Filename: E:\unity\Runtime/Export/Debug/Debug.bindings.h Line: 39)

SELFPLAY GOAL 180 scorer=Fan ZhaoReward=-1 total=93:87 
(Filename: E:\unity\Runtime/Export/Debug/Debug.bindings.h Line: 39)

SELFPLAY GOAL 181 scorer=Zhao ZhaoReward=1 total=93:88 
(Filename: E:\unity\Runtime/Export/Debug/Debug.bindings.h Line: 39)

SELFPLAY GOAL 182 scorer=Fan ZhaoReward=-1 total=94:88 
(Filename: E:\unity\Runtime/Export/Debug/Debug.bindings.h Line: 39)

SELFPLAY GOAL 183 scorer=Zhao ZhaoReward=1 total=94:89 
(Filename: E:\unity\Runtime/Export/Debug/Debug.bindings.h Line: 39)

SELFPLAY GOAL 184 scorer=Fan ZhaoReward=-1 total=95:89 
(Filename: E:\unity\Runtime/Export/Debug/Debug.bindings.h Line: 39)

SELFPLAY GOAL 185 scorer=Zhao ZhaoReward=1 total=95:90 
(Filename: E:\unity\Runtime/Export/Debug/Debug.bindings.h Line: 39)

SELFPLAY GOAL 186 scorer=Zhao ZhaoReward=1 total=95:91 
(Filename: E:\unity\Runtime/Export/Debug/Debug.bindings.h Line: 39)

SELFPLAY MATCH 19 goals=10 total=186 score=6:4 
(Filename: E:\unity\Runtime/Export/Debug/Debug.bindings.h Line: 39)

Unloading 4 Unused Serialized files (Serialized files now loaded: 0)
UnloadTime: 0.773700 ms

Unloading 4 unused Assets to reduce memory usage. Loaded Objects now: 1061.
Total: 1.197700 ms (FindLiveObjects: 0.043900 ms CreateObjectMapping: 0.010500 ms MarkObjects: 0.276100 ms  DeleteObjects: 0.866700 ms)

SELFPLAY GOALMAP x=-6.13 isPlayer1Goal=True 
(Filename: E:\unity\Runtime/Export/Debug/Debug.bindings.h Line: 39)

SELFPLAY GOALMAP x=6.18 isPlayer1Goal=False 
(Filename: E:\unity\Runtime/Export/Debug/Debug.bindings.h Line: 39)

SELFPLAY GOAL 187 scorer=Fan ZhaoReward=-1 total=96:91 
(Filename: E:\unity\Runtime/Export/Debug/Debug.bindings.h Line: 39)

SELFPLAY GOAL 188 scorer=Zhao ZhaoReward=1 total=96:92 
(Filename: E:\unity\Runtime/Export/Debug/Debug.bindings.h Line: 39)

SELFPLAY GOAL 189 scorer=Zhao ZhaoReward=1 total=96:93 
(Filename: E:\unity\Runtime/Export/Debug/Debug.bindings.h Line: 39)

SELFPLAY GOAL 190 scorer=Fan ZhaoReward=-1 total=97:93 
(Filename: E:\unity\Runtime/Export/Debug/Debug.bindings.h Line: 39)

SELFPLAY GOAL 191 scorer=Fan ZhaoReward=-1 total=98:93 
(Filename: E:\unity\Runtime/Export/Debug/Debug.bindings.h Line: 39)

SELFPLAY GOAL 192 scorer=Fan ZhaoReward=-1 total=99:93 
(Filename: E:\unity\Runtime/Export/Debug/Debug.bindings.h Line: 39)

SELFPLAY GOAL 193 scorer=Zhao ZhaoReward=1 total=99:94 
(Filename: E:\unity\Runtime/Export/Debug/Debug.bindings.h Line: 39)

SELFPLAY GOAL 194 scorer=Fan ZhaoReward=-1 total=100:94 
(Filename: E:\unity\Runtime/Export/Debug/Debug.bindings.h Line: 39)

SELFPLAY GOAL 195 scorer=Zhao ZhaoReward=1 total=100:95 
(Filename: E:\unity\Runtime/Export/Debug/Debug.bindings.h Line: 39)

SELFPLAY GOAL 196 scorer=Fan ZhaoReward=-1 total=101:95 
(Filename: E:\unity\Runtime/Export/Debug/Debug.bindings.h Line: 39)

SELFPLAY GOAL 197 scorer=Fan ZhaoReward=-1 total=102:95 
(Filename: E:\unity\Runtime/Export/Debug/Debug.bindings.h Line: 39)

SELFPLAY MATCH 20 goals=11 total=197 score=7:4 
(Filename: E:\unity\Runtime/Export/Debug/Debug.bindings.h Line: 39)

Unloading 4 Unused Serialized files (Serialized files now loaded: 0)
UnloadTime: 0.565000 ms

Unloading 4 unused Assets to reduce memory usage. Loaded Objects now: 1061.
Total: 1.281900 ms (FindLiveObjects: 0.043400 ms CreateObjectMapping: 0.010600 ms MarkObjects: 0.330300 ms  DeleteObjects: 0.897400 ms)

SELFPLAY GOALMAP x=-6.13 isPlayer1Goal=True 
(Filename: E:\unity\Runtime/Export/Debug/Debug.bindings.h Line: 39)

SELFPLAY GOALMAP x=6.18 isPlayer1Goal=False 
(Filename: E:\unity\Runtime/Export/Debug/Debug.bindings.h Line: 39)

SELFPLAY GOAL 198 scorer=Fan ZhaoReward=-1 total=103:95 
(Filename: E:\unity\Runtime/Export/Debug/Debug.bindings.h Line: 39)

SELFPLAY GOAL 199 scorer=Zhao ZhaoReward=1 total=103:96 
(Filename: E:\unity\Runtime/Export/Debug/Debug.bindings.h Line: 39)

SELFPLAY GOAL 200 scorer=Fan ZhaoReward=-1 total=104:96 
(Filename: E:\unity\Runtime/Export/Debug/Debug.bindings.h Line: 39)

SELFPLAY GOAL 201 scorer=Zhao ZhaoReward=1 total=104:97 
(Filename: E:\unity\Runtime/Export/Debug/Debug.bindings.h Line: 39)

SELFPLAY GOAL 202 scorer=Zhao ZhaoReward=1 total=104:98 
(Filename: E:\unity\Runtime/Export/Debug/Debug.bindings.h Line: 39)

SELFPLAY GOAL 203 scorer=Fan ZhaoReward=-1 total=105:98 
(Filename: E:\unity\Runtime/Export/Debug/Debug.bindings.h Line: 39)

SELFPLAY GOAL 204 scorer=Zhao ZhaoReward=1 total=105:99 
(Filename: E:\unity\Runtime/Export/Debug/Debug.bindings.h Line: 39)

SELFPLAY GOAL 205 scorer=Zhao ZhaoReward=1 total=105:100 
(Filename: E:\unity\Runtime/Export/Debug/Debug.bindings.h Line: 39)

SELFPLAY GOAL 206 scorer=Fan ZhaoReward=-1 total=106:100 
(Filename: E:\unity\Runtime/Export/Debug/Debug.bindings.h Line: 39)

SELFPLAY GOAL 207 scorer=Fan ZhaoReward=-1 total=107:100 
(Filename: E:\unity\Runtime/Export/Debug/Debug.bindings.h Line: 39)

SELFPLAY GOAL 208 scorer=Fan ZhaoReward=-1 total=108:100 
(Filename: E:\unity\Runtime/Export/Debug/Debug.bindings.h Line: 39)

SELFPLAY GOAL 209 scorer=Fan ZhaoReward=-1 total=109:100 
(Filename: E:\unity\Runtime/Export/Debug/Debug.bindings.h Line: 39)

SELFPLAY GOAL 210 scorer=Fan ZhaoReward=-1 total=110:100 
(Filename: E:\unity\Runtime/Export/Debug/Debug.bindings.h Line: 39)

SELFPLAY MATCH 21 goals=13 total=210 score=8:5 
(Filename: E:\unity\Runtime/Export/Debug/Debug.bindings.h Line: 39)

Unloading 4 Unused Serialized files (Serialized files now loaded: 0)
UnloadTime: 0.635900 ms

Unloading 4 unused Assets to reduce memory usage. Loaded Objects now: 1061.
Total: 1.303600 ms (FindLiveObjects: 0.046100 ms CreateObjectMapping: 0.011300 ms MarkObjects: 0.276400 ms  DeleteObjects: 0.969400 ms)

SELFPLAY GOALMAP x=-6.13 isPlayer1Goal=True 
(Filename: E:\unity\Runtime/Export/Debug/Debug.bindings.h Line: 39)

SELFPLAY GOALMAP x=6.18 isPlayer1Goal=False 
(Filename: E:\unity\Runtime/Export/Debug/Debug.bindings.h Line: 39)

SELFPLAY GOAL 211 scorer=Zhao ZhaoReward=1 total=110:101 
(Filename: E:\unity\Runtime/Export/Debug/Debug.bindings.h Line: 39)

SELFPLAY GOAL 212 scorer=Fan ZhaoReward=-1 total=111:101 
(Filename: E:\unity\Runtime/Export/Debug/Debug.bindings.h Line: 39)

SELFPLAY GOAL 213 scorer=Zhao ZhaoReward=1 total=111:102 
(Filename: E:\unity\Runtime/Export/Debug/Debug.bindings.h Line: 39)

SELFPLAY GOAL 214 scorer=Fan ZhaoReward=-1 total=112:102 
(Filename: E:\unity\Runtime/Export/Debug/Debug.bindings.h Line: 39)

SELFPLAY GOAL 215 scorer=Fan ZhaoReward=-1 total=113:102 
(Filename: E:\unity\Runtime/Export/Debug/Debug.bindings.h Line: 39)

SELFPLAY GOAL 216 scorer=Zhao ZhaoReward=1 total=113:103 
(Filename: E:\unity\Runtime/Export/Debug/Debug.bindings.h Line: 39)

SELFPLAY GOAL 217 scorer=Fan ZhaoReward=-1 total=114:103 
(Filename: E:\unity\Runtime/Export/Debug/Debug.bindings.h Line: 39)

SELFPLAY GOAL 218 scorer=Zhao ZhaoReward=1 total=114:104 
(Filename: E:\unity\Runtime/Export/Debug/Debug.bindings.h Line: 39)

SELFPLAY GOAL 219 scorer=Zhao ZhaoReward=1 total=114:105 
(Filename: E:\unity\Runtime/Export/Debug/Debug.bindings.h Line: 39)

SELFPLAY GOAL 220 scorer=Fan ZhaoReward=-1 total=115:105 
(Filename: E:\unity\Runtime/Export/Debug/Debug.bindings.h Line: 39)

SELFPLAY GOAL 221 scorer=Fan ZhaoReward=-1 total=116:105 
(Filename: E:\unity\Runtime/Export/Debug/Debug.bindings.h Line: 39)

SELFPLAY GOAL 222 scorer=Fan ZhaoReward=-1 total=117:105 
(Filename: E:\unity\Runtime/Export/Debug/Debug.bindings.h Line: 39)

SELFPLAY MATCH 22 goals=12 total=222 score=7:5 
(Filename: E:\unity\Runtime/Export/Debug/Debug.bindings.h Line: 39)

Unloading 4 Unused Serialized files (Serialized files now loaded: 0)
UnloadTime: 0.800400 ms

Unloading 4 unused Assets to reduce memory usage. Loaded Objects now: 1061.
Total: 1.430500 ms (FindLiveObjects: 0.058500 ms CreateObjectMapping: 0.010600 ms MarkObjects: 0.367500 ms  DeleteObjects: 0.993500 ms)

SELFPLAY GOALMAP x=-6.13 isPlayer1Goal=True 
(Filename: E:\unity\Runtime/Export/Debug/Debug.bindings.h Line: 39)

SELFPLAY GOALMAP x=6.18 isPlayer1Goal=False 
(Filename: E:\unity\Runtime/Export/Debug/Debug.bindings.h Line: 39)

SELFPLAY GOAL 223 scorer=Fan ZhaoReward=-1 total=118:105 
(Filename: E:\unity\Runtime/Export/Debug/Debug.bindings.h Line: 39)

SELFPLAY GOAL 224 scorer=Zhao ZhaoReward=1 total=118:106 
(Filename: E:\unity\Runtime/Export/Debug/Debug.bindings.h Line: 39)

SELFPLAY GOAL 225 scorer=Zhao ZhaoReward=1 total=118:107 
(Filename: E:\unity\Runtime/Export/Debug/Debug.bindings.h Line: 39)

SELFPLAY GOAL 226 scorer=Fan ZhaoReward=-1 total=119:107 
(Filename: E:\unity\Runtime/Export/Debug/Debug.bindings.h Line: 39)

SELFPLAY GOAL 227 scorer=Zhao ZhaoReward=1 total=119:108 
(Filename: E:\unity\Runtime/Export/Debug/Debug.bindings.h Line: 39)

SELFPLAY GOAL 228 scorer=Zhao ZhaoReward=1 total=119:109 
(Filename: E:\unity\Runtime/Export/Debug/Debug.bindings.h Line: 39)

SELFPLAY GOAL 229 scorer=Zhao ZhaoReward=1 total=119:110 
(Filename: E:\unity\Runtime/Export/Debug/Debug.bindings.h Line: 39)

SELFPLAY GOAL 230 scorer=Zhao ZhaoReward=1 total=119:111 
(Filename: E:\unity\Runtime/Export/Debug/Debug.bindings.h Line: 39)

SELFPLAY GOAL 231 scorer=Zhao ZhaoReward=1 total=119:112 
(Filename: E:\unity\Runtime/Export/Debug/Debug.bindings.h Line: 39)

SELFPLAY GOAL 232 scorer=Fan ZhaoReward=-1 total=120:112 
(Filename: E:\unity\Runtime/Export/Debug/Debug.bindings.h Line: 39)

SELFPLAY GOAL 233 scorer=Zhao ZhaoReward=1 total=120:113 
(Filename: E:\unity\Runtime/Export/Debug/Debug.bindings.h Line: 39)

SELFPLAY MATCH 23 goals=11 total=233 score=3:8 
(Filename: E:\unity\Runtime/Export/Debug/Debug.bindings.h Line: 39)

Unloading 4 Unused Serialized files (Serialized files now loaded: 0)
UnloadTime: 0.428800 ms

Unloading 4 unused Assets to reduce memory usage. Loaded Objects now: 1061.
Total: 0.879000 ms (FindLiveObjects: 0.061000 ms CreateObjectMapping: 0.011700 ms MarkObjects: 0.279400 ms  DeleteObjects: 0.526600 ms)

SELFPLAY GOALMAP x=-6.13 isPlayer1Goal=True 
(Filename: E:\unity\Runtime/Export/Debug/Debug.bindings.h Line: 39)

SELFPLAY GOALMAP x=6.18 isPlayer1Goal=False 
(Filename: E:\unity\Runtime/Export/Debug/Debug.bindings.h Line: 39)

SELFPLAY GOAL 234 scorer=Fan ZhaoReward=-1 total=121:113 
(Filename: E:\unity\Runtime/Export/Debug/Debug.bindings.h Line: 39)

SELFPLAY GOAL 235 scorer=Zhao ZhaoReward=1 total=121:114 
(Filename: E:\unity\Runtime/Export/Debug/Debug.bindings.h Line: 39)

SELFPLAY GOAL 236 scorer=Zhao ZhaoReward=1 total=121:115 
(Filename: E:\unity\Runtime/Export/Debug/Debug.bindings.h Line: 39)

SELFPLAY GOAL 237 scorer=Fan ZhaoReward=-1 total=122:115 
(Filename: E:\unity\Runtime/Export/Debug/Debug.bindings.h Line: 39)

SELFPLAY GOAL 238 scorer=Zhao ZhaoReward=1 total=122:116 
(Filename: E:\unity\Runtime/Export/Debug/Debug.bindings.h Line: 39)

SELFPLAY GOAL 239 scorer=Fan ZhaoReward=-1 total=123:116 
(Filename: E:\unity\Runtime/Export/Debug/Debug.bindings.h Line: 39)

SELFPLAY GOAL 240 scorer=Zhao ZhaoReward=1 total=123:117 
(Filename: E:\unity\Runtime/Export/Debug/Debug.bindings.h Line: 39)

SELFPLAY GOAL 241 scorer=Fan ZhaoReward=-1 total=124:117 
(Filename: E:\unity\Runtime/Export/Debug/Debug.bindings.h Line: 39)

SELFPLAY GOAL 242 scorer=Zhao ZhaoReward=1 total=124:118 
(Filename: E:\unity\Runtime/Export/Debug/Debug.bindings.h Line: 39)

SELFPLAY GOAL 243 scorer=Fan ZhaoReward=-1 total=125:118 
(Filename: E:\unity\Runtime/Export/Debug/Debug.bindings.h Line: 39)

SELFPLAY GOAL 244 scorer=Fan ZhaoReward=-1 total=126:118 
(Filename: E:\unity\Runtime/Export/Debug/Debug.bindings.h Line: 39)

SELFPLAY GOAL 245 scorer=Fan ZhaoReward=-1 total=127:118 
(Filename: E:\unity\Runtime/Export/Debug/Debug.bindings.h Line: 39)

SELFPLAY MATCH 24 goals=12 total=245 score=7:5 
(Filename: E:\unity\Runtime/Export/Debug/Debug.bindings.h Line: 39)

Unloading 4 Unused Serialized files (Serialized files now loaded: 0)
UnloadTime: 0.438900 ms

Unloading 4 unused Assets to reduce memory usage. Loaded Objects now: 1061.
Total: 0.882800 ms (FindLiveObjects: 0.045000 ms CreateObjectMapping: 0.010700 ms MarkObjects: 0.265600 ms  DeleteObjects: 0.561000 ms)

SELFPLAY GOALMAP x=-6.13 isPlayer1Goal=True 
(Filename: E:\unity\Runtime/Export/Debug/Debug.bindings.h Line: 39)

SELFPLAY GOALMAP x=6.18 isPlayer1Goal=False 
(Filename: E:\unity\Runtime/Export/Debug/Debug.bindings.h Line: 39)

SELFPLAY GOAL 246 scorer=Fan ZhaoReward=-1 total=128:118 
(Filename: E:\unity\Runtime/Export/Debug/Debug.bindings.h Line: 39)

SELFPLAY GOAL 247 scorer=Zhao ZhaoReward=1 total=128:119 
(Filename: E:\unity\Runtime/Export/Debug/Debug.bindings.h Line: 39)

SELFPLAY GOAL 248 scorer=Fan ZhaoReward=-1 total=129:119 
(Filename: E:\unity\Runtime/Export/Debug/Debug.bindings.h Line: 39)

SELFPLAY GOAL 249 scorer=Fan ZhaoReward=-1 total=130:119 
(Filename: E:\unity\Runtime/Export/Debug/Debug.bindings.h Line: 39)

SELFPLAY GOAL 250 scorer=Fan ZhaoReward=-1 total=131:119 
(Filename: E:\unity\Runtime/Export/Debug/Debug.bindings.h Line: 39)

SELFPLAY GOAL 251 scorer=Zhao ZhaoReward=1 total=131:120 
(Filename: E:\unity\Runtime/Export/Debug/Debug.bindings.h Line: 39)

SELFPLAY GOAL 252 scorer=Fan ZhaoReward=-1 total=132:120 
(Filename: E:\unity\Runtime/Export/Debug/Debug.bindings.h Line: 39)

SELFPLAY GOAL 253 scorer=Fan ZhaoReward=-1 total=133:120 
(Filename: E:\unity\Runtime/Export/Debug/Debug.bindings.h Line: 39)

SELFPLAY GOAL 254 scorer=Fan ZhaoReward=-1 total=134:120 
(Filename: E:\unity\Runtime/Export/Debug/Debug.bindings.h Line: 39)

SELFPLAY GOAL 255 scorer=Zhao ZhaoReward=1 total=134:121 
(Filename: E:\unity\Runtime/Export/Debug/Debug.bindings.h Line: 39)

SELFPLAY GOAL 256 scorer=Fan ZhaoReward=-1 total=135:121 
(Filename: E:\unity\Runtime/Export/Debug/Debug.bindings.h Line: 39)

SELFPLAY GOAL 257 scorer=Fan ZhaoReward=-1 total=136:121 
(Filename: E:\unity\Runtime/Export/Debug/Debug.bindings.h Line: 39)

SELFPLAY MATCH 25 goals=12 total=257 score=9:3 
(Filename: E:\unity\Runtime/Export/Debug/Debug.bindings.h Line: 39)

Unloading 4 Unused Serialized files (Serialized files now loaded: 0)
UnloadTime: 0.395000 ms

Unloading 4 unused Assets to reduce memory usage. Loaded Objects now: 1061.
Total: 1.161900 ms (FindLiveObjects: 0.044300 ms CreateObjectMapping: 0.009200 ms MarkObjects: 0.369700 ms  DeleteObjects: 0.738200 ms)

SELFPLAY GOALMAP x=-6.13 isPlayer1Goal=True 
(Filename: E:\unity\Runtime/Export/Debug/Debug.bindings.h Line: 39)

SELFPLAY GOALMAP x=6.18 isPlayer1Goal=False 
(Filename: E:\unity\Runtime/Export/Debug/Debug.bindings.h Line: 39)

SELFPLAY GOAL 258 scorer=Fan ZhaoReward=-1 total=137:121 
(Filename: E:\unity\Runtime/Export/Debug/Debug.bindings.h Line: 39)

SELFPLAY GOAL 259 scorer=Fan ZhaoReward=-1 total=138:121 
(Filename: E:\unity\Runtime/Export/Debug/Debug.bindings.h Line: 39)

SELFPLAY GOAL 260 scorer=Zhao ZhaoReward=1 total=138:122 
(Filename: E:\unity\Runtime/Export/Debug/Debug.bindings.h Line: 39)

SELFPLAY GOAL 261 scorer=Zhao ZhaoReward=1 total=138:123 
(Filename: E:\unity\Runtime/Export/Debug/Debug.bindings.h Line: 39)

SELFPLAY GOAL 262 scorer=Zhao ZhaoReward=1 total=138:124 
(Filename: E:\unity\Runtime/Export/Debug/Debug.bindings.h Line: 39)

SELFPLAY GOAL 263 scorer=Zhao ZhaoReward=1 total=138:125 
(Filename: E:\unity\Runtime/Export/Debug/Debug.bindings.h Line: 39)

SELFPLAY GOAL 264 scorer=Fan ZhaoReward=-1 total=139:125 
(Filename: E:\unity\Runtime/Export/Debug/Debug.bindings.h Line: 39)

SELFPLAY PROGRESS goals=264/500 matches=26 score=139:125 real=101.8531 
(Filename: E:\unity\Runtime/Export/Debug/Debug.bindings.h Line: 39)

SELFPLAY GOAL 265 scorer=Fan ZhaoReward=-1 total=140:125 
(Filename: E:\unity\Runtime/Export/Debug/Debug.bindings.h Line: 39)

SELFPLAY GOAL 266 scorer=Zhao ZhaoReward=1 total=140:126 
(Filename: E:\unity\Runtime/Export/Debug/Debug.bindings.h Line: 39)

SELFPLAY GOAL 267 scorer=Fan ZhaoReward=-1 total=141:126 
(Filename: E:\unity\Runtime/Export/Debug/Debug.bindings.h Line: 39)

SELFPLAY GOAL 268 scorer=Zhao ZhaoReward=1 total=141:127 
(Filename: E:\unity\Runtime/Export/Debug/Debug.bindings.h Line: 39)

SELFPLAY GOAL 269 scorer=Fan ZhaoReward=-1 total=142:127 
(Filename: E:\unity\Runtime/Export/Debug/Debug.bindings.h Line: 39)

SELFPLAY MATCH 26 goals=12 total=269 score=6:6 
(Filename: E:\unity\Runtime/Export/Debug/Debug.bindings.h Line: 39)

Unloading 4 Unused Serialized files (Serialized files now loaded: 0)
UnloadTime: 0.538500 ms

Unloading 4 unused Assets to reduce memory usage. Loaded Objects now: 1061.
Total: 1.122900 ms (FindLiveObjects: 0.040300 ms CreateObjectMapping: 0.009900 ms MarkObjects: 0.275500 ms  DeleteObjects: 0.796700 ms)

SELFPLAY GOALMAP x=-6.13 isPlayer1Goal=True 
(Filename: E:\unity\Runtime/Export/Debug/Debug.bindings.h Line: 39)

SELFPLAY GOALMAP x=6.18 isPlayer1Goal=False 
(Filename: E:\unity\Runtime/Export/Debug/Debug.bindings.h Line: 39)

SELFPLAY GOAL 270 scorer=Fan ZhaoReward=-1 total=143:127 
(Filename: E:\unity\Runtime/Export/Debug/Debug.bindings.h Line: 39)

SELFPLAY GOAL 271 scorer=Zhao ZhaoReward=1 total=143:128 
(Filename: E:\unity\Runtime/Export/Debug/Debug.bindings.h Line: 39)

SELFPLAY GOAL 272 scorer=Zhao ZhaoReward=1 total=143:129 
(Filename: E:\unity\Runtime/Export/Debug/Debug.bindings.h Line: 39)

SELFPLAY GOAL 273 scorer=Fan ZhaoReward=-1 total=144:129 
(Filename: E:\unity\Runtime/Export/Debug/Debug.bindings.h Line: 39)

SELFPLAY GOAL 274 scorer=Zhao ZhaoReward=1 total=144:130 
(Filename: E:\unity\Runtime/Export/Debug/Debug.bindings.h Line: 39)

SELFPLAY GOAL 275 scorer=Zhao ZhaoReward=1 total=144:131 
(Filename: E:\unity\Runtime/Export/Debug/Debug.bindings.h Line: 39)

SELFPLAY GOAL 276 scorer=Fan ZhaoReward=-1 total=145:131 
(Filename: E:\unity\Runtime/Export/Debug/Debug.bindings.h Line: 39)

SELFPLAY GOAL 277 scorer=Fan ZhaoReward=-1 total=146:131 
(Filename: E:\unity\Runtime/Export/Debug/Debug.bindings.h Line: 39)

SELFPLAY GOAL 278 scorer=Fan ZhaoReward=-1 total=147:131 
(Filename: E:\unity\Runtime/Export/Debug/Debug.bindings.h Line: 39)

SELFPLAY GOAL 279 scorer=Fan ZhaoReward=-1 total=148:131 
(Filename: E:\unity\Runtime/Export/Debug/Debug.bindings.h Line: 39)

SELFPLAY GOAL 280 scorer=Fan ZhaoReward=-1 total=149:131 
(Filename: E:\unity\Runtime/Export/Debug/Debug.bindings.h Line: 39)

SELFPLAY GOAL 281 scorer=Zhao ZhaoReward=1 total=149:132 
(Filename: E:\unity\Runtime/Export/Debug/Debug.bindings.h Line: 39)

SELFPLAY GOAL 282 scorer=Fan ZhaoReward=-1 total=150:132 
(Filename: E:\unity\Runtime/Export/Debug/Debug.bindings.h Line: 39)

SELFPLAY MATCH 27 goals=13 total=282 score=8:5 
(Filename: E:\unity\Runtime/Export/Debug/Debug.bindings.h Line: 39)

Unloading 4 Unused Serialized files (Serialized files now loaded: 0)
UnloadTime: 0.501700 ms

Unloading 4 unused Assets to reduce memory usage. Loaded Objects now: 1061.
Total: 1.199200 ms (FindLiveObjects: 0.044400 ms CreateObjectMapping: 0.009900 ms MarkObjects: 0.298100 ms  DeleteObjects: 0.846000 ms)

SELFPLAY GOALMAP x=-6.13 isPlayer1Goal=True 
(Filename: E:\unity\Runtime/Export/Debug/Debug.bindings.h Line: 39)

SELFPLAY GOALMAP x=6.18 isPlayer1Goal=False 
(Filename: E:\unity\Runtime/Export/Debug/Debug.bindings.h Line: 39)

SELFPLAY GOAL 283 scorer=Fan ZhaoReward=-1 total=151:132 
(Filename: E:\unity\Runtime/Export/Debug/Debug.bindings.h Line: 39)

SELFPLAY GOAL 284 scorer=Zhao ZhaoReward=1 total=151:133 
(Filename: E:\unity\Runtime/Export/Debug/Debug.bindings.h Line: 39)

SELFPLAY GOAL 285 scorer=Zhao ZhaoReward=1 total=151:134 
(Filename: E:\unity\Runtime/Export/Debug/Debug.bindings.h Line: 39)

SELFPLAY GOAL 286 scorer=Fan ZhaoReward=-1 total=152:134 
(Filename: E:\unity\Runtime/Export/Debug/Debug.bindings.h Line: 39)

SELFPLAY GOAL 287 scorer=Fan ZhaoReward=-1 total=153:134 
(Filename: E:\unity\Runtime/Export/Debug/Debug.bindings.h Line: 39)

SELFPLAY GOAL 288 scorer=Zhao ZhaoReward=1 total=153:135 
(Filename: E:\unity\Runtime/Export/Debug/Debug.bindings.h Line: 39)

SELFPLAY GOAL 289 scorer=Fan ZhaoReward=-1 total=154:135 
(Filename: E:\unity\Runtime/Export/Debug/Debug.bindings.h Line: 39)

SELFPLAY GOAL 290 scorer=Zhao ZhaoReward=1 total=154:136 
(Filename: E:\unity\Runtime/Export/Debug/Debug.bindings.h Line: 39)

SELFPLAY GOAL 291 scorer=Zhao ZhaoReward=1 total=154:137 
(Filename: E:\unity\Runtime/Export/Debug/Debug.bindings.h Line: 39)

SELFPLAY MATCH 28 goals=9 total=291 score=4:5 
(Filename: E:\unity\Runtime/Export/Debug/Debug.bindings.h Line: 39)

Unloading 4 Unused Serialized files (Serialized files now loaded: 0)
UnloadTime: 0.492900 ms

Unloading 4 unused Assets to reduce memory usage. Loaded Objects now: 1061.
Total: 1.159000 ms (FindLiveObjects: 0.040500 ms CreateObjectMapping: 0.008900 ms MarkObjects: 0.266800 ms  DeleteObjects: 0.842100 ms)

SELFPLAY GOALMAP x=-6.13 isPlayer1Goal=True 
(Filename: E:\unity\Runtime/Export/Debug/Debug.bindings.h Line: 39)

SELFPLAY GOALMAP x=6.18 isPlayer1Goal=False 
(Filename: E:\unity\Runtime/Export/Debug/Debug.bindings.h Line: 39)

SELFPLAY GOAL 292 scorer=Fan ZhaoReward=-1 total=155:137 
(Filename: E:\unity\Runtime/Export/Debug/Debug.bindings.h Line: 39)

SELFPLAY GOAL 293 scorer=Fan ZhaoReward=-1 total=156:137 
(Filename: E:\unity\Runtime/Export/Debug/Debug.bindings.h Line: 39)

SELFPLAY GOAL 294 scorer=Fan ZhaoReward=-1 total=157:137 
(Filename: E:\unity\Runtime/Export/Debug/Debug.bindings.h Line: 39)

SELFPLAY GOAL 295 scorer=Zhao ZhaoReward=1 total=157:138 
(Filename: E:\unity\Runtime/Export/Debug/Debug.bindings.h Line: 39)

SELFPLAY GOAL 296 scorer=Zhao ZhaoReward=1 total=157:139 
(Filename: E:\unity\Runtime/Export/Debug/Debug.bindings.h Line: 39)

SELFPLAY GOAL 297 scorer=Fan ZhaoReward=-1 total=158:139 
(Filename: E:\unity\Runtime/Export/Debug/Debug.bindings.h Line: 39)

SELFPLAY GOAL 298 scorer=Zhao ZhaoReward=1 total=158:140 
(Filename: E:\unity\Runtime/Export/Debug/Debug.bindings.h Line: 39)

SELFPLAY GOAL 299 scorer=Zhao ZhaoReward=1 total=158:141 
(Filename: E:\unity\Runtime/Export/Debug/Debug.bindings.h Line: 39)

SELFPLAY GOAL 300 scorer=Zhao ZhaoReward=1 total=158:142 
(Filename: E:\unity\Runtime/Export/Debug/Debug.bindings.h Line: 39)

SELFPLAY GOAL 301 scorer=Fan ZhaoReward=-1 total=159:142 
(Filename: E:\unity\Runtime/Export/Debug/Debug.bindings.h Line: 39)

SELFPLAY MATCH 29 goals=10 total=301 score=5:5 
(Filename: E:\unity\Runtime/Export/Debug/Debug.bindings.h Line: 39)

Unloading 4 Unused Serialized files (Serialized files now loaded: 0)
UnloadTime: 0.497700 ms

Unloading 4 unused Assets to reduce memory usage. Loaded Objects now: 1061.
Total: 1.925700 ms (FindLiveObjects: 0.053900 ms CreateObjectMapping: 0.011700 ms MarkObjects: 0.445700 ms  DeleteObjects: 1.414000 ms)

SELFPLAY GOALMAP x=-6.13 isPlayer1Goal=True 
(Filename: E:\unity\Runtime/Export/Debug/Debug.bindings.h Line: 39)

SELFPLAY GOALMAP x=6.18 isPlayer1Goal=False 
(Filename: E:\unity\Runtime/Export/Debug/Debug.bindings.h Line: 39)

SELFPLAY GOAL 302 scorer=Fan ZhaoReward=-1 total=160:142 
(Filename: E:\unity\Runtime/Export/Debug/Debug.bindings.h Line: 39)

SELFPLAY GOAL 303 scorer=Zhao ZhaoReward=1 total=160:143 
(Filename: E:\unity\Runtime/Export/Debug/Debug.bindings.h Line: 39)

SELFPLAY GOAL 304 scorer=Zhao ZhaoReward=1 total=160:144 
(Filename: E:\unity\Runtime/Export/Debug/Debug.bindings.h Line: 39)

SELFPLAY GOAL 305 scorer=Fan ZhaoReward=-1 total=161:144 
(Filename: E:\unity\Runtime/Export/Debug/Debug.bindings.h Line: 39)

SELFPLAY GOAL 306 scorer=Fan ZhaoReward=-1 total=162:144 
(Filename: E:\unity\Runtime/Export/Debug/Debug.bindings.h Line: 39)

SELFPLAY GOAL 307 scorer=Zhao ZhaoReward=1 total=162:145 
(Filename: E:\unity\Runtime/Export/Debug/Debug.bindings.h Line: 39)

SELFPLAY GOAL 308 scorer=Fan ZhaoReward=-1 total=163:145 
(Filename: E:\unity\Runtime/Export/Debug/Debug.bindings.h Line: 39)

SELFPLAY GOAL 309 scorer=Fan ZhaoReward=-1 total=164:145 
(Filename: E:\unity\Runtime/Export/Debug/Debug.bindings.h Line: 39)

SELFPLAY GOAL 310 scorer=Fan ZhaoReward=-1 total=165:145 
(Filename: E:\unity\Runtime/Export/Debug/Debug.bindings.h Line: 39)

SELFPLAY GOAL 311 scorer=Zhao ZhaoReward=1 total=165:146 
(Filename: E:\unity\Runtime/Export/Debug/Debug.bindings.h Line: 39)

SELFPLAY MATCH 30 goals=10 total=311 score=6:4 
(Filename: E:\unity\Runtime/Export/Debug/Debug.bindings.h Line: 39)

Unloading 4 Unused Serialized files (Serialized files now loaded: 0)
UnloadTime: 0.719200 ms

Unloading 4 unused Assets to reduce memory usage. Loaded Objects now: 1061.
Total: 1.268600 ms (FindLiveObjects: 0.041100 ms CreateObjectMapping: 0.009800 ms MarkObjects: 0.304600 ms  DeleteObjects: 0.912500 ms)

SELFPLAY GOALMAP x=-6.13 isPlayer1Goal=True 
(Filename: E:\unity\Runtime/Export/Debug/Debug.bindings.h Line: 39)

SELFPLAY GOALMAP x=6.18 isPlayer1Goal=False 
(Filename: E:\unity\Runtime/Export/Debug/Debug.bindings.h Line: 39)

SELFPLAY GOAL 312 scorer=Fan ZhaoReward=-1 total=166:146 
(Filename: E:\unity\Runtime/Export/Debug/Debug.bindings.h Line: 39)

SELFPLAY GOAL 313 scorer=Zhao ZhaoReward=1 total=166:147 
(Filename: E:\unity\Runtime/Export/Debug/Debug.bindings.h Line: 39)

SELFPLAY GOAL 314 scorer=Zhao ZhaoReward=1 total=166:148 
(Filename: E:\unity\Runtime/Export/Debug/Debug.bindings.h Line: 39)

SELFPLAY GOAL 315 scorer=Fan ZhaoReward=-1 total=167:148 
(Filename: E:\unity\Runtime/Export/Debug/Debug.bindings.h Line: 39)

SELFPLAY GOAL 316 scorer=Fan ZhaoReward=-1 total=168:148 
(Filename: E:\unity\Runtime/Export/Debug/Debug.bindings.h Line: 39)

SELFPLAY GOAL 317 scorer=Zhao ZhaoReward=1 total=168:149 
(Filename: E:\unity\Runtime/Export/Debug/Debug.bindings.h Line: 39)

SELFPLAY GOAL 318 scorer=Fan ZhaoReward=-1 total=169:149 
(Filename: E:\unity\Runtime/Export/Debug/Debug.bindings.h Line: 39)

SELFPLAY GOAL 319 scorer=Zhao ZhaoReward=1 total=169:150 
(Filename: E:\unity\Runtime/Export/Debug/Debug.bindings.h Line: 39)

SELFPLAY GOAL 320 scorer=Fan ZhaoReward=-1 total=170:150 
(Filename: E:\unity\Runtime/Export/Debug/Debug.bindings.h Line: 39)

SELFPLAY GOAL 321 scorer=Fan ZhaoReward=-1 total=171:150 
(Filename: E:\unity\Runtime/Export/Debug/Debug.bindings.h Line: 39)

SELFPLAY GOAL 322 scorer=Fan ZhaoReward=-1 total=172:150 
(Filename: E:\unity\Runtime/Export/Debug/Debug.bindings.h Line: 39)

SELFPLAY GOAL 323 scorer=Fan ZhaoReward=-1 total=173:150 
(Filename: E:\unity\Runtime/Export/Debug/Debug.bindings.h Line: 39)

SELFPLAY GOAL 324 scorer=Zhao ZhaoReward=1 total=173:151 
(Filename: E:\unity\Runtime/Export/Debug/Debug.bindings.h Line: 39)

SELFPLAY GOAL 325 scorer=Fan ZhaoReward=-1 total=174:151 
(Filename: E:\unity\Runtime/Export/Debug/Debug.bindings.h Line: 39)

SELFPLAY GOAL 326 scorer=Zhao ZhaoReward=1 total=174:152 
(Filename: E:\unity\Runtime/Export/Debug/Debug.bindings.h Line: 39)

SELFPLAY MATCH 31 goals=15 total=326 score=9:6 
(Filename: E:\unity\Runtime/Export/Debug/Debug.bindings.h Line: 39)

Unloading 4 Unused Serialized files (Serialized files now loaded: 0)
UnloadTime: 0.527200 ms

Unloading 4 unused Assets to reduce memory usage. Loaded Objects now: 1061.
Total: 1.460600 ms (FindLiveObjects: 0.040800 ms CreateObjectMapping: 0.009400 ms MarkObjects: 0.392900 ms  DeleteObjects: 1.017000 ms)

SELFPLAY GOALMAP x=-6.13 isPlayer1Goal=True 
(Filename: E:\unity\Runtime/Export/Debug/Debug.bindings.h Line: 39)

SELFPLAY GOALMAP x=6.18 isPlayer1Goal=False 
(Filename: E:\unity\Runtime/Export/Debug/Debug.bindings.h Line: 39)

SELFPLAY GOAL 327 scorer=Zhao ZhaoReward=1 total=174:153 
(Filename: E:\unity\Runtime/Export/Debug/Debug.bindings.h Line: 39)

SELFPLAY GOAL 328 scorer=Zhao ZhaoReward=1 total=174:154 
(Filename: E:\unity\Runtime/Export/Debug/Debug.bindings.h Line: 39)

SELFPLAY GOAL 329 scorer=Zhao ZhaoReward=1 total=174:155 
(Filename: E:\unity\Runtime/Export/Debug/Debug.bindings.h Line: 39)

SELFPLAY GOAL 330 scorer=Fan ZhaoReward=-1 total=175:155 
(Filename: E:\unity\Runtime/Export/Debug/Debug.bindings.h Line: 39)

SELFPLAY GOAL 331 scorer=Fan ZhaoReward=-1 total=176:155 
(Filename: E:\unity\Runtime/Export/Debug/Debug.bindings.h Line: 39)

SELFPLAY GOAL 332 scorer=Fan ZhaoReward=-1 total=177:155 
(Filename: E:\unity\Runtime/Export/Debug/Debug.bindings.h Line: 39)

SELFPLAY GOAL 333 scorer=Zhao ZhaoReward=1 total=177:156 
(Filename: E:\unity\Runtime/Export/Debug/Debug.bindings.h Line: 39)

SELFPLAY MATCH 32 goals=7 total=333 score=3:4 
(Filename: E:\unity\Runtime/Export/Debug/Debug.bindings.h Line: 39)

Unloading 4 Unused Serialized files (Serialized files now loaded: 0)
UnloadTime: 0.617100 ms

Unloading 4 unused Assets to reduce memory usage. Loaded Objects now: 1061.
Total: 1.217300 ms (FindLiveObjects: 0.042600 ms CreateObjectMapping: 0.009400 ms MarkObjects: 0.340700 ms  DeleteObjects: 0.824100 ms)

SELFPLAY GOALMAP x=-6.13 isPlayer1Goal=True 
(Filename: E:\unity\Runtime/Export/Debug/Debug.bindings.h Line: 39)

SELFPLAY GOALMAP x=6.18 isPlayer1Goal=False 
(Filename: E:\unity\Runtime/Export/Debug/Debug.bindings.h Line: 39)

SELFPLAY GOAL 334 scorer=Fan ZhaoReward=-1 total=178:156 
(Filename: E:\unity\Runtime/Export/Debug/Debug.bindings.h Line: 39)

SELFPLAY GOAL 335 scorer=Zhao ZhaoReward=1 total=178:157 
(Filename: E:\unity\Runtime/Export/Debug/Debug.bindings.h Line: 39)

SELFPLAY GOAL 336 scorer=Zhao ZhaoReward=1 total=178:158 
(Filename: E:\unity\Runtime/Export/Debug/Debug.bindings.h Line: 39)

SELFPLAY GOAL 337 scorer=Zhao ZhaoReward=1 total=178:159 
(Filename: E:\unity\Runtime/Export/Debug/Debug.bindings.h Line: 39)

SELFPLAY GOAL 338 scorer=Zhao ZhaoReward=1 total=178:160 
(Filename: E:\unity\Runtime/Export/Debug/Debug.bindings.h Line: 39)

SELFPLAY GOAL 339 scorer=Zhao ZhaoReward=1 total=178:161 
(Filename: E:\unity\Runtime/Export/Debug/Debug.bindings.h Line: 39)

SELFPLAY PROGRESS goals=339/500 matches=33 score=178:161 real=131.8568 
(Filename: E:\unity\Runtime/Export/Debug/Debug.bindings.h Line: 39)

SELFPLAY MATCH 33 goals=6 total=339 score=1:5 
(Filename: E:\unity\Runtime/Export/Debug/Debug.bindings.h Line: 39)

Unloading 4 Unused Serialized files (Serialized files now loaded: 0)
UnloadTime: 0.481100 ms

Unloading 4 unused Assets to reduce memory usage. Loaded Objects now: 1061.
Total: 1.580700 ms (FindLiveObjects: 0.044000 ms CreateObjectMapping: 0.010400 ms MarkObjects: 0.384300 ms  DeleteObjects: 1.141200 ms)

SELFPLAY GOALMAP x=-6.13 isPlayer1Goal=True 
(Filename: E:\unity\Runtime/Export/Debug/Debug.bindings.h Line: 39)

SELFPLAY GOALMAP x=6.18 isPlayer1Goal=False 
(Filename: E:\unity\Runtime/Export/Debug/Debug.bindings.h Line: 39)

SELFPLAY GOAL 340 scorer=Fan ZhaoReward=-1 total=179:161 
(Filename: E:\unity\Runtime/Export/Debug/Debug.bindings.h Line: 39)

SELFPLAY GOAL 341 scorer=Zhao ZhaoReward=1 total=179:162 
(Filename: E:\unity\Runtime/Export/Debug/Debug.bindings.h Line: 39)

SELFPLAY GOAL 342 scorer=Fan ZhaoReward=-1 total=180:162 
(Filename: E:\unity\Runtime/Export/Debug/Debug.bindings.h Line: 39)

SELFPLAY GOAL 343 scorer=Zhao ZhaoReward=1 total=180:163 
(Filename: E:\unity\Runtime/Export/Debug/Debug.bindings.h Line: 39)

SELFPLAY GOAL 344 scorer=Zhao ZhaoReward=1 total=180:164 
(Filename: E:\unity\Runtime/Export/Debug/Debug.bindings.h Line: 39)

SELFPLAY GOAL 345 scorer=Zhao ZhaoReward=1 total=180:165 
(Filename: E:\unity\Runtime/Export/Debug/Debug.bindings.h Line: 39)

SELFPLAY GOAL 346 scorer=Zhao ZhaoReward=1 total=180:166 
(Filename: E:\unity\Runtime/Export/Debug/Debug.bindings.h Line: 39)

SELFPLAY GOAL 347 scorer=Zhao ZhaoReward=1 total=180:167 
(Filename: E:\unity\Runtime/Export/Debug/Debug.bindings.h Line: 39)

SELFPLAY GOAL 348 scorer=Zhao ZhaoReward=1 total=180:168 
(Filename: E:\unity\Runtime/Export/Debug/Debug.bindings.h Line: 39)

SELFPLAY MATCH 34 goals=9 total=348 score=2:7 
(Filename: E:\unity\Runtime/Export/Debug/Debug.bindings.h Line: 39)

Unloading 4 Unused Serialized files (Serialized files now loaded: 0)
UnloadTime: 0.625600 ms

Unloading 4 unused Assets to reduce memory usage. Loaded Objects now: 1061.
Total: 1.129700 ms (FindLiveObjects: 0.056700 ms CreateObjectMapping: 0.010900 ms MarkObjects: 0.277800 ms  DeleteObjects: 0.783800 ms)

SELFPLAY GOALMAP x=-6.13 isPlayer1Goal=True 
(Filename: E:\unity\Runtime/Export/Debug/Debug.bindings.h Line: 39)

SELFPLAY GOALMAP x=6.18 isPlayer1Goal=False 
(Filename: E:\unity\Runtime/Export/Debug/Debug.bindings.h Line: 39)

SELFPLAY GOAL 349 scorer=Fan ZhaoReward=-1 total=181:168 
(Filename: E:\unity\Runtime/Export/Debug/Debug.bindings.h Line: 39)

SELFPLAY GOAL 350 scorer=Fan ZhaoReward=-1 total=182:168 
(Filename: E:\unity\Runtime/Export/Debug/Debug.bindings.h Line: 39)

SELFPLAY GOAL 351 scorer=Zhao ZhaoReward=1 total=182:169 
(Filename: E:\unity\Runtime/Export/Debug/Debug.bindings.h Line: 39)

SELFPLAY GOAL 352 scorer=Fan ZhaoReward=-1 total=183:169 
(Filename: E:\unity\Runtime/Export/Debug/Debug.bindings.h Line: 39)

SELFPLAY GOAL 353 scorer=Zhao ZhaoReward=1 total=183:170 
(Filename: E:\unity\Runtime/Export/Debug/Debug.bindings.h Line: 39)

SELFPLAY GOAL 354 scorer=Zhao ZhaoReward=1 total=183:171 
(Filename: E:\unity\Runtime/Export/Debug/Debug.bindings.h Line: 39)

SELFPLAY GOAL 355 scorer=Fan ZhaoReward=-1 total=184:171 
(Filename: E:\unity\Runtime/Export/Debug/Debug.bindings.h Line: 39)

SELFPLAY GOAL 356 scorer=Zhao ZhaoReward=1 total=184:172 
(Filename: E:\unity\Runtime/Export/Debug/Debug.bindings.h Line: 39)

SELFPLAY GOAL 357 scorer=Fan ZhaoReward=-1 total=185:172 
(Filename: E:\unity\Runtime/Export/Debug/Debug.bindings.h Line: 39)

SELFPLAY GOAL 358 scorer=Fan ZhaoReward=-1 total=186:172 
(Filename: E:\unity\Runtime/Export/Debug/Debug.bindings.h Line: 39)

SELFPLAY GOAL 359 scorer=Zhao ZhaoReward=1 total=186:173 
(Filename: E:\unity\Runtime/Export/Debug/Debug.bindings.h Line: 39)

SELFPLAY GOAL 360 scorer=Fan ZhaoReward=-1 total=187:173 
(Filename: E:\unity\Runtime/Export/Debug/Debug.bindings.h Line: 39)

SELFPLAY MATCH 35 goals=12 total=360 score=7:5 
(Filename: E:\unity\Runtime/Export/Debug/Debug.bindings.h Line: 39)

Unloading 4 Unused Serialized files (Serialized files now loaded: 0)
UnloadTime: 0.481300 ms

Unloading 4 unused Assets to reduce memory usage. Loaded Objects now: 1061.
Total: 1.247500 ms (FindLiveObjects: 0.041900 ms CreateObjectMapping: 0.009600 ms MarkObjects: 0.295800 ms  DeleteObjects: 0.899800 ms)

SELFPLAY GOALMAP x=-6.13 isPlayer1Goal=True 
(Filename: E:\unity\Runtime/Export/Debug/Debug.bindings.h Line: 39)

SELFPLAY GOALMAP x=6.18 isPlayer1Goal=False 
(Filename: E:\unity\Runtime/Export/Debug/Debug.bindings.h Line: 39)

SELFPLAY GOAL 361 scorer=Zhao ZhaoReward=1 total=187:174 
(Filename: E:\unity\Runtime/Export/Debug/Debug.bindings.h Line: 39)

SELFPLAY GOAL 362 scorer=Fan ZhaoReward=-1 total=188:174 
(Filename: E:\unity\Runtime/Export/Debug/Debug.bindings.h Line: 39)

SELFPLAY GOAL 363 scorer=Fan ZhaoReward=-1 total=189:174 
(Filename: E:\unity\Runtime/Export/Debug/Debug.bindings.h Line: 39)

SELFPLAY GOAL 364 scorer=Zhao ZhaoReward=1 total=189:175 
(Filename: E:\unity\Runtime/Export/Debug/Debug.bindings.h Line: 39)

SELFPLAY GOAL 365 scorer=Fan ZhaoReward=-1 total=190:175 
(Filename: E:\unity\Runtime/Export/Debug/Debug.bindings.h Line: 39)

SELFPLAY GOAL 366 scorer=Fan ZhaoReward=-1 total=191:175 
(Filename: E:\unity\Runtime/Export/Debug/Debug.bindings.h Line: 39)

SELFPLAY GOAL 367 scorer=Fan ZhaoReward=-1 total=192:175 
(Filename: E:\unity\Runtime/Export/Debug/Debug.bindings.h Line: 39)

SELFPLAY GOAL 368 scorer=Zhao ZhaoReward=1 total=192:176 
(Filename: E:\unity\Runtime/Export/Debug/Debug.bindings.h Line: 39)

SELFPLAY MATCH 36 goals=8 total=368 score=5:3 
(Filename: E:\unity\Runtime/Export/Debug/Debug.bindings.h Line: 39)

Unloading 4 Unused Serialized files (Serialized files now loaded: 0)
UnloadTime: 0.483800 ms

Unloading 4 unused Assets to reduce memory usage. Loaded Objects now: 1061.
Total: 1.310400 ms (FindLiveObjects: 0.043500 ms CreateObjectMapping: 0.010300 ms MarkObjects: 0.293300 ms  DeleteObjects: 0.962600 ms)

SELFPLAY GOALMAP x=-6.13 isPlayer1Goal=True 
(Filename: E:\unity\Runtime/Export/Debug/Debug.bindings.h Line: 39)

SELFPLAY GOALMAP x=6.18 isPlayer1Goal=False 
(Filename: E:\unity\Runtime/Export/Debug/Debug.bindings.h Line: 39)

SELFPLAY GOAL 369 scorer=Fan ZhaoReward=-1 total=193:176 
(Filename: E:\unity\Runtime/Export/Debug/Debug.bindings.h Line: 39)

SELFPLAY GOAL 370 scorer=Zhao ZhaoReward=1 total=193:177 
(Filename: E:\unity\Runtime/Export/Debug/Debug.bindings.h Line: 39)

SELFPLAY GOAL 371 scorer=Fan ZhaoReward=-1 total=194:177 
(Filename: E:\unity\Runtime/Export/Debug/Debug.bindings.h Line: 39)

SELFPLAY GOAL 372 scorer=Fan ZhaoReward=-1 total=195:177 
(Filename: E:\unity\Runtime/Export/Debug/Debug.bindings.h Line: 39)

SELFPLAY GOAL 373 scorer=Zhao ZhaoReward=1 total=195:178 
(Filename: E:\unity\Runtime/Export/Debug/Debug.bindings.h Line: 39)

SELFPLAY GOAL 374 scorer=Fan ZhaoReward=-1 total=196:178 
(Filename: E:\unity\Runtime/Export/Debug/Debug.bindings.h Line: 39)

SELFPLAY GOAL 375 scorer=Zhao ZhaoReward=1 total=196:179 
(Filename: E:\unity\Runtime/Export/Debug/Debug.bindings.h Line: 39)

SELFPLAY GOAL 376 scorer=Zhao ZhaoReward=1 total=196:180 
(Filename: E:\unity\Runtime/Export/Debug/Debug.bindings.h Line: 39)

SELFPLAY MATCH 37 goals=8 total=376 score=4:4 
(Filename: E:\unity\Runtime/Export/Debug/Debug.bindings.h Line: 39)

Unloading 4 Unused Serialized files (Serialized files now loaded: 0)
UnloadTime: 0.445900 ms

Unloading 4 unused Assets to reduce memory usage. Loaded Objects now: 1061.
Total: 0.991100 ms (FindLiveObjects: 0.045800 ms CreateObjectMapping: 0.011000 ms MarkObjects: 0.372000 ms  DeleteObjects: 0.561900 ms)

SELFPLAY GOALMAP x=-6.13 isPlayer1Goal=True 
(Filename: E:\unity\Runtime/Export/Debug/Debug.bindings.h Line: 39)

SELFPLAY GOALMAP x=6.18 isPlayer1Goal=False 
(Filename: E:\unity\Runtime/Export/Debug/Debug.bindings.h Line: 39)

SELFPLAY GOAL 377 scorer=Fan ZhaoReward=-1 total=197:180 
(Filename: E:\unity\Runtime/Export/Debug/Debug.bindings.h Line: 39)

SELFPLAY GOAL 378 scorer=Zhao ZhaoReward=1 total=197:181 
(Filename: E:\unity\Runtime/Export/Debug/Debug.bindings.h Line: 39)

SELFPLAY GOAL 379 scorer=Zhao ZhaoReward=1 total=197:182 
(Filename: E:\unity\Runtime/Export/Debug/Debug.bindings.h Line: 39)

SELFPLAY GOAL 380 scorer=Fan ZhaoReward=-1 total=198:182 
(Filename: E:\unity\Runtime/Export/Debug/Debug.bindings.h Line: 39)

SELFPLAY MATCH 38 goals=4 total=380 score=2:2 
(Filename: E:\unity\Runtime/Export/Debug/Debug.bindings.h Line: 39)

Unloading 4 Unused Serialized files (Serialized files now loaded: 0)
UnloadTime: 0.661800 ms

Unloading 4 unused Assets to reduce memory usage. Loaded Objects now: 1061.
Total: 1.400300 ms (FindLiveObjects: 0.066700 ms CreateObjectMapping: 0.010600 ms MarkObjects: 0.363800 ms  DeleteObjects: 0.958700 ms)

SELFPLAY GOALMAP x=-6.13 isPlayer1Goal=True 
(Filename: E:\unity\Runtime/Export/Debug/Debug.bindings.h Line: 39)

SELFPLAY GOALMAP x=6.18 isPlayer1Goal=False 
(Filename: E:\unity\Runtime/Export/Debug/Debug.bindings.h Line: 39)

SELFPLAY GOAL 381 scorer=Fan ZhaoReward=-1 total=199:182 
(Filename: E:\unity\Runtime/Export/Debug/Debug.bindings.h Line: 39)

SELFPLAY GOAL 382 scorer=Fan ZhaoReward=-1 total=200:182 
(Filename: E:\unity\Runtime/Export/Debug/Debug.bindings.h Line: 39)

SELFPLAY GOAL 383 scorer=Zhao ZhaoReward=1 total=200:183 
(Filename: E:\unity\Runtime/Export/Debug/Debug.bindings.h Line: 39)

SELFPLAY GOAL 384 scorer=Zhao ZhaoReward=1 total=200:184 
(Filename: E:\unity\Runtime/Export/Debug/Debug.bindings.h Line: 39)

SELFPLAY GOAL 385 scorer=Zhao ZhaoReward=1 total=200:185 
(Filename: E:\unity\Runtime/Export/Debug/Debug.bindings.h Line: 39)

SELFPLAY GOAL 386 scorer=Fan ZhaoReward=-1 total=201:185 
(Filename: E:\unity\Runtime/Export/Debug/Debug.bindings.h Line: 39)

SELFPLAY GOAL 387 scorer=Fan ZhaoReward=-1 total=202:185 
(Filename: E:\unity\Runtime/Export/Debug/Debug.bindings.h Line: 39)

SELFPLAY GOAL 388 scorer=Fan ZhaoReward=-1 total=203:185 
(Filename: E:\unity\Runtime/Export/Debug/Debug.bindings.h Line: 39)

SELFPLAY GOAL 389 scorer=Zhao ZhaoReward=1 total=203:186 
(Filename: E:\unity\Runtime/Export/Debug/Debug.bindings.h Line: 39)

SELFPLAY MATCH 39 goals=9 total=389 score=5:4 
(Filename: E:\unity\Runtime/Export/Debug/Debug.bindings.h Line: 39)

Unloading 4 Unused Serialized files (Serialized files now loaded: 0)
UnloadTime: 0.701800 ms

Unloading 4 unused Assets to reduce memory usage. Loaded Objects now: 1061.
Total: 1.332100 ms (FindLiveObjects: 0.041800 ms CreateObjectMapping: 0.009900 ms MarkObjects: 0.304500 ms  DeleteObjects: 0.975000 ms)

SELFPLAY GOALMAP x=-6.13 isPlayer1Goal=True 
(Filename: E:\unity\Runtime/Export/Debug/Debug.bindings.h Line: 39)

SELFPLAY GOALMAP x=6.18 isPlayer1Goal=False 
(Filename: E:\unity\Runtime/Export/Debug/Debug.bindings.h Line: 39)

SELFPLAY GOAL 390 scorer=Fan ZhaoReward=-1 total=204:186 
(Filename: E:\unity\Runtime/Export/Debug/Debug.bindings.h Line: 39)

SELFPLAY GOAL 391 scorer=Zhao ZhaoReward=1 total=204:187 
(Filename: E:\unity\Runtime/Export/Debug/Debug.bindings.h Line: 39)

SELFPLAY GOAL 392 scorer=Zhao ZhaoReward=1 total=204:188 
(Filename: E:\unity\Runtime/Export/Debug/Debug.bindings.h Line: 39)

SELFPLAY GOAL 393 scorer=Fan ZhaoReward=-1 total=205:188 
(Filename: E:\unity\Runtime/Export/Debug/Debug.bindings.h Line: 39)

SELFPLAY GOAL 394 scorer=Zhao ZhaoReward=1 total=205:189 
(Filename: E:\unity\Runtime/Export/Debug/Debug.bindings.h Line: 39)

SELFPLAY GOAL 395 scorer=Zhao ZhaoReward=1 total=205:190 
(Filename: E:\unity\Runtime/Export/Debug/Debug.bindings.h Line: 39)

SELFPLAY GOAL 396 scorer=Fan ZhaoReward=-1 total=206:190 
(Filename: E:\unity\Runtime/Export/Debug/Debug.bindings.h Line: 39)

SELFPLAY GOAL 397 scorer=Zhao ZhaoReward=1 total=206:191 
(Filename: E:\unity\Runtime/Export/Debug/Debug.bindings.h Line: 39)

SELFPLAY GOAL 398 scorer=Fan ZhaoReward=-1 total=207:191 
(Filename: E:\unity\Runtime/Export/Debug/Debug.bindings.h Line: 39)

SELFPLAY GOAL 399 scorer=Zhao ZhaoReward=1 total=207:192 
(Filename: E:\unity\Runtime/Export/Debug/Debug.bindings.h Line: 39)

SELFPLAY GOAL 400 scorer=Fan ZhaoReward=-1 total=208:192 
(Filename: E:\unity\Runtime/Export/Debug/Debug.bindings.h Line: 39)

SELFPLAY GOAL 401 scorer=Fan ZhaoReward=-1 total=209:192 
(Filename: E:\unity\Runtime/Export/Debug/Debug.bindings.h Line: 39)

SELFPLAY MATCH 40 goals=12 total=401 score=6:6 
(Filename: E:\unity\Runtime/Export/Debug/Debug.bindings.h Line: 39)

Unloading 4 Unused Serialized files (Serialized files now loaded: 0)
UnloadTime: 0.468300 ms

Unloading 4 unused Assets to reduce memory usage. Loaded Objects now: 1061.
Total: 1.340400 ms (FindLiveObjects: 0.044100 ms CreateObjectMapping: 0.010100 ms MarkObjects: 0.298900 ms  DeleteObjects: 0.986800 ms)

SELFPLAY GOALMAP x=-6.13 isPlayer1Goal=True 
(Filename: E:\unity\Runtime/Export/Debug/Debug.bindings.h Line: 39)

SELFPLAY GOALMAP x=6.18 isPlayer1Goal=False 
(Filename: E:\unity\Runtime/Export/Debug/Debug.bindings.h Line: 39)

SELFPLAY GOAL 402 scorer=Zhao ZhaoReward=1 total=209:193 
(Filename: E:\unity\Runtime/Export/Debug/Debug.bindings.h Line: 39)

SELFPLAY GOAL 403 scorer=Zhao ZhaoReward=1 total=209:194 
(Filename: E:\unity\Runtime/Export/Debug/Debug.bindings.h Line: 39)

SELFPLAY PROGRESS goals=403/500 matches=41 score=209:194 real=161.8592 
(Filename: E:\unity\Runtime/Export/Debug/Debug.bindings.h Line: 39)

SELFPLAY GOAL 404 scorer=Zhao ZhaoReward=1 total=209:195 
(Filename: E:\unity\Runtime/Export/Debug/Debug.bindings.h Line: 39)

SELFPLAY GOAL 405 scorer=Zhao ZhaoReward=1 total=209:196 
(Filename: E:\unity\Runtime/Export/Debug/Debug.bindings.h Line: 39)

SELFPLAY GOAL 406 scorer=Zhao ZhaoReward=1 total=209:197 
(Filename: E:\unity\Runtime/Export/Debug/Debug.bindings.h Line: 39)

SELFPLAY GOAL 407 scorer=Zhao ZhaoReward=1 total=209:198 
(Filename: E:\unity\Runtime/Export/Debug/Debug.bindings.h Line: 39)

SELFPLAY GOAL 408 scorer=Zhao ZhaoReward=1 total=209:199 
(Filename: E:\unity\Runtime/Export/Debug/Debug.bindings.h Line: 39)

SELFPLAY GOAL 409 scorer=Fan ZhaoReward=-1 total=210:199 
(Filename: E:\unity\Runtime/Export/Debug/Debug.bindings.h Line: 39)

SELFPLAY GOAL 410 scorer=Fan ZhaoReward=-1 total=211:199 
(Filename: E:\unity\Runtime/Export/Debug/Debug.bindings.h Line: 39)

SELFPLAY MATCH 41 goals=9 total=410 score=2:7 
(Filename: E:\unity\Runtime/Export/Debug/Debug.bindings.h Line: 39)

Unloading 4 Unused Serialized files (Serialized files now loaded: 0)
UnloadTime: 0.453400 ms

Unloading 4 unused Assets to reduce memory usage. Loaded Objects now: 1061.
Total: 1.271800 ms (FindLiveObjects: 0.045500 ms CreateObjectMapping: 0.010700 ms MarkObjects: 0.283700 ms  DeleteObjects: 0.931100 ms)

SELFPLAY GOALMAP x=-6.13 isPlayer1Goal=True 
(Filename: E:\unity\Runtime/Export/Debug/Debug.bindings.h Line: 39)

SELFPLAY GOALMAP x=6.18 isPlayer1Goal=False 
(Filename: E:\unity\Runtime/Export/Debug/Debug.bindings.h Line: 39)

SELFPLAY GOAL 411 scorer=Fan ZhaoReward=-1 total=212:199 
(Filename: E:\unity\Runtime/Export/Debug/Debug.bindings.h Line: 39)

SELFPLAY GOAL 412 scorer=Fan ZhaoReward=-1 total=213:199 
(Filename: E:\unity\Runtime/Export/Debug/Debug.bindings.h Line: 39)

SELFPLAY GOAL 413 scorer=Zhao ZhaoReward=1 total=213:200 
(Filename: E:\unity\Runtime/Export/Debug/Debug.bindings.h Line: 39)

SELFPLAY GOAL 414 scorer=Fan ZhaoReward=-1 total=214:200 
(Filename: E:\unity\Runtime/Export/Debug/Debug.bindings.h Line: 39)

SELFPLAY GOAL 415 scorer=Zhao ZhaoReward=1 total=214:201 
(Filename: E:\unity\Runtime/Export/Debug/Debug.bindings.h Line: 39)

SELFPLAY GOAL 416 scorer=Fan ZhaoReward=-1 total=215:201 
(Filename: E:\unity\Runtime/Export/Debug/Debug.bindings.h Line: 39)

SELFPLAY GOAL 417 scorer=Zhao ZhaoReward=1 total=215:202 
(Filename: E:\unity\Runtime/Export/Debug/Debug.bindings.h Line: 39)

SELFPLAY GOAL 418 scorer=Fan ZhaoReward=-1 total=216:202 
(Filename: E:\unity\Runtime/Export/Debug/Debug.bindings.h Line: 39)

SELFPLAY GOAL 419 scorer=Fan ZhaoReward=-1 total=217:202 
(Filename: E:\unity\Runtime/Export/Debug/Debug.bindings.h Line: 39)

SELFPLAY MATCH 42 goals=9 total=419 score=6:3 
(Filename: E:\unity\Runtime/Export/Debug/Debug.bindings.h Line: 39)

Unloading 4 Unused Serialized files (Serialized files now loaded: 0)
UnloadTime: 0.676500 ms

Unloading 4 unused Assets to reduce memory usage. Loaded Objects now: 1061.
Total: 1.420700 ms (FindLiveObjects: 0.065500 ms CreateObjectMapping: 0.012900 ms MarkObjects: 0.364400 ms  DeleteObjects: 0.977400 ms)

SELFPLAY GOALMAP x=-6.13 isPlayer1Goal=True 
(Filename: E:\unity\Runtime/Export/Debug/Debug.bindings.h Line: 39)

SELFPLAY GOALMAP x=6.18 isPlayer1Goal=False 
(Filename: E:\unity\Runtime/Export/Debug/Debug.bindings.h Line: 39)

SELFPLAY GOAL 420 scorer=Zhao ZhaoReward=1 total=217:203 
(Filename: E:\unity\Runtime/Export/Debug/Debug.bindings.h Line: 39)

SELFPLAY GOAL 421 scorer=Fan ZhaoReward=-1 total=218:203 
(Filename: E:\unity\Runtime/Export/Debug/Debug.bindings.h Line: 39)

SELFPLAY GOAL 422 scorer=Fan ZhaoReward=-1 total=219:203 
(Filename: E:\unity\Runtime/Export/Debug/Debug.bindings.h Line: 39)

SELFPLAY GOAL 423 scorer=Fan ZhaoReward=-1 total=220:203 
(Filename: E:\unity\Runtime/Export/Debug/Debug.bindings.h Line: 39)

SELFPLAY GOAL 424 scorer=Zhao ZhaoReward=1 total=220:204 
(Filename: E:\unity\Runtime/Export/Debug/Debug.bindings.h Line: 39)

SELFPLAY GOAL 425 scorer=Fan ZhaoReward=-1 total=221:204 
(Filename: E:\unity\Runtime/Export/Debug/Debug.bindings.h Line: 39)

SELFPLAY GOAL 426 scorer=Zhao ZhaoReward=1 total=221:205 
(Filename: E:\unity\Runtime/Export/Debug/Debug.bindings.h Line: 39)

SELFPLAY GOAL 427 scorer=Fan ZhaoReward=-1 total=222:205 
(Filename: E:\unity\Runtime/Export/Debug/Debug.bindings.h Line: 39)

SELFPLAY GOAL 428 scorer=Fan ZhaoReward=-1 total=223:205 
(Filename: E:\unity\Runtime/Export/Debug/Debug.bindings.h Line: 39)

SELFPLAY GOAL 429 scorer=Fan ZhaoReward=-1 total=224:205 
(Filename: E:\unity\Runtime/Export/Debug/Debug.bindings.h Line: 39)

SELFPLAY GOAL 430 scorer=Fan ZhaoReward=-1 total=225:205 
(Filename: E:\unity\Runtime/Export/Debug/Debug.bindings.h Line: 39)

SELFPLAY GOAL 431 scorer=Zhao ZhaoReward=1 total=225:206 
(Filename: E:\unity\Runtime/Export/Debug/Debug.bindings.h Line: 39)

SELFPLAY MATCH 43 goals=12 total=431 score=8:4 
(Filename: E:\unity\Runtime/Export/Debug/Debug.bindings.h Line: 39)

Unloading 4 Unused Serialized files (Serialized files now loaded: 0)
UnloadTime: 0.541200 ms

Unloading 4 unused Assets to reduce memory usage. Loaded Objects now: 1061.
Total: 1.362500 ms (FindLiveObjects: 0.053700 ms CreateObjectMapping: 0.009700 ms MarkObjects: 0.304600 ms  DeleteObjects: 0.993900 ms)

SELFPLAY GOALMAP x=-6.13 isPlayer1Goal=True 
(Filename: E:\unity\Runtime/Export/Debug/Debug.bindings.h Line: 39)

SELFPLAY GOALMAP x=6.18 isPlayer1Goal=False 
(Filename: E:\unity\Runtime/Export/Debug/Debug.bindings.h Line: 39)

SELFPLAY GOAL 432 scorer=Zhao ZhaoReward=1 total=225:207 
(Filename: E:\unity\Runtime/Export/Debug/Debug.bindings.h Line: 39)

SELFPLAY GOAL 433 scorer=Fan ZhaoReward=-1 total=226:207 
(Filename: E:\unity\Runtime/Export/Debug/Debug.bindings.h Line: 39)

SELFPLAY GOAL 434 scorer=Fan ZhaoReward=-1 total=227:207 
(Filename: E:\unity\Runtime/Export/Debug/Debug.bindings.h Line: 39)

SELFPLAY GOAL 435 scorer=Zhao ZhaoReward=1 total=227:208 
(Filename: E:\unity\Runtime/Export/Debug/Debug.bindings.h Line: 39)

SELFPLAY GOAL 436 scorer=Fan ZhaoReward=-1 total=228:208 
(Filename: E:\unity\Runtime/Export/Debug/Debug.bindings.h Line: 39)

SELFPLAY GOAL 437 scorer=Zhao ZhaoReward=1 total=228:209 
(Filename: E:\unity\Runtime/Export/Debug/Debug.bindings.h Line: 39)

SELFPLAY GOAL 438 scorer=Zhao ZhaoReward=1 total=228:210 
(Filename: E:\unity\Runtime/Export/Debug/Debug.bindings.h Line: 39)

SELFPLAY MATCH 44 goals=7 total=438 score=3:4 
(Filename: E:\unity\Runtime/Export/Debug/Debug.bindings.h Line: 39)

Unloading 4 Unused Serialized files (Serialized files now loaded: 0)
UnloadTime: 0.837700 ms

Unloading 4 unused Assets to reduce memory usage. Loaded Objects now: 1061.
Total: 1.454800 ms (FindLiveObjects: 0.062600 ms CreateObjectMapping: 0.014000 ms MarkObjects: 0.383600 ms  DeleteObjects: 0.994100 ms)

SELFPLAY GOALMAP x=-6.13 isPlayer1Goal=True 
(Filename: E:\unity\Runtime/Export/Debug/Debug.bindings.h Line: 39)

SELFPLAY GOALMAP x=6.18 isPlayer1Goal=False 
(Filename: E:\unity\Runtime/Export/Debug/Debug.bindings.h Line: 39)

SELFPLAY GOAL 439 scorer=Fan ZhaoReward=-1 total=229:210 
(Filename: E:\unity\Runtime/Export/Debug/Debug.bindings.h Line: 39)

SELFPLAY GOAL 440 scorer=Zhao ZhaoReward=1 total=229:211 
(Filename: E:\unity\Runtime/Export/Debug/Debug.bindings.h Line: 39)

SELFPLAY GOAL 441 scorer=Fan ZhaoReward=-1 total=230:211 
(Filename: E:\unity\Runtime/Export/Debug/Debug.bindings.h Line: 39)

SELFPLAY GOAL 442 scorer=Fan ZhaoReward=-1 total=231:211 
(Filename: E:\unity\Runtime/Export/Debug/Debug.bindings.h Line: 39)

SELFPLAY GOAL 443 scorer=Zhao ZhaoReward=1 total=231:212 
(Filename: E:\unity\Runtime/Export/Debug/Debug.bindings.h Line: 39)

SELFPLAY GOAL 444 scorer=Zhao ZhaoReward=1 total=231:213 
(Filename: E:\unity\Runtime/Export/Debug/Debug.bindings.h Line: 39)

SELFPLAY GOAL 445 scorer=Fan ZhaoReward=-1 total=232:213 
(Filename: E:\unity\Runtime/Export/Debug/Debug.bindings.h Line: 39)

SELFPLAY GOAL 446 scorer=Fan ZhaoReward=-1 total=233:213 
(Filename: E:\unity\Runtime/Export/Debug/Debug.bindings.h Line: 39)

SELFPLAY GOAL 447 scorer=Zhao ZhaoReward=1 total=233:214 
(Filename: E:\unity\Runtime/Export/Debug/Debug.bindings.h Line: 39)

SELFPLAY MATCH 45 goals=9 total=447 score=5:4 
(Filename: E:\unity\Runtime/Export/Debug/Debug.bindings.h Line: 39)

Unloading 4 Unused Serialized files (Serialized files now loaded: 0)
UnloadTime: 0.587900 ms

Unloading 4 unused Assets to reduce memory usage. Loaded Objects now: 1061.
Total: 1.322400 ms (FindLiveObjects: 0.040300 ms CreateObjectMapping: 0.009500 ms MarkObjects: 0.281200 ms  DeleteObjects: 0.990900 ms)

SELFPLAY GOALMAP x=-6.13 isPlayer1Goal=True 
(Filename: E:\unity\Runtime/Export/Debug/Debug.bindings.h Line: 39)

SELFPLAY GOALMAP x=6.18 isPlayer1Goal=False 
(Filename: E:\unity\Runtime/Export/Debug/Debug.bindings.h Line: 39)

SELFPLAY GOAL 448 scorer=Fan ZhaoReward=-1 total=234:214 
(Filename: E:\unity\Runtime/Export/Debug/Debug.bindings.h Line: 39)

SELFPLAY GOAL 449 scorer=Zhao ZhaoReward=1 total=234:215 
(Filename: E:\unity\Runtime/Export/Debug/Debug.bindings.h Line: 39)

SELFPLAY GOAL 450 scorer=Fan ZhaoReward=-1 total=235:215 
(Filename: E:\unity\Runtime/Export/Debug/Debug.bindings.h Line: 39)

SELFPLAY GOAL 451 scorer=Fan ZhaoReward=-1 total=236:215 
(Filename: E:\unity\Runtime/Export/Debug/Debug.bindings.h Line: 39)

SELFPLAY GOAL 452 scorer=Zhao ZhaoReward=1 total=236:216 
(Filename: E:\unity\Runtime/Export/Debug/Debug.bindings.h Line: 39)

SELFPLAY GOAL 453 scorer=Zhao ZhaoReward=1 total=236:217 
(Filename: E:\unity\Runtime/Export/Debug/Debug.bindings.h Line: 39)

SELFPLAY GOAL 454 scorer=Zhao ZhaoReward=1 total=236:218 
(Filename: E:\unity\Runtime/Export/Debug/Debug.bindings.h Line: 39)

SELFPLAY GOAL 455 scorer=Fan ZhaoReward=-1 total=237:218 
(Filename: E:\unity\Runtime/Export/Debug/Debug.bindings.h Line: 39)

SELFPLAY GOAL 456 scorer=Fan ZhaoReward=-1 total=238:218 
(Filename: E:\unity\Runtime/Export/Debug/Debug.bindings.h Line: 39)

SELFPLAY MATCH 46 goals=9 total=456 score=5:4 
(Filename: E:\unity\Runtime/Export/Debug/Debug.bindings.h Line: 39)

Unloading 4 Unused Serialized files (Serialized files now loaded: 0)
UnloadTime: 0.433100 ms

Unloading 4 unused Assets to reduce memory usage. Loaded Objects now: 1061.
Total: 1.235800 ms (FindLiveObjects: 0.039900 ms CreateObjectMapping: 0.010100 ms MarkObjects: 0.318000 ms  DeleteObjects: 0.867300 ms)

SELFPLAY GOALMAP x=-6.13 isPlayer1Goal=True 
(Filename: E:\unity\Runtime/Export/Debug/Debug.bindings.h Line: 39)

SELFPLAY GOALMAP x=6.18 isPlayer1Goal=False 
(Filename: E:\unity\Runtime/Export/Debug/Debug.bindings.h Line: 39)

SELFPLAY GOAL 457 scorer=Fan ZhaoReward=-1 total=239:218 
(Filename: E:\unity\Runtime/Export/Debug/Debug.bindings.h Line: 39)

SELFPLAY GOAL 458 scorer=Zhao ZhaoReward=1 total=239:219 
(Filename: E:\unity\Runtime/Export/Debug/Debug.bindings.h Line: 39)

SELFPLAY GOAL 459 scorer=Fan ZhaoReward=-1 total=240:219 
(Filename: E:\unity\Runtime/Export/Debug/Debug.bindings.h Line: 39)

SELFPLAY GOAL 460 scorer=Zhao ZhaoReward=1 total=240:220 
(Filename: E:\unity\Runtime/Export/Debug/Debug.bindings.h Line: 39)

SELFPLAY GOAL 461 scorer=Fan ZhaoReward=-1 total=241:220 
(Filename: E:\unity\Runtime/Export/Debug/Debug.bindings.h Line: 39)

SELFPLAY GOAL 462 scorer=Zhao ZhaoReward=1 total=241:221 
(Filename: E:\unity\Runtime/Export/Debug/Debug.bindings.h Line: 39)

SELFPLAY GOAL 463 scorer=Zhao ZhaoReward=1 total=241:222 
(Filename: E:\unity\Runtime/Export/Debug/Debug.bindings.h Line: 39)

SELFPLAY GOAL 464 scorer=Fan ZhaoReward=-1 total=242:222 
(Filename: E:\unity\Runtime/Export/Debug/Debug.bindings.h Line: 39)

SELFPLAY GOAL 465 scorer=Fan ZhaoReward=-1 total=243:222 
(Filename: E:\unity\Runtime/Export/Debug/Debug.bindings.h Line: 39)

SELFPLAY MATCH 47 goals=9 total=465 score=5:4 
(Filename: E:\unity\Runtime/Export/Debug/Debug.bindings.h Line: 39)

Unloading 4 Unused Serialized files (Serialized files now loaded: 0)
UnloadTime: 0.426300 ms

Unloading 4 unused Assets to reduce memory usage. Loaded Objects now: 1061.
Total: 1.292200 ms (FindLiveObjects: 0.046200 ms CreateObjectMapping: 0.011000 ms MarkObjects: 0.325800 ms  DeleteObjects: 0.908700 ms)

SELFPLAY GOALMAP x=-6.13 isPlayer1Goal=True 
(Filename: E:\unity\Runtime/Export/Debug/Debug.bindings.h Line: 39)

SELFPLAY GOALMAP x=6.18 isPlayer1Goal=False 
(Filename: E:\unity\Runtime/Export/Debug/Debug.bindings.h Line: 39)

SELFPLAY GOAL 466 scorer=Fan ZhaoReward=-1 total=244:222 
(Filename: E:\unity\Runtime/Export/Debug/Debug.bindings.h Line: 39)

SELFPLAY GOAL 467 scorer=Zhao ZhaoReward=1 total=244:223 
(Filename: E:\unity\Runtime/Export/Debug/Debug.bindings.h Line: 39)

SELFPLAY GOAL 468 scorer=Zhao ZhaoReward=1 total=244:224 
(Filename: E:\unity\Runtime/Export/Debug/Debug.bindings.h Line: 39)

SELFPLAY GOAL 469 scorer=Fan ZhaoReward=-1 total=245:224 
(Filename: E:\unity\Runtime/Export/Debug/Debug.bindings.h Line: 39)

SELFPLAY GOAL 470 scorer=Zhao ZhaoReward=1 total=245:225 
(Filename: E:\unity\Runtime/Export/Debug/Debug.bindings.h Line: 39)

SELFPLAY GOAL 471 scorer=Zhao ZhaoReward=1 total=245:226 
(Filename: E:\unity\Runtime/Export/Debug/Debug.bindings.h Line: 39)

SELFPLAY GOAL 472 scorer=Zhao ZhaoReward=1 total=245:227 
(Filename: E:\unity\Runtime/Export/Debug/Debug.bindings.h Line: 39)

SELFPLAY GOAL 473 scorer=Zhao ZhaoReward=1 total=245:228 
(Filename: E:\unity\Runtime/Export/Debug/Debug.bindings.h Line: 39)

SELFPLAY GOAL 474 scorer=Zhao ZhaoReward=1 total=245:229 
(Filename: E:\unity\Runtime/Export/Debug/Debug.bindings.h Line: 39)

SELFPLAY GOAL 475 scorer=Fan ZhaoReward=-1 total=246:229 
(Filename: E:\unity\Runtime/Export/Debug/Debug.bindings.h Line: 39)

SELFPLAY PROGRESS goals=475/500 matches=48 score=246:229 real=191.8608 
(Filename: E:\unity\Runtime/Export/Debug/Debug.bindings.h Line: 39)

SELFPLAY GOAL 476 scorer=Zhao ZhaoReward=1 total=246:230 
(Filename: E:\unity\Runtime/Export/Debug/Debug.bindings.h Line: 39)

SELFPLAY GOAL 477 scorer=Zhao ZhaoReward=1 total=246:231 
(Filename: E:\unity\Runtime/Export/Debug/Debug.bindings.h Line: 39)

SELFPLAY MATCH 48 goals=12 total=477 score=3:9 
(Filename: E:\unity\Runtime/Export/Debug/Debug.bindings.h Line: 39)

Unloading 4 Unused Serialized files (Serialized files now loaded: 0)
UnloadTime: 0.660500 ms

Unloading 4 unused Assets to reduce memory usage. Loaded Objects now: 1061.
Total: 1.180500 ms (FindLiveObjects: 0.041800 ms CreateObjectMapping: 0.009500 ms MarkObjects: 0.300400 ms  DeleteObjects: 0.828400 ms)

SELFPLAY GOALMAP x=-6.13 isPlayer1Goal=True 
(Filename: E:\unity\Runtime/Export/Debug/Debug.bindings.h Line: 39)

SELFPLAY GOALMAP x=6.18 isPlayer1Goal=False 
(Filename: E:\unity\Runtime/Export/Debug/Debug.bindings.h Line: 39)

SELFPLAY GOAL 478 scorer=Fan ZhaoReward=-1 total=247:231 
(Filename: E:\unity\Runtime/Export/Debug/Debug.bindings.h Line: 39)

SELFPLAY GOAL 479 scorer=Zhao ZhaoReward=1 total=247:232 
(Filename: E:\unity\Runtime/Export/Debug/Debug.bindings.h Line: 39)

SELFPLAY GOAL 480 scorer=Zhao ZhaoReward=1 total=247:233 
(Filename: E:\unity\Runtime/Export/Debug/Debug.bindings.h Line: 39)

SELFPLAY GOAL 481 scorer=Zhao ZhaoReward=1 total=247:234 
(Filename: E:\unity\Runtime/Export/Debug/Debug.bindings.h Line: 39)

SELFPLAY GOAL 482 scorer=Zhao ZhaoReward=1 total=247:235 
(Filename: E:\unity\Runtime/Export/Debug/Debug.bindings.h Line: 39)

SELFPLAY GOAL 483 scorer=Fan ZhaoReward=-1 total=248:235 
(Filename: E:\unity\Runtime/Export/Debug/Debug.bindings.h Line: 39)

SELFPLAY GOAL 484 scorer=Zhao ZhaoReward=1 total=248:236 
(Filename: E:\unity\Runtime/Export/Debug/Debug.bindings.h Line: 39)

SELFPLAY GOAL 485 scorer=Fan ZhaoReward=-1 total=249:236 
(Filename: E:\unity\Runtime/Export/Debug/Debug.bindings.h Line: 39)

SELFPLAY MATCH 49 goals=8 total=485 score=3:5 
(Filename: E:\unity\Runtime/Export/Debug/Debug.bindings.h Line: 39)

Unloading 4 Unused Serialized files (Serialized files now loaded: 0)
UnloadTime: 0.415500 ms

Unloading 4 unused Assets to reduce memory usage. Loaded Objects now: 1061.
Total: 1.766400 ms (FindLiveObjects: 0.059100 ms CreateObjectMapping: 0.011700 ms MarkObjects: 0.533000 ms  DeleteObjects: 1.162000 ms)

SELFPLAY GOALMAP x=-6.13 isPlayer1Goal=True 
(Filename: E:\unity\Runtime/Export/Debug/Debug.bindings.h Line: 39)

SELFPLAY GOALMAP x=6.18 isPlayer1Goal=False 
(Filename: E:\unity\Runtime/Export/Debug/Debug.bindings.h Line: 39)

SELFPLAY GOAL 486 scorer=Fan ZhaoReward=-1 total=250:236 
(Filename: E:\unity\Runtime/Export/Debug/Debug.bindings.h Line: 39)

SELFPLAY GOAL 487 scorer=Zhao ZhaoReward=1 total=250:237 
(Filename: E:\unity\Runtime/Export/Debug/Debug.bindings.h Line: 39)

SELFPLAY GOAL 488 scorer=Fan ZhaoReward=-1 total=251:237 
(Filename: E:\unity\Runtime/Export/Debug/Debug.bindings.h Line: 39)

SELFPLAY GOAL 489 scorer=Fan ZhaoReward=-1 total=252:237 
(Filename: E:\unity\Runtime/Export/Debug/Debug.bindings.h Line: 39)

SELFPLAY GOAL 490 scorer=Fan ZhaoReward=-1 total=253:237 
(Filename: E:\unity\Runtime/Export/Debug/Debug.bindings.h Line: 39)

SELFPLAY GOAL 491 scorer=Zhao ZhaoReward=1 total=253:238 
(Filename: E:\unity\Runtime/Export/Debug/Debug.bindings.h Line: 39)

SELFPLAY GOAL 492 scorer=Fan ZhaoReward=-1 total=254:238 
(Filename: E:\unity\Runtime/Export/Debug/Debug.bindings.h Line: 39)

SELFPLAY GOAL 493 scorer=Fan ZhaoReward=-1 total=255:238 
(Filename: E:\unity\Runtime/Export/Debug/Debug.bindings.h Line: 39)

SELFPLAY GOAL 494 scorer=Zhao ZhaoReward=1 total=255:239 
(Filename: E:\unity\Runtime/Export/Debug/Debug.bindings.h Line: 39)

SELFPLAY GOAL 495 scorer=Zhao ZhaoReward=1 total=255:240 
(Filename: E:\unity\Runtime/Export/Debug/Debug.bindings.h Line: 39)

SELFPLAY MATCH 50 goals=10 total=495 score=6:4 
(Filename: E:\unity\Runtime/Export/Debug/Debug.bindings.h Line: 39)

Unloading 4 Unused Serialized files (Serialized files now loaded: 0)
UnloadTime: 0.401300 ms

Unloading 4 unused Assets to reduce memory usage. Loaded Objects now: 1061.
Total: 1.344700 ms (FindLiveObjects: 0.035900 ms CreateObjectMapping: 0.009300 ms MarkObjects: 0.274900 ms  DeleteObjects: 1.024300 ms)

SELFPLAY GOALMAP x=-6.13 isPlayer1Goal=True 
(Filename: E:\unity\Runtime/Export/Debug/Debug.bindings.h Line: 39)

SELFPLAY GOALMAP x=6.18 isPlayer1Goal=False 
(Filename: E:\unity\Runtime/Export/Debug/Debug.bindings.h Line: 39)

SELFPLAY GOAL 496 scorer=Fan ZhaoReward=-1 total=256:240 
(Filename: E:\unity\Runtime/Export/Debug/Debug.bindings.h Line: 39)

SELFPLAY GOAL 497 scorer=Zhao ZhaoReward=1 total=256:241 
(Filename: E:\unity\Runtime/Export/Debug/Debug.bindings.h Line: 39)

SELFPLAY GOAL 498 scorer=Zhao ZhaoReward=1 total=256:242 
(Filename: E:\unity\Runtime/Export/Debug/Debug.bindings.h Line: 39)

SELFPLAY GOAL 499 scorer=Fan ZhaoReward=-1 total=257:242 
(Filename: E:\unity\Runtime/Export/Debug/Debug.bindings.h Line: 39)

SELFPLAY GOAL 500 scorer=Fan ZhaoReward=-1 total=258:242 
(Filename: E:\unity\Runtime/Export/Debug/Debug.bindings.h Line: 39)

SELFPLAY MATCH 51 goals=5 total=500 score=3:2 
(Filename: E:\unity\Runtime/Export/Debug/Debug.bindings.h Line: 39)

SELFPLAY COMPLETE goals=500 fan=258 zhao=242 matches=51 failures=0 
(Filename: E:\unity\Runtime/Export/Debug/Debug.bindings.h Line: 39)

Setting up 12 worker threads for Enlighten.
  Thread -> id: 1754 -> priority: 1 
  Thread -> id: 3ef4 -> priority: 1 
  Thread -> id: 5d78 -> priority: 1 
  Thread -> id: 11a8 -> priority: 1 
  Thread -> id: 6eec -> priority: 1 
  Thread -> id: 350 -> priority: 1 
  Thread -> id: 3e44 -> priority: 1 
  Thread -> id: 4300 -> priority: 1 
  Thread -> id: 2b98 -> priority: 1 
  Thread -> id: 21cc -> priority: 1 
  Thread -> id: 104c -> priority: 1 
  Thread -> id: 18e0 -> priority: 1 

SELFPLAY COMPLETE goals=2000 fan=1066 zhao=934 workers=4 failures=0
