Mono path[0] = 'C:/Users/Alienware/Documents/范志毅VS赵鹏/范志毅VS赵鹏 PC双人版（32位）/鑼冨織姣匳S璧甸箯 PC鍙屼汉鐗堬紙32浣嶏級/AI Mod Source/build/fan-strategy-selfplay-original-baseline-worker-0/FanZhiYi_Data/Managed'
Mono config path = 'C:/Users/Alienware/Documents/范志毅VS赵鹏/范志毅VS赵鹏 PC双人版（32位）/鑼冨織姣匳S璧甸箯 PC鍙屼汉鐗堬紙32浣嶏級/AI Mod Source/build/fan-strategy-selfplay-original-baseline-worker-0/MonoBleedingEdge/etc'
AS: AutoStreaming module initializing.Initialize engine version: 2019.4.33f1c1 (c2f94a8bebb3)
[Subsystems] Discovering subsystems at path C:/Users/Alienware/Documents/范志毅VS赵鹏/范志毅VS赵鹏 PC双人版（32位）/鑼冨織姣匳S璧甸箯 PC鍙屼汉鐗堬紙32浣嶏級/AI Mod Source/build/fan-strategy-selfplay-original-baseline-worker-0/FanZhiYi_Data/UnitySubsystems
Forcing GfxDevice: Null
GfxDevice: creating device client; threaded=0
NullGfxDevice:
    Version:  NULL 1.0 [1.0]
    Renderer: Null Device
    Vendor:   Unity Technologies
Begin MonoManager ReloadAssembly
- Completed reload, in  0.101 seconds
Microsoft Media Foundation video decoding to texture disabled: graphics device is Null, only Direct3D 11 and Direct3D 12 (only on desktop) are supported for hardware-accelerated video decoding.
UnloadTime: 0.631800 ms
Unloading 5 Unused Serialized files (Serialized files now loaded: 0)
UnloadTime: 0.150900 ms

Unloading 145 unused Assets to reduce memory usage. Loaded Objects now: 1003.
Total: 0.528300 ms (FindLiveObjects: 0.037900 ms CreateObjectMapping: 0.009500 ms MarkObjects: 0.201600 ms  DeleteObjects: 0.278800 ms)

SELFPLAY GOALMAP x=-6.13 isPlayer1Goal=True 
(Filename: E:\unity\Runtime/Export/Debug/Debug.bindings.h Line: 39)

SELFPLAY GOALMAP x=6.18 isPlayer1Goal=False 
(Filename: E:\unity\Runtime/Export/Debug/Debug.bindings.h Line: 39)

SELFPLAY GOAL 101 scorer=Fan ZhaoReward=-1 total=48:53 
(Filename: E:\unity\Runtime/Export/Debug/Debug.bindings.h Line: 39)

SELFPLAY GOAL 102 scorer=Fan ZhaoReward=-1 total=49:53 
(Filename: E:\unity\Runtime/Export/Debug/Debug.bindings.h Line: 39)

SELFPLAY GOAL 103 scorer=Fan ZhaoReward=-1 total=50:53 
(Filename: E:\unity\Runtime/Export/Debug/Debug.bindings.h Line: 39)

SELFPLAY GOAL 104 scorer=Zhao ZhaoReward=1 total=50:54 
(Filename: E:\unity\Runtime/Export/Debug/Debug.bindings.h Line: 39)

SELFPLAY GOAL 105 scorer=Fan ZhaoReward=-1 total=51:54 
(Filename: E:\unity\Runtime/Export/Debug/Debug.bindings.h Line: 39)

SELFPLAY GOAL 106 scorer=Fan ZhaoReward=-1 total=52:54 
(Filename: E:\unity\Runtime/Export/Debug/Debug.bindings.h Line: 39)

SELFPLAY GOAL 107 scorer=Zhao ZhaoReward=1 total=52:55 
(Filename: E:\unity\Runtime/Export/Debug/Debug.bindings.h Line: 39)

SELFPLAY GOAL 108 scorer=Fan ZhaoReward=-1 total=53:55 
(Filename: E:\unity\Runtime/Export/Debug/Debug.bindings.h Line: 39)

SELFPLAY MATCH 13 goals=8 total=108 score=6:2 
(Filename: E:\unity\Runtime/Export/Debug/Debug.bindings.h Line: 39)

Unloading 4 Unused Serialized files (Serialized files now loaded: 0)
UnloadTime: 0.870500 ms

Unloading 37 unused Assets to reduce memory usage. Loaded Objects now: 1059.
Total: 1.330400 ms (FindLiveObjects: 0.042200 ms CreateObjectMapping: 0.009200 ms MarkObjects: 0.334200 ms  DeleteObjects: 0.944300 ms)

SELFPLAY GOALMAP x=-6.13 isPlayer1Goal=True 
(Filename: E:\unity\Runtime/Export/Debug/Debug.bindings.h Line: 39)

SELFPLAY GOALMAP x=6.18 isPlayer1Goal=False 
(Filename: E:\unity\Runtime/Export/Debug/Debug.bindings.h Line: 39)

SELFPLAY GOAL 109 scorer=Zhao ZhaoReward=1 total=53:56 
(Filename: E:\unity\Runtime/Export/Debug/Debug.bindings.h Line: 39)

SELFPLAY GOAL 110 scorer=Fan ZhaoReward=-1 total=54:56 
(Filename: E:\unity\Runtime/Export/Debug/Debug.bindings.h Line: 39)

SELFPLAY GOAL 111 scorer=Fan ZhaoReward=-1 total=55:56 
(Filename: E:\unity\Runtime/Export/Debug/Debug.bindings.h Line: 39)

SELFPLAY GOAL 112 scorer=Fan ZhaoReward=-1 total=56:56 
(Filename: E:\unity\Runtime/Export/Debug/Debug.bindings.h Line: 39)

SELFPLAY GOAL 113 scorer=Zhao ZhaoReward=1 total=56:57 
(Filename: E:\unity\Runtime/Export/Debug/Debug.bindings.h Line: 39)

SELFPLAY GOAL 114 scorer=Fan ZhaoReward=-1 total=57:57 
(Filename: E:\unity\Runtime/Export/Debug/Debug.bindings.h Line: 39)

SELFPLAY GOAL 115 scorer=Fan ZhaoReward=-1 total=58:57 
(Filename: E:\unity\Runtime/Export/Debug/Debug.bindings.h Line: 39)

SELFPLAY GOAL 116 scorer=Zhao ZhaoReward=1 total=58:58 
(Filename: E:\unity\Runtime/Export/Debug/Debug.bindings.h Line: 39)

SELFPLAY MATCH 14 goals=8 total=116 score=5:3 
(Filename: E:\unity\Runtime/Export/Debug/Debug.bindings.h Line: 39)

Unloading 4 Unused Serialized files (Serialized files now loaded: 0)
UnloadTime: 0.584500 ms

Unloading 4 unused Assets to reduce memory usage. Loaded Objects now: 1059.
Total: 1.229500 ms (FindLiveObjects: 0.043600 ms CreateObjectMapping: 0.010200 ms MarkObjects: 0.305600 ms  DeleteObjects: 0.869700 ms)

SELFPLAY GOALMAP x=-6.13 isPlayer1Goal=True 
(Filename: E:\unity\Runtime/Export/Debug/Debug.bindings.h Line: 39)

SELFPLAY GOALMAP x=6.18 isPlayer1Goal=False 
(Filename: E:\unity\Runtime/Export/Debug/Debug.bindings.h Line: 39)

SELFPLAY GOAL 117 scorer=Zhao ZhaoReward=1 total=58:59 
(Filename: E:\unity\Runtime/Export/Debug/Debug.bindings.h Line: 39)

SELFPLAY GOAL 118 scorer=Zhao ZhaoReward=1 total=58:60 
(Filename: E:\unity\Runtime/Export/Debug/Debug.bindings.h Line: 39)

SELFPLAY GOAL 119 scorer=Zhao ZhaoReward=1 total=58:61 
(Filename: E:\unity\Runtime/Export/Debug/Debug.bindings.h Line: 39)

SELFPLAY GOAL 120 scorer=Zhao ZhaoReward=1 total=58:62 
(Filename: E:\unity\Runtime/Export/Debug/Debug.bindings.h Line: 39)

SELFPLAY GOAL 121 scorer=Fan ZhaoReward=-1 total=59:62 
(Filename: E:\unity\Runtime/Export/Debug/Debug.bindings.h Line: 39)

SELFPLAY GOAL 122 scorer=Fan ZhaoReward=-1 total=60:62 
(Filename: E:\unity\Runtime/Export/Debug/Debug.bindings.h Line: 39)

SELFPLAY GOAL 123 scorer=Fan ZhaoReward=-1 total=61:62 
(Filename: E:\unity\Runtime/Export/Debug/Debug.bindings.h Line: 39)

SELFPLAY MATCH 15 goals=7 total=123 score=3:4 
(Filename: E:\unity\Runtime/Export/Debug/Debug.bindings.h Line: 39)

Unloading 4 Unused Serialized files (Serialized files now loaded: 0)
UnloadTime: 0.668700 ms

Unloading 4 unused Assets to reduce memory usage. Loaded Objects now: 1059.
Total: 1.523600 ms (FindLiveObjects: 0.059100 ms CreateObjectMapping: 0.012400 ms MarkObjects: 0.333900 ms  DeleteObjects: 1.117300 ms)

SELFPLAY GOALMAP x=-6.13 isPlayer1Goal=True 
(Filename: E:\unity\Runtime/Export/Debug/Debug.bindings.h Line: 39)

SELFPLAY GOALMAP x=6.18 isPlayer1Goal=False 
(Filename: E:\unity\Runtime/Export/Debug/Debug.bindings.h Line: 39)

SELFPLAY GOAL 124 scorer=Zhao ZhaoReward=1 total=61:63 
(Filename: E:\unity\Runtime/Export/Debug/Debug.bindings.h Line: 39)

SELFPLAY GOAL 125 scorer=Fan ZhaoReward=-1 total=62:63 
(Filename: E:\unity\Runtime/Export/Debug/Debug.bindings.h Line: 39)

SELFPLAY GOAL 126 scorer=Zhao ZhaoReward=1 total=62:64 
(Filename: E:\unity\Runtime/Export/Debug/Debug.bindings.h Line: 39)

SELFPLAY GOAL 127 scorer=Fan ZhaoReward=-1 total=63:64 
(Filename: E:\unity\Runtime/Export/Debug/Debug.bindings.h Line: 39)

SELFPLAY GOAL 128 scorer=Zhao ZhaoReward=1 total=63:65 
(Filename: E:\unity\Runtime/Export/Debug/Debug.bindings.h Line: 39)

SELFPLAY GOAL 129 scorer=Fan ZhaoReward=-1 total=64:65 
(Filename: E:\unity\Runtime/Export/Debug/Debug.bindings.h Line: 39)

SELFPLAY GOAL 130 scorer=Zhao ZhaoReward=1 total=64:66 
(Filename: E:\unity\Runtime/Export/Debug/Debug.bindings.h Line: 39)

SELFPLAY MATCH 16 goals=7 total=130 score=3:4 
(Filename: E:\unity\Runtime/Export/Debug/Debug.bindings.h Line: 39)

Unloading 4 Unused Serialized files (Serialized files now loaded: 0)
UnloadTime: 0.668500 ms

Unloading 4 unused Assets to reduce memory usage. Loaded Objects now: 1059.
Total: 1.399200 ms (FindLiveObjects: 0.045700 ms CreateObjectMapping: 0.010600 ms MarkObjects: 0.307500 ms  DeleteObjects: 1.034700 ms)

SELFPLAY GOALMAP x=-6.13 isPlayer1Goal=True 
(Filename: E:\unity\Runtime/Export/Debug/Debug.bindings.h Line: 39)

SELFPLAY GOALMAP x=6.18 isPlayer1Goal=False 
(Filename: E:\unity\Runtime/Export/Debug/Debug.bindings.h Line: 39)

SELFPLAY GOAL 131 scorer=Zhao ZhaoReward=1 total=64:67 
(Filename: E:\unity\Runtime/Export/Debug/Debug.bindings.h Line: 39)

SELFPLAY GOAL 132 scorer=Zhao ZhaoReward=1 total=64:68 
(Filename: E:\unity\Runtime/Export/Debug/Debug.bindings.h Line: 39)

SELFPLAY GOAL 133 scorer=Fan ZhaoReward=-1 total=65:68 
(Filename: E:\unity\Runtime/Export/Debug/Debug.bindings.h Line: 39)

SELFPLAY GOAL 134 scorer=Fan ZhaoReward=-1 total=66:68 
(Filename: E:\unity\Runtime/Export/Debug/Debug.bindings.h Line: 39)

SELFPLAY GOAL 135 scorer=Fan ZhaoReward=-1 total=67:68 
(Filename: E:\unity\Runtime/Export/Debug/Debug.bindings.h Line: 39)

SELFPLAY GOAL 136 scorer=Zhao ZhaoReward=1 total=67:69 
(Filename: E:\unity\Runtime/Export/Debug/Debug.bindings.h Line: 39)

SELFPLAY GOAL 137 scorer=Zhao ZhaoReward=1 total=67:70 
(Filename: E:\unity\Runtime/Export/Debug/Debug.bindings.h Line: 39)

SELFPLAY GOAL 138 scorer=Fan ZhaoReward=-1 total=68:70 
(Filename: E:\unity\Runtime/Export/Debug/Debug.bindings.h Line: 39)

SELFPLAY MATCH 17 goals=8 total=138 score=4:4 
(Filename: E:\unity\Runtime/Export/Debug/Debug.bindings.h Line: 39)

Unloading 4 Unused Serialized files (Serialized files now loaded: 0)
UnloadTime: 0.548500 ms

Unloading 4 unused Assets to reduce memory usage. Loaded Objects now: 1059.
Total: 1.181700 ms (FindLiveObjects: 0.044300 ms CreateObjectMapping: 0.010800 ms MarkObjects: 0.256800 ms  DeleteObjects: 0.869300 ms)

SELFPLAY GOALMAP x=-6.13 isPlayer1Goal=True 
(Filename: E:\unity\Runtime/Export/Debug/Debug.bindings.h Line: 39)

SELFPLAY GOALMAP x=6.18 isPlayer1Goal=False 
(Filename: E:\unity\Runtime/Export/Debug/Debug.bindings.h Line: 39)

SELFPLAY GOAL 139 scorer=Fan ZhaoReward=-1 total=69:70 
(Filename: E:\unity\Runtime/Export/Debug/Debug.bindings.h Line: 39)

SELFPLAY GOAL 140 scorer=Zhao ZhaoReward=1 total=69:71 
(Filename: E:\unity\Runtime/Export/Debug/Debug.bindings.h Line: 39)

SELFPLAY GOAL 141 scorer=Zhao ZhaoReward=1 total=69:72 
(Filename: E:\unity\Runtime/Export/Debug/Debug.bindings.h Line: 39)

SELFPLAY GOAL 142 scorer=Zhao ZhaoReward=1 total=69:73 
(Filename: E:\unity\Runtime/Export/Debug/Debug.bindings.h Line: 39)

SELFPLAY GOAL 143 scorer=Fan ZhaoReward=-1 total=70:73 
(Filename: E:\unity\Runtime/Export/Debug/Debug.bindings.h Line: 39)

SELFPLAY GOAL 144 scorer=Zhao ZhaoReward=1 total=70:74 
(Filename: E:\unity\Runtime/Export/Debug/Debug.bindings.h Line: 39)

SELFPLAY MATCH 18 goals=6 total=144 score=2:4 
(Filename: E:\unity\Runtime/Export/Debug/Debug.bindings.h Line: 39)

Unloading 4 Unused Serialized files (Serialized files now loaded: 0)
UnloadTime: 0.517000 ms

Unloading 4 unused Assets to reduce memory usage. Loaded Objects now: 1059.
Total: 1.266400 ms (FindLiveObjects: 0.041500 ms CreateObjectMapping: 0.016700 ms MarkObjects: 0.302500 ms  DeleteObjects: 0.905300 ms)

SELFPLAY GOALMAP x=-6.13 isPlayer1Goal=True 
(Filename: E:\unity\Runtime/Export/Debug/Debug.bindings.h Line: 39)

SELFPLAY GOALMAP x=6.18 isPlayer1Goal=False 
(Filename: E:\unity\Runtime/Export/Debug/Debug.bindings.h Line: 39)

SELFPLAY GOAL 145 scorer=Zhao ZhaoReward=1 total=70:75 
(Filename: E:\unity\Runtime/Export/Debug/Debug.bindings.h Line: 39)

SELFPLAY GOAL 146 scorer=Fan ZhaoReward=-1 total=71:75 
(Filename: E:\unity\Runtime/Export/Debug/Debug.bindings.h Line: 39)

SELFPLAY GOAL 147 scorer=Fan ZhaoReward=-1 total=72:75 
(Filename: E:\unity\Runtime/Export/Debug/Debug.bindings.h Line: 39)

SELFPLAY GOAL 148 scorer=Fan ZhaoReward=-1 total=73:75 
(Filename: E:\unity\Runtime/Export/Debug/Debug.bindings.h Line: 39)

SELFPLAY GOAL 149 scorer=Zhao ZhaoReward=1 total=73:76 
(Filename: E:\unity\Runtime/Export/Debug/Debug.bindings.h Line: 39)

SELFPLAY GOAL 150 scorer=Zhao ZhaoReward=1 total=73:77 
(Filename: E:\unity\Runtime/Export/Debug/Debug.bindings.h Line: 39)

SELFPLAY GOAL 151 scorer=Fan ZhaoReward=-1 total=74:77 
(Filename: E:\unity\Runtime/Export/Debug/Debug.bindings.h Line: 39)

SELFPLAY GOAL 152 scorer=Fan ZhaoReward=-1 total=75:77 
(Filename: E:\unity\Runtime/Export/Debug/Debug.bindings.h Line: 39)

SELFPLAY GOAL 153 scorer=Fan ZhaoReward=-1 total=76:77 
(Filename: E:\unity\Runtime/Export/Debug/Debug.bindings.h Line: 39)

SELFPLAY MATCH 19 goals=9 total=153 score=6:3 
(Filename: E:\unity\Runtime/Export/Debug/Debug.bindings.h Line: 39)

Unloading 4 Unused Serialized files (Serialized files now loaded: 0)
UnloadTime: 0.566100 ms

Unloading 4 unused Assets to reduce memory usage. Loaded Objects now: 1059.
Total: 1.395300 ms (FindLiveObjects: 0.044800 ms CreateObjectMapping: 0.010400 ms MarkObjects: 0.346200 ms  DeleteObjects: 0.993400 ms)

SELFPLAY GOALMAP x=-6.13 isPlayer1Goal=True 
(Filename: E:\unity\Runtime/Export/Debug/Debug.bindings.h Line: 39)

SELFPLAY GOALMAP x=6.18 isPlayer1Goal=False 
(Filename: E:\unity\Runtime/Export/Debug/Debug.bindings.h Line: 39)

SELFPLAY GOAL 154 scorer=Zhao ZhaoReward=1 total=76:78 
(Filename: E:\unity\Runtime/Export/Debug/Debug.bindings.h Line: 39)

SELFPLAY GOAL 155 scorer=Fan ZhaoReward=-1 total=77:78 
(Filename: E:\unity\Runtime/Export/Debug/Debug.bindings.h Line: 39)

SELFPLAY PROGRESS goals=155/500 matches=20 score=77:78 real=77.92133 
(Filename: E:\unity\Runtime/Export/Debug/Debug.bindings.h Line: 39)

SELFPLAY GOAL 156 scorer=Fan ZhaoReward=-1 total=78:78 
(Filename: E:\unity\Runtime/Export/Debug/Debug.bindings.h Line: 39)

SELFPLAY GOAL 157 scorer=Fan ZhaoReward=-1 total=79:78 
(Filename: E:\unity\Runtime/Export/Debug/Debug.bindings.h Line: 39)

SELFPLAY GOAL 158 scorer=Fan ZhaoReward=-1 total=80:78 
(Filename: E:\unity\Runtime/Export/Debug/Debug.bindings.h Line: 39)

SELFPLAY GOAL 159 scorer=Fan ZhaoReward=-1 total=81:78 
(Filename: E:\unity\Runtime/Export/Debug/Debug.bindings.h Line: 39)

SELFPLAY GOAL 160 scorer=Fan ZhaoReward=-1 total=82:78 
(Filename: E:\unity\Runtime/Export/Debug/Debug.bindings.h Line: 39)

SELFPLAY GOAL 161 scorer=Zhao ZhaoReward=1 total=82:79 
(Filename: E:\unity\Runtime/Export/Debug/Debug.bindings.h Line: 39)

SELFPLAY GOAL 162 scorer=Zhao ZhaoReward=1 total=82:80 
(Filename: E:\unity\Runtime/Export/Debug/Debug.bindings.h Line: 39)

SELFPLAY MATCH 20 goals=9 total=162 score=6:3 
(Filename: E:\unity\Runtime/Export/Debug/Debug.bindings.h Line: 39)

Unloading 4 Unused Serialized files (Serialized files now loaded: 0)
UnloadTime: 0.539400 ms

Unloading 4 unused Assets to reduce memory usage. Loaded Objects now: 1059.
Total: 1.274900 ms (FindLiveObjects: 0.042200 ms CreateObjectMapping: 0.009000 ms MarkObjects: 0.289000 ms  DeleteObjects: 0.934000 ms)

SELFPLAY GOALMAP x=-6.13 isPlayer1Goal=True 
(Filename: E:\unity\Runtime/Export/Debug/Debug.bindings.h Line: 39)

SELFPLAY GOALMAP x=6.18 isPlayer1Goal=False 
(Filename: E:\unity\Runtime/Export/Debug/Debug.bindings.h Line: 39)

SELFPLAY GOAL 163 scorer=Zhao ZhaoReward=1 total=82:81 
(Filename: E:\unity\Runtime/Export/Debug/Debug.bindings.h Line: 39)

SELFPLAY GOAL 164 scorer=Fan ZhaoReward=-1 total=83:81 
(Filename: E:\unity\Runtime/Export/Debug/Debug.bindings.h Line: 39)

SELFPLAY GOAL 165 scorer=Zhao ZhaoReward=1 total=83:82 
(Filename: E:\unity\Runtime/Export/Debug/Debug.bindings.h Line: 39)

SELFPLAY GOAL 166 scorer=Zhao ZhaoReward=1 total=83:83 
(Filename: E:\unity\Runtime/Export/Debug/Debug.bindings.h Line: 39)

SELFPLAY GOAL 167 scorer=Zhao ZhaoReward=1 total=83:84 
(Filename: E:\unity\Runtime/Export/Debug/Debug.bindings.h Line: 39)

SELFPLAY GOAL 168 scorer=Fan ZhaoReward=-1 total=84:84 
(Filename: E:\unity\Runtime/Export/Debug/Debug.bindings.h Line: 39)

SELFPLAY GOAL 169 scorer=Fan ZhaoReward=-1 total=85:84 
(Filename: E:\unity\Runtime/Export/Debug/Debug.bindings.h Line: 39)

SELFPLAY GOAL 170 scorer=Zhao ZhaoReward=1 total=85:85 
(Filename: E:\unity\Runtime/Export/Debug/Debug.bindings.h Line: 39)

SELFPLAY GOAL 171 scorer=Zhao ZhaoReward=1 total=85:86 
(Filename: E:\unity\Runtime/Export/Debug/Debug.bindings.h Line: 39)

SELFPLAY GOAL 172 scorer=Fan ZhaoReward=-1 total=86:86 
(Filename: E:\unity\Runtime/Export/Debug/Debug.bindings.h Line: 39)

SELFPLAY GOAL 173 scorer=Fan ZhaoReward=-1 total=87:86 
(Filename: E:\unity\Runtime/Export/Debug/Debug.bindings.h Line: 39)

SELFPLAY MATCH 21 goals=11 total=173 score=5:6 
(Filename: E:\unity\Runtime/Export/Debug/Debug.bindings.h Line: 39)

Unloading 4 Unused Serialized files (Serialized files now loaded: 0)
UnloadTime: 0.527000 ms

Unloading 4 unused Assets to reduce memory usage. Loaded Objects now: 1059.
Total: 1.366400 ms (FindLiveObjects: 0.042600 ms CreateObjectMapping: 0.009000 ms MarkObjects: 0.334300 ms  DeleteObjects: 0.979900 ms)

SELFPLAY GOALMAP x=-6.13 isPlayer1Goal=True 
(Filename: E:\unity\Runtime/Export/Debug/Debug.bindings.h Line: 39)

SELFPLAY GOALMAP x=6.18 isPlayer1Goal=False 
(Filename: E:\unity\Runtime/Export/Debug/Debug.bindings.h Line: 39)

SELFPLAY GOAL 174 scorer=Zhao ZhaoReward=1 total=87:87 
(Filename: E:\unity\Runtime/Export/Debug/Debug.bindings.h Line: 39)

SELFPLAY GOAL 175 scorer=Fan ZhaoReward=-1 total=88:87 
(Filename: E:\unity\Runtime/Export/Debug/Debug.bindings.h Line: 39)

SELFPLAY GOAL 176 scorer=Zhao ZhaoReward=1 total=88:88 
(Filename: E:\unity\Runtime/Export/Debug/Debug.bindings.h Line: 39)

SELFPLAY GOAL 177 scorer=Zhao ZhaoReward=1 total=88:89 
(Filename: E:\unity\Runtime/Export/Debug/Debug.bindings.h Line: 39)

SELFPLAY GOAL 178 scorer=Fan ZhaoReward=-1 total=89:89 
(Filename: E:\unity\Runtime/Export/Debug/Debug.bindings.h Line: 39)

SELFPLAY GOAL 179 scorer=Fan ZhaoReward=-1 total=90:89 
(Filename: E:\unity\Runtime/Export/Debug/Debug.bindings.h Line: 39)

SELFPLAY GOAL 180 scorer=Zhao ZhaoReward=1 total=90:90 
(Filename: E:\unity\Runtime/Export/Debug/Debug.bindings.h Line: 39)

SELFPLAY GOAL 181 scorer=Zhao ZhaoReward=1 total=90:91 
(Filename: E:\unity\Runtime/Export/Debug/Debug.bindings.h Line: 39)

SELFPLAY MATCH 22 goals=8 total=181 score=3:5 
(Filename: E:\unity\Runtime/Export/Debug/Debug.bindings.h Line: 39)

Unloading 4 Unused Serialized files (Serialized files now loaded: 0)
UnloadTime: 0.554200 ms

Unloading 4 unused Assets to reduce memory usage. Loaded Objects now: 1059.
Total: 1.483200 ms (FindLiveObjects: 0.044800 ms CreateObjectMapping: 0.010600 ms MarkObjects: 0.278200 ms  DeleteObjects: 1.148700 ms)

SELFPLAY GOALMAP x=-6.13 isPlayer1Goal=True 
(Filename: E:\unity\Runtime/Export/Debug/Debug.bindings.h Line: 39)

SELFPLAY GOALMAP x=6.18 isPlayer1Goal=False 
(Filename: E:\unity\Runtime/Export/Debug/Debug.bindings.h Line: 39)

SELFPLAY GOAL 182 scorer=Zhao ZhaoReward=1 total=90:92 
(Filename: E:\unity\Runtime/Export/Debug/Debug.bindings.h Line: 39)

SELFPLAY GOAL 183 scorer=Zhao ZhaoReward=1 total=90:93 
(Filename: E:\unity\Runtime/Export/Debug/Debug.bindings.h Line: 39)

SELFPLAY GOAL 184 scorer=Zhao ZhaoReward=1 total=90:94 
(Filename: E:\unity\Runtime/Export/Debug/Debug.bindings.h Line: 39)

SELFPLAY GOAL 185 scorer=Zhao ZhaoReward=1 total=90:95 
(Filename: E:\unity\Runtime/Export/Debug/Debug.bindings.h Line: 39)

SELFPLAY GOAL 186 scorer=Zhao ZhaoReward=1 total=90:96 
(Filename: E:\unity\Runtime/Export/Debug/Debug.bindings.h Line: 39)

SELFPLAY GOAL 187 scorer=Zhao ZhaoReward=1 total=90:97 
(Filename: E:\unity\Runtime/Export/Debug/Debug.bindings.h Line: 39)

SELFPLAY GOAL 188 scorer=Fan ZhaoReward=-1 total=91:97 
(Filename: E:\unity\Runtime/Export/Debug/Debug.bindings.h Line: 39)

SELFPLAY GOAL 189 scorer=Zhao ZhaoReward=1 total=91:98 
(Filename: E:\unity\Runtime/Export/Debug/Debug.bindings.h Line: 39)

SELFPLAY GOAL 190 scorer=Fan ZhaoReward=-1 total=92:98 
(Filename: E:\unity\Runtime/Export/Debug/Debug.bindings.h Line: 39)

SELFPLAY GOAL 191 scorer=Zhao ZhaoReward=1 total=92:99 
(Filename: E:\unity\Runtime/Export/Debug/Debug.bindings.h Line: 39)

SELFPLAY GOAL 192 scorer=Fan ZhaoReward=-1 total=93:99 
(Filename: E:\unity\Runtime/Export/Debug/Debug.bindings.h Line: 39)

SELFPLAY GOAL 193 scorer=Zhao ZhaoReward=1 total=93:100 
(Filename: E:\unity\Runtime/Export/Debug/Debug.bindings.h Line: 39)

SELFPLAY MATCH 23 goals=12 total=193 score=3:9 
(Filename: E:\unity\Runtime/Export/Debug/Debug.bindings.h Line: 39)

Unloading 4 Unused Serialized files (Serialized files now loaded: 0)
UnloadTime: 0.537800 ms

Unloading 4 unused Assets to reduce memory usage. Loaded Objects now: 1059.
Total: 1.441700 ms (FindLiveObjects: 0.057800 ms CreateObjectMapping: 0.012500 ms MarkObjects: 0.324200 ms  DeleteObjects: 1.046500 ms)

SELFPLAY GOALMAP x=-6.13 isPlayer1Goal=True 
(Filename: E:\unity\Runtime/Export/Debug/Debug.bindings.h Line: 39)

SELFPLAY GOALMAP x=6.18 isPlayer1Goal=False 
(Filename: E:\unity\Runtime/Export/Debug/Debug.bindings.h Line: 39)

SELFPLAY GOAL 194 scorer=Zhao ZhaoReward=1 total=93:101 
(Filename: E:\unity\Runtime/Export/Debug/Debug.bindings.h Line: 39)

SELFPLAY GOAL 195 scorer=Fan ZhaoReward=-1 total=94:101 
(Filename: E:\unity\Runtime/Export/Debug/Debug.bindings.h Line: 39)

SELFPLAY GOAL 196 scorer=Zhao ZhaoReward=1 total=94:102 
(Filename: E:\unity\Runtime/Export/Debug/Debug.bindings.h Line: 39)

SELFPLAY GOAL 197 scorer=Zhao ZhaoReward=1 total=94:103 
(Filename: E:\unity\Runtime/Export/Debug/Debug.bindings.h Line: 39)

SELFPLAY GOAL 198 scorer=Zhao ZhaoReward=1 total=94:104 
(Filename: E:\unity\Runtime/Export/Debug/Debug.bindings.h Line: 39)

SELFPLAY GOAL 199 scorer=Fan ZhaoReward=-1 total=95:104 
(Filename: E:\unity\Runtime/Export/Debug/Debug.bindings.h Line: 39)

SELFPLAY GOAL 200 scorer=Zhao ZhaoReward=1 total=95:105 
(Filename: E:\unity\Runtime/Export/Debug/Debug.bindings.h Line: 39)

SELFPLAY GOAL 201 scorer=Fan ZhaoReward=-1 total=96:105 
(Filename: E:\unity\Runtime/Export/Debug/Debug.bindings.h Line: 39)

SELFPLAY MATCH 24 goals=8 total=201 score=3:5 
(Filename: E:\unity\Runtime/Export/Debug/Debug.bindings.h Line: 39)

Unloading 4 Unused Serialized files (Serialized files now loaded: 0)
UnloadTime: 0.719500 ms

Unloading 4 unused Assets to reduce memory usage. Loaded Objects now: 1059.
Total: 1.398100 ms (FindLiveObjects: 0.045000 ms CreateObjectMapping: 0.010700 ms MarkObjects: 0.286200 ms  DeleteObjects: 1.055400 ms)

SELFPLAY GOALMAP x=-6.13 isPlayer1Goal=True 
(Filename: E:\unity\Runtime/Export/Debug/Debug.bindings.h Line: 39)

SELFPLAY GOALMAP x=6.18 isPlayer1Goal=False 
(Filename: E:\unity\Runtime/Export/Debug/Debug.bindings.h Line: 39)

SELFPLAY GOAL 202 scorer=Zhao ZhaoReward=1 total=96:106 
(Filename: E:\unity\Runtime/Export/Debug/Debug.bindings.h Line: 39)

SELFPLAY GOAL 203 scorer=Fan ZhaoReward=-1 total=97:106 
(Filename: E:\unity\Runtime/Export/Debug/Debug.bindings.h Line: 39)

SELFPLAY GOAL 204 scorer=Zhao ZhaoReward=1 total=97:107 
(Filename: E:\unity\Runtime/Export/Debug/Debug.bindings.h Line: 39)

SELFPLAY GOAL 205 scorer=Zhao ZhaoReward=1 total=97:108 
(Filename: E:\unity\Runtime/Export/Debug/Debug.bindings.h Line: 39)

SELFPLAY GOAL 206 scorer=Zhao ZhaoReward=1 total=97:109 
(Filename: E:\unity\Runtime/Export/Debug/Debug.bindings.h Line: 39)

SELFPLAY GOAL 207 scorer=Zhao ZhaoReward=1 total=97:110 
(Filename: E:\unity\Runtime/Export/Debug/Debug.bindings.h Line: 39)

SELFPLAY GOAL 208 scorer=Zhao ZhaoReward=1 total=97:111 
(Filename: E:\unity\Runtime/Export/Debug/Debug.bindings.h Line: 39)

SELFPLAY GOAL 209 scorer=Fan ZhaoReward=-1 total=98:111 
(Filename: E:\unity\Runtime/Export/Debug/Debug.bindings.h Line: 39)

SELFPLAY GOAL 210 scorer=Zhao ZhaoReward=1 total=98:112 
(Filename: E:\unity\Runtime/Export/Debug/Debug.bindings.h Line: 39)

SELFPLAY GOAL 211 scorer=Zhao ZhaoReward=1 total=98:113 
(Filename: E:\unity\Runtime/Export/Debug/Debug.bindings.h Line: 39)

SELFPLAY GOAL 212 scorer=Fan ZhaoReward=-1 total=99:113 
(Filename: E:\unity\Runtime/Export/Debug/Debug.bindings.h Line: 39)

SELFPLAY GOAL 213 scorer=Zhao ZhaoReward=1 total=99:114 
(Filename: E:\unity\Runtime/Export/Debug/Debug.bindings.h Line: 39)

SELFPLAY MATCH 25 goals=12 total=213 score=3:9 
(Filename: E:\unity\Runtime/Export/Debug/Debug.bindings.h Line: 39)

Unloading 4 Unused Serialized files (Serialized files now loaded: 0)
UnloadTime: 0.569200 ms

Unloading 4 unused Assets to reduce memory usage. Loaded Objects now: 1059.
Total: 1.270100 ms (FindLiveObjects: 0.045900 ms CreateObjectMapping: 0.010600 ms MarkObjects: 0.343300 ms  DeleteObjects: 0.869800 ms)

SELFPLAY GOALMAP x=-6.13 isPlayer1Goal=True 
(Filename: E:\unity\Runtime/Export/Debug/Debug.bindings.h Line: 39)

SELFPLAY GOALMAP x=6.18 isPlayer1Goal=False 
(Filename: E:\unity\Runtime/Export/Debug/Debug.bindings.h Line: 39)

SELFPLAY GOAL 214 scorer=Zhao ZhaoReward=1 total=99:115 
(Filename: E:\unity\Runtime/Export/Debug/Debug.bindings.h Line: 39)

SELFPLAY GOAL 215 scorer=Zhao ZhaoReward=1 total=99:116 
(Filename: E:\unity\Runtime/Export/Debug/Debug.bindings.h Line: 39)

SELFPLAY GOAL 216 scorer=Fan ZhaoReward=-1 total=100:116 
(Filename: E:\unity\Runtime/Export/Debug/Debug.bindings.h Line: 39)

SELFPLAY GOAL 217 scorer=Zhao ZhaoReward=1 total=100:117 
(Filename: E:\unity\Runtime/Export/Debug/Debug.bindings.h Line: 39)

SELFPLAY GOAL 218 scorer=Fan ZhaoReward=-1 total=101:117 
(Filename: E:\unity\Runtime/Export/Debug/Debug.bindings.h Line: 39)

SELFPLAY GOAL 219 scorer=Fan ZhaoReward=-1 total=102:117 
(Filename: E:\unity\Runtime/Export/Debug/Debug.bindings.h Line: 39)

SELFPLAY GOAL 220 scorer=Fan ZhaoReward=-1 total=103:117 
(Filename: E:\unity\Runtime/Export/Debug/Debug.bindings.h Line: 39)

SELFPLAY GOAL 221 scorer=Zhao ZhaoReward=1 total=103:118 
(Filename: E:\unity\Runtime/Export/Debug/Debug.bindings.h Line: 39)

SELFPLAY GOAL 222 scorer=Fan ZhaoReward=-1 total=104:118 
(Filename: E:\unity\Runtime/Export/Debug/Debug.bindings.h Line: 39)

SELFPLAY GOAL 223 scorer=Zhao ZhaoReward=1 total=104:119 
(Filename: E:\unity\Runtime/Export/Debug/Debug.bindings.h Line: 39)

SELFPLAY GOAL 224 scorer=Fan ZhaoReward=-1 total=105:119 
(Filename: E:\unity\Runtime/Export/Debug/Debug.bindings.h Line: 39)

SELFPLAY GOAL 225 scorer=Zhao ZhaoReward=1 total=105:120 
(Filename: E:\unity\Runtime/Export/Debug/Debug.bindings.h Line: 39)

SELFPLAY MATCH 26 goals=12 total=225 score=6:6 
(Filename: E:\unity\Runtime/Export/Debug/Debug.bindings.h Line: 39)

Unloading 4 Unused Serialized files (Serialized files now loaded: 0)
UnloadTime: 0.655200 ms

Unloading 4 unused Assets to reduce memory usage. Loaded Objects now: 1059.
Total: 1.207200 ms (FindLiveObjects: 0.041900 ms CreateObjectMapping: 0.009600 ms MarkObjects: 0.279900 ms  DeleteObjects: 0.875200 ms)

SELFPLAY GOALMAP x=-6.13 isPlayer1Goal=True 
(Filename: E:\unity\Runtime/Export/Debug/Debug.bindings.h Line: 39)

SELFPLAY GOALMAP x=6.18 isPlayer1Goal=False 
(Filename: E:\unity\Runtime/Export/Debug/Debug.bindings.h Line: 39)

SELFPLAY GOAL 226 scorer=Zhao ZhaoReward=1 total=105:121 
(Filename: E:\unity\Runtime/Export/Debug/Debug.bindings.h Line: 39)

SELFPLAY GOAL 227 scorer=Zhao ZhaoReward=1 total=105:122 
(Filename: E:\unity\Runtime/Export/Debug/Debug.bindings.h Line: 39)

SELFPLAY GOAL 228 scorer=Fan ZhaoReward=-1 total=106:122 
(Filename: E:\unity\Runtime/Export/Debug/Debug.bindings.h Line: 39)

SELFPLAY GOAL 229 scorer=Zhao ZhaoReward=1 total=106:123 
(Filename: E:\unity\Runtime/Export/Debug/Debug.bindings.h Line: 39)

SELFPLAY GOAL 230 scorer=Fan ZhaoReward=-1 total=107:123 
(Filename: E:\unity\Runtime/Export/Debug/Debug.bindings.h Line: 39)

SELFPLAY GOAL 231 scorer=Zhao ZhaoReward=1 total=107:124 
(Filename: E:\unity\Runtime/Export/Debug/Debug.bindings.h Line: 39)

SELFPLAY PROGRESS goals=231/500 matches=27 score=107:124 real=107.9262 
(Filename: E:\unity\Runtime/Export/Debug/Debug.bindings.h Line: 39)

SELFPLAY GOAL 232 scorer=Zhao ZhaoReward=1 total=107:125 
(Filename: E:\unity\Runtime/Export/Debug/Debug.bindings.h Line: 39)

SELFPLAY GOAL 233 scorer=Zhao ZhaoReward=1 total=107:126 
(Filename: E:\unity\Runtime/Export/Debug/Debug.bindings.h Line: 39)

SELFPLAY GOAL 234 scorer=Fan ZhaoReward=-1 total=108:126 
(Filename: E:\unity\Runtime/Export/Debug/Debug.bindings.h Line: 39)

SELFPLAY MATCH 27 goals=9 total=234 score=3:6 
(Filename: E:\unity\Runtime/Export/Debug/Debug.bindings.h Line: 39)

Unloading 4 Unused Serialized files (Serialized files now loaded: 0)
UnloadTime: 0.688400 ms

Unloading 4 unused Assets to reduce memory usage. Loaded Objects now: 1059.
Total: 1.322000 ms (FindLiveObjects: 0.046100 ms CreateObjectMapping: 0.010500 ms MarkObjects: 0.378600 ms  DeleteObjects: 0.886400 ms)

SELFPLAY GOALMAP x=-6.13 isPlayer1Goal=True 
(Filename: E:\unity\Runtime/Export/Debug/Debug.bindings.h Line: 39)

SELFPLAY GOALMAP x=6.18 isPlayer1Goal=False 
(Filename: E:\unity\Runtime/Export/Debug/Debug.bindings.h Line: 39)

SELFPLAY GOAL 235 scorer=Fan ZhaoReward=-1 total=109:126 
(Filename: E:\unity\Runtime/Export/Debug/Debug.bindings.h Line: 39)

SELFPLAY GOAL 236 scorer=Zhao ZhaoReward=1 total=109:127 
(Filename: E:\unity\Runtime/Export/Debug/Debug.bindings.h Line: 39)

SELFPLAY GOAL 237 scorer=Zhao ZhaoReward=1 total=109:128 
(Filename: E:\unity\Runtime/Export/Debug/Debug.bindings.h Line: 39)

SELFPLAY GOAL 238 scorer=Zhao ZhaoReward=1 total=109:129 
(Filename: E:\unity\Runtime/Export/Debug/Debug.bindings.h Line: 39)

SELFPLAY GOAL 239 scorer=Zhao ZhaoReward=1 total=109:130 
(Filename: E:\unity\Runtime/Export/Debug/Debug.bindings.h Line: 39)

SELFPLAY GOAL 240 scorer=Fan ZhaoReward=-1 total=110:130 
(Filename: E:\unity\Runtime/Export/Debug/Debug.bindings.h Line: 39)

SELFPLAY GOAL 241 scorer=Fan ZhaoReward=-1 total=111:130 
(Filename: E:\unity\Runtime/Export/Debug/Debug.bindings.h Line: 39)

SELFPLAY GOAL 242 scorer=Fan ZhaoReward=-1 total=112:130 
(Filename: E:\unity\Runtime/Export/Debug/Debug.bindings.h Line: 39)

SELFPLAY MATCH 28 goals=8 total=242 score=4:4 
(Filename: E:\unity\Runtime/Export/Debug/Debug.bindings.h Line: 39)

Unloading 4 Unused Serialized files (Serialized files now loaded: 0)
UnloadTime: 0.533400 ms

Unloading 4 unused Assets to reduce memory usage. Loaded Objects now: 1059.
Total: 1.445900 ms (FindLiveObjects: 0.044800 ms CreateObjectMapping: 0.011100 ms MarkObjects: 0.275700 ms  DeleteObjects: 1.114000 ms)

SELFPLAY GOALMAP x=-6.13 isPlayer1Goal=True 
(Filename: E:\unity\Runtime/Export/Debug/Debug.bindings.h Line: 39)

SELFPLAY GOALMAP x=6.18 isPlayer1Goal=False 
(Filename: E:\unity\Runtime/Export/Debug/Debug.bindings.h Line: 39)

SELFPLAY GOAL 243 scorer=Fan ZhaoReward=-1 total=113:130 
(Filename: E:\unity\Runtime/Export/Debug/Debug.bindings.h Line: 39)

SELFPLAY GOAL 244 scorer=Fan ZhaoReward=-1 total=114:130 
(Filename: E:\unity\Runtime/Export/Debug/Debug.bindings.h Line: 39)

SELFPLAY GOAL 245 scorer=Zhao ZhaoReward=1 total=114:131 
(Filename: E:\unity\Runtime/Export/Debug/Debug.bindings.h Line: 39)

SELFPLAY GOAL 246 scorer=Fan ZhaoReward=-1 total=115:131 
(Filename: E:\unity\Runtime/Export/Debug/Debug.bindings.h Line: 39)

SELFPLAY GOAL 247 scorer=Fan ZhaoReward=-1 total=116:131 
(Filename: E:\unity\Runtime/Export/Debug/Debug.bindings.h Line: 39)

SELFPLAY GOAL 248 scorer=Zhao ZhaoReward=1 total=116:132 
(Filename: E:\unity\Runtime/Export/Debug/Debug.bindings.h Line: 39)

SELFPLAY GOAL 249 scorer=Zhao ZhaoReward=1 total=116:133 
(Filename: E:\unity\Runtime/Export/Debug/Debug.bindings.h Line: 39)

SELFPLAY GOAL 250 scorer=Zhao ZhaoReward=1 total=116:134 
(Filename: E:\unity\Runtime/Export/Debug/Debug.bindings.h Line: 39)

SELFPLAY GOAL 251 scorer=Zhao ZhaoReward=1 total=116:135 
(Filename: E:\unity\Runtime/Export/Debug/Debug.bindings.h Line: 39)

SELFPLAY GOAL 252 scorer=Zhao ZhaoReward=1 total=116:136 
(Filename: E:\unity\Runtime/Export/Debug/Debug.bindings.h Line: 39)

SELFPLAY MATCH 29 goals=10 total=252 score=4:6 
(Filename: E:\unity\Runtime/Export/Debug/Debug.bindings.h Line: 39)

Unloading 4 Unused Serialized files (Serialized files now loaded: 0)
UnloadTime: 0.494100 ms

Unloading 4 unused Assets to reduce memory usage. Loaded Objects now: 1059.
Total: 1.492800 ms (FindLiveObjects: 0.055000 ms CreateObjectMapping: 0.016400 ms MarkObjects: 0.357100 ms  DeleteObjects: 1.063700 ms)

SELFPLAY GOALMAP x=-6.13 isPlayer1Goal=True 
(Filename: E:\unity\Runtime/Export/Debug/Debug.bindings.h Line: 39)

SELFPLAY GOALMAP x=6.18 isPlayer1Goal=False 
(Filename: E:\unity\Runtime/Export/Debug/Debug.bindings.h Line: 39)

SELFPLAY GOAL 253 scorer=Fan ZhaoReward=-1 total=117:136 
(Filename: E:\unity\Runtime/Export/Debug/Debug.bindings.h Line: 39)

SELFPLAY GOAL 254 scorer=Zhao ZhaoReward=1 total=117:137 
(Filename: E:\unity\Runtime/Export/Debug/Debug.bindings.h Line: 39)

SELFPLAY GOAL 255 scorer=Zhao ZhaoReward=1 total=117:138 
(Filename: E:\unity\Runtime/Export/Debug/Debug.bindings.h Line: 39)

SELFPLAY GOAL 256 scorer=Fan ZhaoReward=-1 total=118:138 
(Filename: E:\unity\Runtime/Export/Debug/Debug.bindings.h Line: 39)

SELFPLAY GOAL 257 scorer=Fan ZhaoReward=-1 total=119:138 
(Filename: E:\unity\Runtime/Export/Debug/Debug.bindings.h Line: 39)

SELFPLAY GOAL 258 scorer=Fan ZhaoReward=-1 total=120:138 
(Filename: E:\unity\Runtime/Export/Debug/Debug.bindings.h Line: 39)

SELFPLAY GOAL 259 scorer=Fan ZhaoReward=-1 total=121:138 
(Filename: E:\unity\Runtime/Export/Debug/Debug.bindings.h Line: 39)

SELFPLAY GOAL 260 scorer=Fan ZhaoReward=-1 total=122:138 
(Filename: E:\unity\Runtime/Export/Debug/Debug.bindings.h Line: 39)

SELFPLAY GOAL 261 scorer=Zhao ZhaoReward=1 total=122:139 
(Filename: E:\unity\Runtime/Export/Debug/Debug.bindings.h Line: 39)

SELFPLAY MATCH 30 goals=9 total=261 score=6:3 
(Filename: E:\unity\Runtime/Export/Debug/Debug.bindings.h Line: 39)

Unloading 4 Unused Serialized files (Serialized files now loaded: 0)
UnloadTime: 0.477300 ms

Unloading 4 unused Assets to reduce memory usage. Loaded Objects now: 1059.
Total: 1.192100 ms (FindLiveObjects: 0.041200 ms CreateObjectMapping: 0.008800 ms MarkObjects: 0.287500 ms  DeleteObjects: 0.854200 ms)

SELFPLAY GOALMAP x=-6.13 isPlayer1Goal=True 
(Filename: E:\unity\Runtime/Export/Debug/Debug.bindings.h Line: 39)

SELFPLAY GOALMAP x=6.18 isPlayer1Goal=False 
(Filename: E:\unity\Runtime/Export/Debug/Debug.bindings.h Line: 39)

SELFPLAY GOAL 262 scorer=Fan ZhaoReward=-1 total=123:139 
(Filename: E:\unity\Runtime/Export/Debug/Debug.bindings.h Line: 39)

SELFPLAY GOAL 263 scorer=Fan ZhaoReward=-1 total=124:139 
(Filename: E:\unity\Runtime/Export/Debug/Debug.bindings.h Line: 39)

SELFPLAY GOAL 264 scorer=Fan ZhaoReward=-1 total=125:139 
(Filename: E:\unity\Runtime/Export/Debug/Debug.bindings.h Line: 39)

SELFPLAY GOAL 265 scorer=Zhao ZhaoReward=1 total=125:140 
(Filename: E:\unity\Runtime/Export/Debug/Debug.bindings.h Line: 39)

SELFPLAY GOAL 266 scorer=Zhao ZhaoReward=1 total=125:141 
(Filename: E:\unity\Runtime/Export/Debug/Debug.bindings.h Line: 39)

SELFPLAY GOAL 267 scorer=Fan ZhaoReward=-1 total=126:141 
(Filename: E:\unity\Runtime/Export/Debug/Debug.bindings.h Line: 39)

SELFPLAY GOAL 268 scorer=Fan ZhaoReward=-1 total=127:141 
(Filename: E:\unity\Runtime/Export/Debug/Debug.bindings.h Line: 39)

SELFPLAY GOAL 269 scorer=Zhao ZhaoReward=1 total=127:142 
(Filename: E:\unity\Runtime/Export/Debug/Debug.bindings.h Line: 39)

SELFPLAY GOAL 270 scorer=Zhao ZhaoReward=1 total=127:143 
(Filename: E:\unity\Runtime/Export/Debug/Debug.bindings.h Line: 39)

SELFPLAY GOAL 271 scorer=Zhao ZhaoReward=1 total=127:144 
(Filename: E:\unity\Runtime/Export/Debug/Debug.bindings.h Line: 39)

SELFPLAY MATCH 31 goals=10 total=271 score=5:5 
(Filename: E:\unity\Runtime/Export/Debug/Debug.bindings.h Line: 39)

Unloading 4 Unused Serialized files (Serialized files now loaded: 0)
UnloadTime: 0.448500 ms

Unloading 4 unused Assets to reduce memory usage. Loaded Objects now: 1059.
Total: 1.378000 ms (FindLiveObjects: 0.040300 ms CreateObjectMapping: 0.009100 ms MarkObjects: 0.286600 ms  DeleteObjects: 1.041500 ms)

SELFPLAY GOALMAP x=-6.13 isPlayer1Goal=True 
(Filename: E:\unity\Runtime/Export/Debug/Debug.bindings.h Line: 39)

SELFPLAY GOALMAP x=6.18 isPlayer1Goal=False 
(Filename: E:\unity\Runtime/Export/Debug/Debug.bindings.h Line: 39)

SELFPLAY GOAL 272 scorer=Zhao ZhaoReward=1 total=127:145 
(Filename: E:\unity\Runtime/Export/Debug/Debug.bindings.h Line: 39)

SELFPLAY GOAL 273 scorer=Zhao ZhaoReward=1 total=127:146 
(Filename: E:\unity\Runtime/Export/Debug/Debug.bindings.h Line: 39)

SELFPLAY GOAL 274 scorer=Fan ZhaoReward=-1 total=128:146 
(Filename: E:\unity\Runtime/Export/Debug/Debug.bindings.h Line: 39)

SELFPLAY GOAL 275 scorer=Fan ZhaoReward=-1 total=129:146 
(Filename: E:\unity\Runtime/Export/Debug/Debug.bindings.h Line: 39)

SELFPLAY GOAL 276 scorer=Zhao ZhaoReward=1 total=129:147 
(Filename: E:\unity\Runtime/Export/Debug/Debug.bindings.h Line: 39)

SELFPLAY GOAL 277 scorer=Zhao ZhaoReward=1 total=129:148 
(Filename: E:\unity\Runtime/Export/Debug/Debug.bindings.h Line: 39)

SELFPLAY GOAL 278 scorer=Fan ZhaoReward=-1 total=130:148 
(Filename: E:\unity\Runtime/Export/Debug/Debug.bindings.h Line: 39)

SELFPLAY MATCH 32 goals=7 total=278 score=3:4 
(Filename: E:\unity\Runtime/Export/Debug/Debug.bindings.h Line: 39)

Unloading 4 Unused Serialized files (Serialized files now loaded: 0)
UnloadTime: 0.413500 ms

Unloading 4 unused Assets to reduce memory usage. Loaded Objects now: 1059.
Total: 1.310900 ms (FindLiveObjects: 0.043900 ms CreateObjectMapping: 0.010500 ms MarkObjects: 0.368800 ms  DeleteObjects: 0.887500 ms)

SELFPLAY GOALMAP x=-6.13 isPlayer1Goal=True 
(Filename: E:\unity\Runtime/Export/Debug/Debug.bindings.h Line: 39)

SELFPLAY GOALMAP x=6.18 isPlayer1Goal=False 
(Filename: E:\unity\Runtime/Export/Debug/Debug.bindings.h Line: 39)

SELFPLAY GOAL 279 scorer=Zhao ZhaoReward=1 total=130:149 
(Filename: E:\unity\Runtime/Export/Debug/Debug.bindings.h Line: 39)

SELFPLAY GOAL 280 scorer=Zhao ZhaoReward=1 total=130:150 
(Filename: E:\unity\Runtime/Export/Debug/Debug.bindings.h Line: 39)

SELFPLAY GOAL 281 scorer=Zhao ZhaoReward=1 total=130:151 
(Filename: E:\unity\Runtime/Export/Debug/Debug.bindings.h Line: 39)

SELFPLAY GOAL 282 scorer=Fan ZhaoReward=-1 total=131:151 
(Filename: E:\unity\Runtime/Export/Debug/Debug.bindings.h Line: 39)

SELFPLAY GOAL 283 scorer=Zhao ZhaoReward=1 total=131:152 
(Filename: E:\unity\Runtime/Export/Debug/Debug.bindings.h Line: 39)

SELFPLAY GOAL 284 scorer=Fan ZhaoReward=-1 total=132:152 
(Filename: E:\unity\Runtime/Export/Debug/Debug.bindings.h Line: 39)

SELFPLAY GOAL 285 scorer=Zhao ZhaoReward=1 total=132:153 
(Filename: E:\unity\Runtime/Export/Debug/Debug.bindings.h Line: 39)

SELFPLAY GOAL 286 scorer=Fan ZhaoReward=-1 total=133:153 
(Filename: E:\unity\Runtime/Export/Debug/Debug.bindings.h Line: 39)

SELFPLAY MATCH 33 goals=8 total=286 score=3:5 
(Filename: E:\unity\Runtime/Export/Debug/Debug.bindings.h Line: 39)

Unloading 4 Unused Serialized files (Serialized files now loaded: 0)
UnloadTime: 0.694100 ms

Unloading 4 unused Assets to reduce memory usage. Loaded Objects now: 1059.
Total: 1.505500 ms (FindLiveObjects: 0.056700 ms CreateObjectMapping: 0.013100 ms MarkObjects: 0.331800 ms  DeleteObjects: 1.103600 ms)

SELFPLAY GOALMAP x=-6.13 isPlayer1Goal=True 
(Filename: E:\unity\Runtime/Export/Debug/Debug.bindings.h Line: 39)

SELFPLAY GOALMAP x=6.18 isPlayer1Goal=False 
(Filename: E:\unity\Runtime/Export/Debug/Debug.bindings.h Line: 39)

SELFPLAY GOAL 287 scorer=Zhao ZhaoReward=1 total=133:154 
(Filename: E:\unity\Runtime/Export/Debug/Debug.bindings.h Line: 39)

SELFPLAY GOAL 288 scorer=Zhao ZhaoReward=1 total=133:155 
(Filename: E:\unity\Runtime/Export/Debug/Debug.bindings.h Line: 39)

SELFPLAY GOAL 289 scorer=Zhao ZhaoReward=1 total=133:156 
(Filename: E:\unity\Runtime/Export/Debug/Debug.bindings.h Line: 39)

SELFPLAY GOAL 290 scorer=Zhao ZhaoReward=1 total=133:157 
(Filename: E:\unity\Runtime/Export/Debug/Debug.bindings.h Line: 39)

SELFPLAY GOAL 291 scorer=Zhao ZhaoReward=1 total=133:158 
(Filename: E:\unity\Runtime/Export/Debug/Debug.bindings.h Line: 39)

SELFPLAY GOAL 292 scorer=Zhao ZhaoReward=1 total=133:159 
(Filename: E:\unity\Runtime/Export/Debug/Debug.bindings.h Line: 39)

SELFPLAY GOAL 293 scorer=Zhao ZhaoReward=1 total=133:160 
(Filename: E:\unity\Runtime/Export/Debug/Debug.bindings.h Line: 39)

SELFPLAY GOAL 294 scorer=Zhao ZhaoReward=1 total=133:161 
(Filename: E:\unity\Runtime/Export/Debug/Debug.bindings.h Line: 39)

SELFPLAY MATCH 34 goals=8 total=294 score=0:8 
(Filename: E:\unity\Runtime/Export/Debug/Debug.bindings.h Line: 39)

Unloading 4 Unused Serialized files (Serialized files now loaded: 0)
UnloadTime: 0.652300 ms

Unloading 4 unused Assets to reduce memory usage. Loaded Objects now: 1059.
Total: 1.431100 ms (FindLiveObjects: 0.042900 ms CreateObjectMapping: 0.009100 ms MarkObjects: 0.301400 ms  DeleteObjects: 1.077100 ms)

SELFPLAY GOALMAP x=-6.13 isPlayer1Goal=True 
(Filename: E:\unity\Runtime/Export/Debug/Debug.bindings.h Line: 39)

SELFPLAY GOALMAP x=6.18 isPlayer1Goal=False 
(Filename: E:\unity\Runtime/Export/Debug/Debug.bindings.h Line: 39)

SELFPLAY PROGRESS goals=294/500 matches=35 score=133:161 real=138.1125 
(Filename: E:\unity\Runtime/Export/Debug/Debug.bindings.h Line: 39)

SELFPLAY GOAL 295 scorer=Fan ZhaoReward=-1 total=134:161 
(Filename: E:\unity\Runtime/Export/Debug/Debug.bindings.h Line: 39)

SELFPLAY GOAL 296 scorer=Fan ZhaoReward=-1 total=135:161 
(Filename: E:\unity\Runtime/Export/Debug/Debug.bindings.h Line: 39)

SELFPLAY GOAL 297 scorer=Fan ZhaoReward=-1 total=136:161 
(Filename: E:\unity\Runtime/Export/Debug/Debug.bindings.h Line: 39)

SELFPLAY GOAL 298 scorer=Fan ZhaoReward=-1 total=137:161 
(Filename: E:\unity\Runtime/Export/Debug/Debug.bindings.h Line: 39)

SELFPLAY GOAL 299 scorer=Zhao ZhaoReward=1 total=137:162 
(Filename: E:\unity\Runtime/Export/Debug/Debug.bindings.h Line: 39)

SELFPLAY GOAL 300 scorer=Zhao ZhaoReward=1 total=137:163 
(Filename: E:\unity\Runtime/Export/Debug/Debug.bindings.h Line: 39)

SELFPLAY GOAL 301 scorer=Zhao ZhaoReward=1 total=137:164 
(Filename: E:\unity\Runtime/Export/Debug/Debug.bindings.h Line: 39)

SELFPLAY GOAL 302 scorer=Zhao ZhaoReward=1 total=137:165 
(Filename: E:\unity\Runtime/Export/Debug/Debug.bindings.h Line: 39)

SELFPLAY GOAL 303 scorer=Fan ZhaoReward=-1 total=138:165 
(Filename: E:\unity\Runtime/Export/Debug/Debug.bindings.h Line: 39)

SELFPLAY GOAL 304 scorer=Zhao ZhaoReward=1 total=138:166 
(Filename: E:\unity\Runtime/Export/Debug/Debug.bindings.h Line: 39)

SELFPLAY GOAL 305 scorer=Fan ZhaoReward=-1 total=139:166 
(Filename: E:\unity\Runtime/Export/Debug/Debug.bindings.h Line: 39)

SELFPLAY GOAL 306 scorer=Fan ZhaoReward=-1 total=140:166 
(Filename: E:\unity\Runtime/Export/Debug/Debug.bindings.h Line: 39)

SELFPLAY GOAL 307 scorer=Zhao ZhaoReward=1 total=140:167 
(Filename: E:\unity\Runtime/Export/Debug/Debug.bindings.h Line: 39)

SELFPLAY MATCH 35 goals=13 total=307 score=7:6 
(Filename: E:\unity\Runtime/Export/Debug/Debug.bindings.h Line: 39)

Unloading 4 Unused Serialized files (Serialized files now loaded: 0)
UnloadTime: 0.503400 ms

Unloading 4 unused Assets to reduce memory usage. Loaded Objects now: 1059.
Total: 1.248900 ms (FindLiveObjects: 0.044100 ms CreateObjectMapping: 0.010800 ms MarkObjects: 0.290700 ms  DeleteObjects: 0.902800 ms)

SELFPLAY GOALMAP x=-6.13 isPlayer1Goal=True 
(Filename: E:\unity\Runtime/Export/Debug/Debug.bindings.h Line: 39)

SELFPLAY GOALMAP x=6.18 isPlayer1Goal=False 
(Filename: E:\unity\Runtime/Export/Debug/Debug.bindings.h Line: 39)

SELFPLAY GOAL 308 scorer=Zhao ZhaoReward=1 total=140:168 
(Filename: E:\unity\Runtime/Export/Debug/Debug.bindings.h Line: 39)

SELFPLAY GOAL 309 scorer=Fan ZhaoReward=-1 total=141:168 
(Filename: E:\unity\Runtime/Export/Debug/Debug.bindings.h Line: 39)

SELFPLAY GOAL 310 scorer=Zhao ZhaoReward=1 total=141:169 
(Filename: E:\unity\Runtime/Export/Debug/Debug.bindings.h Line: 39)

SELFPLAY GOAL 311 scorer=Fan ZhaoReward=-1 total=142:169 
(Filename: E:\unity\Runtime/Export/Debug/Debug.bindings.h Line: 39)

SELFPLAY GOAL 312 scorer=Fan ZhaoReward=-1 total=143:169 
(Filename: E:\unity\Runtime/Export/Debug/Debug.bindings.h Line: 39)

SELFPLAY GOAL 313 scorer=Zhao ZhaoReward=1 total=143:170 
(Filename: E:\unity\Runtime/Export/Debug/Debug.bindings.h Line: 39)

SELFPLAY GOAL 314 scorer=Fan ZhaoReward=-1 total=144:170 
(Filename: E:\unity\Runtime/Export/Debug/Debug.bindings.h Line: 39)

SELFPLAY GOAL 315 scorer=Fan ZhaoReward=-1 total=145:170 
(Filename: E:\unity\Runtime/Export/Debug/Debug.bindings.h Line: 39)

SELFPLAY MATCH 36 goals=8 total=315 score=5:3 
(Filename: E:\unity\Runtime/Export/Debug/Debug.bindings.h Line: 39)

Unloading 4 Unused Serialized files (Serialized files now loaded: 0)
UnloadTime: 0.803700 ms

Unloading 4 unused Assets to reduce memory usage. Loaded Objects now: 1059.
Total: 1.384100 ms (FindLiveObjects: 0.043700 ms CreateObjectMapping: 0.009800 ms MarkObjects: 0.293100 ms  DeleteObjects: 1.036900 ms)

SELFPLAY GOALMAP x=-6.13 isPlayer1Goal=True 
(Filename: E:\unity\Runtime/Export/Debug/Debug.bindings.h Line: 39)

SELFPLAY GOALMAP x=6.18 isPlayer1Goal=False 
(Filename: E:\unity\Runtime/Export/Debug/Debug.bindings.h Line: 39)

SELFPLAY GOAL 316 scorer=Zhao ZhaoReward=1 total=145:171 
(Filename: E:\unity\Runtime/Export/Debug/Debug.bindings.h Line: 39)

SELFPLAY GOAL 317 scorer=Zhao ZhaoReward=1 total=145:172 
(Filename: E:\unity\Runtime/Export/Debug/Debug.bindings.h Line: 39)

SELFPLAY GOAL 318 scorer=Zhao ZhaoReward=1 total=145:173 
(Filename: E:\unity\Runtime/Export/Debug/Debug.bindings.h Line: 39)

SELFPLAY GOAL 319 scorer=Zhao ZhaoReward=1 total=145:174 
(Filename: E:\unity\Runtime/Export/Debug/Debug.bindings.h Line: 39)

SELFPLAY GOAL 320 scorer=Fan ZhaoReward=-1 total=146:174 
(Filename: E:\unity\Runtime/Export/Debug/Debug.bindings.h Line: 39)

SELFPLAY GOAL 321 scorer=Zhao ZhaoReward=1 total=146:175 
(Filename: E:\unity\Runtime/Export/Debug/Debug.bindings.h Line: 39)

SELFPLAY GOAL 322 scorer=Zhao ZhaoReward=1 total=146:176 
(Filename: E:\unity\Runtime/Export/Debug/Debug.bindings.h Line: 39)

SELFPLAY GOAL 323 scorer=Fan ZhaoReward=-1 total=147:176 
(Filename: E:\unity\Runtime/Export/Debug/Debug.bindings.h Line: 39)

SELFPLAY GOAL 324 scorer=Zhao ZhaoReward=1 total=147:177 
(Filename: E:\unity\Runtime/Export/Debug/Debug.bindings.h Line: 39)

SELFPLAY GOAL 325 scorer=Fan ZhaoReward=-1 total=148:177 
(Filename: E:\unity\Runtime/Export/Debug/Debug.bindings.h Line: 39)

SELFPLAY GOAL 326 scorer=Zhao ZhaoReward=1 total=148:178 
(Filename: E:\unity\Runtime/Export/Debug/Debug.bindings.h Line: 39)

SELFPLAY GOAL 327 scorer=Fan ZhaoReward=-1 total=149:178 
(Filename: E:\unity\Runtime/Export/Debug/Debug.bindings.h Line: 39)

SELFPLAY GOAL 328 scorer=Zhao ZhaoReward=1 total=149:179 
(Filename: E:\unity\Runtime/Export/Debug/Debug.bindings.h Line: 39)

SELFPLAY MATCH 37 goals=13 total=328 score=4:9 
(Filename: E:\unity\Runtime/Export/Debug/Debug.bindings.h Line: 39)

Unloading 4 Unused Serialized files (Serialized files now loaded: 0)
UnloadTime: 0.609100 ms

Unloading 4 unused Assets to reduce memory usage. Loaded Objects now: 1059.
Total: 1.492100 ms (FindLiveObjects: 0.042800 ms CreateObjectMapping: 0.009700 ms MarkObjects: 0.304200 ms  DeleteObjects: 1.134900 ms)

SELFPLAY GOALMAP x=-6.13 isPlayer1Goal=True 
(Filename: E:\unity\Runtime/Export/Debug/Debug.bindings.h Line: 39)

SELFPLAY GOALMAP x=6.18 isPlayer1Goal=False 
(Filename: E:\unity\Runtime/Export/Debug/Debug.bindings.h Line: 39)

SELFPLAY GOAL 329 scorer=Fan ZhaoReward=-1 total=150:179 
(Filename: E:\unity\Runtime/Export/Debug/Debug.bindings.h Line: 39)

SELFPLAY GOAL 330 scorer=Zhao ZhaoReward=1 total=150:180 
(Filename: E:\unity\Runtime/Export/Debug/Debug.bindings.h Line: 39)

SELFPLAY GOAL 331 scorer=Fan ZhaoReward=-1 total=151:180 
(Filename: E:\unity\Runtime/Export/Debug/Debug.bindings.h Line: 39)

SELFPLAY GOAL 332 scorer=Fan ZhaoReward=-1 total=152:180 
(Filename: E:\unity\Runtime/Export/Debug/Debug.bindings.h Line: 39)

SELFPLAY GOAL 333 scorer=Fan ZhaoReward=-1 total=153:180 
(Filename: E:\unity\Runtime/Export/Debug/Debug.bindings.h Line: 39)

SELFPLAY GOAL 334 scorer=Zhao ZhaoReward=1 total=153:181 
(Filename: E:\unity\Runtime/Export/Debug/Debug.bindings.h Line: 39)

SELFPLAY GOAL 335 scorer=Zhao ZhaoReward=1 total=153:182 
(Filename: E:\unity\Runtime/Export/Debug/Debug.bindings.h Line: 39)

SELFPLAY GOAL 336 scorer=Fan ZhaoReward=-1 total=154:182 
(Filename: E:\unity\Runtime/Export/Debug/Debug.bindings.h Line: 39)

SELFPLAY GOAL 337 scorer=Zhao ZhaoReward=1 total=154:183 
(Filename: E:\unity\Runtime/Export/Debug/Debug.bindings.h Line: 39)

SELFPLAY GOAL 338 scorer=Zhao ZhaoReward=1 total=154:184 
(Filename: E:\unity\Runtime/Export/Debug/Debug.bindings.h Line: 39)

SELFPLAY GOAL 339 scorer=Fan ZhaoReward=-1 total=155:184 
(Filename: E:\unity\Runtime/Export/Debug/Debug.bindings.h Line: 39)

SELFPLAY GOAL 340 scorer=Fan ZhaoReward=-1 total=156:184 
(Filename: E:\unity\Runtime/Export/Debug/Debug.bindings.h Line: 39)

SELFPLAY GOAL 341 scorer=Fan ZhaoReward=-1 total=157:184 
(Filename: E:\unity\Runtime/Export/Debug/Debug.bindings.h Line: 39)

SELFPLAY MATCH 38 goals=13 total=341 score=8:5 
(Filename: E:\unity\Runtime/Export/Debug/Debug.bindings.h Line: 39)

Unloading 4 Unused Serialized files (Serialized files now loaded: 0)
UnloadTime: 0.479600 ms

Unloading 4 unused Assets to reduce memory usage. Loaded Objects now: 1059.
Total: 1.446200 ms (FindLiveObjects: 0.043500 ms CreateObjectMapping: 0.009800 ms MarkObjects: 0.337300 ms  DeleteObjects: 1.055000 ms)

SELFPLAY GOALMAP x=-6.13 isPlayer1Goal=True 
(Filename: E:\unity\Runtime/Export/Debug/Debug.bindings.h Line: 39)

SELFPLAY GOALMAP x=6.18 isPlayer1Goal=False 
(Filename: E:\unity\Runtime/Export/Debug/Debug.bindings.h Line: 39)

SELFPLAY GOAL 342 scorer=Fan ZhaoReward=-1 total=158:184 
(Filename: E:\unity\Runtime/Export/Debug/Debug.bindings.h Line: 39)

SELFPLAY GOAL 343 scorer=Zhao ZhaoReward=1 total=158:185 
(Filename: E:\unity\Runtime/Export/Debug/Debug.bindings.h Line: 39)

SELFPLAY GOAL 344 scorer=Zhao ZhaoReward=1 total=158:186 
(Filename: E:\unity\Runtime/Export/Debug/Debug.bindings.h Line: 39)

SELFPLAY GOAL 345 scorer=Fan ZhaoReward=-1 total=159:186 
(Filename: E:\unity\Runtime/Export/Debug/Debug.bindings.h Line: 39)

SELFPLAY GOAL 346 scorer=Zhao ZhaoReward=1 total=159:187 
(Filename: E:\unity\Runtime/Export/Debug/Debug.bindings.h Line: 39)

SELFPLAY GOAL 347 scorer=Zhao ZhaoReward=1 total=159:188 
(Filename: E:\unity\Runtime/Export/Debug/Debug.bindings.h Line: 39)

SELFPLAY GOAL 348 scorer=Fan ZhaoReward=-1 total=160:188 
(Filename: E:\unity\Runtime/Export/Debug/Debug.bindings.h Line: 39)

SELFPLAY GOAL 349 scorer=Zhao ZhaoReward=1 total=160:189 
(Filename: E:\unity\Runtime/Export/Debug/Debug.bindings.h Line: 39)

SELFPLAY GOAL 350 scorer=Zhao ZhaoReward=1 total=160:190 
(Filename: E:\unity\Runtime/Export/Debug/Debug.bindings.h Line: 39)

SELFPLAY MATCH 39 goals=9 total=350 score=3:6 
(Filename: E:\unity\Runtime/Export/Debug/Debug.bindings.h Line: 39)

Unloading 4 Unused Serialized files (Serialized files now loaded: 0)
UnloadTime: 0.718300 ms

Unloading 4 unused Assets to reduce memory usage. Loaded Objects now: 1059.
Total: 1.540600 ms (FindLiveObjects: 0.043300 ms CreateObjectMapping: 0.010200 ms MarkObjects: 0.338900 ms  DeleteObjects: 1.147600 ms)

SELFPLAY GOALMAP x=-6.13 isPlayer1Goal=True 
(Filename: E:\unity\Runtime/Export/Debug/Debug.bindings.h Line: 39)

SELFPLAY GOALMAP x=6.18 isPlayer1Goal=False 
(Filename: E:\unity\Runtime/Export/Debug/Debug.bindings.h Line: 39)

SELFPLAY GOAL 351 scorer=Fan ZhaoReward=-1 total=161:190 
(Filename: E:\unity\Runtime/Export/Debug/Debug.bindings.h Line: 39)

SELFPLAY GOAL 352 scorer=Zhao ZhaoReward=1 total=161:191 
(Filename: E:\unity\Runtime/Export/Debug/Debug.bindings.h Line: 39)

SELFPLAY GOAL 353 scorer=Zhao ZhaoReward=1 total=161:192 
(Filename: E:\unity\Runtime/Export/Debug/Debug.bindings.h Line: 39)

SELFPLAY GOAL 354 scorer=Fan ZhaoReward=-1 total=162:192 
(Filename: E:\unity\Runtime/Export/Debug/Debug.bindings.h Line: 39)

SELFPLAY GOAL 355 scorer=Fan ZhaoReward=-1 total=163:192 
(Filename: E:\unity\Runtime/Export/Debug/Debug.bindings.h Line: 39)

SELFPLAY GOAL 356 scorer=Zhao ZhaoReward=1 total=163:193 
(Filename: E:\unity\Runtime/Export/Debug/Debug.bindings.h Line: 39)

SELFPLAY GOAL 357 scorer=Fan ZhaoReward=-1 total=164:193 
(Filename: E:\unity\Runtime/Export/Debug/Debug.bindings.h Line: 39)

SELFPLAY GOAL 358 scorer=Fan ZhaoReward=-1 total=165:193 
(Filename: E:\unity\Runtime/Export/Debug/Debug.bindings.h Line: 39)

SELFPLAY GOAL 359 scorer=Zhao ZhaoReward=1 total=165:194 
(Filename: E:\unity\Runtime/Export/Debug/Debug.bindings.h Line: 39)

SELFPLAY GOAL 360 scorer=Zhao ZhaoReward=1 total=165:195 
(Filename: E:\unity\Runtime/Export/Debug/Debug.bindings.h Line: 39)

SELFPLAY GOAL 361 scorer=Zhao ZhaoReward=1 total=165:196 
(Filename: E:\unity\Runtime/Export/Debug/Debug.bindings.h Line: 39)

SELFPLAY MATCH 40 goals=11 total=361 score=5:6 
(Filename: E:\unity\Runtime/Export/Debug/Debug.bindings.h Line: 39)

Unloading 4 Unused Serialized files (Serialized files now loaded: 0)
UnloadTime: 0.641500 ms

Unloading 4 unused Assets to reduce memory usage. Loaded Objects now: 1059.
Total: 1.519000 ms (FindLiveObjects: 0.057100 ms CreateObjectMapping: 0.010200 ms MarkObjects: 0.380700 ms  DeleteObjects: 1.070500 ms)

SELFPLAY GOALMAP x=-6.13 isPlayer1Goal=True 
(Filename: E:\unity\Runtime/Export/Debug/Debug.bindings.h Line: 39)

SELFPLAY GOALMAP x=6.18 isPlayer1Goal=False 
(Filename: E:\unity\Runtime/Export/Debug/Debug.bindings.h Line: 39)

SELFPLAY GOAL 362 scorer=Fan ZhaoReward=-1 total=166:196 
(Filename: E:\unity\Runtime/Export/Debug/Debug.bindings.h Line: 39)

SELFPLAY GOAL 363 scorer=Zhao ZhaoReward=1 total=166:197 
(Filename: E:\unity\Runtime/Export/Debug/Debug.bindings.h Line: 39)

SELFPLAY GOAL 364 scorer=Fan ZhaoReward=-1 total=167:197 
(Filename: E:\unity\Runtime/Export/Debug/Debug.bindings.h Line: 39)

SELFPLAY GOAL 365 scorer=Zhao ZhaoReward=1 total=167:198 
(Filename: E:\unity\Runtime/Export/Debug/Debug.bindings.h Line: 39)

SELFPLAY GOAL 366 scorer=Zhao ZhaoReward=1 total=167:199 
(Filename: E:\unity\Runtime/Export/Debug/Debug.bindings.h Line: 39)

SELFPLAY GOAL 367 scorer=Zhao ZhaoReward=1 total=167:200 
(Filename: E:\unity\Runtime/Export/Debug/Debug.bindings.h Line: 39)

SELFPLAY GOAL 368 scorer=Zhao ZhaoReward=1 total=167:201 
(Filename: E:\unity\Runtime/Export/Debug/Debug.bindings.h Line: 39)

SELFPLAY GOAL 369 scorer=Zhao ZhaoReward=1 total=167:202 
(Filename: E:\unity\Runtime/Export/Debug/Debug.bindings.h Line: 39)

SELFPLAY GOAL 370 scorer=Fan ZhaoReward=-1 total=168:202 
(Filename: E:\unity\Runtime/Export/Debug/Debug.bindings.h Line: 39)

SELFPLAY MATCH 41 goals=9 total=370 score=3:6 
(Filename: E:\unity\Runtime/Export/Debug/Debug.bindings.h Line: 39)

Unloading 4 Unused Serialized files (Serialized files now loaded: 0)
UnloadTime: 0.521400 ms

Unloading 4 unused Assets to reduce memory usage. Loaded Objects now: 1059.
Total: 1.381200 ms (FindLiveObjects: 0.043100 ms CreateObjectMapping: 0.009400 ms MarkObjects: 0.285400 ms  DeleteObjects: 1.042800 ms)

SELFPLAY GOALMAP x=-6.13 isPlayer1Goal=True 
(Filename: E:\unity\Runtime/Export/Debug/Debug.bindings.h Line: 39)

SELFPLAY GOALMAP x=6.18 isPlayer1Goal=False 
(Filename: E:\unity\Runtime/Export/Debug/Debug.bindings.h Line: 39)

SELFPLAY GOAL 371 scorer=Zhao ZhaoReward=1 total=168:203 
(Filename: E:\unity\Runtime/Export/Debug/Debug.bindings.h Line: 39)

SELFPLAY GOAL 372 scorer=Zhao ZhaoReward=1 total=168:204 
(Filename: E:\unity\Runtime/Export/Debug/Debug.bindings.h Line: 39)

SELFPLAY GOAL 373 scorer=Fan ZhaoReward=-1 total=169:204 
(Filename: E:\unity\Runtime/Export/Debug/Debug.bindings.h Line: 39)

SELFPLAY GOAL 374 scorer=Fan ZhaoReward=-1 total=170:204 
(Filename: E:\unity\Runtime/Export/Debug/Debug.bindings.h Line: 39)

SELFPLAY PROGRESS goals=374/500 matches=42 score=170:204 real=168.1145 
(Filename: E:\unity\Runtime/Export/Debug/Debug.bindings.h Line: 39)

SELFPLAY GOAL 375 scorer=Zhao ZhaoReward=1 total=170:205 
(Filename: E:\unity\Runtime/Export/Debug/Debug.bindings.h Line: 39)

SELFPLAY GOAL 376 scorer=Zhao ZhaoReward=1 total=170:206 
(Filename: E:\unity\Runtime/Export/Debug/Debug.bindings.h Line: 39)

SELFPLAY GOAL 377 scorer=Zhao ZhaoReward=1 total=170:207 
(Filename: E:\unity\Runtime/Export/Debug/Debug.bindings.h Line: 39)

SELFPLAY GOAL 378 scorer=Fan ZhaoReward=-1 total=171:207 
(Filename: E:\unity\Runtime/Export/Debug/Debug.bindings.h Line: 39)

SELFPLAY GOAL 379 scorer=Zhao ZhaoReward=1 total=171:208 
(Filename: E:\unity\Runtime/Export/Debug/Debug.bindings.h Line: 39)

SELFPLAY MATCH 42 goals=9 total=379 score=3:6 
(Filename: E:\unity\Runtime/Export/Debug/Debug.bindings.h Line: 39)

Unloading 4 Unused Serialized files (Serialized files now loaded: 0)
UnloadTime: 0.742800 ms

Unloading 4 unused Assets to reduce memory usage. Loaded Objects now: 1059.
Total: 1.480100 ms (FindLiveObjects: 0.051800 ms CreateObjectMapping: 0.011400 ms MarkObjects: 0.396100 ms  DeleteObjects: 1.020200 ms)

SELFPLAY GOALMAP x=-6.13 isPlayer1Goal=True 
(Filename: E:\unity\Runtime/Export/Debug/Debug.bindings.h Line: 39)

SELFPLAY GOALMAP x=6.18 isPlayer1Goal=False 
(Filename: E:\unity\Runtime/Export/Debug/Debug.bindings.h Line: 39)

SELFPLAY GOAL 380 scorer=Fan ZhaoReward=-1 total=172:208 
(Filename: E:\unity\Runtime/Export/Debug/Debug.bindings.h Line: 39)

SELFPLAY GOAL 381 scorer=Fan ZhaoReward=-1 total=173:208 
(Filename: E:\unity\Runtime/Export/Debug/Debug.bindings.h Line: 39)

SELFPLAY GOAL 382 scorer=Zhao ZhaoReward=1 total=173:209 
(Filename: E:\unity\Runtime/Export/Debug/Debug.bindings.h Line: 39)

SELFPLAY GOAL 383 scorer=Zhao ZhaoReward=1 total=173:210 
(Filename: E:\unity\Runtime/Export/Debug/Debug.bindings.h Line: 39)

SELFPLAY GOAL 384 scorer=Fan ZhaoReward=-1 total=174:210 
(Filename: E:\unity\Runtime/Export/Debug/Debug.bindings.h Line: 39)

SELFPLAY GOAL 385 scorer=Fan ZhaoReward=-1 total=175:210 
(Filename: E:\unity\Runtime/Export/Debug/Debug.bindings.h Line: 39)

SELFPLAY GOAL 386 scorer=Zhao ZhaoReward=1 total=175:211 
(Filename: E:\unity\Runtime/Export/Debug/Debug.bindings.h Line: 39)

SELFPLAY GOAL 387 scorer=Fan ZhaoReward=-1 total=176:211 
(Filename: E:\unity\Runtime/Export/Debug/Debug.bindings.h Line: 39)

SELFPLAY GOAL 388 scorer=Zhao ZhaoReward=1 total=176:212 
(Filename: E:\unity\Runtime/Export/Debug/Debug.bindings.h Line: 39)

SELFPLAY GOAL 389 scorer=Zhao ZhaoReward=1 total=176:213 
(Filename: E:\unity\Runtime/Export/Debug/Debug.bindings.h Line: 39)

SELFPLAY MATCH 43 goals=10 total=389 score=5:5 
(Filename: E:\unity\Runtime/Export/Debug/Debug.bindings.h Line: 39)

Unloading 4 Unused Serialized files (Serialized files now loaded: 0)
UnloadTime: 0.704000 ms

Unloading 4 unused Assets to reduce memory usage. Loaded Objects now: 1059.
Total: 1.238400 ms (FindLiveObjects: 0.040100 ms CreateObjectMapping: 0.009100 ms MarkObjects: 0.294800 ms  DeleteObjects: 0.893900 ms)

SELFPLAY GOALMAP x=-6.13 isPlayer1Goal=True 
(Filename: E:\unity\Runtime/Export/Debug/Debug.bindings.h Line: 39)

SELFPLAY GOALMAP x=6.18 isPlayer1Goal=False 
(Filename: E:\unity\Runtime/Export/Debug/Debug.bindings.h Line: 39)

SELFPLAY GOAL 390 scorer=Zhao ZhaoReward=1 total=176:214 
(Filename: E:\unity\Runtime/Export/Debug/Debug.bindings.h Line: 39)

SELFPLAY GOAL 391 scorer=Zhao ZhaoReward=1 total=176:215 
(Filename: E:\unity\Runtime/Export/Debug/Debug.bindings.h Line: 39)

SELFPLAY GOAL 392 scorer=Zhao ZhaoReward=1 total=176:216 
(Filename: E:\unity\Runtime/Export/Debug/Debug.bindings.h Line: 39)

SELFPLAY GOAL 393 scorer=Fan ZhaoReward=-1 total=177:216 
(Filename: E:\unity\Runtime/Export/Debug/Debug.bindings.h Line: 39)

SELFPLAY GOAL 394 scorer=Fan ZhaoReward=-1 total=178:216 
(Filename: E:\unity\Runtime/Export/Debug/Debug.bindings.h Line: 39)

SELFPLAY GOAL 395 scorer=Fan ZhaoReward=-1 total=179:216 
(Filename: E:\unity\Runtime/Export/Debug/Debug.bindings.h Line: 39)

SELFPLAY GOAL 396 scorer=Zhao ZhaoReward=1 total=179:217 
(Filename: E:\unity\Runtime/Export/Debug/Debug.bindings.h Line: 39)

SELFPLAY GOAL 397 scorer=Fan ZhaoReward=-1 total=180:217 
(Filename: E:\unity\Runtime/Export/Debug/Debug.bindings.h Line: 39)

SELFPLAY GOAL 398 scorer=Fan ZhaoReward=-1 total=181:217 
(Filename: E:\unity\Runtime/Export/Debug/Debug.bindings.h Line: 39)

SELFPLAY MATCH 44 goals=9 total=398 score=5:4 
(Filename: E:\unity\Runtime/Export/Debug/Debug.bindings.h Line: 39)

Unloading 4 Unused Serialized files (Serialized files now loaded: 0)
UnloadTime: 0.382600 ms

Unloading 4 unused Assets to reduce memory usage. Loaded Objects now: 1059.
Total: 1.231800 ms (FindLiveObjects: 0.043900 ms CreateObjectMapping: 0.009000 ms MarkObjects: 0.315000 ms  DeleteObjects: 0.863400 ms)

SELFPLAY GOALMAP x=-6.13 isPlayer1Goal=True 
(Filename: E:\unity\Runtime/Export/Debug/Debug.bindings.h Line: 39)

SELFPLAY GOALMAP x=6.18 isPlayer1Goal=False 
(Filename: E:\unity\Runtime/Export/Debug/Debug.bindings.h Line: 39)

SELFPLAY GOAL 399 scorer=Fan ZhaoReward=-1 total=182:217 
(Filename: E:\unity\Runtime/Export/Debug/Debug.bindings.h Line: 39)

SELFPLAY GOAL 400 scorer=Zhao ZhaoReward=1 total=182:218 
(Filename: E:\unity\Runtime/Export/Debug/Debug.bindings.h Line: 39)

SELFPLAY GOAL 401 scorer=Fan ZhaoReward=-1 total=183:218 
(Filename: E:\unity\Runtime/Export/Debug/Debug.bindings.h Line: 39)

SELFPLAY GOAL 402 scorer=Fan ZhaoReward=-1 total=184:218 
(Filename: E:\unity\Runtime/Export/Debug/Debug.bindings.h Line: 39)

SELFPLAY GOAL 403 scorer=Zhao ZhaoReward=1 total=184:219 
(Filename: E:\unity\Runtime/Export/Debug/Debug.bindings.h Line: 39)

SELFPLAY GOAL 404 scorer=Fan ZhaoReward=-1 total=185:219 
(Filename: E:\unity\Runtime/Export/Debug/Debug.bindings.h Line: 39)

SELFPLAY GOAL 405 scorer=Fan ZhaoReward=-1 total=186:219 
(Filename: E:\unity\Runtime/Export/Debug/Debug.bindings.h Line: 39)

SELFPLAY GOAL 406 scorer=Fan ZhaoReward=-1 total=187:219 
(Filename: E:\unity\Runtime/Export/Debug/Debug.bindings.h Line: 39)

SELFPLAY GOAL 407 scorer=Zhao ZhaoReward=1 total=187:220 
(Filename: E:\unity\Runtime/Export/Debug/Debug.bindings.h Line: 39)

SELFPLAY GOAL 408 scorer=Zhao ZhaoReward=1 total=187:221 
(Filename: E:\unity\Runtime/Export/Debug/Debug.bindings.h Line: 39)

SELFPLAY GOAL 409 scorer=Zhao ZhaoReward=1 total=187:222 
(Filename: E:\unity\Runtime/Export/Debug/Debug.bindings.h Line: 39)

SELFPLAY GOAL 410 scorer=Zhao ZhaoReward=1 total=187:223 
(Filename: E:\unity\Runtime/Export/Debug/Debug.bindings.h Line: 39)

SELFPLAY GOAL 411 scorer=Fan ZhaoReward=-1 total=188:223 
(Filename: E:\unity\Runtime/Export/Debug/Debug.bindings.h Line: 39)

SELFPLAY MATCH 45 goals=13 total=411 score=7:6 
(Filename: E:\unity\Runtime/Export/Debug/Debug.bindings.h Line: 39)

Unloading 4 Unused Serialized files (Serialized files now loaded: 0)
UnloadTime: 0.596200 ms

Unloading 4 unused Assets to reduce memory usage. Loaded Objects now: 1059.
Total: 1.237200 ms (FindLiveObjects: 0.042900 ms CreateObjectMapping: 0.009400 ms MarkObjects: 0.302500 ms  DeleteObjects: 0.882000 ms)

SELFPLAY GOALMAP x=-6.13 isPlayer1Goal=True 
(Filename: E:\unity\Runtime/Export/Debug/Debug.bindings.h Line: 39)

SELFPLAY GOALMAP x=6.18 isPlayer1Goal=False 
(Filename: E:\unity\Runtime/Export/Debug/Debug.bindings.h Line: 39)

SELFPLAY GOAL 412 scorer=Fan ZhaoReward=-1 total=189:223 
(Filename: E:\unity\Runtime/Export/Debug/Debug.bindings.h Line: 39)

SELFPLAY GOAL 413 scorer=Zhao ZhaoReward=1 total=189:224 
(Filename: E:\unity\Runtime/Export/Debug/Debug.bindings.h Line: 39)

SELFPLAY GOAL 414 scorer=Zhao ZhaoReward=1 total=189:225 
(Filename: E:\unity\Runtime/Export/Debug/Debug.bindings.h Line: 39)

SELFPLAY GOAL 415 scorer=Zhao ZhaoReward=1 total=189:226 
(Filename: E:\unity\Runtime/Export/Debug/Debug.bindings.h Line: 39)

SELFPLAY GOAL 416 scorer=Zhao ZhaoReward=1 total=189:227 
(Filename: E:\unity\Runtime/Export/Debug/Debug.bindings.h Line: 39)

SELFPLAY GOAL 417 scorer=Zhao ZhaoReward=1 total=189:228 
(Filename: E:\unity\Runtime/Export/Debug/Debug.bindings.h Line: 39)

SELFPLAY GOAL 418 scorer=Fan ZhaoReward=-1 total=190:228 
(Filename: E:\unity\Runtime/Export/Debug/Debug.bindings.h Line: 39)

SELFPLAY GOAL 419 scorer=Fan ZhaoReward=-1 total=191:228 
(Filename: E:\unity\Runtime/Export/Debug/Debug.bindings.h Line: 39)

SELFPLAY GOAL 420 scorer=Zhao ZhaoReward=1 total=191:229 
(Filename: E:\unity\Runtime/Export/Debug/Debug.bindings.h Line: 39)

SELFPLAY MATCH 46 goals=9 total=420 score=3:6 
(Filename: E:\unity\Runtime/Export/Debug/Debug.bindings.h Line: 39)

Unloading 4 Unused Serialized files (Serialized files now loaded: 0)
UnloadTime: 0.536200 ms

Unloading 4 unused Assets to reduce memory usage. Loaded Objects now: 1059.
Total: 1.399900 ms (FindLiveObjects: 0.045500 ms CreateObjectMapping: 0.009400 ms MarkObjects: 0.424800 ms  DeleteObjects: 0.919500 ms)

SELFPLAY GOALMAP x=-6.13 isPlayer1Goal=True 
(Filename: E:\unity\Runtime/Export/Debug/Debug.bindings.h Line: 39)

SELFPLAY GOALMAP x=6.18 isPlayer1Goal=False 
(Filename: E:\unity\Runtime/Export/Debug/Debug.bindings.h Line: 39)

SELFPLAY GOAL 421 scorer=Zhao ZhaoReward=1 total=191:230 
(Filename: E:\unity\Runtime/Export/Debug/Debug.bindings.h Line: 39)

SELFPLAY GOAL 422 scorer=Zhao ZhaoReward=1 total=191:231 
(Filename: E:\unity\Runtime/Export/Debug/Debug.bindings.h Line: 39)

SELFPLAY GOAL 423 scorer=Fan ZhaoReward=-1 total=192:231 
(Filename: E:\unity\Runtime/Export/Debug/Debug.bindings.h Line: 39)

SELFPLAY GOAL 424 scorer=Zhao ZhaoReward=1 total=192:232 
(Filename: E:\unity\Runtime/Export/Debug/Debug.bindings.h Line: 39)

SELFPLAY GOAL 425 scorer=Zhao ZhaoReward=1 total=192:233 
(Filename: E:\unity\Runtime/Export/Debug/Debug.bindings.h Line: 39)

SELFPLAY GOAL 426 scorer=Zhao ZhaoReward=1 total=192:234 
(Filename: E:\unity\Runtime/Export/Debug/Debug.bindings.h Line: 39)

SELFPLAY GOAL 427 scorer=Fan ZhaoReward=-1 total=193:234 
(Filename: E:\unity\Runtime/Export/Debug/Debug.bindings.h Line: 39)

SELFPLAY GOAL 428 scorer=Fan ZhaoReward=-1 total=194:234 
(Filename: E:\unity\Runtime/Export/Debug/Debug.bindings.h Line: 39)

SELFPLAY GOAL 429 scorer=Fan ZhaoReward=-1 total=195:234 
(Filename: E:\unity\Runtime/Export/Debug/Debug.bindings.h Line: 39)

SELFPLAY GOAL 430 scorer=Zhao ZhaoReward=1 total=195:235 
(Filename: E:\unity\Runtime/Export/Debug/Debug.bindings.h Line: 39)

SELFPLAY MATCH 47 goals=10 total=430 score=4:6 
(Filename: E:\unity\Runtime/Export/Debug/Debug.bindings.h Line: 39)

Unloading 4 Unused Serialized files (Serialized files now loaded: 0)
UnloadTime: 0.542000 ms

Unloading 4 unused Assets to reduce memory usage. Loaded Objects now: 1059.
Total: 1.174000 ms (FindLiveObjects: 0.045400 ms CreateObjectMapping: 0.009700 ms MarkObjects: 0.293100 ms  DeleteObjects: 0.825300 ms)

SELFPLAY GOALMAP x=-6.13 isPlayer1Goal=True 
(Filename: E:\unity\Runtime/Export/Debug/Debug.bindings.h Line: 39)

SELFPLAY GOALMAP x=6.18 isPlayer1Goal=False 
(Filename: E:\unity\Runtime/Export/Debug/Debug.bindings.h Line: 39)

SELFPLAY GOAL 431 scorer=Zhao ZhaoReward=1 total=195:236 
(Filename: E:\unity\Runtime/Export/Debug/Debug.bindings.h Line: 39)

SELFPLAY GOAL 432 scorer=Fan ZhaoReward=-1 total=196:236 
(Filename: E:\unity\Runtime/Export/Debug/Debug.bindings.h Line: 39)

SELFPLAY GOAL 433 scorer=Zhao ZhaoReward=1 total=196:237 
(Filename: E:\unity\Runtime/Export/Debug/Debug.bindings.h Line: 39)

SELFPLAY GOAL 434 scorer=Zhao ZhaoReward=1 total=196:238 
(Filename: E:\unity\Runtime/Export/Debug/Debug.bindings.h Line: 39)

SELFPLAY GOAL 435 scorer=Zhao ZhaoReward=1 total=196:239 
(Filename: E:\unity\Runtime/Export/Debug/Debug.bindings.h Line: 39)

SELFPLAY GOAL 436 scorer=Fan ZhaoReward=-1 total=197:239 
(Filename: E:\unity\Runtime/Export/Debug/Debug.bindings.h Line: 39)

SELFPLAY GOAL 437 scorer=Fan ZhaoReward=-1 total=198:239 
(Filename: E:\unity\Runtime/Export/Debug/Debug.bindings.h Line: 39)

SELFPLAY GOAL 438 scorer=Fan ZhaoReward=-1 total=199:239 
(Filename: E:\unity\Runtime/Export/Debug/Debug.bindings.h Line: 39)

SELFPLAY GOAL 439 scorer=Fan ZhaoReward=-1 total=200:239 
(Filename: E:\unity\Runtime/Export/Debug/Debug.bindings.h Line: 39)

SELFPLAY GOAL 440 scorer=Fan ZhaoReward=-1 total=201:239 
(Filename: E:\unity\Runtime/Export/Debug/Debug.bindings.h Line: 39)

SELFPLAY GOAL 441 scorer=Fan ZhaoReward=-1 total=202:239 
(Filename: E:\unity\Runtime/Export/Debug/Debug.bindings.h Line: 39)

SELFPLAY GOAL 442 scorer=Fan ZhaoReward=-1 total=203:239 
(Filename: E:\unity\Runtime/Export/Debug/Debug.bindings.h Line: 39)

SELFPLAY MATCH 48 goals=12 total=442 score=8:4 
(Filename: E:\unity\Runtime/Export/Debug/Debug.bindings.h Line: 39)

Unloading 4 Unused Serialized files (Serialized files now loaded: 0)
UnloadTime: 0.441200 ms

Unloading 4 unused Assets to reduce memory usage. Loaded Objects now: 1059.
Total: 1.408700 ms (FindLiveObjects: 0.043000 ms CreateObjectMapping: 0.011000 ms MarkObjects: 0.419800 ms  DeleteObjects: 0.934300 ms)

SELFPLAY GOALMAP x=-6.13 isPlayer1Goal=True 
(Filename: E:\unity\Runtime/Export/Debug/Debug.bindings.h Line: 39)

SELFPLAY GOALMAP x=6.18 isPlayer1Goal=False 
(Filename: E:\unity\Runtime/Export/Debug/Debug.bindings.h Line: 39)

SELFPLAY GOAL 443 scorer=Fan ZhaoReward=-1 total=204:239 
(Filename: E:\unity\Runtime/Export/Debug/Debug.bindings.h Line: 39)

SELFPLAY GOAL 444 scorer=Zhao ZhaoReward=1 total=204:240 
(Filename: E:\unity\Runtime/Export/Debug/Debug.bindings.h Line: 39)

SELFPLAY GOAL 445 scorer=Fan ZhaoReward=-1 total=205:240 
(Filename: E:\unity\Runtime/Export/Debug/Debug.bindings.h Line: 39)

SELFPLAY GOAL 446 scorer=Zhao ZhaoReward=1 total=205:241 
(Filename: E:\unity\Runtime/Export/Debug/Debug.bindings.h Line: 39)

SELFPLAY GOAL 447 scorer=Zhao ZhaoReward=1 total=205:242 
(Filename: E:\unity\Runtime/Export/Debug/Debug.bindings.h Line: 39)

SELFPLAY GOAL 448 scorer=Fan ZhaoReward=-1 total=206:242 
(Filename: E:\unity\Runtime/Export/Debug/Debug.bindings.h Line: 39)

SELFPLAY PROGRESS goals=448/500 matches=49 score=206:242 real=198.115 
(Filename: E:\unity\Runtime/Export/Debug/Debug.bindings.h Line: 39)

SELFPLAY GOAL 449 scorer=Fan ZhaoReward=-1 total=207:242 
(Filename: E:\unity\Runtime/Export/Debug/Debug.bindings.h Line: 39)

SELFPLAY GOAL 450 scorer=Fan ZhaoReward=-1 total=208:242 
(Filename: E:\unity\Runtime/Export/Debug/Debug.bindings.h Line: 39)

SELFPLAY GOAL 451 scorer=Fan ZhaoReward=-1 total=209:242 
(Filename: E:\unity\Runtime/Export/Debug/Debug.bindings.h Line: 39)

SELFPLAY MATCH 49 goals=9 total=451 score=6:3 
(Filename: E:\unity\Runtime/Export/Debug/Debug.bindings.h Line: 39)

Unloading 4 Unused Serialized files (Serialized files now loaded: 0)
UnloadTime: 0.521200 ms

Unloading 4 unused Assets to reduce memory usage. Loaded Objects now: 1059.
Total: 1.341300 ms (FindLiveObjects: 0.041500 ms CreateObjectMapping: 0.009000 ms MarkObjects: 0.296700 ms  DeleteObjects: 0.993600 ms)

SELFPLAY GOALMAP x=-6.13 isPlayer1Goal=True 
(Filename: E:\unity\Runtime/Export/Debug/Debug.bindings.h Line: 39)

SELFPLAY GOALMAP x=6.18 isPlayer1Goal=False 
(Filename: E:\unity\Runtime/Export/Debug/Debug.bindings.h Line: 39)

SELFPLAY GOAL 452 scorer=Fan ZhaoReward=-1 total=210:242 
(Filename: E:\unity\Runtime/Export/Debug/Debug.bindings.h Line: 39)

SELFPLAY GOAL 453 scorer=Zhao ZhaoReward=1 total=210:243 
(Filename: E:\unity\Runtime/Export/Debug/Debug.bindings.h Line: 39)

SELFPLAY GOAL 454 scorer=Fan ZhaoReward=-1 total=211:243 
(Filename: E:\unity\Runtime/Export/Debug/Debug.bindings.h Line: 39)

SELFPLAY GOAL 455 scorer=Zhao ZhaoReward=1 total=211:244 
(Filename: E:\unity\Runtime/Export/Debug/Debug.bindings.h Line: 39)

SELFPLAY GOAL 456 scorer=Fan ZhaoReward=-1 total=212:244 
(Filename: E:\unity\Runtime/Export/Debug/Debug.bindings.h Line: 39)

SELFPLAY GOAL 457 scorer=Zhao ZhaoReward=1 total=212:245 
(Filename: E:\unity\Runtime/Export/Debug/Debug.bindings.h Line: 39)

SELFPLAY GOAL 458 scorer=Zhao ZhaoReward=1 total=212:246 
(Filename: E:\unity\Runtime/Export/Debug/Debug.bindings.h Line: 39)

SELFPLAY GOAL 459 scorer=Fan ZhaoReward=-1 total=213:246 
(Filename: E:\unity\Runtime/Export/Debug/Debug.bindings.h Line: 39)

SELFPLAY GOAL 460 scorer=Zhao ZhaoReward=1 total=213:247 
(Filename: E:\unity\Runtime/Export/Debug/Debug.bindings.h Line: 39)

SELFPLAY GOAL 461 scorer=Fan ZhaoReward=-1 total=214:247 
(Filename: E:\unity\Runtime/Export/Debug/Debug.bindings.h Line: 39)

SELFPLAY GOAL 462 scorer=Fan ZhaoReward=-1 total=215:247 
(Filename: E:\unity\Runtime/Export/Debug/Debug.bindings.h Line: 39)

SELFPLAY GOAL 463 scorer=Fan ZhaoReward=-1 total=216:247 
(Filename: E:\unity\Runtime/Export/Debug/Debug.bindings.h Line: 39)

SELFPLAY MATCH 50 goals=12 total=463 score=7:5 
(Filename: E:\unity\Runtime/Export/Debug/Debug.bindings.h Line: 39)

Unloading 4 Unused Serialized files (Serialized files now loaded: 0)
UnloadTime: 0.493100 ms

Unloading 4 unused Assets to reduce memory usage. Loaded Objects now: 1059.
Total: 1.207700 ms (FindLiveObjects: 0.041000 ms CreateObjectMapping: 0.009800 ms MarkObjects: 0.293000 ms  DeleteObjects: 0.863400 ms)

SELFPLAY GOALMAP x=-6.13 isPlayer1Goal=True 
(Filename: E:\unity\Runtime/Export/Debug/Debug.bindings.h Line: 39)

SELFPLAY GOALMAP x=6.18 isPlayer1Goal=False 
(Filename: E:\unity\Runtime/Export/Debug/Debug.bindings.h Line: 39)

SELFPLAY GOAL 464 scorer=Fan ZhaoReward=-1 total=217:247 
(Filename: E:\unity\Runtime/Export/Debug/Debug.bindings.h Line: 39)

SELFPLAY GOAL 465 scorer=Fan ZhaoReward=-1 total=218:247 
(Filename: E:\unity\Runtime/Export/Debug/Debug.bindings.h Line: 39)

SELFPLAY GOAL 466 scorer=Zhao ZhaoReward=1 total=218:248 
(Filename: E:\unity\Runtime/Export/Debug/Debug.bindings.h Line: 39)

SELFPLAY GOAL 467 scorer=Zhao ZhaoReward=1 total=218:249 
(Filename: E:\unity\Runtime/Export/Debug/Debug.bindings.h Line: 39)

SELFPLAY GOAL 468 scorer=Zhao ZhaoReward=1 total=218:250 
(Filename: E:\unity\Runtime/Export/Debug/Debug.bindings.h Line: 39)

SELFPLAY GOAL 469 scorer=Zhao ZhaoReward=1 total=218:251 
(Filename: E:\unity\Runtime/Export/Debug/Debug.bindings.h Line: 39)

SELFPLAY GOAL 470 scorer=Fan ZhaoReward=-1 total=219:251 
(Filename: E:\unity\Runtime/Export/Debug/Debug.bindings.h Line: 39)

SELFPLAY GOAL 471 scorer=Fan ZhaoReward=-1 total=220:251 
(Filename: E:\unity\Runtime/Export/Debug/Debug.bindings.h Line: 39)

SELFPLAY MATCH 51 goals=8 total=471 score=4:4 
(Filename: E:\unity\Runtime/Export/Debug/Debug.bindings.h Line: 39)

Unloading 4 Unused Serialized files (Serialized files now loaded: 0)
UnloadTime: 0.611500 ms

Unloading 4 unused Assets to reduce memory usage. Loaded Objects now: 1059.
Total: 1.386300 ms (FindLiveObjects: 0.044700 ms CreateObjectMapping: 0.010600 ms MarkObjects: 0.377600 ms  DeleteObjects: 0.953000 ms)

SELFPLAY GOALMAP x=-6.13 isPlayer1Goal=True 
(Filename: E:\unity\Runtime/Export/Debug/Debug.bindings.h Line: 39)

SELFPLAY GOALMAP x=6.18 isPlayer1Goal=False 
(Filename: E:\unity\Runtime/Export/Debug/Debug.bindings.h Line: 39)

SELFPLAY GOAL 472 scorer=Zhao ZhaoReward=1 total=220:252 
(Filename: E:\unity\Runtime/Export/Debug/Debug.bindings.h Line: 39)

SELFPLAY GOAL 473 scorer=Zhao ZhaoReward=1 total=220:253 
(Filename: E:\unity\Runtime/Export/Debug/Debug.bindings.h Line: 39)

SELFPLAY GOAL 474 scorer=Zhao ZhaoReward=1 total=220:254 
(Filename: E:\unity\Runtime/Export/Debug/Debug.bindings.h Line: 39)

SELFPLAY GOAL 475 scorer=Fan ZhaoReward=-1 total=221:254 
(Filename: E:\unity\Runtime/Export/Debug/Debug.bindings.h Line: 39)

SELFPLAY GOAL 476 scorer=Zhao ZhaoReward=1 total=221:255 
(Filename: E:\unity\Runtime/Export/Debug/Debug.bindings.h Line: 39)

SELFPLAY GOAL 477 scorer=Zhao ZhaoReward=1 total=221:256 
(Filename: E:\unity\Runtime/Export/Debug/Debug.bindings.h Line: 39)

SELFPLAY GOAL 478 scorer=Fan ZhaoReward=-1 total=222:256 
(Filename: E:\unity\Runtime/Export/Debug/Debug.bindings.h Line: 39)

SELFPLAY GOAL 479 scorer=Zhao ZhaoReward=1 total=222:257 
(Filename: E:\unity\Runtime/Export/Debug/Debug.bindings.h Line: 39)

SELFPLAY GOAL 480 scorer=Zhao ZhaoReward=1 total=222:258 
(Filename: E:\unity\Runtime/Export/Debug/Debug.bindings.h Line: 39)

SELFPLAY MATCH 52 goals=9 total=480 score=2:7 
(Filename: E:\unity\Runtime/Export/Debug/Debug.bindings.h Line: 39)

Unloading 4 Unused Serialized files (Serialized files now loaded: 0)
UnloadTime: 0.553500 ms

Unloading 4 unused Assets to reduce memory usage. Loaded Objects now: 1059.
Total: 1.479600 ms (FindLiveObjects: 0.043900 ms CreateObjectMapping: 0.010100 ms MarkObjects: 0.424900 ms  DeleteObjects: 1.000300 ms)

SELFPLAY GOALMAP x=-6.13 isPlayer1Goal=True 
(Filename: E:\unity\Runtime/Export/Debug/Debug.bindings.h Line: 39)

SELFPLAY GOALMAP x=6.18 isPlayer1Goal=False 
(Filename: E:\unity\Runtime/Export/Debug/Debug.bindings.h Line: 39)

SELFPLAY GOAL 481 scorer=Fan ZhaoReward=-1 total=223:258 
(Filename: E:\unity\Runtime/Export/Debug/Debug.bindings.h Line: 39)

SELFPLAY GOAL 482 scorer=Fan ZhaoReward=-1 total=224:258 
(Filename: E:\unity\Runtime/Export/Debug/Debug.bindings.h Line: 39)

SELFPLAY GOAL 483 scorer=Fan ZhaoReward=-1 total=225:258 
(Filename: E:\unity\Runtime/Export/Debug/Debug.bindings.h Line: 39)

SELFPLAY GOAL 484 scorer=Zhao ZhaoReward=1 total=225:259 
(Filename: E:\unity\Runtime/Export/Debug/Debug.bindings.h Line: 39)

SELFPLAY GOAL 485 scorer=Fan ZhaoReward=-1 total=226:259 
(Filename: E:\unity\Runtime/Export/Debug/Debug.bindings.h Line: 39)

SELFPLAY GOAL 486 scorer=Zhao ZhaoReward=1 total=226:260 
(Filename: E:\unity\Runtime/Export/Debug/Debug.bindings.h Line: 39)

SELFPLAY GOAL 487 scorer=Zhao ZhaoReward=1 total=226:261 
(Filename: E:\unity\Runtime/Export/Debug/Debug.bindings.h Line: 39)

SELFPLAY GOAL 488 scorer=Zhao ZhaoReward=1 total=226:262 
(Filename: E:\unity\Runtime/Export/Debug/Debug.bindings.h Line: 39)

SELFPLAY GOAL 489 scorer=Zhao ZhaoReward=1 total=226:263 
(Filename: E:\unity\Runtime/Export/Debug/Debug.bindings.h Line: 39)

SELFPLAY GOAL 490 scorer=Zhao ZhaoReward=1 total=226:264 
(Filename: E:\unity\Runtime/Export/Debug/Debug.bindings.h Line: 39)

SELFPLAY MATCH 53 goals=10 total=490 score=4:6 
(Filename: E:\unity\Runtime/Export/Debug/Debug.bindings.h Line: 39)

Unloading 4 Unused Serialized files (Serialized files now loaded: 0)
UnloadTime: 0.452400 ms

Unloading 4 unused Assets to reduce memory usage. Loaded Objects now: 1059.
Total: 1.479000 ms (FindLiveObjects: 0.052700 ms CreateObjectMapping: 0.010900 ms MarkObjects: 0.423400 ms  DeleteObjects: 0.991300 ms)

SELFPLAY GOALMAP x=-6.13 isPlayer1Goal=True 
(Filename: E:\unity\Runtime/Export/Debug/Debug.bindings.h Line: 39)

SELFPLAY GOALMAP x=6.18 isPlayer1Goal=False 
(Filename: E:\unity\Runtime/Export/Debug/Debug.bindings.h Line: 39)

SELFPLAY GOAL 491 scorer=Zhao ZhaoReward=1 total=226:265 
(Filename: E:\unity\Runtime/Export/Debug/Debug.bindings.h Line: 39)

SELFPLAY GOAL 492 scorer=Zhao ZhaoReward=1 total=226:266 
(Filename: E:\unity\Runtime/Export/Debug/Debug.bindings.h Line: 39)

SELFPLAY GOAL 493 scorer=Zhao ZhaoReward=1 total=226:267 
(Filename: E:\unity\Runtime/Export/Debug/Debug.bindings.h Line: 39)

SELFPLAY GOAL 494 scorer=Zhao ZhaoReward=1 total=226:268 
(Filename: E:\unity\Runtime/Export/Debug/Debug.bindings.h Line: 39)

SELFPLAY GOAL 495 scorer=Zhao ZhaoReward=1 total=226:269 
(Filename: E:\unity\Runtime/Export/Debug/Debug.bindings.h Line: 39)

SELFPLAY GOAL 496 scorer=Zhao ZhaoReward=1 total=226:270 
(Filename: E:\unity\Runtime/Export/Debug/Debug.bindings.h Line: 39)

SELFPLAY GOAL 497 scorer=Fan ZhaoReward=-1 total=227:270 
(Filename: E:\unity\Runtime/Export/Debug/Debug.bindings.h Line: 39)

SELFPLAY MATCH 54 goals=7 total=497 score=1:6 
(Filename: E:\unity\Runtime/Export/Debug/Debug.bindings.h Line: 39)

Unloading 4 Unused Serialized files (Serialized files now loaded: 0)
UnloadTime: 0.589800 ms

Unloading 4 unused Assets to reduce memory usage. Loaded Objects now: 1059.
Total: 1.414700 ms (FindLiveObjects: 0.040700 ms CreateObjectMapping: 0.008700 ms MarkObjects: 0.384300 ms  DeleteObjects: 0.980500 ms)

SELFPLAY GOALMAP x=-6.13 isPlayer1Goal=True 
(Filename: E:\unity\Runtime/Export/Debug/Debug.bindings.h Line: 39)

SELFPLAY GOALMAP x=6.18 isPlayer1Goal=False 
(Filename: E:\unity\Runtime/Export/Debug/Debug.bindings.h Line: 39)

SELFPLAY GOAL 498 scorer=Zhao ZhaoReward=1 total=227:271 
(Filename: E:\unity\Runtime/Export/Debug/Debug.bindings.h Line: 39)

SELFPLAY GOAL 499 scorer=Fan ZhaoReward=-1 total=228:271 
(Filename: E:\unity\Runtime/Export/Debug/Debug.bindings.h Line: 39)

SELFPLAY GOAL 500 scorer=Zhao ZhaoReward=1 total=228:272 
(Filename: E:\unity\Runtime/Export/Debug/Debug.bindings.h Line: 39)

SELFPLAY MATCH 55 goals=3 total=500 score=1:2 
(Filename: E:\unity\Runtime/Export/Debug/Debug.bindings.h Line: 39)

SELFPLAY COMPLETE goals=500 fan=228 zhao=272 matches=55 failures=0 
(Filename: E:\unity\Runtime/Export/Debug/Debug.bindings.h Line: 39)

Setting up 12 worker threads for Enlighten.
  Thread -> id: 21c8 -> priority: 1 
  Thread -> id: be0 -> priority: 1 
  Thread -> id: 3b00 -> priority: 1 
  Thread -> id: 692c -> priority: 1 
  Thread -> id: a108 -> priority: 1 
  Thread -> id: 2868 -> priority: 1 
  Thread -> id: 63e8 -> priority: 1 
  Thread -> id: 37c8 -> priority: 1 
  Thread -> id: 7bec -> priority: 1 
  Thread -> id: 34b8 -> priority: 1 
  Thread -> id: 3520 -> priority: 1 
  Thread -> id: 564c -> priority: 1 

Mono path[0] = 'C:/Users/Alienware/Documents/范志毅VS赵鹏/范志毅VS赵鹏 PC双人版（32位）/鑼冨織姣匳S璧甸箯 PC鍙屼汉鐗堬紙32浣嶏級/AI Mod Source/build/fan-strategy-selfplay-original-baseline-worker-1/FanZhiYi_Data/Managed'
Mono config path = 'C:/Users/Alienware/Documents/范志毅VS赵鹏/范志毅VS赵鹏 PC双人版（32位）/鑼冨織姣匳S璧甸箯 PC鍙屼汉鐗堬紙32浣嶏級/AI Mod Source/build/fan-strategy-selfplay-original-baseline-worker-1/MonoBleedingEdge/etc'
AS: AutoStreaming module initializing.Initialize engine version: 2019.4.33f1c1 (c2f94a8bebb3)
[Subsystems] Discovering subsystems at path C:/Users/Alienware/Documents/范志毅VS赵鹏/范志毅VS赵鹏 PC双人版（32位）/鑼冨織姣匳S璧甸箯 PC鍙屼汉鐗堬紙32浣嶏級/AI Mod Source/build/fan-strategy-selfplay-original-baseline-worker-1/FanZhiYi_Data/UnitySubsystems
Forcing GfxDevice: Null
GfxDevice: creating device client; threaded=0
NullGfxDevice:
    Version:  NULL 1.0 [1.0]
    Renderer: Null Device
    Vendor:   Unity Technologies
Begin MonoManager ReloadAssembly
- Completed reload, in  0.092 seconds
Microsoft Media Foundation video decoding to texture disabled: graphics device is Null, only Direct3D 11 and Direct3D 12 (only on desktop) are supported for hardware-accelerated video decoding.
UnloadTime: 0.525700 ms
Unloading 5 Unused Serialized files (Serialized files now loaded: 0)
UnloadTime: 0.144400 ms

Unloading 145 unused Assets to reduce memory usage. Loaded Objects now: 1003.
Total: 0.447500 ms (FindLiveObjects: 0.040500 ms CreateObjectMapping: 0.010500 ms MarkObjects: 0.190900 ms  DeleteObjects: 0.205100 ms)

SELFPLAY GOALMAP x=-6.13 isPlayer1Goal=True 
(Filename: E:\unity\Runtime/Export/Debug/Debug.bindings.h Line: 39)

SELFPLAY GOALMAP x=6.18 isPlayer1Goal=False 
(Filename: E:\unity\Runtime/Export/Debug/Debug.bindings.h Line: 39)

SELFPLAY GOAL 101 scorer=Fan ZhaoReward=-1 total=49:52 
(Filename: E:\unity\Runtime/Export/Debug/Debug.bindings.h Line: 39)

SELFPLAY GOAL 102 scorer=Zhao ZhaoReward=1 total=49:53 
(Filename: E:\unity\Runtime/Export/Debug/Debug.bindings.h Line: 39)

SELFPLAY GOAL 103 scorer=Fan ZhaoReward=-1 total=50:53 
(Filename: E:\unity\Runtime/Export/Debug/Debug.bindings.h Line: 39)

SELFPLAY GOAL 104 scorer=Zhao ZhaoReward=1 total=50:54 
(Filename: E:\unity\Runtime/Export/Debug/Debug.bindings.h Line: 39)

SELFPLAY GOAL 105 scorer=Zhao ZhaoReward=1 total=50:55 
(Filename: E:\unity\Runtime/Export/Debug/Debug.bindings.h Line: 39)

SELFPLAY GOAL 106 scorer=Zhao ZhaoReward=1 total=50:56 
(Filename: E:\unity\Runtime/Export/Debug/Debug.bindings.h Line: 39)

SELFPLAY GOAL 107 scorer=Fan ZhaoReward=-1 total=51:56 
(Filename: E:\unity\Runtime/Export/Debug/Debug.bindings.h Line: 39)

SELFPLAY GOAL 108 scorer=Zhao ZhaoReward=1 total=51:57 
(Filename: E:\unity\Runtime/Export/Debug/Debug.bindings.h Line: 39)

SELFPLAY MATCH 13 goals=8 total=108 score=3:5 
(Filename: E:\unity\Runtime/Export/Debug/Debug.bindings.h Line: 39)

Unloading 4 Unused Serialized files (Serialized files now loaded: 0)
UnloadTime: 1.001200 ms

Unloading 37 unused Assets to reduce memory usage. Loaded Objects now: 1059.
Total: 1.443100 ms (FindLiveObjects: 0.056600 ms CreateObjectMapping: 0.009900 ms MarkObjects: 0.295100 ms  DeleteObjects: 1.080700 ms)

SELFPLAY GOALMAP x=-6.13 isPlayer1Goal=True 
(Filename: E:\unity\Runtime/Export/Debug/Debug.bindings.h Line: 39)

SELFPLAY GOALMAP x=6.18 isPlayer1Goal=False 
(Filename: E:\unity\Runtime/Export/Debug/Debug.bindings.h Line: 39)

SELFPLAY GOAL 109 scorer=Fan ZhaoReward=-1 total=52:57 
(Filename: E:\unity\Runtime/Export/Debug/Debug.bindings.h Line: 39)

SELFPLAY GOAL 110 scorer=Zhao ZhaoReward=1 total=52:58 
(Filename: E:\unity\Runtime/Export/Debug/Debug.bindings.h Line: 39)

SELFPLAY GOAL 111 scorer=Fan ZhaoReward=-1 total=53:58 
(Filename: E:\unity\Runtime/Export/Debug/Debug.bindings.h Line: 39)

SELFPLAY GOAL 112 scorer=Fan ZhaoReward=-1 total=54:58 
(Filename: E:\unity\Runtime/Export/Debug/Debug.bindings.h Line: 39)

SELFPLAY GOAL 113 scorer=Fan ZhaoReward=-1 total=55:58 
(Filename: E:\unity\Runtime/Export/Debug/Debug.bindings.h Line: 39)

SELFPLAY GOAL 114 scorer=Fan ZhaoReward=-1 total=56:58 
(Filename: E:\unity\Runtime/Export/Debug/Debug.bindings.h Line: 39)

SELFPLAY GOAL 115 scorer=Fan ZhaoReward=-1 total=57:58 
(Filename: E:\unity\Runtime/Export/Debug/Debug.bindings.h Line: 39)

SELFPLAY MATCH 14 goals=7 total=115 score=6:1 
(Filename: E:\unity\Runtime/Export/Debug/Debug.bindings.h Line: 39)

Unloading 4 Unused Serialized files (Serialized files now loaded: 0)
UnloadTime: 0.499600 ms

Unloading 4 unused Assets to reduce memory usage. Loaded Objects now: 1059.
Total: 1.194400 ms (FindLiveObjects: 0.044500 ms CreateObjectMapping: 0.010300 ms MarkObjects: 0.290900 ms  DeleteObjects: 0.847900 ms)

SELFPLAY GOALMAP x=-6.13 isPlayer1Goal=True 
(Filename: E:\unity\Runtime/Export/Debug/Debug.bindings.h Line: 39)

SELFPLAY GOALMAP x=6.18 isPlayer1Goal=False 
(Filename: E:\unity\Runtime/Export/Debug/Debug.bindings.h Line: 39)

SELFPLAY GOAL 116 scorer=Fan ZhaoReward=-1 total=58:58 
(Filename: E:\unity\Runtime/Export/Debug/Debug.bindings.h Line: 39)

SELFPLAY GOAL 117 scorer=Fan ZhaoReward=-1 total=59:58 
(Filename: E:\unity\Runtime/Export/Debug/Debug.bindings.h Line: 39)

SELFPLAY GOAL 118 scorer=Zhao ZhaoReward=1 total=59:59 
(Filename: E:\unity\Runtime/Export/Debug/Debug.bindings.h Line: 39)

SELFPLAY GOAL 119 scorer=Zhao ZhaoReward=1 total=59:60 
(Filename: E:\unity\Runtime/Export/Debug/Debug.bindings.h Line: 39)

SELFPLAY GOAL 120 scorer=Zhao ZhaoReward=1 total=59:61 
(Filename: E:\unity\Runtime/Export/Debug/Debug.bindings.h Line: 39)

SELFPLAY GOAL 121 scorer=Zhao ZhaoReward=1 total=59:62 
(Filename: E:\unity\Runtime/Export/Debug/Debug.bindings.h Line: 39)

SELFPLAY GOAL 122 scorer=Zhao ZhaoReward=1 total=59:63 
(Filename: E:\unity\Runtime/Export/Debug/Debug.bindings.h Line: 39)

SELFPLAY GOAL 123 scorer=Fan ZhaoReward=-1 total=60:63 
(Filename: E:\unity\Runtime/Export/Debug/Debug.bindings.h Line: 39)

SELFPLAY MATCH 15 goals=8 total=123 score=3:5 
(Filename: E:\unity\Runtime/Export/Debug/Debug.bindings.h Line: 39)

Unloading 4 Unused Serialized files (Serialized files now loaded: 0)
UnloadTime: 0.505700 ms

Unloading 4 unused Assets to reduce memory usage. Loaded Objects now: 1059.
Total: 1.181600 ms (FindLiveObjects: 0.041100 ms CreateObjectMapping: 0.008600 ms MarkObjects: 0.246000 ms  DeleteObjects: 0.885400 ms)

SELFPLAY GOALMAP x=-6.13 isPlayer1Goal=True 
(Filename: E:\unity\Runtime/Export/Debug/Debug.bindings.h Line: 39)

SELFPLAY GOALMAP x=6.18 isPlayer1Goal=False 
(Filename: E:\unity\Runtime/Export/Debug/Debug.bindings.h Line: 39)

SELFPLAY GOAL 124 scorer=Fan ZhaoReward=-1 total=61:63 
(Filename: E:\unity\Runtime/Export/Debug/Debug.bindings.h Line: 39)

SELFPLAY GOAL 125 scorer=Zhao ZhaoReward=1 total=61:64 
(Filename: E:\unity\Runtime/Export/Debug/Debug.bindings.h Line: 39)

SELFPLAY GOAL 126 scorer=Zhao ZhaoReward=1 total=61:65 
(Filename: E:\unity\Runtime/Export/Debug/Debug.bindings.h Line: 39)

SELFPLAY GOAL 127 scorer=Zhao ZhaoReward=1 total=61:66 
(Filename: E:\unity\Runtime/Export/Debug/Debug.bindings.h Line: 39)

SELFPLAY GOAL 128 scorer=Fan ZhaoReward=-1 total=62:66 
(Filename: E:\unity\Runtime/Export/Debug/Debug.bindings.h Line: 39)

SELFPLAY GOAL 129 scorer=Fan ZhaoReward=-1 total=63:66 
(Filename: E:\unity\Runtime/Export/Debug/Debug.bindings.h Line: 39)

SELFPLAY GOAL 130 scorer=Zhao ZhaoReward=1 total=63:67 
(Filename: E:\unity\Runtime/Export/Debug/Debug.bindings.h Line: 39)

SELFPLAY GOAL 131 scorer=Fan ZhaoReward=-1 total=64:67 
(Filename: E:\unity\Runtime/Export/Debug/Debug.bindings.h Line: 39)

SELFPLAY GOAL 132 scorer=Fan ZhaoReward=-1 total=65:67 
(Filename: E:\unity\Runtime/Export/Debug/Debug.bindings.h Line: 39)

SELFPLAY MATCH 16 goals=9 total=132 score=5:4 
(Filename: E:\unity\Runtime/Export/Debug/Debug.bindings.h Line: 39)

Unloading 4 Unused Serialized files (Serialized files now loaded: 0)
UnloadTime: 0.415100 ms

Unloading 4 unused Assets to reduce memory usage. Loaded Objects now: 1059.
Total: 1.395700 ms (FindLiveObjects: 0.048700 ms CreateObjectMapping: 0.010700 ms MarkObjects: 0.342600 ms  DeleteObjects: 0.992500 ms)

SELFPLAY GOALMAP x=-6.13 isPlayer1Goal=True 
(Filename: E:\unity\Runtime/Export/Debug/Debug.bindings.h Line: 39)

SELFPLAY GOALMAP x=6.18 isPlayer1Goal=False 
(Filename: E:\unity\Runtime/Export/Debug/Debug.bindings.h Line: 39)

SELFPLAY GOAL 133 scorer=Zhao ZhaoReward=1 total=65:68 
(Filename: E:\unity\Runtime/Export/Debug/Debug.bindings.h Line: 39)

SELFPLAY GOAL 134 scorer=Zhao ZhaoReward=1 total=65:69 
(Filename: E:\unity\Runtime/Export/Debug/Debug.bindings.h Line: 39)

SELFPLAY GOAL 135 scorer=Fan ZhaoReward=-1 total=66:69 
(Filename: E:\unity\Runtime/Export/Debug/Debug.bindings.h Line: 39)

SELFPLAY GOAL 136 scorer=Fan ZhaoReward=-1 total=67:69 
(Filename: E:\unity\Runtime/Export/Debug/Debug.bindings.h Line: 39)

SELFPLAY GOAL 137 scorer=Fan ZhaoReward=-1 total=68:69 
(Filename: E:\unity\Runtime/Export/Debug/Debug.bindings.h Line: 39)

SELFPLAY GOAL 138 scorer=Zhao ZhaoReward=1 total=68:70 
(Filename: E:\unity\Runtime/Export/Debug/Debug.bindings.h Line: 39)

SELFPLAY GOAL 139 scorer=Fan ZhaoReward=-1 total=69:70 
(Filename: E:\unity\Runtime/Export/Debug/Debug.bindings.h Line: 39)

SELFPLAY GOAL 140 scorer=Fan ZhaoReward=-1 total=70:70 
(Filename: E:\unity\Runtime/Export/Debug/Debug.bindings.h Line: 39)

SELFPLAY GOAL 141 scorer=Fan ZhaoReward=-1 total=71:70 
(Filename: E:\unity\Runtime/Export/Debug/Debug.bindings.h Line: 39)

SELFPLAY GOAL 142 scorer=Zhao ZhaoReward=1 total=71:71 
(Filename: E:\unity\Runtime/Export/Debug/Debug.bindings.h Line: 39)

SELFPLAY GOAL 143 scorer=Zhao ZhaoReward=1 total=71:72 
(Filename: E:\unity\Runtime/Export/Debug/Debug.bindings.h Line: 39)

SELFPLAY GOAL 144 scorer=Fan ZhaoReward=-1 total=72:72 
(Filename: E:\unity\Runtime/Export/Debug/Debug.bindings.h Line: 39)

SELFPLAY MATCH 17 goals=12 total=144 score=7:5 
(Filename: E:\unity\Runtime/Export/Debug/Debug.bindings.h Line: 39)

Unloading 4 Unused Serialized files (Serialized files now loaded: 0)
UnloadTime: 0.529700 ms

Unloading 4 unused Assets to reduce memory usage. Loaded Objects now: 1059.
Total: 1.247500 ms (FindLiveObjects: 0.046800 ms CreateObjectMapping: 0.012100 ms MarkObjects: 0.266100 ms  DeleteObjects: 0.922000 ms)

SELFPLAY GOALMAP x=-6.13 isPlayer1Goal=True 
(Filename: E:\unity\Runtime/Export/Debug/Debug.bindings.h Line: 39)

SELFPLAY GOALMAP x=6.18 isPlayer1Goal=False 
(Filename: E:\unity\Runtime/Export/Debug/Debug.bindings.h Line: 39)

SELFPLAY GOAL 145 scorer=Fan ZhaoReward=-1 total=73:72 
(Filename: E:\unity\Runtime/Export/Debug/Debug.bindings.h Line: 39)

SELFPLAY GOAL 146 scorer=Fan ZhaoReward=-1 total=74:72 
(Filename: E:\unity\Runtime/Export/Debug/Debug.bindings.h Line: 39)

SELFPLAY GOAL 147 scorer=Fan ZhaoReward=-1 total=75:72 
(Filename: E:\unity\Runtime/Export/Debug/Debug.bindings.h Line: 39)

SELFPLAY GOAL 148 scorer=Fan ZhaoReward=-1 total=76:72 
(Filename: E:\unity\Runtime/Export/Debug/Debug.bindings.h Line: 39)

SELFPLAY GOAL 149 scorer=Zhao ZhaoReward=1 total=76:73 
(Filename: E:\unity\Runtime/Export/Debug/Debug.bindings.h Line: 39)

SELFPLAY GOAL 150 scorer=Zhao ZhaoReward=1 total=76:74 
(Filename: E:\unity\Runtime/Export/Debug/Debug.bindings.h Line: 39)

SELFPLAY GOAL 151 scorer=Zhao ZhaoReward=1 total=76:75 
(Filename: E:\unity\Runtime/Export/Debug/Debug.bindings.h Line: 39)

SELFPLAY GOAL 152 scorer=Zhao ZhaoReward=1 total=76:76 
(Filename: E:\unity\Runtime/Export/Debug/Debug.bindings.h Line: 39)

SELFPLAY GOAL 153 scorer=Zhao ZhaoReward=1 total=76:77 
(Filename: E:\unity\Runtime/Export/Debug/Debug.bindings.h Line: 39)

SELFPLAY GOAL 154 scorer=Fan ZhaoReward=-1 total=77:77 
(Filename: E:\unity\Runtime/Export/Debug/Debug.bindings.h Line: 39)

SELFPLAY GOAL 155 scorer=Fan ZhaoReward=-1 total=78:77 
(Filename: E:\unity\Runtime/Export/Debug/Debug.bindings.h Line: 39)

SELFPLAY GOAL 156 scorer=Fan ZhaoReward=-1 total=79:77 
(Filename: E:\unity\Runtime/Export/Debug/Debug.bindings.h Line: 39)

SELFPLAY GOAL 157 scorer=Fan ZhaoReward=-1 total=80:77 
(Filename: E:\unity\Runtime/Export/Debug/Debug.bindings.h Line: 39)

SELFPLAY GOAL 158 scorer=Fan ZhaoReward=-1 total=81:77 
(Filename: E:\unity\Runtime/Export/Debug/Debug.bindings.h Line: 39)

SELFPLAY MATCH 18 goals=14 total=158 score=9:5 
(Filename: E:\unity\Runtime/Export/Debug/Debug.bindings.h Line: 39)

Unloading 4 Unused Serialized files (Serialized files now loaded: 0)
UnloadTime: 0.640800 ms

Unloading 4 unused Assets to reduce memory usage. Loaded Objects now: 1059.
Total: 1.289700 ms (FindLiveObjects: 0.040400 ms CreateObjectMapping: 0.009200 ms MarkObjects: 0.319600 ms  DeleteObjects: 0.919700 ms)

SELFPLAY GOALMAP x=-6.13 isPlayer1Goal=True 
(Filename: E:\unity\Runtime/Export/Debug/Debug.bindings.h Line: 39)

SELFPLAY GOALMAP x=6.18 isPlayer1Goal=False 
(Filename: E:\unity\Runtime/Export/Debug/Debug.bindings.h Line: 39)

SELFPLAY GOAL 159 scorer=Zhao ZhaoReward=1 total=81:78 
(Filename: E:\unity\Runtime/Export/Debug/Debug.bindings.h Line: 39)

SELFPLAY GOAL 160 scorer=Zhao ZhaoReward=1 total=81:79 
(Filename: E:\unity\Runtime/Export/Debug/Debug.bindings.h Line: 39)

SELFPLAY GOAL 161 scorer=Zhao ZhaoReward=1 total=81:80 
(Filename: E:\unity\Runtime/Export/Debug/Debug.bindings.h Line: 39)

SELFPLAY GOAL 162 scorer=Fan ZhaoReward=-1 total=82:80 
(Filename: E:\unity\Runtime/Export/Debug/Debug.bindings.h Line: 39)

SELFPLAY GOAL 163 scorer=Zhao ZhaoReward=1 total=82:81 
(Filename: E:\unity\Runtime/Export/Debug/Debug.bindings.h Line: 39)

SELFPLAY GOAL 164 scorer=Zhao ZhaoReward=1 total=82:82 
(Filename: E:\unity\Runtime/Export/Debug/Debug.bindings.h Line: 39)

SELFPLAY GOAL 165 scorer=Zhao ZhaoReward=1 total=82:83 
(Filename: E:\unity\Runtime/Export/Debug/Debug.bindings.h Line: 39)

SELFPLAY GOAL 166 scorer=Fan ZhaoReward=-1 total=83:83 
(Filename: E:\unity\Runtime/Export/Debug/Debug.bindings.h Line: 39)

SELFPLAY GOAL 167 scorer=Fan ZhaoReward=-1 total=84:83 
(Filename: E:\unity\Runtime/Export/Debug/Debug.bindings.h Line: 39)

SELFPLAY GOAL 168 scorer=Zhao ZhaoReward=1 total=84:84 
(Filename: E:\unity\Runtime/Export/Debug/Debug.bindings.h Line: 39)

SELFPLAY GOAL 169 scorer=Fan ZhaoReward=-1 total=85:84 
(Filename: E:\unity\Runtime/Export/Debug/Debug.bindings.h Line: 39)

SELFPLAY MATCH 19 goals=11 total=169 score=4:7 
(Filename: E:\unity\Runtime/Export/Debug/Debug.bindings.h Line: 39)

Unloading 4 Unused Serialized files (Serialized files now loaded: 0)
UnloadTime: 0.503100 ms

Unloading 4 unused Assets to reduce memory usage. Loaded Objects now: 1059.
Total: 1.343900 ms (FindLiveObjects: 0.044600 ms CreateObjectMapping: 0.011100 ms MarkObjects: 0.329700 ms  DeleteObjects: 0.958100 ms)

SELFPLAY GOALMAP x=-6.13 isPlayer1Goal=True 
(Filename: E:\unity\Runtime/Export/Debug/Debug.bindings.h Line: 39)

SELFPLAY GOALMAP x=6.18 isPlayer1Goal=False 
(Filename: E:\unity\Runtime/Export/Debug/Debug.bindings.h Line: 39)

SELFPLAY GOAL 170 scorer=Fan ZhaoReward=-1 total=86:84 
(Filename: E:\unity\Runtime/Export/Debug/Debug.bindings.h Line: 39)

SELFPLAY GOAL 171 scorer=Zhao ZhaoReward=1 total=86:85 
(Filename: E:\unity\Runtime/Export/Debug/Debug.bindings.h Line: 39)

SELFPLAY PROGRESS goals=171/500 matches=20 score=86:85 real=77.72167 
(Filename: E:\unity\Runtime/Export/Debug/Debug.bindings.h Line: 39)

SELFPLAY GOAL 172 scorer=Zhao ZhaoReward=1 total=86:86 
(Filename: E:\unity\Runtime/Export/Debug/Debug.bindings.h Line: 39)

SELFPLAY GOAL 173 scorer=Fan ZhaoReward=-1 total=87:86 
(Filename: E:\unity\Runtime/Export/Debug/Debug.bindings.h Line: 39)

SELFPLAY GOAL 174 scorer=Zhao ZhaoReward=1 total=87:87 
(Filename: E:\unity\Runtime/Export/Debug/Debug.bindings.h Line: 39)

SELFPLAY GOAL 175 scorer=Fan ZhaoReward=-1 total=88:87 
(Filename: E:\unity\Runtime/Export/Debug/Debug.bindings.h Line: 39)

SELFPLAY GOAL 176 scorer=Zhao ZhaoReward=1 total=88:88 
(Filename: E:\unity\Runtime/Export/Debug/Debug.bindings.h Line: 39)

SELFPLAY GOAL 177 scorer=Fan ZhaoReward=-1 total=89:88 
(Filename: E:\unity\Runtime/Export/Debug/Debug.bindings.h Line: 39)

SELFPLAY GOAL 178 scorer=Zhao ZhaoReward=1 total=89:89 
(Filename: E:\unity\Runtime/Export/Debug/Debug.bindings.h Line: 39)

SELFPLAY GOAL 179 scorer=Fan ZhaoReward=-1 total=90:89 
(Filename: E:\unity\Runtime/Export/Debug/Debug.bindings.h Line: 39)

SELFPLAY GOAL 180 scorer=Zhao ZhaoReward=1 total=90:90 
(Filename: E:\unity\Runtime/Export/Debug/Debug.bindings.h Line: 39)

SELFPLAY GOAL 181 scorer=Zhao ZhaoReward=1 total=90:91 
(Filename: E:\unity\Runtime/Export/Debug/Debug.bindings.h Line: 39)

SELFPLAY MATCH 20 goals=12 total=181 score=5:7 
(Filename: E:\unity\Runtime/Export/Debug/Debug.bindings.h Line: 39)

Unloading 4 Unused Serialized files (Serialized files now loaded: 0)
UnloadTime: 0.554900 ms

Unloading 4 unused Assets to reduce memory usage. Loaded Objects now: 1059.
Total: 1.284800 ms (FindLiveObjects: 0.042000 ms CreateObjectMapping: 0.009400 ms MarkObjects: 0.356300 ms  DeleteObjects: 0.876700 ms)

SELFPLAY GOALMAP x=-6.13 isPlayer1Goal=True 
(Filename: E:\unity\Runtime/Export/Debug/Debug.bindings.h Line: 39)

SELFPLAY GOALMAP x=6.18 isPlayer1Goal=False 
(Filename: E:\unity\Runtime/Export/Debug/Debug.bindings.h Line: 39)

SELFPLAY GOAL 182 scorer=Zhao ZhaoReward=1 total=90:92 
(Filename: E:\unity\Runtime/Export/Debug/Debug.bindings.h Line: 39)

SELFPLAY GOAL 183 scorer=Zhao ZhaoReward=1 total=90:93 
(Filename: E:\unity\Runtime/Export/Debug/Debug.bindings.h Line: 39)

SELFPLAY GOAL 184 scorer=Fan ZhaoReward=-1 total=91:93 
(Filename: E:\unity\Runtime/Export/Debug/Debug.bindings.h Line: 39)

SELFPLAY GOAL 185 scorer=Fan ZhaoReward=-1 total=92:93 
(Filename: E:\unity\Runtime/Export/Debug/Debug.bindings.h Line: 39)

SELFPLAY GOAL 186 scorer=Fan ZhaoReward=-1 total=93:93 
(Filename: E:\unity\Runtime/Export/Debug/Debug.bindings.h Line: 39)

SELFPLAY GOAL 187 scorer=Zhao ZhaoReward=1 total=93:94 
(Filename: E:\unity\Runtime/Export/Debug/Debug.bindings.h Line: 39)

SELFPLAY GOAL 188 scorer=Zhao ZhaoReward=1 total=93:95 
(Filename: E:\unity\Runtime/Export/Debug/Debug.bindings.h Line: 39)

SELFPLAY GOAL 189 scorer=Zhao ZhaoReward=1 total=93:96 
(Filename: E:\unity\Runtime/Export/Debug/Debug.bindings.h Line: 39)

SELFPLAY GOAL 190 scorer=Fan ZhaoReward=-1 total=94:96 
(Filename: E:\unity\Runtime/Export/Debug/Debug.bindings.h Line: 39)

SELFPLAY GOAL 191 scorer=Fan ZhaoReward=-1 total=95:96 
(Filename: E:\unity\Runtime/Export/Debug/Debug.bindings.h Line: 39)

SELFPLAY GOAL 192 scorer=Fan ZhaoReward=-1 total=96:96 
(Filename: E:\unity\Runtime/Export/Debug/Debug.bindings.h Line: 39)

SELFPLAY GOAL 193 scorer=Fan ZhaoReward=-1 total=97:96 
(Filename: E:\unity\Runtime/Export/Debug/Debug.bindings.h Line: 39)

SELFPLAY GOAL 194 scorer=Fan ZhaoReward=-1 total=98:96 
(Filename: E:\unity\Runtime/Export/Debug/Debug.bindings.h Line: 39)

SELFPLAY MATCH 21 goals=13 total=194 score=8:5 
(Filename: E:\unity\Runtime/Export/Debug/Debug.bindings.h Line: 39)

Unloading 4 Unused Serialized files (Serialized files now loaded: 0)
UnloadTime: 0.500500 ms

Unloading 4 unused Assets to reduce memory usage. Loaded Objects now: 1059.
Total: 1.302600 ms (FindLiveObjects: 0.043100 ms CreateObjectMapping: 0.009100 ms MarkObjects: 0.328900 ms  DeleteObjects: 0.921100 ms)

SELFPLAY GOALMAP x=-6.13 isPlayer1Goal=True 
(Filename: E:\unity\Runtime/Export/Debug/Debug.bindings.h Line: 39)

SELFPLAY GOALMAP x=6.18 isPlayer1Goal=False 
(Filename: E:\unity\Runtime/Export/Debug/Debug.bindings.h Line: 39)

SELFPLAY GOAL 195 scorer=Zhao ZhaoReward=1 total=98:97 
(Filename: E:\unity\Runtime/Export/Debug/Debug.bindings.h Line: 39)

SELFPLAY GOAL 196 scorer=Zhao ZhaoReward=1 total=98:98 
(Filename: E:\unity\Runtime/Export/Debug/Debug.bindings.h Line: 39)

SELFPLAY GOAL 197 scorer=Fan ZhaoReward=-1 total=99:98 
(Filename: E:\unity\Runtime/Export/Debug/Debug.bindings.h Line: 39)

SELFPLAY GOAL 198 scorer=Fan ZhaoReward=-1 total=100:98 
(Filename: E:\unity\Runtime/Export/Debug/Debug.bindings.h Line: 39)

SELFPLAY GOAL 199 scorer=Fan ZhaoReward=-1 total=101:98 
(Filename: E:\unity\Runtime/Export/Debug/Debug.bindings.h Line: 39)

SELFPLAY GOAL 200 scorer=Zhao ZhaoReward=1 total=101:99 
(Filename: E:\unity\Runtime/Export/Debug/Debug.bindings.h Line: 39)

SELFPLAY GOAL 201 scorer=Fan ZhaoReward=-1 total=102:99 
(Filename: E:\unity\Runtime/Export/Debug/Debug.bindings.h Line: 39)

SELFPLAY GOAL 202 scorer=Zhao ZhaoReward=1 total=102:100 
(Filename: E:\unity\Runtime/Export/Debug/Debug.bindings.h Line: 39)

SELFPLAY GOAL 203 scorer=Zhao ZhaoReward=1 total=102:101 
(Filename: E:\unity\Runtime/Export/Debug/Debug.bindings.h Line: 39)

SELFPLAY GOAL 204 scorer=Zhao ZhaoReward=1 total=102:102 
(Filename: E:\unity\Runtime/Export/Debug/Debug.bindings.h Line: 39)

SELFPLAY MATCH 22 goals=10 total=204 score=4:6 
(Filename: E:\unity\Runtime/Export/Debug/Debug.bindings.h Line: 39)

Unloading 4 Unused Serialized files (Serialized files now loaded: 0)
UnloadTime: 0.498100 ms

Unloading 4 unused Assets to reduce memory usage. Loaded Objects now: 1059.
Total: 1.354100 ms (FindLiveObjects: 0.057600 ms CreateObjectMapping: 0.009300 ms MarkObjects: 0.274400 ms  DeleteObjects: 1.012400 ms)

SELFPLAY GOALMAP x=-6.13 isPlayer1Goal=True 
(Filename: E:\unity\Runtime/Export/Debug/Debug.bindings.h Line: 39)

SELFPLAY GOALMAP x=6.18 isPlayer1Goal=False 
(Filename: E:\unity\Runtime/Export/Debug/Debug.bindings.h Line: 39)

SELFPLAY GOAL 205 scorer=Zhao ZhaoReward=1 total=102:103 
(Filename: E:\unity\Runtime/Export/Debug/Debug.bindings.h Line: 39)

SELFPLAY GOAL 206 scorer=Fan ZhaoReward=-1 total=103:103 
(Filename: E:\unity\Runtime/Export/Debug/Debug.bindings.h Line: 39)

SELFPLAY GOAL 207 scorer=Zhao ZhaoReward=1 total=103:104 
(Filename: E:\unity\Runtime/Export/Debug/Debug.bindings.h Line: 39)

SELFPLAY GOAL 208 scorer=Zhao ZhaoReward=1 total=103:105 
(Filename: E:\unity\Runtime/Export/Debug/Debug.bindings.h Line: 39)

SELFPLAY GOAL 209 scorer=Zhao ZhaoReward=1 total=103:106 
(Filename: E:\unity\Runtime/Export/Debug/Debug.bindings.h Line: 39)

SELFPLAY GOAL 210 scorer=Fan ZhaoReward=-1 total=104:106 
(Filename: E:\unity\Runtime/Export/Debug/Debug.bindings.h Line: 39)

SELFPLAY GOAL 211 scorer=Fan ZhaoReward=-1 total=105:106 
(Filename: E:\unity\Runtime/Export/Debug/Debug.bindings.h Line: 39)

SELFPLAY GOAL 212 scorer=Fan ZhaoReward=-1 total=106:106 
(Filename: E:\unity\Runtime/Export/Debug/Debug.bindings.h Line: 39)

SELFPLAY GOAL 213 scorer=Zhao ZhaoReward=1 total=106:107 
(Filename: E:\unity\Runtime/Export/Debug/Debug.bindings.h Line: 39)

SELFPLAY GOAL 214 scorer=Fan ZhaoReward=-1 total=107:107 
(Filename: E:\unity\Runtime/Export/Debug/Debug.bindings.h Line: 39)

SELFPLAY GOAL 215 scorer=Fan ZhaoReward=-1 total=108:107 
(Filename: E:\unity\Runtime/Export/Debug/Debug.bindings.h Line: 39)

SELFPLAY GOAL 216 scorer=Zhao ZhaoReward=1 total=108:108 
(Filename: E:\unity\Runtime/Export/Debug/Debug.bindings.h Line: 39)

SELFPLAY MATCH 23 goals=12 total=216 score=6:6 
(Filename: E:\unity\Runtime/Export/Debug/Debug.bindings.h Line: 39)

Unloading 4 Unused Serialized files (Serialized files now loaded: 0)
UnloadTime: 0.540800 ms

Unloading 4 unused Assets to reduce memory usage. Loaded Objects now: 1059.
Total: 1.200500 ms (FindLiveObjects: 0.041600 ms CreateObjectMapping: 0.009100 ms MarkObjects: 0.267600 ms  DeleteObjects: 0.881600 ms)

SELFPLAY GOALMAP x=-6.13 isPlayer1Goal=True 
(Filename: E:\unity\Runtime/Export/Debug/Debug.bindings.h Line: 39)

SELFPLAY GOALMAP x=6.18 isPlayer1Goal=False 
(Filename: E:\unity\Runtime/Export/Debug/Debug.bindings.h Line: 39)

SELFPLAY GOAL 217 scorer=Fan ZhaoReward=-1 total=109:108 
(Filename: E:\unity\Runtime/Export/Debug/Debug.bindings.h Line: 39)

SELFPLAY GOAL 218 scorer=Fan ZhaoReward=-1 total=110:108 
(Filename: E:\unity\Runtime/Export/Debug/Debug.bindings.h Line: 39)

SELFPLAY GOAL 219 scorer=Zhao ZhaoReward=1 total=110:109 
(Filename: E:\unity\Runtime/Export/Debug/Debug.bindings.h Line: 39)

SELFPLAY GOAL 220 scorer=Zhao ZhaoReward=1 total=110:110 
(Filename: E:\unity\Runtime/Export/Debug/Debug.bindings.h Line: 39)

SELFPLAY GOAL 221 scorer=Zhao ZhaoReward=1 total=110:111 
(Filename: E:\unity\Runtime/Export/Debug/Debug.bindings.h Line: 39)

SELFPLAY GOAL 222 scorer=Fan ZhaoReward=-1 total=111:111 
(Filename: E:\unity\Runtime/Export/Debug/Debug.bindings.h Line: 39)

SELFPLAY GOAL 223 scorer=Zhao ZhaoReward=1 total=111:112 
(Filename: E:\unity\Runtime/Export/Debug/Debug.bindings.h Line: 39)

SELFPLAY GOAL 224 scorer=Fan ZhaoReward=-1 total=112:112 
(Filename: E:\unity\Runtime/Export/Debug/Debug.bindings.h Line: 39)

SELFPLAY GOAL 225 scorer=Zhao ZhaoReward=1 total=112:113 
(Filename: E:\unity\Runtime/Export/Debug/Debug.bindings.h Line: 39)

SELFPLAY MATCH 24 goals=9 total=225 score=4:5 
(Filename: E:\unity\Runtime/Export/Debug/Debug.bindings.h Line: 39)

Unloading 4 Unused Serialized files (Serialized files now loaded: 0)
UnloadTime: 0.687300 ms

Unloading 4 unused Assets to reduce memory usage. Loaded Objects now: 1059.
Total: 1.202600 ms (FindLiveObjects: 0.048200 ms CreateObjectMapping: 0.011000 ms MarkObjects: 0.292100 ms  DeleteObjects: 0.850500 ms)

SELFPLAY GOALMAP x=-6.13 isPlayer1Goal=True 
(Filename: E:\unity\Runtime/Export/Debug/Debug.bindings.h Line: 39)

SELFPLAY GOALMAP x=6.18 isPlayer1Goal=False 
(Filename: E:\unity\Runtime/Export/Debug/Debug.bindings.h Line: 39)

SELFPLAY GOAL 226 scorer=Fan ZhaoReward=-1 total=113:113 
(Filename: E:\unity\Runtime/Export/Debug/Debug.bindings.h Line: 39)

SELFPLAY GOAL 227 scorer=Fan ZhaoReward=-1 total=114:113 
(Filename: E:\unity\Runtime/Export/Debug/Debug.bindings.h Line: 39)

SELFPLAY GOAL 228 scorer=Zhao ZhaoReward=1 total=114:114 
(Filename: E:\unity\Runtime/Export/Debug/Debug.bindings.h Line: 39)

SELFPLAY GOAL 229 scorer=Fan ZhaoReward=-1 total=115:114 
(Filename: E:\unity\Runtime/Export/Debug/Debug.bindings.h Line: 39)

SELFPLAY GOAL 230 scorer=Fan ZhaoReward=-1 total=116:114 
(Filename: E:\unity\Runtime/Export/Debug/Debug.bindings.h Line: 39)

SELFPLAY GOAL 231 scorer=Fan ZhaoReward=-1 total=117:114 
(Filename: E:\unity\Runtime/Export/Debug/Debug.bindings.h Line: 39)

SELFPLAY GOAL 232 scorer=Zhao ZhaoReward=1 total=117:115 
(Filename: E:\unity\Runtime/Export/Debug/Debug.bindings.h Line: 39)

SELFPLAY GOAL 233 scorer=Zhao ZhaoReward=1 total=117:116 
(Filename: E:\unity\Runtime/Export/Debug/Debug.bindings.h Line: 39)

SELFPLAY GOAL 234 scorer=Zhao ZhaoReward=1 total=117:117 
(Filename: E:\unity\Runtime/Export/Debug/Debug.bindings.h Line: 39)

SELFPLAY GOAL 235 scorer=Zhao ZhaoReward=1 total=117:118 
(Filename: E:\unity\Runtime/Export/Debug/Debug.bindings.h Line: 39)

SELFPLAY MATCH 25 goals=10 total=235 score=5:5 
(Filename: E:\unity\Runtime/Export/Debug/Debug.bindings.h Line: 39)

Unloading 4 Unused Serialized files (Serialized files now loaded: 0)
UnloadTime: 0.561300 ms

Unloading 4 unused Assets to reduce memory usage. Loaded Objects now: 1059.
Total: 1.211700 ms (FindLiveObjects: 0.041300 ms CreateObjectMapping: 0.009100 ms MarkObjects: 0.285100 ms  DeleteObjects: 0.875800 ms)

SELFPLAY GOALMAP x=-6.13 isPlayer1Goal=True 
(Filename: E:\unity\Runtime/Export/Debug/Debug.bindings.h Line: 39)

SELFPLAY GOALMAP x=6.18 isPlayer1Goal=False 
(Filename: E:\unity\Runtime/Export/Debug/Debug.bindings.h Line: 39)

SELFPLAY GOAL 236 scorer=Zhao ZhaoReward=1 total=117:119 
(Filename: E:\unity\Runtime/Export/Debug/Debug.bindings.h Line: 39)

SELFPLAY GOAL 237 scorer=Fan ZhaoReward=-1 total=118:119 
(Filename: E:\unity\Runtime/Export/Debug/Debug.bindings.h Line: 39)

SELFPLAY GOAL 238 scorer=Zhao ZhaoReward=1 total=118:120 
(Filename: E:\unity\Runtime/Export/Debug/Debug.bindings.h Line: 39)

SELFPLAY GOAL 239 scorer=Zhao ZhaoReward=1 total=118:121 
(Filename: E:\unity\Runtime/Export/Debug/Debug.bindings.h Line: 39)

SELFPLAY GOAL 240 scorer=Zhao ZhaoReward=1 total=118:122 
(Filename: E:\unity\Runtime/Export/Debug/Debug.bindings.h Line: 39)

SELFPLAY GOAL 241 scorer=Zhao ZhaoReward=1 total=118:123 
(Filename: E:\unity\Runtime/Export/Debug/Debug.bindings.h Line: 39)

SELFPLAY GOAL 242 scorer=Zhao ZhaoReward=1 total=118:124 
(Filename: E:\unity\Runtime/Export/Debug/Debug.bindings.h Line: 39)

SELFPLAY GOAL 243 scorer=Fan ZhaoReward=-1 total=119:124 
(Filename: E:\unity\Runtime/Export/Debug/Debug.bindings.h Line: 39)

SELFPLAY GOAL 244 scorer=Fan ZhaoReward=-1 total=120:124 
(Filename: E:\unity\Runtime/Export/Debug/Debug.bindings.h Line: 39)

SELFPLAY GOAL 245 scorer=Zhao ZhaoReward=1 total=120:125 
(Filename: E:\unity\Runtime/Export/Debug/Debug.bindings.h Line: 39)

SELFPLAY GOAL 246 scorer=Fan ZhaoReward=-1 total=121:125 
(Filename: E:\unity\Runtime/Export/Debug/Debug.bindings.h Line: 39)

SELFPLAY MATCH 26 goals=11 total=246 score=4:7 
(Filename: E:\unity\Runtime/Export/Debug/Debug.bindings.h Line: 39)

Unloading 4 Unused Serialized files (Serialized files now loaded: 0)
UnloadTime: 0.498900 ms

Unloading 4 unused Assets to reduce memory usage. Loaded Objects now: 1059.
Total: 1.228700 ms (FindLiveObjects: 0.042200 ms CreateObjectMapping: 0.010400 ms MarkObjects: 0.274400 ms  DeleteObjects: 0.901300 ms)

SELFPLAY GOALMAP x=-6.13 isPlayer1Goal=True 
(Filename: E:\unity\Runtime/Export/Debug/Debug.bindings.h Line: 39)

SELFPLAY GOALMAP x=6.18 isPlayer1Goal=False 
(Filename: E:\unity\Runtime/Export/Debug/Debug.bindings.h Line: 39)

SELFPLAY GOAL 247 scorer=Zhao ZhaoReward=1 total=121:126 
(Filename: E:\unity\Runtime/Export/Debug/Debug.bindings.h Line: 39)

SELFPLAY GOAL 248 scorer=Zhao ZhaoReward=1 total=121:127 
(Filename: E:\unity\Runtime/Export/Debug/Debug.bindings.h Line: 39)

SELFPLAY GOAL 249 scorer=Zhao ZhaoReward=1 total=121:128 
(Filename: E:\unity\Runtime/Export/Debug/Debug.bindings.h Line: 39)

SELFPLAY GOAL 250 scorer=Fan ZhaoReward=-1 total=122:128 
(Filename: E:\unity\Runtime/Export/Debug/Debug.bindings.h Line: 39)

SELFPLAY GOAL 251 scorer=Zhao ZhaoReward=1 total=122:129 
(Filename: E:\unity\Runtime/Export/Debug/Debug.bindings.h Line: 39)

SELFPLAY GOAL 252 scorer=Fan ZhaoReward=-1 total=123:129 
(Filename: E:\unity\Runtime/Export/Debug/Debug.bindings.h Line: 39)

SELFPLAY GOAL 253 scorer=Fan ZhaoReward=-1 total=124:129 
(Filename: E:\unity\Runtime/Export/Debug/Debug.bindings.h Line: 39)

SELFPLAY PROGRESS goals=253/500 matches=27 score=124:129 real=107.7226 
(Filename: E:\unity\Runtime/Export/Debug/Debug.bindings.h Line: 39)

SELFPLAY GOAL 254 scorer=Zhao ZhaoReward=1 total=124:130 
(Filename: E:\unity\Runtime/Export/Debug/Debug.bindings.h Line: 39)

SELFPLAY GOAL 255 scorer=Fan ZhaoReward=-1 total=125:130 
(Filename: E:\unity\Runtime/Export/Debug/Debug.bindings.h Line: 39)

SELFPLAY GOAL 256 scorer=Fan ZhaoReward=-1 total=126:130 
(Filename: E:\unity\Runtime/Export/Debug/Debug.bindings.h Line: 39)

SELFPLAY GOAL 257 scorer=Zhao ZhaoReward=1 total=126:131 
(Filename: E:\unity\Runtime/Export/Debug/Debug.bindings.h Line: 39)

SELFPLAY GOAL 258 scorer=Fan ZhaoReward=-1 total=127:131 
(Filename: E:\unity\Runtime/Export/Debug/Debug.bindings.h Line: 39)

SELFPLAY MATCH 27 goals=12 total=258 score=6:6 
(Filename: E:\unity\Runtime/Export/Debug/Debug.bindings.h Line: 39)

Unloading 4 Unused Serialized files (Serialized files now loaded: 0)
UnloadTime: 0.508500 ms

Unloading 4 unused Assets to reduce memory usage. Loaded Objects now: 1059.
Total: 1.292800 ms (FindLiveObjects: 0.039800 ms CreateObjectMapping: 0.009600 ms MarkObjects: 0.261900 ms  DeleteObjects: 0.981000 ms)

SELFPLAY GOALMAP x=-6.13 isPlayer1Goal=True 
(Filename: E:\unity\Runtime/Export/Debug/Debug.bindings.h Line: 39)

SELFPLAY GOALMAP x=6.18 isPlayer1Goal=False 
(Filename: E:\unity\Runtime/Export/Debug/Debug.bindings.h Line: 39)

SELFPLAY GOAL 259 scorer=Zhao ZhaoReward=1 total=127:132 
(Filename: E:\unity\Runtime/Export/Debug/Debug.bindings.h Line: 39)

SELFPLAY GOAL 260 scorer=Fan ZhaoReward=-1 total=128:132 
(Filename: E:\unity\Runtime/Export/Debug/Debug.bindings.h Line: 39)

SELFPLAY GOAL 261 scorer=Fan ZhaoReward=-1 total=129:132 
(Filename: E:\unity\Runtime/Export/Debug/Debug.bindings.h Line: 39)

SELFPLAY GOAL 262 scorer=Zhao ZhaoReward=1 total=129:133 
(Filename: E:\unity\Runtime/Export/Debug/Debug.bindings.h Line: 39)

SELFPLAY GOAL 263 scorer=Zhao ZhaoReward=1 total=129:134 
(Filename: E:\unity\Runtime/Export/Debug/Debug.bindings.h Line: 39)

SELFPLAY GOAL 264 scorer=Zhao ZhaoReward=1 total=129:135 
(Filename: E:\unity\Runtime/Export/Debug/Debug.bindings.h Line: 39)

SELFPLAY GOAL 265 scorer=Zhao ZhaoReward=1 total=129:136 
(Filename: E:\unity\Runtime/Export/Debug/Debug.bindings.h Line: 39)

SELFPLAY MATCH 28 goals=7 total=265 score=2:5 
(Filename: E:\unity\Runtime/Export/Debug/Debug.bindings.h Line: 39)

Unloading 4 Unused Serialized files (Serialized files now loaded: 0)
UnloadTime: 0.618300 ms

Unloading 4 unused Assets to reduce memory usage. Loaded Objects now: 1059.
Total: 1.197500 ms (FindLiveObjects: 0.040400 ms CreateObjectMapping: 0.009000 ms MarkObjects: 0.259900 ms  DeleteObjects: 0.887800 ms)

SELFPLAY GOALMAP x=-6.13 isPlayer1Goal=True 
(Filename: E:\unity\Runtime/Export/Debug/Debug.bindings.h Line: 39)

SELFPLAY GOALMAP x=6.18 isPlayer1Goal=False 
(Filename: E:\unity\Runtime/Export/Debug/Debug.bindings.h Line: 39)

SELFPLAY GOAL 266 scorer=Fan ZhaoReward=-1 total=130:136 
(Filename: E:\unity\Runtime/Export/Debug/Debug.bindings.h Line: 39)

SELFPLAY GOAL 267 scorer=Fan ZhaoReward=-1 total=131:136 
(Filename: E:\unity\Runtime/Export/Debug/Debug.bindings.h Line: 39)

SELFPLAY GOAL 268 scorer=Fan ZhaoReward=-1 total=132:136 
(Filename: E:\unity\Runtime/Export/Debug/Debug.bindings.h Line: 39)

SELFPLAY GOAL 269 scorer=Fan ZhaoReward=-1 total=133:136 
(Filename: E:\unity\Runtime/Export/Debug/Debug.bindings.h Line: 39)

SELFPLAY GOAL 270 scorer=Fan ZhaoReward=-1 total=134:136 
(Filename: E:\unity\Runtime/Export/Debug/Debug.bindings.h Line: 39)

SELFPLAY GOAL 271 scorer=Fan ZhaoReward=-1 total=135:136 
(Filename: E:\unity\Runtime/Export/Debug/Debug.bindings.h Line: 39)

SELFPLAY GOAL 272 scorer=Fan ZhaoReward=-1 total=136:136 
(Filename: E:\unity\Runtime/Export/Debug/Debug.bindings.h Line: 39)

SELFPLAY GOAL 273 scorer=Zhao ZhaoReward=1 total=136:137 
(Filename: E:\unity\Runtime/Export/Debug/Debug.bindings.h Line: 39)

SELFPLAY MATCH 29 goals=8 total=273 score=7:1 
(Filename: E:\unity\Runtime/Export/Debug/Debug.bindings.h Line: 39)

Unloading 4 Unused Serialized files (Serialized files now loaded: 0)
UnloadTime: 0.440100 ms

Unloading 4 unused Assets to reduce memory usage. Loaded Objects now: 1059.
Total: 1.323000 ms (FindLiveObjects: 0.041200 ms CreateObjectMapping: 0.009300 ms MarkObjects: 0.267700 ms  DeleteObjects: 1.004300 ms)

SELFPLAY GOALMAP x=-6.13 isPlayer1Goal=True 
(Filename: E:\unity\Runtime/Export/Debug/Debug.bindings.h Line: 39)

SELFPLAY GOALMAP x=6.18 isPlayer1Goal=False 
(Filename: E:\unity\Runtime/Export/Debug/Debug.bindings.h Line: 39)

SELFPLAY GOAL 274 scorer=Fan ZhaoReward=-1 total=137:137 
(Filename: E:\unity\Runtime/Export/Debug/Debug.bindings.h Line: 39)

SELFPLAY GOAL 275 scorer=Zhao ZhaoReward=1 total=137:138 
(Filename: E:\unity\Runtime/Export/Debug/Debug.bindings.h Line: 39)

SELFPLAY GOAL 276 scorer=Fan ZhaoReward=-1 total=138:138 
(Filename: E:\unity\Runtime/Export/Debug/Debug.bindings.h Line: 39)

SELFPLAY GOAL 277 scorer=Fan ZhaoReward=-1 total=139:138 
(Filename: E:\unity\Runtime/Export/Debug/Debug.bindings.h Line: 39)

SELFPLAY GOAL 278 scorer=Fan ZhaoReward=-1 total=140:138 
(Filename: E:\unity\Runtime/Export/Debug/Debug.bindings.h Line: 39)

SELFPLAY GOAL 279 scorer=Fan ZhaoReward=-1 total=141:138 
(Filename: E:\unity\Runtime/Export/Debug/Debug.bindings.h Line: 39)

SELFPLAY GOAL 280 scorer=Fan ZhaoReward=-1 total=142:138 
(Filename: E:\unity\Runtime/Export/Debug/Debug.bindings.h Line: 39)

SELFPLAY MATCH 30 goals=7 total=280 score=6:1 
(Filename: E:\unity\Runtime/Export/Debug/Debug.bindings.h Line: 39)

Unloading 4 Unused Serialized files (Serialized files now loaded: 0)
UnloadTime: 0.443900 ms

Unloading 4 unused Assets to reduce memory usage. Loaded Objects now: 1059.
Total: 1.248200 ms (FindLiveObjects: 0.043300 ms CreateObjectMapping: 0.009300 ms MarkObjects: 0.307000 ms  DeleteObjects: 0.888000 ms)

SELFPLAY GOALMAP x=-6.13 isPlayer1Goal=True 
(Filename: E:\unity\Runtime/Export/Debug/Debug.bindings.h Line: 39)

SELFPLAY GOALMAP x=6.18 isPlayer1Goal=False 
(Filename: E:\unity\Runtime/Export/Debug/Debug.bindings.h Line: 39)

SELFPLAY GOAL 281 scorer=Zhao ZhaoReward=1 total=142:139 
(Filename: E:\unity\Runtime/Export/Debug/Debug.bindings.h Line: 39)

SELFPLAY GOAL 282 scorer=Fan ZhaoReward=-1 total=143:139 
(Filename: E:\unity\Runtime/Export/Debug/Debug.bindings.h Line: 39)

SELFPLAY GOAL 283 scorer=Fan ZhaoReward=-1 total=144:139 
(Filename: E:\unity\Runtime/Export/Debug/Debug.bindings.h Line: 39)

SELFPLAY GOAL 284 scorer=Zhao ZhaoReward=1 total=144:140 
(Filename: E:\unity\Runtime/Export/Debug/Debug.bindings.h Line: 39)

SELFPLAY GOAL 285 scorer=Fan ZhaoReward=-1 total=145:140 
(Filename: E:\unity\Runtime/Export/Debug/Debug.bindings.h Line: 39)

SELFPLAY GOAL 286 scorer=Zhao ZhaoReward=1 total=145:141 
(Filename: E:\unity\Runtime/Export/Debug/Debug.bindings.h Line: 39)

SELFPLAY GOAL 287 scorer=Fan ZhaoReward=-1 total=146:141 
(Filename: E:\unity\Runtime/Export/Debug/Debug.bindings.h Line: 39)

SELFPLAY GOAL 288 scorer=Fan ZhaoReward=-1 total=147:141 
(Filename: E:\unity\Runtime/Export/Debug/Debug.bindings.h Line: 39)

SELFPLAY GOAL 289 scorer=Fan ZhaoReward=-1 total=148:141 
(Filename: E:\unity\Runtime/Export/Debug/Debug.bindings.h Line: 39)

SELFPLAY GOAL 290 scorer=Fan ZhaoReward=-1 total=149:141 
(Filename: E:\unity\Runtime/Export/Debug/Debug.bindings.h Line: 39)

SELFPLAY GOAL 291 scorer=Fan ZhaoReward=-1 total=150:141 
(Filename: E:\unity\Runtime/Export/Debug/Debug.bindings.h Line: 39)

SELFPLAY GOAL 292 scorer=Fan ZhaoReward=-1 total=151:141 
(Filename: E:\unity\Runtime/Export/Debug/Debug.bindings.h Line: 39)

SELFPLAY MATCH 31 goals=12 total=292 score=9:3 
(Filename: E:\unity\Runtime/Export/Debug/Debug.bindings.h Line: 39)

Unloading 4 Unused Serialized files (Serialized files now loaded: 0)
UnloadTime: 0.525200 ms

Unloading 4 unused Assets to reduce memory usage. Loaded Objects now: 1059.
Total: 1.252500 ms (FindLiveObjects: 0.044800 ms CreateObjectMapping: 0.010700 ms MarkObjects: 0.299900 ms  DeleteObjects: 0.896700 ms)

SELFPLAY GOALMAP x=-6.13 isPlayer1Goal=True 
(Filename: E:\unity\Runtime/Export/Debug/Debug.bindings.h Line: 39)

SELFPLAY GOALMAP x=6.18 isPlayer1Goal=False 
(Filename: E:\unity\Runtime/Export/Debug/Debug.bindings.h Line: 39)

SELFPLAY GOAL 293 scorer=Zhao ZhaoReward=1 total=151:142 
(Filename: E:\unity\Runtime/Export/Debug/Debug.bindings.h Line: 39)

SELFPLAY GOAL 294 scorer=Fan ZhaoReward=-1 total=152:142 
(Filename: E:\unity\Runtime/Export/Debug/Debug.bindings.h Line: 39)

SELFPLAY GOAL 295 scorer=Zhao ZhaoReward=1 total=152:143 
(Filename: E:\unity\Runtime/Export/Debug/Debug.bindings.h Line: 39)

SELFPLAY GOAL 296 scorer=Zhao ZhaoReward=1 total=152:144 
(Filename: E:\unity\Runtime/Export/Debug/Debug.bindings.h Line: 39)

SELFPLAY GOAL 297 scorer=Zhao ZhaoReward=1 total=152:145 
(Filename: E:\unity\Runtime/Export/Debug/Debug.bindings.h Line: 39)

SELFPLAY GOAL 298 scorer=Zhao ZhaoReward=1 total=152:146 
(Filename: E:\unity\Runtime/Export/Debug/Debug.bindings.h Line: 39)

SELFPLAY GOAL 299 scorer=Fan ZhaoReward=-1 total=153:146 
(Filename: E:\unity\Runtime/Export/Debug/Debug.bindings.h Line: 39)

SELFPLAY GOAL 300 scorer=Zhao ZhaoReward=1 total=153:147 
(Filename: E:\unity\Runtime/Export/Debug/Debug.bindings.h Line: 39)

SELFPLAY GOAL 301 scorer=Zhao ZhaoReward=1 total=153:148 
(Filename: E:\unity\Runtime/Export/Debug/Debug.bindings.h Line: 39)

SELFPLAY GOAL 302 scorer=Zhao ZhaoReward=1 total=153:149 
(Filename: E:\unity\Runtime/Export/Debug/Debug.bindings.h Line: 39)

SELFPLAY MATCH 32 goals=10 total=302 score=2:8 
(Filename: E:\unity\Runtime/Export/Debug/Debug.bindings.h Line: 39)

Unloading 4 Unused Serialized files (Serialized files now loaded: 0)
UnloadTime: 0.644600 ms

Unloading 4 unused Assets to reduce memory usage. Loaded Objects now: 1059.
Total: 1.238600 ms (FindLiveObjects: 0.042500 ms CreateObjectMapping: 0.009200 ms MarkObjects: 0.310600 ms  DeleteObjects: 0.875700 ms)

SELFPLAY GOALMAP x=-6.13 isPlayer1Goal=True 
(Filename: E:\unity\Runtime/Export/Debug/Debug.bindings.h Line: 39)

SELFPLAY GOALMAP x=6.18 isPlayer1Goal=False 
(Filename: E:\unity\Runtime/Export/Debug/Debug.bindings.h Line: 39)

SELFPLAY GOAL 303 scorer=Fan ZhaoReward=-1 total=154:149 
(Filename: E:\unity\Runtime/Export/Debug/Debug.bindings.h Line: 39)

SELFPLAY GOAL 304 scorer=Zhao ZhaoReward=1 total=154:150 
(Filename: E:\unity\Runtime/Export/Debug/Debug.bindings.h Line: 39)

SELFPLAY GOAL 305 scorer=Fan ZhaoReward=-1 total=155:150 
(Filename: E:\unity\Runtime/Export/Debug/Debug.bindings.h Line: 39)

SELFPLAY GOAL 306 scorer=Zhao ZhaoReward=1 total=155:151 
(Filename: E:\unity\Runtime/Export/Debug/Debug.bindings.h Line: 39)

SELFPLAY GOAL 307 scorer=Fan ZhaoReward=-1 total=156:151 
(Filename: E:\unity\Runtime/Export/Debug/Debug.bindings.h Line: 39)

SELFPLAY GOAL 308 scorer=Zhao ZhaoReward=1 total=156:152 
(Filename: E:\unity\Runtime/Export/Debug/Debug.bindings.h Line: 39)

SELFPLAY GOAL 309 scorer=Fan ZhaoReward=-1 total=157:152 
(Filename: E:\unity\Runtime/Export/Debug/Debug.bindings.h Line: 39)

SELFPLAY GOAL 310 scorer=Fan ZhaoReward=-1 total=158:152 
(Filename: E:\unity\Runtime/Export/Debug/Debug.bindings.h Line: 39)

SELFPLAY GOAL 311 scorer=Zhao ZhaoReward=1 total=158:153 
(Filename: E:\unity\Runtime/Export/Debug/Debug.bindings.h Line: 39)

SELFPLAY MATCH 33 goals=9 total=311 score=5:4 
(Filename: E:\unity\Runtime/Export/Debug/Debug.bindings.h Line: 39)

Unloading 4 Unused Serialized files (Serialized files now loaded: 0)
UnloadTime: 0.596100 ms

Unloading 4 unused Assets to reduce memory usage. Loaded Objects now: 1059.
Total: 1.295500 ms (FindLiveObjects: 0.040900 ms CreateObjectMapping: 0.009100 ms MarkObjects: 0.308200 ms  DeleteObjects: 0.936800 ms)

SELFPLAY GOALMAP x=-6.13 isPlayer1Goal=True 
(Filename: E:\unity\Runtime/Export/Debug/Debug.bindings.h Line: 39)

SELFPLAY GOALMAP x=6.18 isPlayer1Goal=False 
(Filename: E:\unity\Runtime/Export/Debug/Debug.bindings.h Line: 39)

SELFPLAY GOAL 312 scorer=Zhao ZhaoReward=1 total=158:154 
(Filename: E:\unity\Runtime/Export/Debug/Debug.bindings.h Line: 39)

SELFPLAY GOAL 313 scorer=Fan ZhaoReward=-1 total=159:154 
(Filename: E:\unity\Runtime/Export/Debug/Debug.bindings.h Line: 39)

SELFPLAY GOAL 314 scorer=Fan ZhaoReward=-1 total=160:154 
(Filename: E:\unity\Runtime/Export/Debug/Debug.bindings.h Line: 39)

SELFPLAY GOAL 315 scorer=Fan ZhaoReward=-1 total=161:154 
(Filename: E:\unity\Runtime/Export/Debug/Debug.bindings.h Line: 39)

SELFPLAY GOAL 316 scorer=Zhao ZhaoReward=1 total=161:155 
(Filename: E:\unity\Runtime/Export/Debug/Debug.bindings.h Line: 39)

SELFPLAY GOAL 317 scorer=Zhao ZhaoReward=1 total=161:156 
(Filename: E:\unity\Runtime/Export/Debug/Debug.bindings.h Line: 39)

SELFPLAY GOAL 318 scorer=Zhao ZhaoReward=1 total=161:157 
(Filename: E:\unity\Runtime/Export/Debug/Debug.bindings.h Line: 39)

SELFPLAY GOAL 319 scorer=Fan ZhaoReward=-1 total=162:157 
(Filename: E:\unity\Runtime/Export/Debug/Debug.bindings.h Line: 39)

SELFPLAY GOAL 320 scorer=Zhao ZhaoReward=1 total=162:158 
(Filename: E:\unity\Runtime/Export/Debug/Debug.bindings.h Line: 39)

SELFPLAY GOAL 321 scorer=Zhao ZhaoReward=1 total=162:159 
(Filename: E:\unity\Runtime/Export/Debug/Debug.bindings.h Line: 39)

SELFPLAY GOAL 322 scorer=Fan ZhaoReward=-1 total=163:159 
(Filename: E:\unity\Runtime/Export/Debug/Debug.bindings.h Line: 39)

SELFPLAY GOAL 323 scorer=Fan ZhaoReward=-1 total=164:159 
(Filename: E:\unity\Runtime/Export/Debug/Debug.bindings.h Line: 39)

SELFPLAY MATCH 34 goals=12 total=323 score=6:6 
(Filename: E:\unity\Runtime/Export/Debug/Debug.bindings.h Line: 39)

Unloading 4 Unused Serialized files (Serialized files now loaded: 0)
UnloadTime: 0.499300 ms

Unloading 4 unused Assets to reduce memory usage. Loaded Objects now: 1059.
Total: 1.269100 ms (FindLiveObjects: 0.055700 ms CreateObjectMapping: 0.009300 ms MarkObjects: 0.320200 ms  DeleteObjects: 0.883100 ms)

SELFPLAY GOALMAP x=-6.13 isPlayer1Goal=True 
(Filename: E:\unity\Runtime/Export/Debug/Debug.bindings.h Line: 39)

SELFPLAY GOALMAP x=6.18 isPlayer1Goal=False 
(Filename: E:\unity\Runtime/Export/Debug/Debug.bindings.h Line: 39)

SELFPLAY PROGRESS goals=323/500 matches=35 score=164:159 real=137.9327 
(Filename: E:\unity\Runtime/Export/Debug/Debug.bindings.h Line: 39)

SELFPLAY GOAL 324 scorer=Zhao ZhaoReward=1 total=164:160 
(Filename: E:\unity\Runtime/Export/Debug/Debug.bindings.h Line: 39)

SELFPLAY GOAL 325 scorer=Fan ZhaoReward=-1 total=165:160 
(Filename: E:\unity\Runtime/Export/Debug/Debug.bindings.h Line: 39)

SELFPLAY GOAL 326 scorer=Zhao ZhaoReward=1 total=165:161 
(Filename: E:\unity\Runtime/Export/Debug/Debug.bindings.h Line: 39)

SELFPLAY GOAL 327 scorer=Zhao ZhaoReward=1 total=165:162 
(Filename: E:\unity\Runtime/Export/Debug/Debug.bindings.h Line: 39)

SELFPLAY GOAL 328 scorer=Zhao ZhaoReward=1 total=165:163 
(Filename: E:\unity\Runtime/Export/Debug/Debug.bindings.h Line: 39)

SELFPLAY GOAL 329 scorer=Zhao ZhaoReward=1 total=165:164 
(Filename: E:\unity\Runtime/Export/Debug/Debug.bindings.h Line: 39)

SELFPLAY GOAL 330 scorer=Zhao ZhaoReward=1 total=165:165 
(Filename: E:\unity\Runtime/Export/Debug/Debug.bindings.h Line: 39)

SELFPLAY MATCH 35 goals=7 total=330 score=1:6 
(Filename: E:\unity\Runtime/Export/Debug/Debug.bindings.h Line: 39)

Unloading 4 Unused Serialized files (Serialized files now loaded: 0)
UnloadTime: 0.510300 ms

Unloading 4 unused Assets to reduce memory usage. Loaded Objects now: 1059.
Total: 1.294900 ms (FindLiveObjects: 0.043400 ms CreateObjectMapping: 0.010600 ms MarkObjects: 0.288300 ms  DeleteObjects: 0.952000 ms)

SELFPLAY GOALMAP x=-6.13 isPlayer1Goal=True 
(Filename: E:\unity\Runtime/Export/Debug/Debug.bindings.h Line: 39)

SELFPLAY GOALMAP x=6.18 isPlayer1Goal=False 
(Filename: E:\unity\Runtime/Export/Debug/Debug.bindings.h Line: 39)

SELFPLAY GOAL 331 scorer=Fan ZhaoReward=-1 total=166:165 
(Filename: E:\unity\Runtime/Export/Debug/Debug.bindings.h Line: 39)

SELFPLAY GOAL 332 scorer=Zhao ZhaoReward=1 total=166:166 
(Filename: E:\unity\Runtime/Export/Debug/Debug.bindings.h Line: 39)

SELFPLAY GOAL 333 scorer=Zhao ZhaoReward=1 total=166:167 
(Filename: E:\unity\Runtime/Export/Debug/Debug.bindings.h Line: 39)

SELFPLAY GOAL 334 scorer=Zhao ZhaoReward=1 total=166:168 
(Filename: E:\unity\Runtime/Export/Debug/Debug.bindings.h Line: 39)

SELFPLAY GOAL 335 scorer=Zhao ZhaoReward=1 total=166:169 
(Filename: E:\unity\Runtime/Export/Debug/Debug.bindings.h Line: 39)

SELFPLAY GOAL 336 scorer=Zhao ZhaoReward=1 total=166:170 
(Filename: E:\unity\Runtime/Export/Debug/Debug.bindings.h Line: 39)

SELFPLAY GOAL 337 scorer=Zhao ZhaoReward=1 total=166:171 
(Filename: E:\unity\Runtime/Export/Debug/Debug.bindings.h Line: 39)

SELFPLAY GOAL 338 scorer=Fan ZhaoReward=-1 total=167:171 
(Filename: E:\unity\Runtime/Export/Debug/Debug.bindings.h Line: 39)

SELFPLAY GOAL 339 scorer=Zhao ZhaoReward=1 total=167:172 
(Filename: E:\unity\Runtime/Export/Debug/Debug.bindings.h Line: 39)

SELFPLAY GOAL 340 scorer=Zhao ZhaoReward=1 total=167:173 
(Filename: E:\unity\Runtime/Export/Debug/Debug.bindings.h Line: 39)

SELFPLAY MATCH 36 goals=10 total=340 score=2:8 
(Filename: E:\unity\Runtime/Export/Debug/Debug.bindings.h Line: 39)

Unloading 4 Unused Serialized files (Serialized files now loaded: 0)
UnloadTime: 0.553100 ms

Unloading 4 unused Assets to reduce memory usage. Loaded Objects now: 1059.
Total: 1.338800 ms (FindLiveObjects: 0.044900 ms CreateObjectMapping: 0.011600 ms MarkObjects: 0.296400 ms  DeleteObjects: 0.985400 ms)

SELFPLAY GOALMAP x=-6.13 isPlayer1Goal=True 
(Filename: E:\unity\Runtime/Export/Debug/Debug.bindings.h Line: 39)

SELFPLAY GOALMAP x=6.18 isPlayer1Goal=False 
(Filename: E:\unity\Runtime/Export/Debug/Debug.bindings.h Line: 39)

SELFPLAY GOAL 341 scorer=Fan ZhaoReward=-1 total=168:173 
(Filename: E:\unity\Runtime/Export/Debug/Debug.bindings.h Line: 39)

SELFPLAY GOAL 342 scorer=Fan ZhaoReward=-1 total=169:173 
(Filename: E:\unity\Runtime/Export/Debug/Debug.bindings.h Line: 39)

SELFPLAY GOAL 343 scorer=Fan ZhaoReward=-1 total=170:173 
(Filename: E:\unity\Runtime/Export/Debug/Debug.bindings.h Line: 39)

SELFPLAY GOAL 344 scorer=Zhao ZhaoReward=1 total=170:174 
(Filename: E:\unity\Runtime/Export/Debug/Debug.bindings.h Line: 39)

SELFPLAY GOAL 345 scorer=Fan ZhaoReward=-1 total=171:174 
(Filename: E:\unity\Runtime/Export/Debug/Debug.bindings.h Line: 39)

SELFPLAY GOAL 346 scorer=Fan ZhaoReward=-1 total=172:174 
(Filename: E:\unity\Runtime/Export/Debug/Debug.bindings.h Line: 39)

SELFPLAY GOAL 347 scorer=Zhao ZhaoReward=1 total=172:175 
(Filename: E:\unity\Runtime/Export/Debug/Debug.bindings.h Line: 39)

SELFPLAY GOAL 348 scorer=Zhao ZhaoReward=1 total=172:176 
(Filename: E:\unity\Runtime/Export/Debug/Debug.bindings.h Line: 39)

SELFPLAY GOAL 349 scorer=Zhao ZhaoReward=1 total=172:177 
(Filename: E:\unity\Runtime/Export/Debug/Debug.bindings.h Line: 39)

SELFPLAY GOAL 350 scorer=Zhao ZhaoReward=1 total=172:178 
(Filename: E:\unity\Runtime/Export/Debug/Debug.bindings.h Line: 39)

SELFPLAY MATCH 37 goals=10 total=350 score=5:5 
(Filename: E:\unity\Runtime/Export/Debug/Debug.bindings.h Line: 39)

Unloading 4 Unused Serialized files (Serialized files now loaded: 0)
UnloadTime: 0.674400 ms

Unloading 4 unused Assets to reduce memory usage. Loaded Objects now: 1059.
Total: 1.456300 ms (FindLiveObjects: 0.044900 ms CreateObjectMapping: 0.010600 ms MarkObjects: 0.279900 ms  DeleteObjects: 1.120400 ms)

SELFPLAY GOALMAP x=-6.13 isPlayer1Goal=True 
(Filename: E:\unity\Runtime/Export/Debug/Debug.bindings.h Line: 39)

SELFPLAY GOALMAP x=6.18 isPlayer1Goal=False 
(Filename: E:\unity\Runtime/Export/Debug/Debug.bindings.h Line: 39)

SELFPLAY GOAL 351 scorer=Zhao ZhaoReward=1 total=172:179 
(Filename: E:\unity\Runtime/Export/Debug/Debug.bindings.h Line: 39)

SELFPLAY GOAL 352 scorer=Fan ZhaoReward=-1 total=173:179 
(Filename: E:\unity\Runtime/Export/Debug/Debug.bindings.h Line: 39)

SELFPLAY GOAL 353 scorer=Fan ZhaoReward=-1 total=174:179 
(Filename: E:\unity\Runtime/Export/Debug/Debug.bindings.h Line: 39)

SELFPLAY GOAL 354 scorer=Zhao ZhaoReward=1 total=174:180 
(Filename: E:\unity\Runtime/Export/Debug/Debug.bindings.h Line: 39)

SELFPLAY GOAL 355 scorer=Fan ZhaoReward=-1 total=175:180 
(Filename: E:\unity\Runtime/Export/Debug/Debug.bindings.h Line: 39)

SELFPLAY GOAL 356 scorer=Fan ZhaoReward=-1 total=176:180 
(Filename: E:\unity\Runtime/Export/Debug/Debug.bindings.h Line: 39)

SELFPLAY GOAL 357 scorer=Fan ZhaoReward=-1 total=177:180 
(Filename: E:\unity\Runtime/Export/Debug/Debug.bindings.h Line: 39)

SELFPLAY GOAL 358 scorer=Fan ZhaoReward=-1 total=178:180 
(Filename: E:\unity\Runtime/Export/Debug/Debug.bindings.h Line: 39)

SELFPLAY GOAL 359 scorer=Zhao ZhaoReward=1 total=178:181 
(Filename: E:\unity\Runtime/Export/Debug/Debug.bindings.h Line: 39)

SELFPLAY GOAL 360 scorer=Zhao ZhaoReward=1 total=178:182 
(Filename: E:\unity\Runtime/Export/Debug/Debug.bindings.h Line: 39)

SELFPLAY GOAL 361 scorer=Zhao ZhaoReward=1 total=178:183 
(Filename: E:\unity\Runtime/Export/Debug/Debug.bindings.h Line: 39)

SELFPLAY MATCH 38 goals=11 total=361 score=6:5 
(Filename: E:\unity\Runtime/Export/Debug/Debug.bindings.h Line: 39)

Unloading 4 Unused Serialized files (Serialized files now loaded: 0)
UnloadTime: 0.572200 ms

Unloading 4 unused Assets to reduce memory usage. Loaded Objects now: 1059.
Total: 1.741400 ms (FindLiveObjects: 0.046000 ms CreateObjectMapping: 0.011500 ms MarkObjects: 0.329500 ms  DeleteObjects: 1.353600 ms)

SELFPLAY GOALMAP x=-6.13 isPlayer1Goal=True 
(Filename: E:\unity\Runtime/Export/Debug/Debug.bindings.h Line: 39)

SELFPLAY GOALMAP x=6.18 isPlayer1Goal=False 
(Filename: E:\unity\Runtime/Export/Debug/Debug.bindings.h Line: 39)

SELFPLAY GOAL 362 scorer=Fan ZhaoReward=-1 total=179:183 
(Filename: E:\unity\Runtime/Export/Debug/Debug.bindings.h Line: 39)

SELFPLAY GOAL 363 scorer=Fan ZhaoReward=-1 total=180:183 
(Filename: E:\unity\Runtime/Export/Debug/Debug.bindings.h Line: 39)

SELFPLAY GOAL 364 scorer=Fan ZhaoReward=-1 total=181:183 
(Filename: E:\unity\Runtime/Export/Debug/Debug.bindings.h Line: 39)

SELFPLAY GOAL 365 scorer=Fan ZhaoReward=-1 total=182:183 
(Filename: E:\unity\Runtime/Export/Debug/Debug.bindings.h Line: 39)

SELFPLAY GOAL 366 scorer=Fan ZhaoReward=-1 total=183:183 
(Filename: E:\unity\Runtime/Export/Debug/Debug.bindings.h Line: 39)

SELFPLAY GOAL 367 scorer=Fan ZhaoReward=-1 total=184:183 
(Filename: E:\unity\Runtime/Export/Debug/Debug.bindings.h Line: 39)

SELFPLAY GOAL 368 scorer=Zhao ZhaoReward=1 total=184:184 
(Filename: E:\unity\Runtime/Export/Debug/Debug.bindings.h Line: 39)

SELFPLAY GOAL 369 scorer=Fan ZhaoReward=-1 total=185:184 
(Filename: E:\unity\Runtime/Export/Debug/Debug.bindings.h Line: 39)

SELFPLAY GOAL 370 scorer=Fan ZhaoReward=-1 total=186:184 
(Filename: E:\unity\Runtime/Export/Debug/Debug.bindings.h Line: 39)

SELFPLAY GOAL 371 scorer=Fan ZhaoReward=-1 total=187:184 
(Filename: E:\unity\Runtime/Export/Debug/Debug.bindings.h Line: 39)

SELFPLAY MATCH 39 goals=10 total=371 score=9:1 
(Filename: E:\unity\Runtime/Export/Debug/Debug.bindings.h Line: 39)

Unloading 4 Unused Serialized files (Serialized files now loaded: 0)
UnloadTime: 0.824300 ms

Unloading 4 unused Assets to reduce memory usage. Loaded Objects now: 1059.
Total: 1.615300 ms (FindLiveObjects: 0.042600 ms CreateObjectMapping: 0.010200 ms MarkObjects: 0.319000 ms  DeleteObjects: 1.242900 ms)

SELFPLAY GOALMAP x=-6.13 isPlayer1Goal=True 
(Filename: E:\unity\Runtime/Export/Debug/Debug.bindings.h Line: 39)

SELFPLAY GOALMAP x=6.18 isPlayer1Goal=False 
(Filename: E:\unity\Runtime/Export/Debug/Debug.bindings.h Line: 39)

SELFPLAY GOAL 372 scorer=Fan ZhaoReward=-1 total=188:184 
(Filename: E:\unity\Runtime/Export/Debug/Debug.bindings.h Line: 39)

SELFPLAY GOAL 373 scorer=Fan ZhaoReward=-1 total=189:184 
(Filename: E:\unity\Runtime/Export/Debug/Debug.bindings.h Line: 39)

SELFPLAY GOAL 374 scorer=Fan ZhaoReward=-1 total=190:184 
(Filename: E:\unity\Runtime/Export/Debug/Debug.bindings.h Line: 39)

SELFPLAY GOAL 375 scorer=Zhao ZhaoReward=1 total=190:185 
(Filename: E:\unity\Runtime/Export/Debug/Debug.bindings.h Line: 39)

SELFPLAY GOAL 376 scorer=Fan ZhaoReward=-1 total=191:185 
(Filename: E:\unity\Runtime/Export/Debug/Debug.bindings.h Line: 39)

SELFPLAY GOAL 377 scorer=Fan ZhaoReward=-1 total=192:185 
(Filename: E:\unity\Runtime/Export/Debug/Debug.bindings.h Line: 39)

SELFPLAY GOAL 378 scorer=Zhao ZhaoReward=1 total=192:186 
(Filename: E:\unity\Runtime/Export/Debug/Debug.bindings.h Line: 39)

SELFPLAY GOAL 379 scorer=Fan ZhaoReward=-1 total=193:186 
(Filename: E:\unity\Runtime/Export/Debug/Debug.bindings.h Line: 39)

SELFPLAY GOAL 380 scorer=Fan ZhaoReward=-1 total=194:186 
(Filename: E:\unity\Runtime/Export/Debug/Debug.bindings.h Line: 39)

SELFPLAY GOAL 381 scorer=Zhao ZhaoReward=1 total=194:187 
(Filename: E:\unity\Runtime/Export/Debug/Debug.bindings.h Line: 39)

SELFPLAY GOAL 382 scorer=Fan ZhaoReward=-1 total=195:187 
(Filename: E:\unity\Runtime/Export/Debug/Debug.bindings.h Line: 39)

SELFPLAY MATCH 40 goals=11 total=382 score=8:3 
(Filename: E:\unity\Runtime/Export/Debug/Debug.bindings.h Line: 39)

Unloading 4 Unused Serialized files (Serialized files now loaded: 0)
UnloadTime: 0.617400 ms

Unloading 4 unused Assets to reduce memory usage. Loaded Objects now: 1059.
Total: 1.383100 ms (FindLiveObjects: 0.059500 ms CreateObjectMapping: 0.014800 ms MarkObjects: 0.310300 ms  DeleteObjects: 0.997800 ms)

SELFPLAY GOALMAP x=-6.13 isPlayer1Goal=True 
(Filename: E:\unity\Runtime/Export/Debug/Debug.bindings.h Line: 39)

SELFPLAY GOALMAP x=6.18 isPlayer1Goal=False 
(Filename: E:\unity\Runtime/Export/Debug/Debug.bindings.h Line: 39)

SELFPLAY GOAL 383 scorer=Zhao ZhaoReward=1 total=195:188 
(Filename: E:\unity\Runtime/Export/Debug/Debug.bindings.h Line: 39)

SELFPLAY GOAL 384 scorer=Zhao ZhaoReward=1 total=195:189 
(Filename: E:\unity\Runtime/Export/Debug/Debug.bindings.h Line: 39)

SELFPLAY GOAL 385 scorer=Zhao ZhaoReward=1 total=195:190 
(Filename: E:\unity\Runtime/Export/Debug/Debug.bindings.h Line: 39)

SELFPLAY GOAL 386 scorer=Fan ZhaoReward=-1 total=196:190 
(Filename: E:\unity\Runtime/Export/Debug/Debug.bindings.h Line: 39)

SELFPLAY GOAL 387 scorer=Zhao ZhaoReward=1 total=196:191 
(Filename: E:\unity\Runtime/Export/Debug/Debug.bindings.h Line: 39)

SELFPLAY GOAL 388 scorer=Fan ZhaoReward=-1 total=197:191 
(Filename: E:\unity\Runtime/Export/Debug/Debug.bindings.h Line: 39)

SELFPLAY GOAL 389 scorer=Zhao ZhaoReward=1 total=197:192 
(Filename: E:\unity\Runtime/Export/Debug/Debug.bindings.h Line: 39)

SELFPLAY GOAL 390 scorer=Fan ZhaoReward=-1 total=198:192 
(Filename: E:\unity\Runtime/Export/Debug/Debug.bindings.h Line: 39)

SELFPLAY GOAL 391 scorer=Fan ZhaoReward=-1 total=199:192 
(Filename: E:\unity\Runtime/Export/Debug/Debug.bindings.h Line: 39)

SELFPLAY GOAL 392 scorer=Zhao ZhaoReward=1 total=199:193 
(Filename: E:\unity\Runtime/Export/Debug/Debug.bindings.h Line: 39)

SELFPLAY GOAL 393 scorer=Zhao ZhaoReward=1 total=199:194 
(Filename: E:\unity\Runtime/Export/Debug/Debug.bindings.h Line: 39)

SELFPLAY MATCH 41 goals=11 total=393 score=4:7 
(Filename: E:\unity\Runtime/Export/Debug/Debug.bindings.h Line: 39)

Unloading 4 Unused Serialized files (Serialized files now loaded: 0)
UnloadTime: 0.576000 ms

Unloading 4 unused Assets to reduce memory usage. Loaded Objects now: 1059.
Total: 1.339000 ms (FindLiveObjects: 0.049300 ms CreateObjectMapping: 0.009900 ms MarkObjects: 0.308600 ms  DeleteObjects: 0.970700 ms)

SELFPLAY GOALMAP x=-6.13 isPlayer1Goal=True 
(Filename: E:\unity\Runtime/Export/Debug/Debug.bindings.h Line: 39)

SELFPLAY GOALMAP x=6.18 isPlayer1Goal=False 
(Filename: E:\unity\Runtime/Export/Debug/Debug.bindings.h Line: 39)

SELFPLAY GOAL 394 scorer=Fan ZhaoReward=-1 total=200:194 
(Filename: E:\unity\Runtime/Export/Debug/Debug.bindings.h Line: 39)

SELFPLAY PROGRESS goals=394/500 matches=42 score=200:194 real=167.9363 
(Filename: E:\unity\Runtime/Export/Debug/Debug.bindings.h Line: 39)

SELFPLAY GOAL 395 scorer=Fan ZhaoReward=-1 total=201:194 
(Filename: E:\unity\Runtime/Export/Debug/Debug.bindings.h Line: 39)

SELFPLAY GOAL 396 scorer=Fan ZhaoReward=-1 total=202:194 
(Filename: E:\unity\Runtime/Export/Debug/Debug.bindings.h Line: 39)

SELFPLAY GOAL 397 scorer=Zhao ZhaoReward=1 total=202:195 
(Filename: E:\unity\Runtime/Export/Debug/Debug.bindings.h Line: 39)

SELFPLAY GOAL 398 scorer=Zhao ZhaoReward=1 total=202:196 
(Filename: E:\unity\Runtime/Export/Debug/Debug.bindings.h Line: 39)

SELFPLAY GOAL 399 scorer=Fan ZhaoReward=-1 total=203:196 
(Filename: E:\unity\Runtime/Export/Debug/Debug.bindings.h Line: 39)

SELFPLAY MATCH 42 goals=6 total=399 score=4:2 
(Filename: E:\unity\Runtime/Export/Debug/Debug.bindings.h Line: 39)

Unloading 4 Unused Serialized files (Serialized files now loaded: 0)
UnloadTime: 0.481300 ms

Unloading 4 unused Assets to reduce memory usage. Loaded Objects now: 1059.
Total: 1.450000 ms (FindLiveObjects: 0.042500 ms CreateObjectMapping: 0.010100 ms MarkObjects: 0.326400 ms  DeleteObjects: 1.070500 ms)

SELFPLAY GOALMAP x=-6.13 isPlayer1Goal=True 
(Filename: E:\unity\Runtime/Export/Debug/Debug.bindings.h Line: 39)

SELFPLAY GOALMAP x=6.18 isPlayer1Goal=False 
(Filename: E:\unity\Runtime/Export/Debug/Debug.bindings.h Line: 39)

SELFPLAY GOAL 400 scorer=Zhao ZhaoReward=1 total=203:197 
(Filename: E:\unity\Runtime/Export/Debug/Debug.bindings.h Line: 39)

SELFPLAY GOAL 401 scorer=Fan ZhaoReward=-1 total=204:197 
(Filename: E:\unity\Runtime/Export/Debug/Debug.bindings.h Line: 39)

SELFPLAY GOAL 402 scorer=Zhao ZhaoReward=1 total=204:198 
(Filename: E:\unity\Runtime/Export/Debug/Debug.bindings.h Line: 39)

SELFPLAY GOAL 403 scorer=Zhao ZhaoReward=1 total=204:199 
(Filename: E:\unity\Runtime/Export/Debug/Debug.bindings.h Line: 39)

SELFPLAY GOAL 404 scorer=Zhao ZhaoReward=1 total=204:200 
(Filename: E:\unity\Runtime/Export/Debug/Debug.bindings.h Line: 39)

SELFPLAY GOAL 405 scorer=Zhao ZhaoReward=1 total=204:201 
(Filename: E:\unity\Runtime/Export/Debug/Debug.bindings.h Line: 39)

SELFPLAY GOAL 406 scorer=Zhao ZhaoReward=1 total=204:202 
(Filename: E:\unity\Runtime/Export/Debug/Debug.bindings.h Line: 39)

SELFPLAY GOAL 407 scorer=Zhao ZhaoReward=1 total=204:203 
(Filename: E:\unity\Runtime/Export/Debug/Debug.bindings.h Line: 39)

SELFPLAY GOAL 408 scorer=Zhao ZhaoReward=1 total=204:204 
(Filename: E:\unity\Runtime/Export/Debug/Debug.bindings.h Line: 39)

SELFPLAY GOAL 409 scorer=Fan ZhaoReward=-1 total=205:204 
(Filename: E:\unity\Runtime/Export/Debug/Debug.bindings.h Line: 39)

SELFPLAY MATCH 43 goals=10 total=409 score=2:8 
(Filename: E:\unity\Runtime/Export/Debug/Debug.bindings.h Line: 39)

Unloading 4 Unused Serialized files (Serialized files now loaded: 0)
UnloadTime: 0.590200 ms

Unloading 4 unused Assets to reduce memory usage. Loaded Objects now: 1059.
Total: 1.467400 ms (FindLiveObjects: 0.042100 ms CreateObjectMapping: 0.009800 ms MarkObjects: 0.373400 ms  DeleteObjects: 1.041600 ms)

SELFPLAY GOALMAP x=-6.13 isPlayer1Goal=True 
(Filename: E:\unity\Runtime/Export/Debug/Debug.bindings.h Line: 39)

SELFPLAY GOALMAP x=6.18 isPlayer1Goal=False 
(Filename: E:\unity\Runtime/Export/Debug/Debug.bindings.h Line: 39)

SELFPLAY GOAL 410 scorer=Zhao ZhaoReward=1 total=205:205 
(Filename: E:\unity\Runtime/Export/Debug/Debug.bindings.h Line: 39)

SELFPLAY GOAL 411 scorer=Zhao ZhaoReward=1 total=205:206 
(Filename: E:\unity\Runtime/Export/Debug/Debug.bindings.h Line: 39)

SELFPLAY GOAL 412 scorer=Fan ZhaoReward=-1 total=206:206 
(Filename: E:\unity\Runtime/Export/Debug/Debug.bindings.h Line: 39)

SELFPLAY GOAL 413 scorer=Fan ZhaoReward=-1 total=207:206 
(Filename: E:\unity\Runtime/Export/Debug/Debug.bindings.h Line: 39)

SELFPLAY GOAL 414 scorer=Zhao ZhaoReward=1 total=207:207 
(Filename: E:\unity\Runtime/Export/Debug/Debug.bindings.h Line: 39)

SELFPLAY GOAL 415 scorer=Zhao ZhaoReward=1 total=207:208 
(Filename: E:\unity\Runtime/Export/Debug/Debug.bindings.h Line: 39)

SELFPLAY GOAL 416 scorer=Zhao ZhaoReward=1 total=207:209 
(Filename: E:\unity\Runtime/Export/Debug/Debug.bindings.h Line: 39)

SELFPLAY GOAL 417 scorer=Zhao ZhaoReward=1 total=207:210 
(Filename: E:\unity\Runtime/Export/Debug/Debug.bindings.h Line: 39)

SELFPLAY MATCH 44 goals=8 total=417 score=2:6 
(Filename: E:\unity\Runtime/Export/Debug/Debug.bindings.h Line: 39)

Unloading 4 Unused Serialized files (Serialized files now loaded: 0)
UnloadTime: 0.477200 ms

Unloading 4 unused Assets to reduce memory usage. Loaded Objects now: 1059.
Total: 1.237900 ms (FindLiveObjects: 0.050800 ms CreateObjectMapping: 0.009000 ms MarkObjects: 0.280100 ms  DeleteObjects: 0.897600 ms)

SELFPLAY GOALMAP x=-6.13 isPlayer1Goal=True 
(Filename: E:\unity\Runtime/Export/Debug/Debug.bindings.h Line: 39)

SELFPLAY GOALMAP x=6.18 isPlayer1Goal=False 
(Filename: E:\unity\Runtime/Export/Debug/Debug.bindings.h Line: 39)

SELFPLAY GOAL 418 scorer=Zhao ZhaoReward=1 total=207:211 
(Filename: E:\unity\Runtime/Export/Debug/Debug.bindings.h Line: 39)

SELFPLAY GOAL 419 scorer=Fan ZhaoReward=-1 total=208:211 
(Filename: E:\unity\Runtime/Export/Debug/Debug.bindings.h Line: 39)

SELFPLAY GOAL 420 scorer=Fan ZhaoReward=-1 total=209:211 
(Filename: E:\unity\Runtime/Export/Debug/Debug.bindings.h Line: 39)

SELFPLAY GOAL 421 scorer=Fan ZhaoReward=-1 total=210:211 
(Filename: E:\unity\Runtime/Export/Debug/Debug.bindings.h Line: 39)

SELFPLAY GOAL 422 scorer=Fan ZhaoReward=-1 total=211:211 
(Filename: E:\unity\Runtime/Export/Debug/Debug.bindings.h Line: 39)

SELFPLAY GOAL 423 scorer=Fan ZhaoReward=-1 total=212:211 
(Filename: E:\unity\Runtime/Export/Debug/Debug.bindings.h Line: 39)

SELFPLAY GOAL 424 scorer=Fan ZhaoReward=-1 total=213:211 
(Filename: E:\unity\Runtime/Export/Debug/Debug.bindings.h Line: 39)

SELFPLAY GOAL 425 scorer=Zhao ZhaoReward=1 total=213:212 
(Filename: E:\unity\Runtime/Export/Debug/Debug.bindings.h Line: 39)

SELFPLAY GOAL 426 scorer=Fan ZhaoReward=-1 total=214:212 
(Filename: E:\unity\Runtime/Export/Debug/Debug.bindings.h Line: 39)

SELFPLAY GOAL 427 scorer=Fan ZhaoReward=-1 total=215:212 
(Filename: E:\unity\Runtime/Export/Debug/Debug.bindings.h Line: 39)

SELFPLAY GOAL 428 scorer=Zhao ZhaoReward=1 total=215:213 
(Filename: E:\unity\Runtime/Export/Debug/Debug.bindings.h Line: 39)

SELFPLAY GOAL 429 scorer=Zhao ZhaoReward=1 total=215:214 
(Filename: E:\unity\Runtime/Export/Debug/Debug.bindings.h Line: 39)

SELFPLAY GOAL 430 scorer=Fan ZhaoReward=-1 total=216:214 
(Filename: E:\unity\Runtime/Export/Debug/Debug.bindings.h Line: 39)

SELFPLAY MATCH 45 goals=13 total=430 score=9:4 
(Filename: E:\unity\Runtime/Export/Debug/Debug.bindings.h Line: 39)

Unloading 4 Unused Serialized files (Serialized files now loaded: 0)
UnloadTime: 0.589900 ms

Unloading 4 unused Assets to reduce memory usage. Loaded Objects now: 1059.
Total: 1.319600 ms (FindLiveObjects: 0.043900 ms CreateObjectMapping: 0.009300 ms MarkObjects: 0.282900 ms  DeleteObjects: 0.983000 ms)

SELFPLAY GOALMAP x=-6.13 isPlayer1Goal=True 
(Filename: E:\unity\Runtime/Export/Debug/Debug.bindings.h Line: 39)

SELFPLAY GOALMAP x=6.18 isPlayer1Goal=False 
(Filename: E:\unity\Runtime/Export/Debug/Debug.bindings.h Line: 39)

SELFPLAY GOAL 431 scorer=Fan ZhaoReward=-1 total=217:214 
(Filename: E:\unity\Runtime/Export/Debug/Debug.bindings.h Line: 39)

SELFPLAY GOAL 432 scorer=Fan ZhaoReward=-1 total=218:214 
(Filename: E:\unity\Runtime/Export/Debug/Debug.bindings.h Line: 39)

SELFPLAY GOAL 433 scorer=Zhao ZhaoReward=1 total=218:215 
(Filename: E:\unity\Runtime/Export/Debug/Debug.bindings.h Line: 39)

SELFPLAY GOAL 434 scorer=Zhao ZhaoReward=1 total=218:216 
(Filename: E:\unity\Runtime/Export/Debug/Debug.bindings.h Line: 39)

SELFPLAY GOAL 435 scorer=Zhao ZhaoReward=1 total=218:217 
(Filename: E:\unity\Runtime/Export/Debug/Debug.bindings.h Line: 39)

SELFPLAY GOAL 436 scorer=Zhao ZhaoReward=1 total=218:218 
(Filename: E:\unity\Runtime/Export/Debug/Debug.bindings.h Line: 39)

SELFPLAY GOAL 437 scorer=Zhao ZhaoReward=1 total=218:219 
(Filename: E:\unity\Runtime/Export/Debug/Debug.bindings.h Line: 39)

SELFPLAY GOAL 438 scorer=Zhao ZhaoReward=1 total=218:220 
(Filename: E:\unity\Runtime/Export/Debug/Debug.bindings.h Line: 39)

SELFPLAY GOAL 439 scorer=Fan ZhaoReward=-1 total=219:220 
(Filename: E:\unity\Runtime/Export/Debug/Debug.bindings.h Line: 39)

SELFPLAY MATCH 46 goals=9 total=439 score=3:6 
(Filename: E:\unity\Runtime/Export/Debug/Debug.bindings.h Line: 39)

Unloading 4 Unused Serialized files (Serialized files now loaded: 0)
UnloadTime: 0.675100 ms

Unloading 4 unused Assets to reduce memory usage. Loaded Objects now: 1059.
Total: 1.361200 ms (FindLiveObjects: 0.041000 ms CreateObjectMapping: 0.009200 ms MarkObjects: 0.304600 ms  DeleteObjects: 1.006000 ms)

SELFPLAY GOALMAP x=-6.13 isPlayer1Goal=True 
(Filename: E:\unity\Runtime/Export/Debug/Debug.bindings.h Line: 39)

SELFPLAY GOALMAP x=6.18 isPlayer1Goal=False 
(Filename: E:\unity\Runtime/Export/Debug/Debug.bindings.h Line: 39)

SELFPLAY GOAL 440 scorer=Fan ZhaoReward=-1 total=220:220 
(Filename: E:\unity\Runtime/Export/Debug/Debug.bindings.h Line: 39)

SELFPLAY GOAL 441 scorer=Zhao ZhaoReward=1 total=220:221 
(Filename: E:\unity\Runtime/Export/Debug/Debug.bindings.h Line: 39)

SELFPLAY GOAL 442 scorer=Zhao ZhaoReward=1 total=220:222 
(Filename: E:\unity\Runtime/Export/Debug/Debug.bindings.h Line: 39)

SELFPLAY GOAL 443 scorer=Zhao ZhaoReward=1 total=220:223 
(Filename: E:\unity\Runtime/Export/Debug/Debug.bindings.h Line: 39)

SELFPLAY MATCH 47 goals=4 total=443 score=1:3 
(Filename: E:\unity\Runtime/Export/Debug/Debug.bindings.h Line: 39)

Unloading 4 Unused Serialized files (Serialized files now loaded: 0)
UnloadTime: 0.572500 ms

Unloading 4 unused Assets to reduce memory usage. Loaded Objects now: 1059.
Total: 1.271000 ms (FindLiveObjects: 0.063000 ms CreateObjectMapping: 0.011200 ms MarkObjects: 0.309300 ms  DeleteObjects: 0.887000 ms)

SELFPLAY GOALMAP x=-6.13 isPlayer1Goal=True 
(Filename: E:\unity\Runtime/Export/Debug/Debug.bindings.h Line: 39)

SELFPLAY GOALMAP x=6.18 isPlayer1Goal=False 
(Filename: E:\unity\Runtime/Export/Debug/Debug.bindings.h Line: 39)

SELFPLAY GOAL 444 scorer=Fan ZhaoReward=-1 total=221:223 
(Filename: E:\unity\Runtime/Export/Debug/Debug.bindings.h Line: 39)

SELFPLAY GOAL 445 scorer=Fan ZhaoReward=-1 total=222:223 
(Filename: E:\unity\Runtime/Export/Debug/Debug.bindings.h Line: 39)

SELFPLAY GOAL 446 scorer=Fan ZhaoReward=-1 total=223:223 
(Filename: E:\unity\Runtime/Export/Debug/Debug.bindings.h Line: 39)

SELFPLAY GOAL 447 scorer=Zhao ZhaoReward=1 total=223:224 
(Filename: E:\unity\Runtime/Export/Debug/Debug.bindings.h Line: 39)

SELFPLAY GOAL 448 scorer=Zhao ZhaoReward=1 total=223:225 
(Filename: E:\unity\Runtime/Export/Debug/Debug.bindings.h Line: 39)

SELFPLAY GOAL 449 scorer=Zhao ZhaoReward=1 total=223:226 
(Filename: E:\unity\Runtime/Export/Debug/Debug.bindings.h Line: 39)

SELFPLAY GOAL 450 scorer=Fan ZhaoReward=-1 total=224:226 
(Filename: E:\unity\Runtime/Export/Debug/Debug.bindings.h Line: 39)

SELFPLAY GOAL 451 scorer=Zhao ZhaoReward=1 total=224:227 
(Filename: E:\unity\Runtime/Export/Debug/Debug.bindings.h Line: 39)

SELFPLAY MATCH 48 goals=8 total=451 score=4:4 
(Filename: E:\unity\Runtime/Export/Debug/Debug.bindings.h Line: 39)

Unloading 4 Unused Serialized files (Serialized files now loaded: 0)
UnloadTime: 0.584700 ms

Unloading 4 unused Assets to reduce memory usage. Loaded Objects now: 1059.
Total: 1.382100 ms (FindLiveObjects: 0.041300 ms CreateObjectMapping: 0.009600 ms MarkObjects: 0.377200 ms  DeleteObjects: 0.953400 ms)

SELFPLAY GOALMAP x=-6.13 isPlayer1Goal=True 
(Filename: E:\unity\Runtime/Export/Debug/Debug.bindings.h Line: 39)

SELFPLAY GOALMAP x=6.18 isPlayer1Goal=False 
(Filename: E:\unity\Runtime/Export/Debug/Debug.bindings.h Line: 39)

SELFPLAY GOAL 452 scorer=Fan ZhaoReward=-1 total=225:227 
(Filename: E:\unity\Runtime/Export/Debug/Debug.bindings.h Line: 39)

SELFPLAY GOAL 453 scorer=Fan ZhaoReward=-1 total=226:227 
(Filename: E:\unity\Runtime/Export/Debug/Debug.bindings.h Line: 39)

SELFPLAY GOAL 454 scorer=Fan ZhaoReward=-1 total=227:227 
(Filename: E:\unity\Runtime/Export/Debug/Debug.bindings.h Line: 39)

SELFPLAY GOAL 455 scorer=Zhao ZhaoReward=1 total=227:228 
(Filename: E:\unity\Runtime/Export/Debug/Debug.bindings.h Line: 39)

SELFPLAY GOAL 456 scorer=Fan ZhaoReward=-1 total=228:228 
(Filename: E:\unity\Runtime/Export/Debug/Debug.bindings.h Line: 39)

SELFPLAY GOAL 457 scorer=Fan ZhaoReward=-1 total=229:228 
(Filename: E:\unity\Runtime/Export/Debug/Debug.bindings.h Line: 39)

SELFPLAY GOAL 458 scorer=Zhao ZhaoReward=1 total=229:229 
(Filename: E:\unity\Runtime/Export/Debug/Debug.bindings.h Line: 39)

SELFPLAY PROGRESS goals=458/500 matches=49 score=229:229 real=197.9406 
(Filename: E:\unity\Runtime/Export/Debug/Debug.bindings.h Line: 39)

SELFPLAY GOAL 459 scorer=Fan ZhaoReward=-1 total=230:229 
(Filename: E:\unity\Runtime/Export/Debug/Debug.bindings.h Line: 39)

SELFPLAY GOAL 460 scorer=Fan ZhaoReward=-1 total=231:229 
(Filename: E:\unity\Runtime/Export/Debug/Debug.bindings.h Line: 39)

SELFPLAY GOAL 461 scorer=Fan ZhaoReward=-1 total=232:229 
(Filename: E:\unity\Runtime/Export/Debug/Debug.bindings.h Line: 39)

SELFPLAY MATCH 49 goals=10 total=461 score=8:2 
(Filename: E:\unity\Runtime/Export/Debug/Debug.bindings.h Line: 39)

Unloading 4 Unused Serialized files (Serialized files now loaded: 0)
UnloadTime: 0.608300 ms

Unloading 4 unused Assets to reduce memory usage. Loaded Objects now: 1059.
Total: 1.278300 ms (FindLiveObjects: 0.044900 ms CreateObjectMapping: 0.010900 ms MarkObjects: 0.319200 ms  DeleteObjects: 0.902800 ms)

SELFPLAY GOALMAP x=-6.13 isPlayer1Goal=True 
(Filename: E:\unity\Runtime/Export/Debug/Debug.bindings.h Line: 39)

SELFPLAY GOALMAP x=6.18 isPlayer1Goal=False 
(Filename: E:\unity\Runtime/Export/Debug/Debug.bindings.h Line: 39)

SELFPLAY GOAL 462 scorer=Zhao ZhaoReward=1 total=232:230 
(Filename: E:\unity\Runtime/Export/Debug/Debug.bindings.h Line: 39)

SELFPLAY GOAL 463 scorer=Zhao ZhaoReward=1 total=232:231 
(Filename: E:\unity\Runtime/Export/Debug/Debug.bindings.h Line: 39)

SELFPLAY GOAL 464 scorer=Zhao ZhaoReward=1 total=232:232 
(Filename: E:\unity\Runtime/Export/Debug/Debug.bindings.h Line: 39)

SELFPLAY GOAL 465 scorer=Zhao ZhaoReward=1 total=232:233 
(Filename: E:\unity\Runtime/Export/Debug/Debug.bindings.h Line: 39)

SELFPLAY GOAL 466 scorer=Fan ZhaoReward=-1 total=233:233 
(Filename: E:\unity\Runtime/Export/Debug/Debug.bindings.h Line: 39)

SELFPLAY GOAL 467 scorer=Fan ZhaoReward=-1 total=234:233 
(Filename: E:\unity\Runtime/Export/Debug/Debug.bindings.h Line: 39)

SELFPLAY GOAL 468 scorer=Zhao ZhaoReward=1 total=234:234 
(Filename: E:\unity\Runtime/Export/Debug/Debug.bindings.h Line: 39)

SELFPLAY GOAL 469 scorer=Zhao ZhaoReward=1 total=234:235 
(Filename: E:\unity\Runtime/Export/Debug/Debug.bindings.h Line: 39)

SELFPLAY GOAL 470 scorer=Fan ZhaoReward=-1 total=235:235 
(Filename: E:\unity\Runtime/Export/Debug/Debug.bindings.h Line: 39)

SELFPLAY GOAL 471 scorer=Zhao ZhaoReward=1 total=235:236 
(Filename: E:\unity\Runtime/Export/Debug/Debug.bindings.h Line: 39)

SELFPLAY GOAL 472 scorer=Fan ZhaoReward=-1 total=236:236 
(Filename: E:\unity\Runtime/Export/Debug/Debug.bindings.h Line: 39)

SELFPLAY MATCH 50 goals=11 total=472 score=4:7 
(Filename: E:\unity\Runtime/Export/Debug/Debug.bindings.h Line: 39)

Unloading 4 Unused Serialized files (Serialized files now loaded: 0)
UnloadTime: 0.471600 ms

Unloading 4 unused Assets to reduce memory usage. Loaded Objects now: 1059.
Total: 1.798400 ms (FindLiveObjects: 0.066100 ms CreateObjectMapping: 0.013800 ms MarkObjects: 0.572900 ms  DeleteObjects: 1.144900 ms)

SELFPLAY GOALMAP x=-6.13 isPlayer1Goal=True 
(Filename: E:\unity\Runtime/Export/Debug/Debug.bindings.h Line: 39)

SELFPLAY GOALMAP x=6.18 isPlayer1Goal=False 
(Filename: E:\unity\Runtime/Export/Debug/Debug.bindings.h Line: 39)

SELFPLAY GOAL 473 scorer=Zhao ZhaoReward=1 total=236:237 
(Filename: E:\unity\Runtime/Export/Debug/Debug.bindings.h Line: 39)

SELFPLAY GOAL 474 scorer=Zhao ZhaoReward=1 total=236:238 
(Filename: E:\unity\Runtime/Export/Debug/Debug.bindings.h Line: 39)

SELFPLAY GOAL 475 scorer=Zhao ZhaoReward=1 total=236:239 
(Filename: E:\unity\Runtime/Export/Debug/Debug.bindings.h Line: 39)

SELFPLAY GOAL 476 scorer=Zhao ZhaoReward=1 total=236:240 
(Filename: E:\unity\Runtime/Export/Debug/Debug.bindings.h Line: 39)

SELFPLAY GOAL 477 scorer=Zhao ZhaoReward=1 total=236:241 
(Filename: E:\unity\Runtime/Export/Debug/Debug.bindings.h Line: 39)

SELFPLAY GOAL 478 scorer=Zhao ZhaoReward=1 total=236:242 
(Filename: E:\unity\Runtime/Export/Debug/Debug.bindings.h Line: 39)

SELFPLAY GOAL 479 scorer=Zhao ZhaoReward=1 total=236:243 
(Filename: E:\unity\Runtime/Export/Debug/Debug.bindings.h Line: 39)

SELFPLAY MATCH 51 goals=7 total=479 score=0:7 
(Filename: E:\unity\Runtime/Export/Debug/Debug.bindings.h Line: 39)

Unloading 4 Unused Serialized files (Serialized files now loaded: 0)
UnloadTime: 0.466100 ms

Unloading 4 unused Assets to reduce memory usage. Loaded Objects now: 1059.
Total: 1.379900 ms (FindLiveObjects: 0.045600 ms CreateObjectMapping: 0.010100 ms MarkObjects: 0.330800 ms  DeleteObjects: 0.992900 ms)

SELFPLAY GOALMAP x=-6.13 isPlayer1Goal=True 
(Filename: E:\unity\Runtime/Export/Debug/Debug.bindings.h Line: 39)

SELFPLAY GOALMAP x=6.18 isPlayer1Goal=False 
(Filename: E:\unity\Runtime/Export/Debug/Debug.bindings.h Line: 39)

SELFPLAY GOAL 480 scorer=Fan ZhaoReward=-1 total=237:243 
(Filename: E:\unity\Runtime/Export/Debug/Debug.bindings.h Line: 39)

SELFPLAY GOAL 481 scorer=Fan ZhaoReward=-1 total=238:243 
(Filename: E:\unity\Runtime/Export/Debug/Debug.bindings.h Line: 39)

SELFPLAY GOAL 482 scorer=Zhao ZhaoReward=1 total=238:244 
(Filename: E:\unity\Runtime/Export/Debug/Debug.bindings.h Line: 39)

SELFPLAY GOAL 483 scorer=Fan ZhaoReward=-1 total=239:244 
(Filename: E:\unity\Runtime/Export/Debug/Debug.bindings.h Line: 39)

SELFPLAY GOAL 484 scorer=Zhao ZhaoReward=1 total=239:245 
(Filename: E:\unity\Runtime/Export/Debug/Debug.bindings.h Line: 39)

SELFPLAY GOAL 485 scorer=Fan ZhaoReward=-1 total=240:245 
(Filename: E:\unity\Runtime/Export/Debug/Debug.bindings.h Line: 39)

SELFPLAY GOAL 486 scorer=Zhao ZhaoReward=1 total=240:246 
(Filename: E:\unity\Runtime/Export/Debug/Debug.bindings.h Line: 39)

SELFPLAY GOAL 487 scorer=Fan ZhaoReward=-1 total=241:246 
(Filename: E:\unity\Runtime/Export/Debug/Debug.bindings.h Line: 39)

SELFPLAY GOAL 488 scorer=Zhao ZhaoReward=1 total=241:247 
(Filename: E:\unity\Runtime/Export/Debug/Debug.bindings.h Line: 39)

SELFPLAY MATCH 52 goals=9 total=488 score=5:4 
(Filename: E:\unity\Runtime/Export/Debug/Debug.bindings.h Line: 39)

Unloading 4 Unused Serialized files (Serialized files now loaded: 0)
UnloadTime: 0.439600 ms

Unloading 4 unused Assets to reduce memory usage. Loaded Objects now: 1059.
Total: 1.503300 ms (FindLiveObjects: 0.047300 ms CreateObjectMapping: 0.011400 ms MarkObjects: 0.401300 ms  DeleteObjects: 1.042600 ms)

SELFPLAY GOALMAP x=-6.13 isPlayer1Goal=True 
(Filename: E:\unity\Runtime/Export/Debug/Debug.bindings.h Line: 39)

SELFPLAY GOALMAP x=6.18 isPlayer1Goal=False 
(Filename: E:\unity\Runtime/Export/Debug/Debug.bindings.h Line: 39)

SELFPLAY GOAL 489 scorer=Fan ZhaoReward=-1 total=242:247 
(Filename: E:\unity\Runtime/Export/Debug/Debug.bindings.h Line: 39)

SELFPLAY GOAL 490 scorer=Fan ZhaoReward=-1 total=243:247 
(Filename: E:\unity\Runtime/Export/Debug/Debug.bindings.h Line: 39)

SELFPLAY GOAL 491 scorer=Zhao ZhaoReward=1 total=243:248 
(Filename: E:\unity\Runtime/Export/Debug/Debug.bindings.h Line: 39)

SELFPLAY GOAL 492 scorer=Fan ZhaoReward=-1 total=244:248 
(Filename: E:\unity\Runtime/Export/Debug/Debug.bindings.h Line: 39)

SELFPLAY GOAL 493 scorer=Zhao ZhaoReward=1 total=244:249 
(Filename: E:\unity\Runtime/Export/Debug/Debug.bindings.h Line: 39)

SELFPLAY GOAL 494 scorer=Fan ZhaoReward=-1 total=245:249 
(Filename: E:\unity\Runtime/Export/Debug/Debug.bindings.h Line: 39)

SELFPLAY GOAL 495 scorer=Zhao ZhaoReward=1 total=245:250 
(Filename: E:\unity\Runtime/Export/Debug/Debug.bindings.h Line: 39)

SELFPLAY GOAL 496 scorer=Fan ZhaoReward=-1 total=246:250 
(Filename: E:\unity\Runtime/Export/Debug/Debug.bindings.h Line: 39)

SELFPLAY GOAL 497 scorer=Fan ZhaoReward=-1 total=247:250 
(Filename: E:\unity\Runtime/Export/Debug/Debug.bindings.h Line: 39)

SELFPLAY GOAL 498 scorer=Zhao ZhaoReward=1 total=247:251 
(Filename: E:\unity\Runtime/Export/Debug/Debug.bindings.h Line: 39)

SELFPLAY GOAL 499 scorer=Fan ZhaoReward=-1 total=248:251 
(Filename: E:\unity\Runtime/Export/Debug/Debug.bindings.h Line: 39)

SELFPLAY MATCH 53 goals=11 total=499 score=7:4 
(Filename: E:\unity\Runtime/Export/Debug/Debug.bindings.h Line: 39)

Unloading 4 Unused Serialized files (Serialized files now loaded: 0)
UnloadTime: 0.846600 ms

Unloading 4 unused Assets to reduce memory usage. Loaded Objects now: 1059.
Total: 1.411700 ms (FindLiveObjects: 0.051200 ms CreateObjectMapping: 0.015400 ms MarkObjects: 0.305900 ms  DeleteObjects: 1.038300 ms)

SELFPLAY GOALMAP x=-6.13 isPlayer1Goal=True 
(Filename: E:\unity\Runtime/Export/Debug/Debug.bindings.h Line: 39)

SELFPLAY GOALMAP x=6.18 isPlayer1Goal=False 
(Filename: E:\unity\Runtime/Export/Debug/Debug.bindings.h Line: 39)

SELFPLAY GOAL 500 scorer=Zhao ZhaoReward=1 total=248:252 
(Filename: E:\unity\Runtime/Export/Debug/Debug.bindings.h Line: 39)

SELFPLAY MATCH 54 goals=1 total=500 score=0:1 
(Filename: E:\unity\Runtime/Export/Debug/Debug.bindings.h Line: 39)

SELFPLAY COMPLETE goals=500 fan=248 zhao=252 matches=54 failures=0 
(Filename: E:\unity\Runtime/Export/Debug/Debug.bindings.h Line: 39)

Setting up 12 worker threads for Enlighten.
  Thread -> id: a73c -> priority: 1 
  Thread -> id: 358c -> priority: 1 
  Thread -> id: a2d8 -> priority: 1 
  Thread -> id: 9ac4 -> priority: 1 
  Thread -> id: 7a14 -> priority: 1 
  Thread -> id: 389c -> priority: 1 
  Thread -> id: 5dd4 -> priority: 1 
  Thread -> id: 8290 -> priority: 1 
  Thread -> id: 7618 -> priority: 1 
  Thread -> id: 25d0 -> priority: 1 
  Thread -> id: 7300 -> priority: 1 
  Thread -> id: 76fc -> priority: 1 

Mono path[0] = 'C:/Users/Alienware/Documents/范志毅VS赵鹏/范志毅VS赵鹏 PC双人版（32位）/鑼冨織姣匳S璧甸箯 PC鍙屼汉鐗堬紙32浣嶏級/AI Mod Source/build/fan-strategy-selfplay-original-baseline-worker-2/FanZhiYi_Data/Managed'
Mono config path = 'C:/Users/Alienware/Documents/范志毅VS赵鹏/范志毅VS赵鹏 PC双人版（32位）/鑼冨織姣匳S璧甸箯 PC鍙屼汉鐗堬紙32浣嶏級/AI Mod Source/build/fan-strategy-selfplay-original-baseline-worker-2/MonoBleedingEdge/etc'
AS: AutoStreaming module initializing.Initialize engine version: 2019.4.33f1c1 (c2f94a8bebb3)
[Subsystems] Discovering subsystems at path C:/Users/Alienware/Documents/范志毅VS赵鹏/范志毅VS赵鹏 PC双人版（32位）/鑼冨織姣匳S璧甸箯 PC鍙屼汉鐗堬紙32浣嶏級/AI Mod Source/build/fan-strategy-selfplay-original-baseline-worker-2/FanZhiYi_Data/UnitySubsystems
Forcing GfxDevice: Null
GfxDevice: creating device client; threaded=0
NullGfxDevice:
    Version:  NULL 1.0 [1.0]
    Renderer: Null Device
    Vendor:   Unity Technologies
Begin MonoManager ReloadAssembly
- Completed reload, in  0.094 seconds
Microsoft Media Foundation video decoding to texture disabled: graphics device is Null, only Direct3D 11 and Direct3D 12 (only on desktop) are supported for hardware-accelerated video decoding.
UnloadTime: 0.527000 ms
Unloading 5 Unused Serialized files (Serialized files now loaded: 0)
UnloadTime: 0.155700 ms

Unloading 145 unused Assets to reduce memory usage. Loaded Objects now: 1003.
Total: 0.488200 ms (FindLiveObjects: 0.039500 ms CreateObjectMapping: 0.010100 ms MarkObjects: 0.243700 ms  DeleteObjects: 0.194500 ms)

SELFPLAY GOALMAP x=-6.13 isPlayer1Goal=True 
(Filename: E:\unity\Runtime/Export/Debug/Debug.bindings.h Line: 39)

SELFPLAY GOALMAP x=6.18 isPlayer1Goal=False 
(Filename: E:\unity\Runtime/Export/Debug/Debug.bindings.h Line: 39)

SELFPLAY GOAL 101 scorer=Fan ZhaoReward=-1 total=48:53 
(Filename: E:\unity\Runtime/Export/Debug/Debug.bindings.h Line: 39)

SELFPLAY GOAL 102 scorer=Zhao ZhaoReward=1 total=48:54 
(Filename: E:\unity\Runtime/Export/Debug/Debug.bindings.h Line: 39)

SELFPLAY GOAL 103 scorer=Fan ZhaoReward=-1 total=49:54 
(Filename: E:\unity\Runtime/Export/Debug/Debug.bindings.h Line: 39)

SELFPLAY GOAL 104 scorer=Fan ZhaoReward=-1 total=50:54 
(Filename: E:\unity\Runtime/Export/Debug/Debug.bindings.h Line: 39)

SELFPLAY GOAL 105 scorer=Zhao ZhaoReward=1 total=50:55 
(Filename: E:\unity\Runtime/Export/Debug/Debug.bindings.h Line: 39)

SELFPLAY GOAL 106 scorer=Zhao ZhaoReward=1 total=50:56 
(Filename: E:\unity\Runtime/Export/Debug/Debug.bindings.h Line: 39)

SELFPLAY GOAL 107 scorer=Fan ZhaoReward=-1 total=51:56 
(Filename: E:\unity\Runtime/Export/Debug/Debug.bindings.h Line: 39)

SELFPLAY GOAL 108 scorer=Zhao ZhaoReward=1 total=51:57 
(Filename: E:\unity\Runtime/Export/Debug/Debug.bindings.h Line: 39)

SELFPLAY MATCH 11 goals=8 total=108 score=4:4 
(Filename: E:\unity\Runtime/Export/Debug/Debug.bindings.h Line: 39)

Unloading 4 Unused Serialized files (Serialized files now loaded: 0)
UnloadTime: 1.154700 ms

Unloading 37 unused Assets to reduce memory usage. Loaded Objects now: 1059.
Total: 1.201000 ms (FindLiveObjects: 0.062800 ms CreateObjectMapping: 0.009600 ms MarkObjects: 0.264000 ms  DeleteObjects: 0.864200 ms)

SELFPLAY GOALMAP x=-6.13 isPlayer1Goal=True 
(Filename: E:\unity\Runtime/Export/Debug/Debug.bindings.h Line: 39)

SELFPLAY GOALMAP x=6.18 isPlayer1Goal=False 
(Filename: E:\unity\Runtime/Export/Debug/Debug.bindings.h Line: 39)

SELFPLAY GOAL 109 scorer=Zhao ZhaoReward=1 total=51:58 
(Filename: E:\unity\Runtime/Export/Debug/Debug.bindings.h Line: 39)

SELFPLAY GOAL 110 scorer=Fan ZhaoReward=-1 total=52:58 
(Filename: E:\unity\Runtime/Export/Debug/Debug.bindings.h Line: 39)

SELFPLAY GOAL 111 scorer=Zhao ZhaoReward=1 total=52:59 
(Filename: E:\unity\Runtime/Export/Debug/Debug.bindings.h Line: 39)

SELFPLAY GOAL 112 scorer=Zhao ZhaoReward=1 total=52:60 
(Filename: E:\unity\Runtime/Export/Debug/Debug.bindings.h Line: 39)

SELFPLAY GOAL 113 scorer=Zhao ZhaoReward=1 total=52:61 
(Filename: E:\unity\Runtime/Export/Debug/Debug.bindings.h Line: 39)

SELFPLAY GOAL 114 scorer=Zhao ZhaoReward=1 total=52:62 
(Filename: E:\unity\Runtime/Export/Debug/Debug.bindings.h Line: 39)

SELFPLAY GOAL 115 scorer=Zhao ZhaoReward=1 total=52:63 
(Filename: E:\unity\Runtime/Export/Debug/Debug.bindings.h Line: 39)

SELFPLAY GOAL 116 scorer=Zhao ZhaoReward=1 total=52:64 
(Filename: E:\unity\Runtime/Export/Debug/Debug.bindings.h Line: 39)

SELFPLAY GOAL 117 scorer=Fan ZhaoReward=-1 total=53:64 
(Filename: E:\unity\Runtime/Export/Debug/Debug.bindings.h Line: 39)

SELFPLAY GOAL 118 scorer=Zhao ZhaoReward=1 total=53:65 
(Filename: E:\unity\Runtime/Export/Debug/Debug.bindings.h Line: 39)

SELFPLAY MATCH 12 goals=10 total=118 score=2:8 
(Filename: E:\unity\Runtime/Export/Debug/Debug.bindings.h Line: 39)

Unloading 4 Unused Serialized files (Serialized files now loaded: 0)
UnloadTime: 0.420000 ms

Unloading 4 unused Assets to reduce memory usage. Loaded Objects now: 1059.
Total: 1.378900 ms (FindLiveObjects: 0.043400 ms CreateObjectMapping: 0.011500 ms MarkObjects: 0.302300 ms  DeleteObjects: 1.021400 ms)

SELFPLAY GOALMAP x=-6.13 isPlayer1Goal=True 
(Filename: E:\unity\Runtime/Export/Debug/Debug.bindings.h Line: 39)

SELFPLAY GOALMAP x=6.18 isPlayer1Goal=False 
(Filename: E:\unity\Runtime/Export/Debug/Debug.bindings.h Line: 39)

SELFPLAY GOAL 119 scorer=Zhao ZhaoReward=1 total=53:66 
(Filename: E:\unity\Runtime/Export/Debug/Debug.bindings.h Line: 39)

SELFPLAY GOAL 120 scorer=Fan ZhaoReward=-1 total=54:66 
(Filename: E:\unity\Runtime/Export/Debug/Debug.bindings.h Line: 39)

SELFPLAY GOAL 121 scorer=Fan ZhaoReward=-1 total=55:66 
(Filename: E:\unity\Runtime/Export/Debug/Debug.bindings.h Line: 39)

SELFPLAY GOAL 122 scorer=Zhao ZhaoReward=1 total=55:67 
(Filename: E:\unity\Runtime/Export/Debug/Debug.bindings.h Line: 39)

SELFPLAY GOAL 123 scorer=Zhao ZhaoReward=1 total=55:68 
(Filename: E:\unity\Runtime/Export/Debug/Debug.bindings.h Line: 39)

SELFPLAY GOAL 124 scorer=Zhao ZhaoReward=1 total=55:69 
(Filename: E:\unity\Runtime/Export/Debug/Debug.bindings.h Line: 39)

SELFPLAY GOAL 125 scorer=Zhao ZhaoReward=1 total=55:70 
(Filename: E:\unity\Runtime/Export/Debug/Debug.bindings.h Line: 39)

SELFPLAY GOAL 126 scorer=Fan ZhaoReward=-1 total=56:70 
(Filename: E:\unity\Runtime/Export/Debug/Debug.bindings.h Line: 39)

SELFPLAY GOAL 127 scorer=Zhao ZhaoReward=1 total=56:71 
(Filename: E:\unity\Runtime/Export/Debug/Debug.bindings.h Line: 39)

SELFPLAY GOAL 128 scorer=Zhao ZhaoReward=1 total=56:72 
(Filename: E:\unity\Runtime/Export/Debug/Debug.bindings.h Line: 39)

SELFPLAY MATCH 13 goals=10 total=128 score=3:7 
(Filename: E:\unity\Runtime/Export/Debug/Debug.bindings.h Line: 39)

Unloading 4 Unused Serialized files (Serialized files now loaded: 0)
UnloadTime: 0.484300 ms

Unloading 4 unused Assets to reduce memory usage. Loaded Objects now: 1059.
Total: 1.151200 ms (FindLiveObjects: 0.041100 ms CreateObjectMapping: 0.011400 ms MarkObjects: 0.249900 ms  DeleteObjects: 0.848300 ms)

SELFPLAY GOALMAP x=-6.13 isPlayer1Goal=True 
(Filename: E:\unity\Runtime/Export/Debug/Debug.bindings.h Line: 39)

SELFPLAY GOALMAP x=6.18 isPlayer1Goal=False 
(Filename: E:\unity\Runtime/Export/Debug/Debug.bindings.h Line: 39)

SELFPLAY GOAL 129 scorer=Zhao ZhaoReward=1 total=56:73 
(Filename: E:\unity\Runtime/Export/Debug/Debug.bindings.h Line: 39)

SELFPLAY GOAL 130 scorer=Fan ZhaoReward=-1 total=57:73 
(Filename: E:\unity\Runtime/Export/Debug/Debug.bindings.h Line: 39)

SELFPLAY GOAL 131 scorer=Fan ZhaoReward=-1 total=58:73 
(Filename: E:\unity\Runtime/Export/Debug/Debug.bindings.h Line: 39)

SELFPLAY GOAL 132 scorer=Fan ZhaoReward=-1 total=59:73 
(Filename: E:\unity\Runtime/Export/Debug/Debug.bindings.h Line: 39)

SELFPLAY GOAL 133 scorer=Zhao ZhaoReward=1 total=59:74 
(Filename: E:\unity\Runtime/Export/Debug/Debug.bindings.h Line: 39)

SELFPLAY GOAL 134 scorer=Fan ZhaoReward=-1 total=60:74 
(Filename: E:\unity\Runtime/Export/Debug/Debug.bindings.h Line: 39)

SELFPLAY GOAL 135 scorer=Zhao ZhaoReward=1 total=60:75 
(Filename: E:\unity\Runtime/Export/Debug/Debug.bindings.h Line: 39)

SELFPLAY GOAL 136 scorer=Fan ZhaoReward=-1 total=61:75 
(Filename: E:\unity\Runtime/Export/Debug/Debug.bindings.h Line: 39)

SELFPLAY GOAL 137 scorer=Fan ZhaoReward=-1 total=62:75 
(Filename: E:\unity\Runtime/Export/Debug/Debug.bindings.h Line: 39)

SELFPLAY MATCH 14 goals=9 total=137 score=6:3 
(Filename: E:\unity\Runtime/Export/Debug/Debug.bindings.h Line: 39)

Unloading 4 Unused Serialized files (Serialized files now loaded: 0)
UnloadTime: 0.705000 ms

Unloading 4 unused Assets to reduce memory usage. Loaded Objects now: 1059.
Total: 1.260100 ms (FindLiveObjects: 0.043700 ms CreateObjectMapping: 0.011700 ms MarkObjects: 0.307900 ms  DeleteObjects: 0.896300 ms)

SELFPLAY GOALMAP x=-6.13 isPlayer1Goal=True 
(Filename: E:\unity\Runtime/Export/Debug/Debug.bindings.h Line: 39)

SELFPLAY GOALMAP x=6.18 isPlayer1Goal=False 
(Filename: E:\unity\Runtime/Export/Debug/Debug.bindings.h Line: 39)

SELFPLAY GOAL 138 scorer=Fan ZhaoReward=-1 total=63:75 
(Filename: E:\unity\Runtime/Export/Debug/Debug.bindings.h Line: 39)

SELFPLAY GOAL 139 scorer=Zhao ZhaoReward=1 total=63:76 
(Filename: E:\unity\Runtime/Export/Debug/Debug.bindings.h Line: 39)

SELFPLAY GOAL 140 scorer=Fan ZhaoReward=-1 total=64:76 
(Filename: E:\unity\Runtime/Export/Debug/Debug.bindings.h Line: 39)

SELFPLAY GOAL 141 scorer=Fan ZhaoReward=-1 total=65:76 
(Filename: E:\unity\Runtime/Export/Debug/Debug.bindings.h Line: 39)

SELFPLAY GOAL 142 scorer=Zhao ZhaoReward=1 total=65:77 
(Filename: E:\unity\Runtime/Export/Debug/Debug.bindings.h Line: 39)

SELFPLAY GOAL 143 scorer=Fan ZhaoReward=-1 total=66:77 
(Filename: E:\unity\Runtime/Export/Debug/Debug.bindings.h Line: 39)

SELFPLAY GOAL 144 scorer=Zhao ZhaoReward=1 total=66:78 
(Filename: E:\unity\Runtime/Export/Debug/Debug.bindings.h Line: 39)

SELFPLAY GOAL 145 scorer=Zhao ZhaoReward=1 total=66:79 
(Filename: E:\unity\Runtime/Export/Debug/Debug.bindings.h Line: 39)

SELFPLAY GOAL 146 scorer=Fan ZhaoReward=-1 total=67:79 
(Filename: E:\unity\Runtime/Export/Debug/Debug.bindings.h Line: 39)

SELFPLAY GOAL 147 scorer=Zhao ZhaoReward=1 total=67:80 
(Filename: E:\unity\Runtime/Export/Debug/Debug.bindings.h Line: 39)

SELFPLAY MATCH 15 goals=10 total=147 score=5:5 
(Filename: E:\unity\Runtime/Export/Debug/Debug.bindings.h Line: 39)

Unloading 4 Unused Serialized files (Serialized files now loaded: 0)
UnloadTime: 0.537500 ms

Unloading 4 unused Assets to reduce memory usage. Loaded Objects now: 1059.
Total: 1.342300 ms (FindLiveObjects: 0.041500 ms CreateObjectMapping: 0.009600 ms MarkObjects: 0.275500 ms  DeleteObjects: 1.015300 ms)

SELFPLAY GOALMAP x=-6.13 isPlayer1Goal=True 
(Filename: E:\unity\Runtime/Export/Debug/Debug.bindings.h Line: 39)

SELFPLAY GOALMAP x=6.18 isPlayer1Goal=False 
(Filename: E:\unity\Runtime/Export/Debug/Debug.bindings.h Line: 39)

SELFPLAY GOAL 148 scorer=Fan ZhaoReward=-1 total=68:80 
(Filename: E:\unity\Runtime/Export/Debug/Debug.bindings.h Line: 39)

SELFPLAY GOAL 149 scorer=Fan ZhaoReward=-1 total=69:80 
(Filename: E:\unity\Runtime/Export/Debug/Debug.bindings.h Line: 39)

SELFPLAY GOAL 150 scorer=Zhao ZhaoReward=1 total=69:81 
(Filename: E:\unity\Runtime/Export/Debug/Debug.bindings.h Line: 39)

SELFPLAY GOAL 151 scorer=Zhao ZhaoReward=1 total=69:82 
(Filename: E:\unity\Runtime/Export/Debug/Debug.bindings.h Line: 39)

SELFPLAY GOAL 152 scorer=Zhao ZhaoReward=1 total=69:83 
(Filename: E:\unity\Runtime/Export/Debug/Debug.bindings.h Line: 39)

SELFPLAY GOAL 153 scorer=Fan ZhaoReward=-1 total=70:83 
(Filename: E:\unity\Runtime/Export/Debug/Debug.bindings.h Line: 39)

SELFPLAY GOAL 154 scorer=Fan ZhaoReward=-1 total=71:83 
(Filename: E:\unity\Runtime/Export/Debug/Debug.bindings.h Line: 39)

SELFPLAY GOAL 155 scorer=Zhao ZhaoReward=1 total=71:84 
(Filename: E:\unity\Runtime/Export/Debug/Debug.bindings.h Line: 39)

SELFPLAY GOAL 156 scorer=Zhao ZhaoReward=1 total=71:85 
(Filename: E:\unity\Runtime/Export/Debug/Debug.bindings.h Line: 39)

SELFPLAY GOAL 157 scorer=Zhao ZhaoReward=1 total=71:86 
(Filename: E:\unity\Runtime/Export/Debug/Debug.bindings.h Line: 39)

SELFPLAY MATCH 16 goals=10 total=157 score=4:6 
(Filename: E:\unity\Runtime/Export/Debug/Debug.bindings.h Line: 39)

Unloading 4 Unused Serialized files (Serialized files now loaded: 0)
UnloadTime: 0.553300 ms

Unloading 4 unused Assets to reduce memory usage. Loaded Objects now: 1059.
Total: 1.221000 ms (FindLiveObjects: 0.045400 ms CreateObjectMapping: 0.012000 ms MarkObjects: 0.261100 ms  DeleteObjects: 0.901700 ms)

SELFPLAY GOALMAP x=-6.13 isPlayer1Goal=True 
(Filename: E:\unity\Runtime/Export/Debug/Debug.bindings.h Line: 39)

SELFPLAY GOALMAP x=6.18 isPlayer1Goal=False 
(Filename: E:\unity\Runtime/Export/Debug/Debug.bindings.h Line: 39)

SELFPLAY GOAL 158 scorer=Zhao ZhaoReward=1 total=71:87 
(Filename: E:\unity\Runtime/Export/Debug/Debug.bindings.h Line: 39)

SELFPLAY GOAL 159 scorer=Zhao ZhaoReward=1 total=71:88 
(Filename: E:\unity\Runtime/Export/Debug/Debug.bindings.h Line: 39)

SELFPLAY GOAL 160 scorer=Zhao ZhaoReward=1 total=71:89 
(Filename: E:\unity\Runtime/Export/Debug/Debug.bindings.h Line: 39)

SELFPLAY GOAL 161 scorer=Zhao ZhaoReward=1 total=71:90 
(Filename: E:\unity\Runtime/Export/Debug/Debug.bindings.h Line: 39)

SELFPLAY GOAL 162 scorer=Fan ZhaoReward=-1 total=72:90 
(Filename: E:\unity\Runtime/Export/Debug/Debug.bindings.h Line: 39)

SELFPLAY MATCH 17 goals=5 total=162 score=1:4 
(Filename: E:\unity\Runtime/Export/Debug/Debug.bindings.h Line: 39)

Unloading 4 Unused Serialized files (Serialized files now loaded: 0)
UnloadTime: 0.595800 ms

Unloading 4 unused Assets to reduce memory usage. Loaded Objects now: 1059.
Total: 1.334600 ms (FindLiveObjects: 0.040000 ms CreateObjectMapping: 0.009600 ms MarkObjects: 0.252500 ms  DeleteObjects: 1.031900 ms)

SELFPLAY GOALMAP x=-6.13 isPlayer1Goal=True 
(Filename: E:\unity\Runtime/Export/Debug/Debug.bindings.h Line: 39)

SELFPLAY GOALMAP x=6.18 isPlayer1Goal=False 
(Filename: E:\unity\Runtime/Export/Debug/Debug.bindings.h Line: 39)

SELFPLAY GOAL 163 scorer=Zhao ZhaoReward=1 total=72:91 
(Filename: E:\unity\Runtime/Export/Debug/Debug.bindings.h Line: 39)

SELFPLAY GOAL 164 scorer=Zhao ZhaoReward=1 total=72:92 
(Filename: E:\unity\Runtime/Export/Debug/Debug.bindings.h Line: 39)

SELFPLAY PROGRESS goals=164/500 matches=18 score=72:92 real=70.26785 
(Filename: E:\unity\Runtime/Export/Debug/Debug.bindings.h Line: 39)

SELFPLAY GOAL 165 scorer=Fan ZhaoReward=-1 total=73:92 
(Filename: E:\unity\Runtime/Export/Debug/Debug.bindings.h Line: 39)

SELFPLAY GOAL 166 scorer=Zhao ZhaoReward=1 total=73:93 
(Filename: E:\unity\Runtime/Export/Debug/Debug.bindings.h Line: 39)

SELFPLAY GOAL 167 scorer=Zhao ZhaoReward=1 total=73:94 
(Filename: E:\unity\Runtime/Export/Debug/Debug.bindings.h Line: 39)

SELFPLAY GOAL 168 scorer=Fan ZhaoReward=-1 total=74:94 
(Filename: E:\unity\Runtime/Export/Debug/Debug.bindings.h Line: 39)

SELFPLAY GOAL 169 scorer=Fan ZhaoReward=-1 total=75:94 
(Filename: E:\unity\Runtime/Export/Debug/Debug.bindings.h Line: 39)

SELFPLAY GOAL 170 scorer=Zhao ZhaoReward=1 total=75:95 
(Filename: E:\unity\Runtime/Export/Debug/Debug.bindings.h Line: 39)

SELFPLAY GOAL 171 scorer=Zhao ZhaoReward=1 total=75:96 
(Filename: E:\unity\Runtime/Export/Debug/Debug.bindings.h Line: 39)

SELFPLAY GOAL 172 scorer=Zhao ZhaoReward=1 total=75:97 
(Filename: E:\unity\Runtime/Export/Debug/Debug.bindings.h Line: 39)

SELFPLAY GOAL 173 scorer=Zhao ZhaoReward=1 total=75:98 
(Filename: E:\unity\Runtime/Export/Debug/Debug.bindings.h Line: 39)

SELFPLAY MATCH 18 goals=11 total=173 score=3:8 
(Filename: E:\unity\Runtime/Export/Debug/Debug.bindings.h Line: 39)

Unloading 4 Unused Serialized files (Serialized files now loaded: 0)
UnloadTime: 0.508500 ms

Unloading 4 unused Assets to reduce memory usage. Loaded Objects now: 1059.
Total: 1.362500 ms (FindLiveObjects: 0.041700 ms CreateObjectMapping: 0.009700 ms MarkObjects: 0.256600 ms  DeleteObjects: 1.054100 ms)

SELFPLAY GOALMAP x=-6.13 isPlayer1Goal=True 
(Filename: E:\unity\Runtime/Export/Debug/Debug.bindings.h Line: 39)

SELFPLAY GOALMAP x=6.18 isPlayer1Goal=False 
(Filename: E:\unity\Runtime/Export/Debug/Debug.bindings.h Line: 39)

SELFPLAY GOAL 174 scorer=Fan ZhaoReward=-1 total=76:98 
(Filename: E:\unity\Runtime/Export/Debug/Debug.bindings.h Line: 39)

SELFPLAY GOAL 175 scorer=Fan ZhaoReward=-1 total=77:98 
(Filename: E:\unity\Runtime/Export/Debug/Debug.bindings.h Line: 39)

SELFPLAY GOAL 176 scorer=Zhao ZhaoReward=1 total=77:99 
(Filename: E:\unity\Runtime/Export/Debug/Debug.bindings.h Line: 39)

SELFPLAY GOAL 177 scorer=Fan ZhaoReward=-1 total=78:99 
(Filename: E:\unity\Runtime/Export/Debug/Debug.bindings.h Line: 39)

SELFPLAY GOAL 178 scorer=Fan ZhaoReward=-1 total=79:99 
(Filename: E:\unity\Runtime/Export/Debug/Debug.bindings.h Line: 39)

SELFPLAY GOAL 179 scorer=Zhao ZhaoReward=1 total=79:100 
(Filename: E:\unity\Runtime/Export/Debug/Debug.bindings.h Line: 39)

SELFPLAY GOAL 180 scorer=Fan ZhaoReward=-1 total=80:100 
(Filename: E:\unity\Runtime/Export/Debug/Debug.bindings.h Line: 39)

SELFPLAY GOAL 181 scorer=Zhao ZhaoReward=1 total=80:101 
(Filename: E:\unity\Runtime/Export/Debug/Debug.bindings.h Line: 39)

SELFPLAY MATCH 19 goals=8 total=181 score=5:3 
(Filename: E:\unity\Runtime/Export/Debug/Debug.bindings.h Line: 39)

Unloading 4 Unused Serialized files (Serialized files now loaded: 0)
UnloadTime: 0.446100 ms

Unloading 4 unused Assets to reduce memory usage. Loaded Objects now: 1059.
Total: 1.248700 ms (FindLiveObjects: 0.042000 ms CreateObjectMapping: 0.009600 ms MarkObjects: 0.261300 ms  DeleteObjects: 0.935500 ms)

SELFPLAY GOALMAP x=-6.13 isPlayer1Goal=True 
(Filename: E:\unity\Runtime/Export/Debug/Debug.bindings.h Line: 39)

SELFPLAY GOALMAP x=6.18 isPlayer1Goal=False 
(Filename: E:\unity\Runtime/Export/Debug/Debug.bindings.h Line: 39)

SELFPLAY GOAL 182 scorer=Fan ZhaoReward=-1 total=81:101 
(Filename: E:\unity\Runtime/Export/Debug/Debug.bindings.h Line: 39)

SELFPLAY GOAL 183 scorer=Fan ZhaoReward=-1 total=82:101 
(Filename: E:\unity\Runtime/Export/Debug/Debug.bindings.h Line: 39)

SELFPLAY GOAL 184 scorer=Fan ZhaoReward=-1 total=83:101 
(Filename: E:\unity\Runtime/Export/Debug/Debug.bindings.h Line: 39)

SELFPLAY GOAL 185 scorer=Fan ZhaoReward=-1 total=84:101 
(Filename: E:\unity\Runtime/Export/Debug/Debug.bindings.h Line: 39)

SELFPLAY GOAL 186 scorer=Zhao ZhaoReward=1 total=84:102 
(Filename: E:\unity\Runtime/Export/Debug/Debug.bindings.h Line: 39)

SELFPLAY GOAL 187 scorer=Zhao ZhaoReward=1 total=84:103 
(Filename: E:\unity\Runtime/Export/Debug/Debug.bindings.h Line: 39)

SELFPLAY GOAL 188 scorer=Zhao ZhaoReward=1 total=84:104 
(Filename: E:\unity\Runtime/Export/Debug/Debug.bindings.h Line: 39)

SELFPLAY GOAL 189 scorer=Zhao ZhaoReward=1 total=84:105 
(Filename: E:\unity\Runtime/Export/Debug/Debug.bindings.h Line: 39)

SELFPLAY GOAL 190 scorer=Zhao ZhaoReward=1 total=84:106 
(Filename: E:\unity\Runtime/Export/Debug/Debug.bindings.h Line: 39)

SELFPLAY GOAL 191 scorer=Zhao ZhaoReward=1 total=84:107 
(Filename: E:\unity\Runtime/Export/Debug/Debug.bindings.h Line: 39)

SELFPLAY GOAL 192 scorer=Zhao ZhaoReward=1 total=84:108 
(Filename: E:\unity\Runtime/Export/Debug/Debug.bindings.h Line: 39)

SELFPLAY MATCH 20 goals=11 total=192 score=4:7 
(Filename: E:\unity\Runtime/Export/Debug/Debug.bindings.h Line: 39)

Unloading 4 Unused Serialized files (Serialized files now loaded: 0)
UnloadTime: 0.454600 ms

Unloading 4 unused Assets to reduce memory usage. Loaded Objects now: 1059.
Total: 1.342400 ms (FindLiveObjects: 0.043400 ms CreateObjectMapping: 0.010000 ms MarkObjects: 0.359800 ms  DeleteObjects: 0.928600 ms)

SELFPLAY GOALMAP x=-6.13 isPlayer1Goal=True 
(Filename: E:\unity\Runtime/Export/Debug/Debug.bindings.h Line: 39)

SELFPLAY GOALMAP x=6.18 isPlayer1Goal=False 
(Filename: E:\unity\Runtime/Export/Debug/Debug.bindings.h Line: 39)

SELFPLAY GOAL 193 scorer=Zhao ZhaoReward=1 total=84:109 
(Filename: E:\unity\Runtime/Export/Debug/Debug.bindings.h Line: 39)

SELFPLAY GOAL 194 scorer=Fan ZhaoReward=-1 total=85:109 
(Filename: E:\unity\Runtime/Export/Debug/Debug.bindings.h Line: 39)

SELFPLAY GOAL 195 scorer=Zhao ZhaoReward=1 total=85:110 
(Filename: E:\unity\Runtime/Export/Debug/Debug.bindings.h Line: 39)

SELFPLAY GOAL 196 scorer=Fan ZhaoReward=-1 total=86:110 
(Filename: E:\unity\Runtime/Export/Debug/Debug.bindings.h Line: 39)

SELFPLAY GOAL 197 scorer=Zhao ZhaoReward=1 total=86:111 
(Filename: E:\unity\Runtime/Export/Debug/Debug.bindings.h Line: 39)

SELFPLAY MATCH 21 goals=5 total=197 score=2:3 
(Filename: E:\unity\Runtime/Export/Debug/Debug.bindings.h Line: 39)

Unloading 4 Unused Serialized files (Serialized files now loaded: 0)
UnloadTime: 0.522200 ms

Unloading 4 unused Assets to reduce memory usage. Loaded Objects now: 1059.
Total: 1.338300 ms (FindLiveObjects: 0.047600 ms CreateObjectMapping: 0.011100 ms MarkObjects: 0.339800 ms  DeleteObjects: 0.939400 ms)

SELFPLAY GOALMAP x=-6.13 isPlayer1Goal=True 
(Filename: E:\unity\Runtime/Export/Debug/Debug.bindings.h Line: 39)

SELFPLAY GOALMAP x=6.18 isPlayer1Goal=False 
(Filename: E:\unity\Runtime/Export/Debug/Debug.bindings.h Line: 39)

SELFPLAY GOAL 198 scorer=Zhao ZhaoReward=1 total=86:112 
(Filename: E:\unity\Runtime/Export/Debug/Debug.bindings.h Line: 39)

SELFPLAY GOAL 199 scorer=Zhao ZhaoReward=1 total=86:113 
(Filename: E:\unity\Runtime/Export/Debug/Debug.bindings.h Line: 39)

SELFPLAY GOAL 200 scorer=Fan ZhaoReward=-1 total=87:113 
(Filename: E:\unity\Runtime/Export/Debug/Debug.bindings.h Line: 39)

SELFPLAY GOAL 201 scorer=Fan ZhaoReward=-1 total=88:113 
(Filename: E:\unity\Runtime/Export/Debug/Debug.bindings.h Line: 39)

SELFPLAY GOAL 202 scorer=Fan ZhaoReward=-1 total=89:113 
(Filename: E:\unity\Runtime/Export/Debug/Debug.bindings.h Line: 39)

SELFPLAY GOAL 203 scorer=Fan ZhaoReward=-1 total=90:113 
(Filename: E:\unity\Runtime/Export/Debug/Debug.bindings.h Line: 39)

SELFPLAY GOAL 204 scorer=Zhao ZhaoReward=1 total=90:114 
(Filename: E:\unity\Runtime/Export/Debug/Debug.bindings.h Line: 39)

SELFPLAY GOAL 205 scorer=Zhao ZhaoReward=1 total=90:115 
(Filename: E:\unity\Runtime/Export/Debug/Debug.bindings.h Line: 39)

SELFPLAY GOAL 206 scorer=Fan ZhaoReward=-1 total=91:115 
(Filename: E:\unity\Runtime/Export/Debug/Debug.bindings.h Line: 39)

SELFPLAY MATCH 22 goals=9 total=206 score=5:4 
(Filename: E:\unity\Runtime/Export/Debug/Debug.bindings.h Line: 39)

Unloading 4 Unused Serialized files (Serialized files now loaded: 0)
UnloadTime: 0.608300 ms

Unloading 4 unused Assets to reduce memory usage. Loaded Objects now: 1059.
Total: 1.187300 ms (FindLiveObjects: 0.040500 ms CreateObjectMapping: 0.009500 ms MarkObjects: 0.257300 ms  DeleteObjects: 0.879700 ms)

SELFPLAY GOALMAP x=-6.13 isPlayer1Goal=True 
(Filename: E:\unity\Runtime/Export/Debug/Debug.bindings.h Line: 39)

SELFPLAY GOALMAP x=6.18 isPlayer1Goal=False 
(Filename: E:\unity\Runtime/Export/Debug/Debug.bindings.h Line: 39)

SELFPLAY GOAL 207 scorer=Fan ZhaoReward=-1 total=92:115 
(Filename: E:\unity\Runtime/Export/Debug/Debug.bindings.h Line: 39)

SELFPLAY GOAL 208 scorer=Fan ZhaoReward=-1 total=93:115 
(Filename: E:\unity\Runtime/Export/Debug/Debug.bindings.h Line: 39)

SELFPLAY GOAL 209 scorer=Fan ZhaoReward=-1 total=94:115 
(Filename: E:\unity\Runtime/Export/Debug/Debug.bindings.h Line: 39)

SELFPLAY GOAL 210 scorer=Fan ZhaoReward=-1 total=95:115 
(Filename: E:\unity\Runtime/Export/Debug/Debug.bindings.h Line: 39)

SELFPLAY GOAL 211 scorer=Zhao ZhaoReward=1 total=95:116 
(Filename: E:\unity\Runtime/Export/Debug/Debug.bindings.h Line: 39)

SELFPLAY GOAL 212 scorer=Zhao ZhaoReward=1 total=95:117 
(Filename: E:\unity\Runtime/Export/Debug/Debug.bindings.h Line: 39)

SELFPLAY GOAL 213 scorer=Fan ZhaoReward=-1 total=96:117 
(Filename: E:\unity\Runtime/Export/Debug/Debug.bindings.h Line: 39)

SELFPLAY GOAL 214 scorer=Zhao ZhaoReward=1 total=96:118 
(Filename: E:\unity\Runtime/Export/Debug/Debug.bindings.h Line: 39)

SELFPLAY GOAL 215 scorer=Fan ZhaoReward=-1 total=97:118 
(Filename: E:\unity\Runtime/Export/Debug/Debug.bindings.h Line: 39)

SELFPLAY MATCH 23 goals=9 total=215 score=6:3 
(Filename: E:\unity\Runtime/Export/Debug/Debug.bindings.h Line: 39)

Unloading 4 Unused Serialized files (Serialized files now loaded: 0)
UnloadTime: 0.636600 ms

Unloading 4 unused Assets to reduce memory usage. Loaded Objects now: 1059.
Total: 1.537500 ms (FindLiveObjects: 0.055700 ms CreateObjectMapping: 0.013400 ms MarkObjects: 0.405500 ms  DeleteObjects: 1.062600 ms)

SELFPLAY GOALMAP x=-6.13 isPlayer1Goal=True 
(Filename: E:\unity\Runtime/Export/Debug/Debug.bindings.h Line: 39)

SELFPLAY GOALMAP x=6.18 isPlayer1Goal=False 
(Filename: E:\unity\Runtime/Export/Debug/Debug.bindings.h Line: 39)

SELFPLAY GOAL 216 scorer=Zhao ZhaoReward=1 total=97:119 
(Filename: E:\unity\Runtime/Export/Debug/Debug.bindings.h Line: 39)

SELFPLAY GOAL 217 scorer=Zhao ZhaoReward=1 total=97:120 
(Filename: E:\unity\Runtime/Export/Debug/Debug.bindings.h Line: 39)

SELFPLAY GOAL 218 scorer=Fan ZhaoReward=-1 total=98:120 
(Filename: E:\unity\Runtime/Export/Debug/Debug.bindings.h Line: 39)

SELFPLAY GOAL 219 scorer=Fan ZhaoReward=-1 total=99:120 
(Filename: E:\unity\Runtime/Export/Debug/Debug.bindings.h Line: 39)

SELFPLAY GOAL 220 scorer=Zhao ZhaoReward=1 total=99:121 
(Filename: E:\unity\Runtime/Export/Debug/Debug.bindings.h Line: 39)

SELFPLAY GOAL 221 scorer=Zhao ZhaoReward=1 total=99:122 
(Filename: E:\unity\Runtime/Export/Debug/Debug.bindings.h Line: 39)

SELFPLAY GOAL 222 scorer=Fan ZhaoReward=-1 total=100:122 
(Filename: E:\unity\Runtime/Export/Debug/Debug.bindings.h Line: 39)

SELFPLAY GOAL 223 scorer=Zhao ZhaoReward=1 total=100:123 
(Filename: E:\unity\Runtime/Export/Debug/Debug.bindings.h Line: 39)

SELFPLAY MATCH 24 goals=8 total=223 score=3:5 
(Filename: E:\unity\Runtime/Export/Debug/Debug.bindings.h Line: 39)

Unloading 4 Unused Serialized files (Serialized files now loaded: 0)
UnloadTime: 0.683500 ms

Unloading 4 unused Assets to reduce memory usage. Loaded Objects now: 1059.
Total: 1.470700 ms (FindLiveObjects: 0.052300 ms CreateObjectMapping: 0.011000 ms MarkObjects: 0.441100 ms  DeleteObjects: 0.965800 ms)

SELFPLAY GOALMAP x=-6.13 isPlayer1Goal=True 
(Filename: E:\unity\Runtime/Export/Debug/Debug.bindings.h Line: 39)

SELFPLAY GOALMAP x=6.18 isPlayer1Goal=False 
(Filename: E:\unity\Runtime/Export/Debug/Debug.bindings.h Line: 39)

SELFPLAY GOAL 224 scorer=Fan ZhaoReward=-1 total=101:123 
(Filename: E:\unity\Runtime/Export/Debug/Debug.bindings.h Line: 39)

SELFPLAY GOAL 225 scorer=Zhao ZhaoReward=1 total=101:124 
(Filename: E:\unity\Runtime/Export/Debug/Debug.bindings.h Line: 39)

SELFPLAY GOAL 226 scorer=Zhao ZhaoReward=1 total=101:125 
(Filename: E:\unity\Runtime/Export/Debug/Debug.bindings.h Line: 39)

SELFPLAY GOAL 227 scorer=Fan ZhaoReward=-1 total=102:125 
(Filename: E:\unity\Runtime/Export/Debug/Debug.bindings.h Line: 39)

SELFPLAY GOAL 228 scorer=Zhao ZhaoReward=1 total=102:126 
(Filename: E:\unity\Runtime/Export/Debug/Debug.bindings.h Line: 39)

SELFPLAY GOAL 229 scorer=Zhao ZhaoReward=1 total=102:127 
(Filename: E:\unity\Runtime/Export/Debug/Debug.bindings.h Line: 39)

SELFPLAY GOAL 230 scorer=Fan ZhaoReward=-1 total=103:127 
(Filename: E:\unity\Runtime/Export/Debug/Debug.bindings.h Line: 39)

SELFPLAY GOAL 231 scorer=Fan ZhaoReward=-1 total=104:127 
(Filename: E:\unity\Runtime/Export/Debug/Debug.bindings.h Line: 39)

SELFPLAY GOAL 232 scorer=Zhao ZhaoReward=1 total=104:128 
(Filename: E:\unity\Runtime/Export/Debug/Debug.bindings.h Line: 39)

SELFPLAY PROGRESS goals=232/500 matches=25 score=104:128 real=100.2691 
(Filename: E:\unity\Runtime/Export/Debug/Debug.bindings.h Line: 39)

SELFPLAY GOAL 233 scorer=Fan ZhaoReward=-1 total=105:128 
(Filename: E:\unity\Runtime/Export/Debug/Debug.bindings.h Line: 39)

SELFPLAY GOAL 234 scorer=Fan ZhaoReward=-1 total=106:128 
(Filename: E:\unity\Runtime/Export/Debug/Debug.bindings.h Line: 39)

SELFPLAY GOAL 235 scorer=Fan ZhaoReward=-1 total=107:128 
(Filename: E:\unity\Runtime/Export/Debug/Debug.bindings.h Line: 39)

SELFPLAY GOAL 236 scorer=Fan ZhaoReward=-1 total=108:128 
(Filename: E:\unity\Runtime/Export/Debug/Debug.bindings.h Line: 39)

SELFPLAY GOAL 237 scorer=Zhao ZhaoReward=1 total=108:129 
(Filename: E:\unity\Runtime/Export/Debug/Debug.bindings.h Line: 39)

SELFPLAY MATCH 25 goals=14 total=237 score=8:6 
(Filename: E:\unity\Runtime/Export/Debug/Debug.bindings.h Line: 39)

Unloading 4 Unused Serialized files (Serialized files now loaded: 0)
UnloadTime: 0.459800 ms

Unloading 4 unused Assets to reduce memory usage. Loaded Objects now: 1059.
Total: 1.207100 ms (FindLiveObjects: 0.039800 ms CreateObjectMapping: 0.008800 ms MarkObjects: 0.255800 ms  DeleteObjects: 0.902300 ms)

SELFPLAY GOALMAP x=-6.13 isPlayer1Goal=True 
(Filename: E:\unity\Runtime/Export/Debug/Debug.bindings.h Line: 39)

SELFPLAY GOALMAP x=6.18 isPlayer1Goal=False 
(Filename: E:\unity\Runtime/Export/Debug/Debug.bindings.h Line: 39)

SELFPLAY GOAL 238 scorer=Zhao ZhaoReward=1 total=108:130 
(Filename: E:\unity\Runtime/Export/Debug/Debug.bindings.h Line: 39)

SELFPLAY GOAL 239 scorer=Fan ZhaoReward=-1 total=109:130 
(Filename: E:\unity\Runtime/Export/Debug/Debug.bindings.h Line: 39)

SELFPLAY GOAL 240 scorer=Zhao ZhaoReward=1 total=109:131 
(Filename: E:\unity\Runtime/Export/Debug/Debug.bindings.h Line: 39)

SELFPLAY GOAL 241 scorer=Fan ZhaoReward=-1 total=110:131 
(Filename: E:\unity\Runtime/Export/Debug/Debug.bindings.h Line: 39)

SELFPLAY GOAL 242 scorer=Fan ZhaoReward=-1 total=111:131 
(Filename: E:\unity\Runtime/Export/Debug/Debug.bindings.h Line: 39)

SELFPLAY GOAL 243 scorer=Fan ZhaoReward=-1 total=112:131 
(Filename: E:\unity\Runtime/Export/Debug/Debug.bindings.h Line: 39)

SELFPLAY MATCH 26 goals=6 total=243 score=4:2 
(Filename: E:\unity\Runtime/Export/Debug/Debug.bindings.h Line: 39)

Unloading 4 Unused Serialized files (Serialized files now loaded: 0)
UnloadTime: 0.801700 ms

Unloading 4 unused Assets to reduce memory usage. Loaded Objects now: 1059.
Total: 1.638800 ms (FindLiveObjects: 0.051800 ms CreateObjectMapping: 0.012600 ms MarkObjects: 0.470800 ms  DeleteObjects: 1.102900 ms)

SELFPLAY GOALMAP x=-6.13 isPlayer1Goal=True 
(Filename: E:\unity\Runtime/Export/Debug/Debug.bindings.h Line: 39)

SELFPLAY GOALMAP x=6.18 isPlayer1Goal=False 
(Filename: E:\unity\Runtime/Export/Debug/Debug.bindings.h Line: 39)

SELFPLAY GOAL 244 scorer=Zhao ZhaoReward=1 total=112:132 
(Filename: E:\unity\Runtime/Export/Debug/Debug.bindings.h Line: 39)

SELFPLAY GOAL 245 scorer=Fan ZhaoReward=-1 total=113:132 
(Filename: E:\unity\Runtime/Export/Debug/Debug.bindings.h Line: 39)

SELFPLAY GOAL 246 scorer=Zhao ZhaoReward=1 total=113:133 
(Filename: E:\unity\Runtime/Export/Debug/Debug.bindings.h Line: 39)

SELFPLAY GOAL 247 scorer=Fan ZhaoReward=-1 total=114:133 
(Filename: E:\unity\Runtime/Export/Debug/Debug.bindings.h Line: 39)

SELFPLAY GOAL 248 scorer=Zhao ZhaoReward=1 total=114:134 
(Filename: E:\unity\Runtime/Export/Debug/Debug.bindings.h Line: 39)

SELFPLAY GOAL 249 scorer=Zhao ZhaoReward=1 total=114:135 
(Filename: E:\unity\Runtime/Export/Debug/Debug.bindings.h Line: 39)

SELFPLAY GOAL 250 scorer=Zhao ZhaoReward=1 total=114:136 
(Filename: E:\unity\Runtime/Export/Debug/Debug.bindings.h Line: 39)

SELFPLAY GOAL 251 scorer=Zhao ZhaoReward=1 total=114:137 
(Filename: E:\unity\Runtime/Export/Debug/Debug.bindings.h Line: 39)

SELFPLAY GOAL 252 scorer=Zhao ZhaoReward=1 total=114:138 
(Filename: E:\unity\Runtime/Export/Debug/Debug.bindings.h Line: 39)

SELFPLAY GOAL 253 scorer=Fan ZhaoReward=-1 total=115:138 
(Filename: E:\unity\Runtime/Export/Debug/Debug.bindings.h Line: 39)

SELFPLAY MATCH 27 goals=10 total=253 score=3:7 
(Filename: E:\unity\Runtime/Export/Debug/Debug.bindings.h Line: 39)

Unloading 4 Unused Serialized files (Serialized files now loaded: 0)
UnloadTime: 0.448800 ms

Unloading 4 unused Assets to reduce memory usage. Loaded Objects now: 1059.
Total: 1.287300 ms (FindLiveObjects: 0.040800 ms CreateObjectMapping: 0.009600 ms MarkObjects: 0.328600 ms  DeleteObjects: 0.908000 ms)

SELFPLAY GOALMAP x=-6.13 isPlayer1Goal=True 
(Filename: E:\unity\Runtime/Export/Debug/Debug.bindings.h Line: 39)

SELFPLAY GOALMAP x=6.18 isPlayer1Goal=False 
(Filename: E:\unity\Runtime/Export/Debug/Debug.bindings.h Line: 39)

SELFPLAY GOAL 254 scorer=Fan ZhaoReward=-1 total=116:138 
(Filename: E:\unity\Runtime/Export/Debug/Debug.bindings.h Line: 39)

SELFPLAY GOAL 255 scorer=Zhao ZhaoReward=1 total=116:139 
(Filename: E:\unity\Runtime/Export/Debug/Debug.bindings.h Line: 39)

SELFPLAY GOAL 256 scorer=Fan ZhaoReward=-1 total=117:139 
(Filename: E:\unity\Runtime/Export/Debug/Debug.bindings.h Line: 39)

SELFPLAY GOAL 257 scorer=Fan ZhaoReward=-1 total=118:139 
(Filename: E:\unity\Runtime/Export/Debug/Debug.bindings.h Line: 39)

SELFPLAY GOAL 258 scorer=Zhao ZhaoReward=1 total=118:140 
(Filename: E:\unity\Runtime/Export/Debug/Debug.bindings.h Line: 39)

SELFPLAY GOAL 259 scorer=Fan ZhaoReward=-1 total=119:140 
(Filename: E:\unity\Runtime/Export/Debug/Debug.bindings.h Line: 39)

SELFPLAY GOAL 260 scorer=Fan ZhaoReward=-1 total=120:140 
(Filename: E:\unity\Runtime/Export/Debug/Debug.bindings.h Line: 39)

SELFPLAY MATCH 28 goals=7 total=260 score=5:2 
(Filename: E:\unity\Runtime/Export/Debug/Debug.bindings.h Line: 39)

Unloading 4 Unused Serialized files (Serialized files now loaded: 0)
UnloadTime: 0.580900 ms

Unloading 4 unused Assets to reduce memory usage. Loaded Objects now: 1059.
Total: 1.214700 ms (FindLiveObjects: 0.041400 ms CreateObjectMapping: 0.009700 ms MarkObjects: 0.279600 ms  DeleteObjects: 0.883600 ms)

SELFPLAY GOALMAP x=-6.13 isPlayer1Goal=True 
(Filename: E:\unity\Runtime/Export/Debug/Debug.bindings.h Line: 39)

SELFPLAY GOALMAP x=6.18 isPlayer1Goal=False 
(Filename: E:\unity\Runtime/Export/Debug/Debug.bindings.h Line: 39)

SELFPLAY GOAL 261 scorer=Zhao ZhaoReward=1 total=120:141 
(Filename: E:\unity\Runtime/Export/Debug/Debug.bindings.h Line: 39)

SELFPLAY GOAL 262 scorer=Fan ZhaoReward=-1 total=121:141 
(Filename: E:\unity\Runtime/Export/Debug/Debug.bindings.h Line: 39)

SELFPLAY GOAL 263 scorer=Fan ZhaoReward=-1 total=122:141 
(Filename: E:\unity\Runtime/Export/Debug/Debug.bindings.h Line: 39)

SELFPLAY GOAL 264 scorer=Fan ZhaoReward=-1 total=123:141 
(Filename: E:\unity\Runtime/Export/Debug/Debug.bindings.h Line: 39)

SELFPLAY GOAL 265 scorer=Zhao ZhaoReward=1 total=123:142 
(Filename: E:\unity\Runtime/Export/Debug/Debug.bindings.h Line: 39)

SELFPLAY GOAL 266 scorer=Fan ZhaoReward=-1 total=124:142 
(Filename: E:\unity\Runtime/Export/Debug/Debug.bindings.h Line: 39)

SELFPLAY GOAL 267 scorer=Zhao ZhaoReward=1 total=124:143 
(Filename: E:\unity\Runtime/Export/Debug/Debug.bindings.h Line: 39)

SELFPLAY GOAL 268 scorer=Zhao ZhaoReward=1 total=124:144 
(Filename: E:\unity\Runtime/Export/Debug/Debug.bindings.h Line: 39)

SELFPLAY MATCH 29 goals=8 total=268 score=4:4 
(Filename: E:\unity\Runtime/Export/Debug/Debug.bindings.h Line: 39)

Unloading 4 Unused Serialized files (Serialized files now loaded: 0)
UnloadTime: 0.589500 ms

Unloading 4 unused Assets to reduce memory usage. Loaded Objects now: 1059.
Total: 1.272600 ms (FindLiveObjects: 0.044300 ms CreateObjectMapping: 0.011100 ms MarkObjects: 0.334200 ms  DeleteObjects: 0.882500 ms)

SELFPLAY GOALMAP x=-6.13 isPlayer1Goal=True 
(Filename: E:\unity\Runtime/Export/Debug/Debug.bindings.h Line: 39)

SELFPLAY GOALMAP x=6.18 isPlayer1Goal=False 
(Filename: E:\unity\Runtime/Export/Debug/Debug.bindings.h Line: 39)

SELFPLAY GOAL 269 scorer=Fan ZhaoReward=-1 total=125:144 
(Filename: E:\unity\Runtime/Export/Debug/Debug.bindings.h Line: 39)

SELFPLAY GOAL 270 scorer=Fan ZhaoReward=-1 total=126:144 
(Filename: E:\unity\Runtime/Export/Debug/Debug.bindings.h Line: 39)

SELFPLAY GOAL 271 scorer=Zhao ZhaoReward=1 total=126:145 
(Filename: E:\unity\Runtime/Export/Debug/Debug.bindings.h Line: 39)

SELFPLAY GOAL 272 scorer=Fan ZhaoReward=-1 total=127:145 
(Filename: E:\unity\Runtime/Export/Debug/Debug.bindings.h Line: 39)

SELFPLAY GOAL 273 scorer=Zhao ZhaoReward=1 total=127:146 
(Filename: E:\unity\Runtime/Export/Debug/Debug.bindings.h Line: 39)

SELFPLAY GOAL 274 scorer=Fan ZhaoReward=-1 total=128:146 
(Filename: E:\unity\Runtime/Export/Debug/Debug.bindings.h Line: 39)

SELFPLAY GOAL 275 scorer=Zhao ZhaoReward=1 total=128:147 
(Filename: E:\unity\Runtime/Export/Debug/Debug.bindings.h Line: 39)

SELFPLAY GOAL 276 scorer=Zhao ZhaoReward=1 total=128:148 
(Filename: E:\unity\Runtime/Export/Debug/Debug.bindings.h Line: 39)

SELFPLAY GOAL 277 scorer=Zhao ZhaoReward=1 total=128:149 
(Filename: E:\unity\Runtime/Export/Debug/Debug.bindings.h Line: 39)

SELFPLAY GOAL 278 scorer=Zhao ZhaoReward=1 total=128:150 
(Filename: E:\unity\Runtime/Export/Debug/Debug.bindings.h Line: 39)

SELFPLAY GOAL 279 scorer=Fan ZhaoReward=-1 total=129:150 
(Filename: E:\unity\Runtime/Export/Debug/Debug.bindings.h Line: 39)

SELFPLAY MATCH 30 goals=11 total=279 score=5:6 
(Filename: E:\unity\Runtime/Export/Debug/Debug.bindings.h Line: 39)

Unloading 4 Unused Serialized files (Serialized files now loaded: 0)
UnloadTime: 0.683300 ms

Unloading 4 unused Assets to reduce memory usage. Loaded Objects now: 1059.
Total: 1.273900 ms (FindLiveObjects: 0.043200 ms CreateObjectMapping: 0.011200 ms MarkObjects: 0.308400 ms  DeleteObjects: 0.910700 ms)

SELFPLAY GOALMAP x=-6.13 isPlayer1Goal=True 
(Filename: E:\unity\Runtime/Export/Debug/Debug.bindings.h Line: 39)

SELFPLAY GOALMAP x=6.18 isPlayer1Goal=False 
(Filename: E:\unity\Runtime/Export/Debug/Debug.bindings.h Line: 39)

SELFPLAY GOAL 280 scorer=Zhao ZhaoReward=1 total=129:151 
(Filename: E:\unity\Runtime/Export/Debug/Debug.bindings.h Line: 39)

SELFPLAY GOAL 281 scorer=Zhao ZhaoReward=1 total=129:152 
(Filename: E:\unity\Runtime/Export/Debug/Debug.bindings.h Line: 39)

SELFPLAY GOAL 282 scorer=Fan ZhaoReward=-1 total=130:152 
(Filename: E:\unity\Runtime/Export/Debug/Debug.bindings.h Line: 39)

SELFPLAY GOAL 283 scorer=Zhao ZhaoReward=1 total=130:153 
(Filename: E:\unity\Runtime/Export/Debug/Debug.bindings.h Line: 39)

SELFPLAY GOAL 284 scorer=Fan ZhaoReward=-1 total=131:153 
(Filename: E:\unity\Runtime/Export/Debug/Debug.bindings.h Line: 39)

SELFPLAY GOAL 285 scorer=Zhao ZhaoReward=1 total=131:154 
(Filename: E:\unity\Runtime/Export/Debug/Debug.bindings.h Line: 39)

SELFPLAY GOAL 286 scorer=Fan ZhaoReward=-1 total=132:154 
(Filename: E:\unity\Runtime/Export/Debug/Debug.bindings.h Line: 39)

SELFPLAY GOAL 287 scorer=Zhao ZhaoReward=1 total=132:155 
(Filename: E:\unity\Runtime/Export/Debug/Debug.bindings.h Line: 39)

SELFPLAY GOAL 288 scorer=Fan ZhaoReward=-1 total=133:155 
(Filename: E:\unity\Runtime/Export/Debug/Debug.bindings.h Line: 39)

SELFPLAY GOAL 289 scorer=Fan ZhaoReward=-1 total=134:155 
(Filename: E:\unity\Runtime/Export/Debug/Debug.bindings.h Line: 39)

SELFPLAY GOAL 290 scorer=Fan ZhaoReward=-1 total=135:155 
(Filename: E:\unity\Runtime/Export/Debug/Debug.bindings.h Line: 39)

SELFPLAY GOAL 291 scorer=Fan ZhaoReward=-1 total=136:155 
(Filename: E:\unity\Runtime/Export/Debug/Debug.bindings.h Line: 39)

SELFPLAY GOAL 292 scorer=Zhao ZhaoReward=1 total=136:156 
(Filename: E:\unity\Runtime/Export/Debug/Debug.bindings.h Line: 39)

SELFPLAY MATCH 31 goals=13 total=292 score=7:6 
(Filename: E:\unity\Runtime/Export/Debug/Debug.bindings.h Line: 39)

Unloading 4 Unused Serialized files (Serialized files now loaded: 0)
UnloadTime: 0.657700 ms

Unloading 4 unused Assets to reduce memory usage. Loaded Objects now: 1059.
Total: 1.205100 ms (FindLiveObjects: 0.041100 ms CreateObjectMapping: 0.009700 ms MarkObjects: 0.298600 ms  DeleteObjects: 0.855600 ms)

SELFPLAY GOALMAP x=-6.13 isPlayer1Goal=True 
(Filename: E:\unity\Runtime/Export/Debug/Debug.bindings.h Line: 39)

SELFPLAY GOALMAP x=6.18 isPlayer1Goal=False 
(Filename: E:\unity\Runtime/Export/Debug/Debug.bindings.h Line: 39)

SELFPLAY GOAL 293 scorer=Zhao ZhaoReward=1 total=136:157 
(Filename: E:\unity\Runtime/Export/Debug/Debug.bindings.h Line: 39)

SELFPLAY GOAL 294 scorer=Fan ZhaoReward=-1 total=137:157 
(Filename: E:\unity\Runtime/Export/Debug/Debug.bindings.h Line: 39)

SELFPLAY GOAL 295 scorer=Fan ZhaoReward=-1 total=138:157 
(Filename: E:\unity\Runtime/Export/Debug/Debug.bindings.h Line: 39)

SELFPLAY GOAL 296 scorer=Zhao ZhaoReward=1 total=138:158 
(Filename: E:\unity\Runtime/Export/Debug/Debug.bindings.h Line: 39)

SELFPLAY GOAL 297 scorer=Zhao ZhaoReward=1 total=138:159 
(Filename: E:\unity\Runtime/Export/Debug/Debug.bindings.h Line: 39)

SELFPLAY GOAL 298 scorer=Fan ZhaoReward=-1 total=139:159 
(Filename: E:\unity\Runtime/Export/Debug/Debug.bindings.h Line: 39)

SELFPLAY GOAL 299 scorer=Zhao ZhaoReward=1 total=139:160 
(Filename: E:\unity\Runtime/Export/Debug/Debug.bindings.h Line: 39)

SELFPLAY GOAL 300 scorer=Zhao ZhaoReward=1 total=139:161 
(Filename: E:\unity\Runtime/Export/Debug/Debug.bindings.h Line: 39)

SELFPLAY GOAL 301 scorer=Fan ZhaoReward=-1 total=140:161 
(Filename: E:\unity\Runtime/Export/Debug/Debug.bindings.h Line: 39)

SELFPLAY GOAL 302 scorer=Zhao ZhaoReward=1 total=140:162 
(Filename: E:\unity\Runtime/Export/Debug/Debug.bindings.h Line: 39)

SELFPLAY GOAL 303 scorer=Fan ZhaoReward=-1 total=141:162 
(Filename: E:\unity\Runtime/Export/Debug/Debug.bindings.h Line: 39)

SELFPLAY MATCH 32 goals=11 total=303 score=5:6 
(Filename: E:\unity\Runtime/Export/Debug/Debug.bindings.h Line: 39)

Unloading 4 Unused Serialized files (Serialized files now loaded: 0)
UnloadTime: 0.677200 ms

Unloading 4 unused Assets to reduce memory usage. Loaded Objects now: 1059.
Total: 1.501400 ms (FindLiveObjects: 0.042500 ms CreateObjectMapping: 0.012000 ms MarkObjects: 0.336300 ms  DeleteObjects: 1.109900 ms)

SELFPLAY GOALMAP x=-6.13 isPlayer1Goal=True 
(Filename: E:\unity\Runtime/Export/Debug/Debug.bindings.h Line: 39)

SELFPLAY GOALMAP x=6.18 isPlayer1Goal=False 
(Filename: E:\unity\Runtime/Export/Debug/Debug.bindings.h Line: 39)

SELFPLAY PROGRESS goals=303/500 matches=33 score=141:162 real=130.487 
(Filename: E:\unity\Runtime/Export/Debug/Debug.bindings.h Line: 39)

SELFPLAY GOAL 304 scorer=Fan ZhaoReward=-1 total=142:162 
(Filename: E:\unity\Runtime/Export/Debug/Debug.bindings.h Line: 39)

SELFPLAY GOAL 305 scorer=Zhao ZhaoReward=1 total=142:163 
(Filename: E:\unity\Runtime/Export/Debug/Debug.bindings.h Line: 39)

SELFPLAY GOAL 306 scorer=Zhao ZhaoReward=1 total=142:164 
(Filename: E:\unity\Runtime/Export/Debug/Debug.bindings.h Line: 39)

SELFPLAY GOAL 307 scorer=Zhao ZhaoReward=1 total=142:165 
(Filename: E:\unity\Runtime/Export/Debug/Debug.bindings.h Line: 39)

SELFPLAY GOAL 308 scorer=Zhao ZhaoReward=1 total=142:166 
(Filename: E:\unity\Runtime/Export/Debug/Debug.bindings.h Line: 39)

SELFPLAY GOAL 309 scorer=Fan ZhaoReward=-1 total=143:166 
(Filename: E:\unity\Runtime/Export/Debug/Debug.bindings.h Line: 39)

SELFPLAY GOAL 310 scorer=Zhao ZhaoReward=1 total=143:167 
(Filename: E:\unity\Runtime/Export/Debug/Debug.bindings.h Line: 39)

SELFPLAY GOAL 311 scorer=Zhao ZhaoReward=1 total=143:168 
(Filename: E:\unity\Runtime/Export/Debug/Debug.bindings.h Line: 39)

SELFPLAY GOAL 312 scorer=Zhao ZhaoReward=1 total=143:169 
(Filename: E:\unity\Runtime/Export/Debug/Debug.bindings.h Line: 39)

SELFPLAY GOAL 313 scorer=Zhao ZhaoReward=1 total=143:170 
(Filename: E:\unity\Runtime/Export/Debug/Debug.bindings.h Line: 39)

SELFPLAY GOAL 314 scorer=Fan ZhaoReward=-1 total=144:170 
(Filename: E:\unity\Runtime/Export/Debug/Debug.bindings.h Line: 39)

SELFPLAY MATCH 33 goals=11 total=314 score=3:8 
(Filename: E:\unity\Runtime/Export/Debug/Debug.bindings.h Line: 39)

Unloading 4 Unused Serialized files (Serialized files now loaded: 0)
UnloadTime: 0.525000 ms

Unloading 4 unused Assets to reduce memory usage. Loaded Objects now: 1059.
Total: 1.351100 ms (FindLiveObjects: 0.041000 ms CreateObjectMapping: 0.010700 ms MarkObjects: 0.356600 ms  DeleteObjects: 0.942200 ms)

SELFPLAY GOALMAP x=-6.13 isPlayer1Goal=True 
(Filename: E:\unity\Runtime/Export/Debug/Debug.bindings.h Line: 39)

SELFPLAY GOALMAP x=6.18 isPlayer1Goal=False 
(Filename: E:\unity\Runtime/Export/Debug/Debug.bindings.h Line: 39)

SELFPLAY GOAL 315 scorer=Zhao ZhaoReward=1 total=144:171 
(Filename: E:\unity\Runtime/Export/Debug/Debug.bindings.h Line: 39)

SELFPLAY GOAL 316 scorer=Zhao ZhaoReward=1 total=144:172 
(Filename: E:\unity\Runtime/Export/Debug/Debug.bindings.h Line: 39)

SELFPLAY GOAL 317 scorer=Zhao ZhaoReward=1 total=144:173 
(Filename: E:\unity\Runtime/Export/Debug/Debug.bindings.h Line: 39)

SELFPLAY GOAL 318 scorer=Zhao ZhaoReward=1 total=144:174 
(Filename: E:\unity\Runtime/Export/Debug/Debug.bindings.h Line: 39)

SELFPLAY GOAL 319 scorer=Fan ZhaoReward=-1 total=145:174 
(Filename: E:\unity\Runtime/Export/Debug/Debug.bindings.h Line: 39)

SELFPLAY GOAL 320 scorer=Fan ZhaoReward=-1 total=146:174 
(Filename: E:\unity\Runtime/Export/Debug/Debug.bindings.h Line: 39)

SELFPLAY MATCH 34 goals=6 total=320 score=2:4 
(Filename: E:\unity\Runtime/Export/Debug/Debug.bindings.h Line: 39)

Unloading 4 Unused Serialized files (Serialized files now loaded: 0)
UnloadTime: 0.579800 ms

Unloading 4 unused Assets to reduce memory usage. Loaded Objects now: 1059.
Total: 1.306300 ms (FindLiveObjects: 0.042700 ms CreateObjectMapping: 0.009800 ms MarkObjects: 0.293900 ms  DeleteObjects: 0.959400 ms)

SELFPLAY GOALMAP x=-6.13 isPlayer1Goal=True 
(Filename: E:\unity\Runtime/Export/Debug/Debug.bindings.h Line: 39)

SELFPLAY GOALMAP x=6.18 isPlayer1Goal=False 
(Filename: E:\unity\Runtime/Export/Debug/Debug.bindings.h Line: 39)

SELFPLAY GOAL 321 scorer=Fan ZhaoReward=-1 total=147:174 
(Filename: E:\unity\Runtime/Export/Debug/Debug.bindings.h Line: 39)

SELFPLAY GOAL 322 scorer=Fan ZhaoReward=-1 total=148:174 
(Filename: E:\unity\Runtime/Export/Debug/Debug.bindings.h Line: 39)

SELFPLAY GOAL 323 scorer=Fan ZhaoReward=-1 total=149:174 
(Filename: E:\unity\Runtime/Export/Debug/Debug.bindings.h Line: 39)

SELFPLAY GOAL 324 scorer=Zhao ZhaoReward=1 total=149:175 
(Filename: E:\unity\Runtime/Export/Debug/Debug.bindings.h Line: 39)

SELFPLAY GOAL 325 scorer=Zhao ZhaoReward=1 total=149:176 
(Filename: E:\unity\Runtime/Export/Debug/Debug.bindings.h Line: 39)

SELFPLAY GOAL 326 scorer=Fan ZhaoReward=-1 total=150:176 
(Filename: E:\unity\Runtime/Export/Debug/Debug.bindings.h Line: 39)

SELFPLAY GOAL 327 scorer=Zhao ZhaoReward=1 total=150:177 
(Filename: E:\unity\Runtime/Export/Debug/Debug.bindings.h Line: 39)

SELFPLAY GOAL 328 scorer=Zhao ZhaoReward=1 total=150:178 
(Filename: E:\unity\Runtime/Export/Debug/Debug.bindings.h Line: 39)

SELFPLAY GOAL 329 scorer=Zhao ZhaoReward=1 total=150:179 
(Filename: E:\unity\Runtime/Export/Debug/Debug.bindings.h Line: 39)

SELFPLAY GOAL 330 scorer=Fan ZhaoReward=-1 total=151:179 
(Filename: E:\unity\Runtime/Export/Debug/Debug.bindings.h Line: 39)

SELFPLAY GOAL 331 scorer=Zhao ZhaoReward=1 total=151:180 
(Filename: E:\unity\Runtime/Export/Debug/Debug.bindings.h Line: 39)

SELFPLAY MATCH 35 goals=11 total=331 score=5:6 
(Filename: E:\unity\Runtime/Export/Debug/Debug.bindings.h Line: 39)

Unloading 4 Unused Serialized files (Serialized files now loaded: 0)
UnloadTime: 0.722200 ms

Unloading 4 unused Assets to reduce memory usage. Loaded Objects now: 1059.
Total: 1.334900 ms (FindLiveObjects: 0.043900 ms CreateObjectMapping: 0.010300 ms MarkObjects: 0.312200 ms  DeleteObjects: 0.968000 ms)

SELFPLAY GOALMAP x=-6.13 isPlayer1Goal=True 
(Filename: E:\unity\Runtime/Export/Debug/Debug.bindings.h Line: 39)

SELFPLAY GOALMAP x=6.18 isPlayer1Goal=False 
(Filename: E:\unity\Runtime/Export/Debug/Debug.bindings.h Line: 39)

SELFPLAY GOAL 332 scorer=Zhao ZhaoReward=1 total=151:181 
(Filename: E:\unity\Runtime/Export/Debug/Debug.bindings.h Line: 39)

SELFPLAY GOAL 333 scorer=Zhao ZhaoReward=1 total=151:182 
(Filename: E:\unity\Runtime/Export/Debug/Debug.bindings.h Line: 39)

SELFPLAY GOAL 334 scorer=Zhao ZhaoReward=1 total=151:183 
(Filename: E:\unity\Runtime/Export/Debug/Debug.bindings.h Line: 39)

SELFPLAY GOAL 335 scorer=Zhao ZhaoReward=1 total=151:184 
(Filename: E:\unity\Runtime/Export/Debug/Debug.bindings.h Line: 39)

SELFPLAY GOAL 336 scorer=Zhao ZhaoReward=1 total=151:185 
(Filename: E:\unity\Runtime/Export/Debug/Debug.bindings.h Line: 39)

SELFPLAY GOAL 337 scorer=Fan ZhaoReward=-1 total=152:185 
(Filename: E:\unity\Runtime/Export/Debug/Debug.bindings.h Line: 39)

SELFPLAY GOAL 338 scorer=Fan ZhaoReward=-1 total=153:185 
(Filename: E:\unity\Runtime/Export/Debug/Debug.bindings.h Line: 39)

SELFPLAY GOAL 339 scorer=Zhao ZhaoReward=1 total=153:186 
(Filename: E:\unity\Runtime/Export/Debug/Debug.bindings.h Line: 39)

SELFPLAY MATCH 36 goals=8 total=339 score=2:6 
(Filename: E:\unity\Runtime/Export/Debug/Debug.bindings.h Line: 39)

Unloading 4 Unused Serialized files (Serialized files now loaded: 0)
UnloadTime: 0.737100 ms

Unloading 4 unused Assets to reduce memory usage. Loaded Objects now: 1059.
Total: 1.353400 ms (FindLiveObjects: 0.044200 ms CreateObjectMapping: 0.010700 ms MarkObjects: 0.336900 ms  DeleteObjects: 0.961100 ms)

SELFPLAY GOALMAP x=-6.13 isPlayer1Goal=True 
(Filename: E:\unity\Runtime/Export/Debug/Debug.bindings.h Line: 39)

SELFPLAY GOALMAP x=6.18 isPlayer1Goal=False 
(Filename: E:\unity\Runtime/Export/Debug/Debug.bindings.h Line: 39)

SELFPLAY GOAL 340 scorer=Fan ZhaoReward=-1 total=154:186 
(Filename: E:\unity\Runtime/Export/Debug/Debug.bindings.h Line: 39)

SELFPLAY GOAL 341 scorer=Fan ZhaoReward=-1 total=155:186 
(Filename: E:\unity\Runtime/Export/Debug/Debug.bindings.h Line: 39)

SELFPLAY GOAL 342 scorer=Zhao ZhaoReward=1 total=155:187 
(Filename: E:\unity\Runtime/Export/Debug/Debug.bindings.h Line: 39)

SELFPLAY GOAL 343 scorer=Fan ZhaoReward=-1 total=156:187 
(Filename: E:\unity\Runtime/Export/Debug/Debug.bindings.h Line: 39)

SELFPLAY GOAL 344 scorer=Zhao ZhaoReward=1 total=156:188 
(Filename: E:\unity\Runtime/Export/Debug/Debug.bindings.h Line: 39)

SELFPLAY GOAL 345 scorer=Zhao ZhaoReward=1 total=156:189 
(Filename: E:\unity\Runtime/Export/Debug/Debug.bindings.h Line: 39)

SELFPLAY GOAL 346 scorer=Fan ZhaoReward=-1 total=157:189 
(Filename: E:\unity\Runtime/Export/Debug/Debug.bindings.h Line: 39)

SELFPLAY GOAL 347 scorer=Zhao ZhaoReward=1 total=157:190 
(Filename: E:\unity\Runtime/Export/Debug/Debug.bindings.h Line: 39)

SELFPLAY GOAL 348 scorer=Fan ZhaoReward=-1 total=158:190 
(Filename: E:\unity\Runtime/Export/Debug/Debug.bindings.h Line: 39)

SELFPLAY GOAL 349 scorer=Zhao ZhaoReward=1 total=158:191 
(Filename: E:\unity\Runtime/Export/Debug/Debug.bindings.h Line: 39)

SELFPLAY MATCH 37 goals=10 total=349 score=5:5 
(Filename: E:\unity\Runtime/Export/Debug/Debug.bindings.h Line: 39)

Unloading 4 Unused Serialized files (Serialized files now loaded: 0)
UnloadTime: 0.406200 ms

Unloading 4 unused Assets to reduce memory usage. Loaded Objects now: 1059.
Total: 1.567500 ms (FindLiveObjects: 0.043800 ms CreateObjectMapping: 0.010600 ms MarkObjects: 0.348000 ms  DeleteObjects: 1.164800 ms)

SELFPLAY GOALMAP x=-6.13 isPlayer1Goal=True 
(Filename: E:\unity\Runtime/Export/Debug/Debug.bindings.h Line: 39)

SELFPLAY GOALMAP x=6.18 isPlayer1Goal=False 
(Filename: E:\unity\Runtime/Export/Debug/Debug.bindings.h Line: 39)

SELFPLAY GOAL 350 scorer=Zhao ZhaoReward=1 total=158:192 
(Filename: E:\unity\Runtime/Export/Debug/Debug.bindings.h Line: 39)

SELFPLAY GOAL 351 scorer=Fan ZhaoReward=-1 total=159:192 
(Filename: E:\unity\Runtime/Export/Debug/Debug.bindings.h Line: 39)

SELFPLAY GOAL 352 scorer=Fan ZhaoReward=-1 total=160:192 
(Filename: E:\unity\Runtime/Export/Debug/Debug.bindings.h Line: 39)

SELFPLAY GOAL 353 scorer=Zhao ZhaoReward=1 total=160:193 
(Filename: E:\unity\Runtime/Export/Debug/Debug.bindings.h Line: 39)

SELFPLAY GOAL 354 scorer=Zhao ZhaoReward=1 total=160:194 
(Filename: E:\unity\Runtime/Export/Debug/Debug.bindings.h Line: 39)

SELFPLAY GOAL 355 scorer=Zhao ZhaoReward=1 total=160:195 
(Filename: E:\unity\Runtime/Export/Debug/Debug.bindings.h Line: 39)

SELFPLAY GOAL 356 scorer=Fan ZhaoReward=-1 total=161:195 
(Filename: E:\unity\Runtime/Export/Debug/Debug.bindings.h Line: 39)

SELFPLAY GOAL 357 scorer=Zhao ZhaoReward=1 total=161:196 
(Filename: E:\unity\Runtime/Export/Debug/Debug.bindings.h Line: 39)

SELFPLAY GOAL 358 scorer=Zhao ZhaoReward=1 total=161:197 
(Filename: E:\unity\Runtime/Export/Debug/Debug.bindings.h Line: 39)

SELFPLAY MATCH 38 goals=9 total=358 score=3:6 
(Filename: E:\unity\Runtime/Export/Debug/Debug.bindings.h Line: 39)

Unloading 4 Unused Serialized files (Serialized files now loaded: 0)
UnloadTime: 0.728800 ms

Unloading 4 unused Assets to reduce memory usage. Loaded Objects now: 1059.
Total: 1.519700 ms (FindLiveObjects: 0.045800 ms CreateObjectMapping: 0.010100 ms MarkObjects: 0.333400 ms  DeleteObjects: 1.129800 ms)

SELFPLAY GOALMAP x=-6.13 isPlayer1Goal=True 
(Filename: E:\unity\Runtime/Export/Debug/Debug.bindings.h Line: 39)

SELFPLAY GOALMAP x=6.18 isPlayer1Goal=False 
(Filename: E:\unity\Runtime/Export/Debug/Debug.bindings.h Line: 39)

SELFPLAY GOAL 359 scorer=Zhao ZhaoReward=1 total=161:198 
(Filename: E:\unity\Runtime/Export/Debug/Debug.bindings.h Line: 39)

SELFPLAY GOAL 360 scorer=Fan ZhaoReward=-1 total=162:198 
(Filename: E:\unity\Runtime/Export/Debug/Debug.bindings.h Line: 39)

SELFPLAY GOAL 361 scorer=Zhao ZhaoReward=1 total=162:199 
(Filename: E:\unity\Runtime/Export/Debug/Debug.bindings.h Line: 39)

SELFPLAY GOAL 362 scorer=Fan ZhaoReward=-1 total=163:199 
(Filename: E:\unity\Runtime/Export/Debug/Debug.bindings.h Line: 39)

SELFPLAY GOAL 363 scorer=Zhao ZhaoReward=1 total=163:200 
(Filename: E:\unity\Runtime/Export/Debug/Debug.bindings.h Line: 39)

SELFPLAY GOAL 364 scorer=Zhao ZhaoReward=1 total=163:201 
(Filename: E:\unity\Runtime/Export/Debug/Debug.bindings.h Line: 39)

SELFPLAY GOAL 365 scorer=Fan ZhaoReward=-1 total=164:201 
(Filename: E:\unity\Runtime/Export/Debug/Debug.bindings.h Line: 39)

SELFPLAY GOAL 366 scorer=Zhao ZhaoReward=1 total=164:202 
(Filename: E:\unity\Runtime/Export/Debug/Debug.bindings.h Line: 39)

SELFPLAY GOAL 367 scorer=Zhao ZhaoReward=1 total=164:203 
(Filename: E:\unity\Runtime/Export/Debug/Debug.bindings.h Line: 39)

SELFPLAY GOAL 368 scorer=Zhao ZhaoReward=1 total=164:204 
(Filename: E:\unity\Runtime/Export/Debug/Debug.bindings.h Line: 39)

SELFPLAY GOAL 369 scorer=Fan ZhaoReward=-1 total=165:204 
(Filename: E:\unity\Runtime/Export/Debug/Debug.bindings.h Line: 39)

SELFPLAY GOAL 370 scorer=Fan ZhaoReward=-1 total=166:204 
(Filename: E:\unity\Runtime/Export/Debug/Debug.bindings.h Line: 39)

SELFPLAY MATCH 39 goals=12 total=370 score=5:7 
(Filename: E:\unity\Runtime/Export/Debug/Debug.bindings.h Line: 39)

Unloading 4 Unused Serialized files (Serialized files now loaded: 0)
UnloadTime: 0.573600 ms

Unloading 4 unused Assets to reduce memory usage. Loaded Objects now: 1059.
Total: 1.292400 ms (FindLiveObjects: 0.040600 ms CreateObjectMapping: 0.009500 ms MarkObjects: 0.297800 ms  DeleteObjects: 0.944100 ms)

SELFPLAY GOALMAP x=-6.13 isPlayer1Goal=True 
(Filename: E:\unity\Runtime/Export/Debug/Debug.bindings.h Line: 39)

SELFPLAY GOALMAP x=6.18 isPlayer1Goal=False 
(Filename: E:\unity\Runtime/Export/Debug/Debug.bindings.h Line: 39)

SELFPLAY GOAL 371 scorer=Fan ZhaoReward=-1 total=167:204 
(Filename: E:\unity\Runtime/Export/Debug/Debug.bindings.h Line: 39)

SELFPLAY GOAL 372 scorer=Fan ZhaoReward=-1 total=168:204 
(Filename: E:\unity\Runtime/Export/Debug/Debug.bindings.h Line: 39)

SELFPLAY GOAL 373 scorer=Zhao ZhaoReward=1 total=168:205 
(Filename: E:\unity\Runtime/Export/Debug/Debug.bindings.h Line: 39)

SELFPLAY PROGRESS goals=373/500 matches=40 score=168:205 real=160.4878 
(Filename: E:\unity\Runtime/Export/Debug/Debug.bindings.h Line: 39)

SELFPLAY GOAL 374 scorer=Zhao ZhaoReward=1 total=168:206 
(Filename: E:\unity\Runtime/Export/Debug/Debug.bindings.h Line: 39)

SELFPLAY GOAL 375 scorer=Fan ZhaoReward=-1 total=169:206 
(Filename: E:\unity\Runtime/Export/Debug/Debug.bindings.h Line: 39)

SELFPLAY GOAL 376 scorer=Zhao ZhaoReward=1 total=169:207 
(Filename: E:\unity\Runtime/Export/Debug/Debug.bindings.h Line: 39)

SELFPLAY MATCH 40 goals=6 total=376 score=3:3 
(Filename: E:\unity\Runtime/Export/Debug/Debug.bindings.h Line: 39)

Unloading 4 Unused Serialized files (Serialized files now loaded: 0)
UnloadTime: 0.621400 ms

Unloading 4 unused Assets to reduce memory usage. Loaded Objects now: 1059.
Total: 1.302500 ms (FindLiveObjects: 0.042500 ms CreateObjectMapping: 0.012200 ms MarkObjects: 0.278300 ms  DeleteObjects: 0.969100 ms)

SELFPLAY GOALMAP x=-6.13 isPlayer1Goal=True 
(Filename: E:\unity\Runtime/Export/Debug/Debug.bindings.h Line: 39)

SELFPLAY GOALMAP x=6.18 isPlayer1Goal=False 
(Filename: E:\unity\Runtime/Export/Debug/Debug.bindings.h Line: 39)

SELFPLAY GOAL 377 scorer=Fan ZhaoReward=-1 total=170:207 
(Filename: E:\unity\Runtime/Export/Debug/Debug.bindings.h Line: 39)

SELFPLAY GOAL 378 scorer=Fan ZhaoReward=-1 total=171:207 
(Filename: E:\unity\Runtime/Export/Debug/Debug.bindings.h Line: 39)

SELFPLAY GOAL 379 scorer=Zhao ZhaoReward=1 total=171:208 
(Filename: E:\unity\Runtime/Export/Debug/Debug.bindings.h Line: 39)

SELFPLAY GOAL 380 scorer=Fan ZhaoReward=-1 total=172:208 
(Filename: E:\unity\Runtime/Export/Debug/Debug.bindings.h Line: 39)

SELFPLAY GOAL 381 scorer=Fan ZhaoReward=-1 total=173:208 
(Filename: E:\unity\Runtime/Export/Debug/Debug.bindings.h Line: 39)

SELFPLAY GOAL 382 scorer=Fan ZhaoReward=-1 total=174:208 
(Filename: E:\unity\Runtime/Export/Debug/Debug.bindings.h Line: 39)

SELFPLAY GOAL 383 scorer=Fan ZhaoReward=-1 total=175:208 
(Filename: E:\unity\Runtime/Export/Debug/Debug.bindings.h Line: 39)

SELFPLAY GOAL 384 scorer=Zhao ZhaoReward=1 total=175:209 
(Filename: E:\unity\Runtime/Export/Debug/Debug.bindings.h Line: 39)

SELFPLAY GOAL 385 scorer=Fan ZhaoReward=-1 total=176:209 
(Filename: E:\unity\Runtime/Export/Debug/Debug.bindings.h Line: 39)

SELFPLAY GOAL 386 scorer=Fan ZhaoReward=-1 total=177:209 
(Filename: E:\unity\Runtime/Export/Debug/Debug.bindings.h Line: 39)

SELFPLAY GOAL 387 scorer=Zhao ZhaoReward=1 total=177:210 
(Filename: E:\unity\Runtime/Export/Debug/Debug.bindings.h Line: 39)

SELFPLAY GOAL 388 scorer=Zhao ZhaoReward=1 total=177:211 
(Filename: E:\unity\Runtime/Export/Debug/Debug.bindings.h Line: 39)

SELFPLAY MATCH 41 goals=12 total=388 score=8:4 
(Filename: E:\unity\Runtime/Export/Debug/Debug.bindings.h Line: 39)

Unloading 4 Unused Serialized files (Serialized files now loaded: 0)
UnloadTime: 0.441500 ms

Unloading 4 unused Assets to reduce memory usage. Loaded Objects now: 1059.
Total: 1.364000 ms (FindLiveObjects: 0.056600 ms CreateObjectMapping: 0.011700 ms MarkObjects: 0.378600 ms  DeleteObjects: 0.916700 ms)

SELFPLAY GOALMAP x=-6.13 isPlayer1Goal=True 
(Filename: E:\unity\Runtime/Export/Debug/Debug.bindings.h Line: 39)

SELFPLAY GOALMAP x=6.18 isPlayer1Goal=False 
(Filename: E:\unity\Runtime/Export/Debug/Debug.bindings.h Line: 39)

SELFPLAY GOAL 389 scorer=Fan ZhaoReward=-1 total=178:211 
(Filename: E:\unity\Runtime/Export/Debug/Debug.bindings.h Line: 39)

SELFPLAY GOAL 390 scorer=Fan ZhaoReward=-1 total=179:211 
(Filename: E:\unity\Runtime/Export/Debug/Debug.bindings.h Line: 39)

SELFPLAY GOAL 391 scorer=Fan ZhaoReward=-1 total=180:211 
(Filename: E:\unity\Runtime/Export/Debug/Debug.bindings.h Line: 39)

SELFPLAY GOAL 392 scorer=Fan ZhaoReward=-1 total=181:211 
(Filename: E:\unity\Runtime/Export/Debug/Debug.bindings.h Line: 39)

SELFPLAY GOAL 393 scorer=Fan ZhaoReward=-1 total=182:211 
(Filename: E:\unity\Runtime/Export/Debug/Debug.bindings.h Line: 39)

SELFPLAY GOAL 394 scorer=Zhao ZhaoReward=1 total=182:212 
(Filename: E:\unity\Runtime/Export/Debug/Debug.bindings.h Line: 39)

SELFPLAY GOAL 395 scorer=Zhao ZhaoReward=1 total=182:213 
(Filename: E:\unity\Runtime/Export/Debug/Debug.bindings.h Line: 39)

SELFPLAY GOAL 396 scorer=Fan ZhaoReward=-1 total=183:213 
(Filename: E:\unity\Runtime/Export/Debug/Debug.bindings.h Line: 39)

SELFPLAY GOAL 397 scorer=Zhao ZhaoReward=1 total=183:214 
(Filename: E:\unity\Runtime/Export/Debug/Debug.bindings.h Line: 39)

SELFPLAY GOAL 398 scorer=Zhao ZhaoReward=1 total=183:215 
(Filename: E:\unity\Runtime/Export/Debug/Debug.bindings.h Line: 39)

SELFPLAY GOAL 399 scorer=Fan ZhaoReward=-1 total=184:215 
(Filename: E:\unity\Runtime/Export/Debug/Debug.bindings.h Line: 39)

SELFPLAY MATCH 42 goals=11 total=399 score=7:4 
(Filename: E:\unity\Runtime/Export/Debug/Debug.bindings.h Line: 39)

Unloading 4 Unused Serialized files (Serialized files now loaded: 0)
UnloadTime: 0.779800 ms

Unloading 4 unused Assets to reduce memory usage. Loaded Objects now: 1059.
Total: 1.292000 ms (FindLiveObjects: 0.040900 ms CreateObjectMapping: 0.009600 ms MarkObjects: 0.299600 ms  DeleteObjects: 0.941500 ms)

SELFPLAY GOALMAP x=-6.13 isPlayer1Goal=True 
(Filename: E:\unity\Runtime/Export/Debug/Debug.bindings.h Line: 39)

SELFPLAY GOALMAP x=6.18 isPlayer1Goal=False 
(Filename: E:\unity\Runtime/Export/Debug/Debug.bindings.h Line: 39)

SELFPLAY GOAL 400 scorer=Fan ZhaoReward=-1 total=185:215 
(Filename: E:\unity\Runtime/Export/Debug/Debug.bindings.h Line: 39)

SELFPLAY GOAL 401 scorer=Zhao ZhaoReward=1 total=185:216 
(Filename: E:\unity\Runtime/Export/Debug/Debug.bindings.h Line: 39)

SELFPLAY GOAL 402 scorer=Fan ZhaoReward=-1 total=186:216 
(Filename: E:\unity\Runtime/Export/Debug/Debug.bindings.h Line: 39)

SELFPLAY GOAL 403 scorer=Fan ZhaoReward=-1 total=187:216 
(Filename: E:\unity\Runtime/Export/Debug/Debug.bindings.h Line: 39)

SELFPLAY GOAL 404 scorer=Zhao ZhaoReward=1 total=187:217 
(Filename: E:\unity\Runtime/Export/Debug/Debug.bindings.h Line: 39)

SELFPLAY GOAL 405 scorer=Zhao ZhaoReward=1 total=187:218 
(Filename: E:\unity\Runtime/Export/Debug/Debug.bindings.h Line: 39)

SELFPLAY GOAL 406 scorer=Zhao ZhaoReward=1 total=187:219 
(Filename: E:\unity\Runtime/Export/Debug/Debug.bindings.h Line: 39)

SELFPLAY GOAL 407 scorer=Fan ZhaoReward=-1 total=188:219 
(Filename: E:\unity\Runtime/Export/Debug/Debug.bindings.h Line: 39)

SELFPLAY GOAL 408 scorer=Fan ZhaoReward=-1 total=189:219 
(Filename: E:\unity\Runtime/Export/Debug/Debug.bindings.h Line: 39)

SELFPLAY GOAL 409 scorer=Zhao ZhaoReward=1 total=189:220 
(Filename: E:\unity\Runtime/Export/Debug/Debug.bindings.h Line: 39)

SELFPLAY MATCH 43 goals=10 total=409 score=5:5 
(Filename: E:\unity\Runtime/Export/Debug/Debug.bindings.h Line: 39)

Unloading 4 Unused Serialized files (Serialized files now loaded: 0)
UnloadTime: 0.616700 ms

Unloading 4 unused Assets to reduce memory usage. Loaded Objects now: 1059.
Total: 1.195900 ms (FindLiveObjects: 0.039100 ms CreateObjectMapping: 0.009400 ms MarkObjects: 0.281200 ms  DeleteObjects: 0.865800 ms)

SELFPLAY GOALMAP x=-6.13 isPlayer1Goal=True 
(Filename: E:\unity\Runtime/Export/Debug/Debug.bindings.h Line: 39)

SELFPLAY GOALMAP x=6.18 isPlayer1Goal=False 
(Filename: E:\unity\Runtime/Export/Debug/Debug.bindings.h Line: 39)

SELFPLAY GOAL 410 scorer=Fan ZhaoReward=-1 total=190:220 
(Filename: E:\unity\Runtime/Export/Debug/Debug.bindings.h Line: 39)

SELFPLAY GOAL 411 scorer=Fan ZhaoReward=-1 total=191:220 
(Filename: E:\unity\Runtime/Export/Debug/Debug.bindings.h Line: 39)

SELFPLAY GOAL 412 scorer=Fan ZhaoReward=-1 total=192:220 
(Filename: E:\unity\Runtime/Export/Debug/Debug.bindings.h Line: 39)

SELFPLAY GOAL 413 scorer=Zhao ZhaoReward=1 total=192:221 
(Filename: E:\unity\Runtime/Export/Debug/Debug.bindings.h Line: 39)

SELFPLAY GOAL 414 scorer=Zhao ZhaoReward=1 total=192:222 
(Filename: E:\unity\Runtime/Export/Debug/Debug.bindings.h Line: 39)

SELFPLAY GOAL 415 scorer=Zhao ZhaoReward=1 total=192:223 
(Filename: E:\unity\Runtime/Export/Debug/Debug.bindings.h Line: 39)

SELFPLAY GOAL 416 scorer=Fan ZhaoReward=-1 total=193:223 
(Filename: E:\unity\Runtime/Export/Debug/Debug.bindings.h Line: 39)

SELFPLAY GOAL 417 scorer=Zhao ZhaoReward=1 total=193:224 
(Filename: E:\unity\Runtime/Export/Debug/Debug.bindings.h Line: 39)

SELFPLAY GOAL 418 scorer=Fan ZhaoReward=-1 total=194:224 
(Filename: E:\unity\Runtime/Export/Debug/Debug.bindings.h Line: 39)

SELFPLAY GOAL 419 scorer=Zhao ZhaoReward=1 total=194:225 
(Filename: E:\unity\Runtime/Export/Debug/Debug.bindings.h Line: 39)

SELFPLAY GOAL 420 scorer=Zhao ZhaoReward=1 total=194:226 
(Filename: E:\unity\Runtime/Export/Debug/Debug.bindings.h Line: 39)

SELFPLAY MATCH 44 goals=11 total=420 score=5:6 
(Filename: E:\unity\Runtime/Export/Debug/Debug.bindings.h Line: 39)

Unloading 4 Unused Serialized files (Serialized files now loaded: 0)
UnloadTime: 0.510200 ms

Unloading 4 unused Assets to reduce memory usage. Loaded Objects now: 1059.
Total: 1.456900 ms (FindLiveObjects: 0.045900 ms CreateObjectMapping: 0.012000 ms MarkObjects: 0.399100 ms  DeleteObjects: 0.999000 ms)

SELFPLAY GOALMAP x=-6.13 isPlayer1Goal=True 
(Filename: E:\unity\Runtime/Export/Debug/Debug.bindings.h Line: 39)

SELFPLAY GOALMAP x=6.18 isPlayer1Goal=False 
(Filename: E:\unity\Runtime/Export/Debug/Debug.bindings.h Line: 39)

SELFPLAY GOAL 421 scorer=Zhao ZhaoReward=1 total=194:227 
(Filename: E:\unity\Runtime/Export/Debug/Debug.bindings.h Line: 39)

SELFPLAY GOAL 422 scorer=Fan ZhaoReward=-1 total=195:227 
(Filename: E:\unity\Runtime/Export/Debug/Debug.bindings.h Line: 39)

SELFPLAY GOAL 423 scorer=Zhao ZhaoReward=1 total=195:228 
(Filename: E:\unity\Runtime/Export/Debug/Debug.bindings.h Line: 39)

SELFPLAY GOAL 424 scorer=Zhao ZhaoReward=1 total=195:229 
(Filename: E:\unity\Runtime/Export/Debug/Debug.bindings.h Line: 39)

SELFPLAY GOAL 425 scorer=Fan ZhaoReward=-1 total=196:229 
(Filename: E:\unity\Runtime/Export/Debug/Debug.bindings.h Line: 39)

SELFPLAY GOAL 426 scorer=Fan ZhaoReward=-1 total=197:229 
(Filename: E:\unity\Runtime/Export/Debug/Debug.bindings.h Line: 39)

SELFPLAY GOAL 427 scorer=Zhao ZhaoReward=1 total=197:230 
(Filename: E:\unity\Runtime/Export/Debug/Debug.bindings.h Line: 39)

SELFPLAY GOAL 428 scorer=Zhao ZhaoReward=1 total=197:231 
(Filename: E:\unity\Runtime/Export/Debug/Debug.bindings.h Line: 39)

SELFPLAY GOAL 429 scorer=Fan ZhaoReward=-1 total=198:231 
(Filename: E:\unity\Runtime/Export/Debug/Debug.bindings.h Line: 39)

SELFPLAY GOAL 430 scorer=Zhao ZhaoReward=1 total=198:232 
(Filename: E:\unity\Runtime/Export/Debug/Debug.bindings.h Line: 39)

SELFPLAY MATCH 45 goals=10 total=430 score=4:6 
(Filename: E:\unity\Runtime/Export/Debug/Debug.bindings.h Line: 39)

Unloading 4 Unused Serialized files (Serialized files now loaded: 0)
UnloadTime: 0.410900 ms

Unloading 4 unused Assets to reduce memory usage. Loaded Objects now: 1059.
Total: 1.429500 ms (FindLiveObjects: 0.044400 ms CreateObjectMapping: 0.009900 ms MarkObjects: 0.420900 ms  DeleteObjects: 0.953700 ms)

SELFPLAY GOALMAP x=-6.13 isPlayer1Goal=True 
(Filename: E:\unity\Runtime/Export/Debug/Debug.bindings.h Line: 39)

SELFPLAY GOALMAP x=6.18 isPlayer1Goal=False 
(Filename: E:\unity\Runtime/Export/Debug/Debug.bindings.h Line: 39)

SELFPLAY GOAL 431 scorer=Zhao ZhaoReward=1 total=198:233 
(Filename: E:\unity\Runtime/Export/Debug/Debug.bindings.h Line: 39)

SELFPLAY GOAL 432 scorer=Zhao ZhaoReward=1 total=198:234 
(Filename: E:\unity\Runtime/Export/Debug/Debug.bindings.h Line: 39)

SELFPLAY GOAL 433 scorer=Fan ZhaoReward=-1 total=199:234 
(Filename: E:\unity\Runtime/Export/Debug/Debug.bindings.h Line: 39)

SELFPLAY GOAL 434 scorer=Fan ZhaoReward=-1 total=200:234 
(Filename: E:\unity\Runtime/Export/Debug/Debug.bindings.h Line: 39)

SELFPLAY GOAL 435 scorer=Zhao ZhaoReward=1 total=200:235 
(Filename: E:\unity\Runtime/Export/Debug/Debug.bindings.h Line: 39)

SELFPLAY GOAL 436 scorer=Fan ZhaoReward=-1 total=201:235 
(Filename: E:\unity\Runtime/Export/Debug/Debug.bindings.h Line: 39)

SELFPLAY GOAL 437 scorer=Fan ZhaoReward=-1 total=202:235 
(Filename: E:\unity\Runtime/Export/Debug/Debug.bindings.h Line: 39)

SELFPLAY GOAL 438 scorer=Fan ZhaoReward=-1 total=203:235 
(Filename: E:\unity\Runtime/Export/Debug/Debug.bindings.h Line: 39)

SELFPLAY GOAL 439 scorer=Fan ZhaoReward=-1 total=204:235 
(Filename: E:\unity\Runtime/Export/Debug/Debug.bindings.h Line: 39)

SELFPLAY MATCH 46 goals=9 total=439 score=6:3 
(Filename: E:\unity\Runtime/Export/Debug/Debug.bindings.h Line: 39)

Unloading 4 Unused Serialized files (Serialized files now loaded: 0)
UnloadTime: 0.566200 ms

Unloading 4 unused Assets to reduce memory usage. Loaded Objects now: 1059.
Total: 1.521900 ms (FindLiveObjects: 0.053800 ms CreateObjectMapping: 0.011200 ms MarkObjects: 0.486500 ms  DeleteObjects: 0.970100 ms)

SELFPLAY GOALMAP x=-6.13 isPlayer1Goal=True 
(Filename: E:\unity\Runtime/Export/Debug/Debug.bindings.h Line: 39)

SELFPLAY GOALMAP x=6.18 isPlayer1Goal=False 
(Filename: E:\unity\Runtime/Export/Debug/Debug.bindings.h Line: 39)

SELFPLAY GOAL 440 scorer=Fan ZhaoReward=-1 total=205:235 
(Filename: E:\unity\Runtime/Export/Debug/Debug.bindings.h Line: 39)

SELFPLAY GOAL 441 scorer=Fan ZhaoReward=-1 total=206:235 
(Filename: E:\unity\Runtime/Export/Debug/Debug.bindings.h Line: 39)

SELFPLAY GOAL 442 scorer=Fan ZhaoReward=-1 total=207:235 
(Filename: E:\unity\Runtime/Export/Debug/Debug.bindings.h Line: 39)

SELFPLAY GOAL 443 scorer=Zhao ZhaoReward=1 total=207:236 
(Filename: E:\unity\Runtime/Export/Debug/Debug.bindings.h Line: 39)

SELFPLAY GOAL 444 scorer=Fan ZhaoReward=-1 total=208:236 
(Filename: E:\unity\Runtime/Export/Debug/Debug.bindings.h Line: 39)

SELFPLAY GOAL 445 scorer=Fan ZhaoReward=-1 total=209:236 
(Filename: E:\unity\Runtime/Export/Debug/Debug.bindings.h Line: 39)

SELFPLAY GOAL 446 scorer=Fan ZhaoReward=-1 total=210:236 
(Filename: E:\unity\Runtime/Export/Debug/Debug.bindings.h Line: 39)

SELFPLAY GOAL 447 scorer=Fan ZhaoReward=-1 total=211:236 
(Filename: E:\unity\Runtime/Export/Debug/Debug.bindings.h Line: 39)

SELFPLAY PROGRESS goals=447/500 matches=47 score=211:236 real=190.4892 
(Filename: E:\unity\Runtime/Export/Debug/Debug.bindings.h Line: 39)

SELFPLAY GOAL 448 scorer=Fan ZhaoReward=-1 total=212:236 
(Filename: E:\unity\Runtime/Export/Debug/Debug.bindings.h Line: 39)

SELFPLAY MATCH 47 goals=9 total=448 score=8:1 
(Filename: E:\unity\Runtime/Export/Debug/Debug.bindings.h Line: 39)

Unloading 4 Unused Serialized files (Serialized files now loaded: 0)
UnloadTime: 0.398400 ms

Unloading 4 unused Assets to reduce memory usage. Loaded Objects now: 1059.
Total: 1.335300 ms (FindLiveObjects: 0.044800 ms CreateObjectMapping: 0.011600 ms MarkObjects: 0.360600 ms  DeleteObjects: 0.917700 ms)

SELFPLAY GOALMAP x=-6.13 isPlayer1Goal=True 
(Filename: E:\unity\Runtime/Export/Debug/Debug.bindings.h Line: 39)

SELFPLAY GOALMAP x=6.18 isPlayer1Goal=False 
(Filename: E:\unity\Runtime/Export/Debug/Debug.bindings.h Line: 39)

SELFPLAY GOAL 449 scorer=Zhao ZhaoReward=1 total=212:237 
(Filename: E:\unity\Runtime/Export/Debug/Debug.bindings.h Line: 39)

SELFPLAY GOAL 450 scorer=Zhao ZhaoReward=1 total=212:238 
(Filename: E:\unity\Runtime/Export/Debug/Debug.bindings.h Line: 39)

SELFPLAY GOAL 451 scorer=Fan ZhaoReward=-1 total=213:238 
(Filename: E:\unity\Runtime/Export/Debug/Debug.bindings.h Line: 39)

SELFPLAY GOAL 452 scorer=Fan ZhaoReward=-1 total=214:238 
(Filename: E:\unity\Runtime/Export/Debug/Debug.bindings.h Line: 39)

SELFPLAY GOAL 453 scorer=Fan ZhaoReward=-1 total=215:238 
(Filename: E:\unity\Runtime/Export/Debug/Debug.bindings.h Line: 39)

SELFPLAY GOAL 454 scorer=Zhao ZhaoReward=1 total=215:239 
(Filename: E:\unity\Runtime/Export/Debug/Debug.bindings.h Line: 39)

SELFPLAY GOAL 455 scorer=Fan ZhaoReward=-1 total=216:239 
(Filename: E:\unity\Runtime/Export/Debug/Debug.bindings.h Line: 39)

SELFPLAY GOAL 456 scorer=Fan ZhaoReward=-1 total=217:239 
(Filename: E:\unity\Runtime/Export/Debug/Debug.bindings.h Line: 39)

SELFPLAY GOAL 457 scorer=Zhao ZhaoReward=1 total=217:240 
(Filename: E:\unity\Runtime/Export/Debug/Debug.bindings.h Line: 39)

SELFPLAY GOAL 458 scorer=Zhao ZhaoReward=1 total=217:241 
(Filename: E:\unity\Runtime/Export/Debug/Debug.bindings.h Line: 39)

SELFPLAY MATCH 48 goals=10 total=458 score=5:5 
(Filename: E:\unity\Runtime/Export/Debug/Debug.bindings.h Line: 39)

Unloading 4 Unused Serialized files (Serialized files now loaded: 0)
UnloadTime: 0.526900 ms

Unloading 4 unused Assets to reduce memory usage. Loaded Objects now: 1059.
Total: 1.281400 ms (FindLiveObjects: 0.040700 ms CreateObjectMapping: 0.009600 ms MarkObjects: 0.290600 ms  DeleteObjects: 0.940100 ms)

SELFPLAY GOALMAP x=-6.13 isPlayer1Goal=True 
(Filename: E:\unity\Runtime/Export/Debug/Debug.bindings.h Line: 39)

SELFPLAY GOALMAP x=6.18 isPlayer1Goal=False 
(Filename: E:\unity\Runtime/Export/Debug/Debug.bindings.h Line: 39)

SELFPLAY GOAL 459 scorer=Zhao ZhaoReward=1 total=217:242 
(Filename: E:\unity\Runtime/Export/Debug/Debug.bindings.h Line: 39)

SELFPLAY GOAL 460 scorer=Zhao ZhaoReward=1 total=217:243 
(Filename: E:\unity\Runtime/Export/Debug/Debug.bindings.h Line: 39)

SELFPLAY GOAL 461 scorer=Zhao ZhaoReward=1 total=217:244 
(Filename: E:\unity\Runtime/Export/Debug/Debug.bindings.h Line: 39)

SELFPLAY GOAL 462 scorer=Zhao ZhaoReward=1 total=217:245 
(Filename: E:\unity\Runtime/Export/Debug/Debug.bindings.h Line: 39)

SELFPLAY GOAL 463 scorer=Fan ZhaoReward=-1 total=218:245 
(Filename: E:\unity\Runtime/Export/Debug/Debug.bindings.h Line: 39)

SELFPLAY GOAL 464 scorer=Fan ZhaoReward=-1 total=219:245 
(Filename: E:\unity\Runtime/Export/Debug/Debug.bindings.h Line: 39)

SELFPLAY GOAL 465 scorer=Fan ZhaoReward=-1 total=220:245 
(Filename: E:\unity\Runtime/Export/Debug/Debug.bindings.h Line: 39)

SELFPLAY GOAL 466 scorer=Fan ZhaoReward=-1 total=221:245 
(Filename: E:\unity\Runtime/Export/Debug/Debug.bindings.h Line: 39)

SELFPLAY GOAL 467 scorer=Zhao ZhaoReward=1 total=221:246 
(Filename: E:\unity\Runtime/Export/Debug/Debug.bindings.h Line: 39)

SELFPLAY MATCH 49 goals=9 total=467 score=4:5 
(Filename: E:\unity\Runtime/Export/Debug/Debug.bindings.h Line: 39)

Unloading 4 Unused Serialized files (Serialized files now loaded: 0)
UnloadTime: 0.529200 ms

Unloading 4 unused Assets to reduce memory usage. Loaded Objects now: 1059.
Total: 1.358800 ms (FindLiveObjects: 0.041600 ms CreateObjectMapping: 0.009800 ms MarkObjects: 0.299600 ms  DeleteObjects: 1.007500 ms)

SELFPLAY GOALMAP x=-6.13 isPlayer1Goal=True 
(Filename: E:\unity\Runtime/Export/Debug/Debug.bindings.h Line: 39)

SELFPLAY GOALMAP x=6.18 isPlayer1Goal=False 
(Filename: E:\unity\Runtime/Export/Debug/Debug.bindings.h Line: 39)

SELFPLAY GOAL 468 scorer=Zhao ZhaoReward=1 total=221:247 
(Filename: E:\unity\Runtime/Export/Debug/Debug.bindings.h Line: 39)

SELFPLAY GOAL 469 scorer=Fan ZhaoReward=-1 total=222:247 
(Filename: E:\unity\Runtime/Export/Debug/Debug.bindings.h Line: 39)

SELFPLAY GOAL 470 scorer=Fan ZhaoReward=-1 total=223:247 
(Filename: E:\unity\Runtime/Export/Debug/Debug.bindings.h Line: 39)

SELFPLAY GOAL 471 scorer=Zhao ZhaoReward=1 total=223:248 
(Filename: E:\unity\Runtime/Export/Debug/Debug.bindings.h Line: 39)

SELFPLAY GOAL 472 scorer=Zhao ZhaoReward=1 total=223:249 
(Filename: E:\unity\Runtime/Export/Debug/Debug.bindings.h Line: 39)

SELFPLAY GOAL 473 scorer=Fan ZhaoReward=-1 total=224:249 
(Filename: E:\unity\Runtime/Export/Debug/Debug.bindings.h Line: 39)

SELFPLAY GOAL 474 scorer=Zhao ZhaoReward=1 total=224:250 
(Filename: E:\unity\Runtime/Export/Debug/Debug.bindings.h Line: 39)

SELFPLAY GOAL 475 scorer=Zhao ZhaoReward=1 total=224:251 
(Filename: E:\unity\Runtime/Export/Debug/Debug.bindings.h Line: 39)

SELFPLAY GOAL 476 scorer=Zhao ZhaoReward=1 total=224:252 
(Filename: E:\unity\Runtime/Export/Debug/Debug.bindings.h Line: 39)

SELFPLAY GOAL 477 scorer=Fan ZhaoReward=-1 total=225:252 
(Filename: E:\unity\Runtime/Export/Debug/Debug.bindings.h Line: 39)

SELFPLAY MATCH 50 goals=10 total=477 score=4:6 
(Filename: E:\unity\Runtime/Export/Debug/Debug.bindings.h Line: 39)

Unloading 4 Unused Serialized files (Serialized files now loaded: 0)
UnloadTime: 0.518800 ms

Unloading 4 unused Assets to reduce memory usage. Loaded Objects now: 1059.
Total: 1.469600 ms (FindLiveObjects: 0.041900 ms CreateObjectMapping: 0.012400 ms MarkObjects: 0.288900 ms  DeleteObjects: 1.126200 ms)

SELFPLAY GOALMAP x=-6.13 isPlayer1Goal=True 
(Filename: E:\unity\Runtime/Export/Debug/Debug.bindings.h Line: 39)

SELFPLAY GOALMAP x=6.18 isPlayer1Goal=False 
(Filename: E:\unity\Runtime/Export/Debug/Debug.bindings.h Line: 39)

SELFPLAY GOAL 478 scorer=Zhao ZhaoReward=1 total=225:253 
(Filename: E:\unity\Runtime/Export/Debug/Debug.bindings.h Line: 39)

SELFPLAY GOAL 479 scorer=Zhao ZhaoReward=1 total=225:254 
(Filename: E:\unity\Runtime/Export/Debug/Debug.bindings.h Line: 39)

SELFPLAY GOAL 480 scorer=Zhao ZhaoReward=1 total=225:255 
(Filename: E:\unity\Runtime/Export/Debug/Debug.bindings.h Line: 39)

SELFPLAY GOAL 481 scorer=Fan ZhaoReward=-1 total=226:255 
(Filename: E:\unity\Runtime/Export/Debug/Debug.bindings.h Line: 39)

SELFPLAY GOAL 482 scorer=Zhao ZhaoReward=1 total=226:256 
(Filename: E:\unity\Runtime/Export/Debug/Debug.bindings.h Line: 39)

SELFPLAY GOAL 483 scorer=Fan ZhaoReward=-1 total=227:256 
(Filename: E:\unity\Runtime/Export/Debug/Debug.bindings.h Line: 39)

SELFPLAY GOAL 484 scorer=Zhao ZhaoReward=1 total=227:257 
(Filename: E:\unity\Runtime/Export/Debug/Debug.bindings.h Line: 39)

SELFPLAY GOAL 485 scorer=Fan ZhaoReward=-1 total=228:257 
(Filename: E:\unity\Runtime/Export/Debug/Debug.bindings.h Line: 39)

SELFPLAY GOAL 486 scorer=Zhao ZhaoReward=1 total=228:258 
(Filename: E:\unity\Runtime/Export/Debug/Debug.bindings.h Line: 39)

SELFPLAY MATCH 51 goals=9 total=486 score=3:6 
(Filename: E:\unity\Runtime/Export/Debug/Debug.bindings.h Line: 39)

Unloading 4 Unused Serialized files (Serialized files now loaded: 0)
UnloadTime: 0.501200 ms

Unloading 4 unused Assets to reduce memory usage. Loaded Objects now: 1059.
Total: 1.453000 ms (FindLiveObjects: 0.040700 ms CreateObjectMapping: 0.009800 ms MarkObjects: 0.396900 ms  DeleteObjects: 1.005100 ms)

SELFPLAY GOALMAP x=-6.13 isPlayer1Goal=True 
(Filename: E:\unity\Runtime/Export/Debug/Debug.bindings.h Line: 39)

SELFPLAY GOALMAP x=6.18 isPlayer1Goal=False 
(Filename: E:\unity\Runtime/Export/Debug/Debug.bindings.h Line: 39)

SELFPLAY GOAL 487 scorer=Zhao ZhaoReward=1 total=228:259 
(Filename: E:\unity\Runtime/Export/Debug/Debug.bindings.h Line: 39)

SELFPLAY GOAL 488 scorer=Zhao ZhaoReward=1 total=228:260 
(Filename: E:\unity\Runtime/Export/Debug/Debug.bindings.h Line: 39)

SELFPLAY GOAL 489 scorer=Zhao ZhaoReward=1 total=228:261 
(Filename: E:\unity\Runtime/Export/Debug/Debug.bindings.h Line: 39)

SELFPLAY GOAL 490 scorer=Zhao ZhaoReward=1 total=228:262 
(Filename: E:\unity\Runtime/Export/Debug/Debug.bindings.h Line: 39)

SELFPLAY GOAL 491 scorer=Zhao ZhaoReward=1 total=228:263 
(Filename: E:\unity\Runtime/Export/Debug/Debug.bindings.h Line: 39)

SELFPLAY GOAL 492 scorer=Fan ZhaoReward=-1 total=229:263 
(Filename: E:\unity\Runtime/Export/Debug/Debug.bindings.h Line: 39)

SELFPLAY GOAL 493 scorer=Zhao ZhaoReward=1 total=229:264 
(Filename: E:\unity\Runtime/Export/Debug/Debug.bindings.h Line: 39)

SELFPLAY GOAL 494 scorer=Fan ZhaoReward=-1 total=230:264 
(Filename: E:\unity\Runtime/Export/Debug/Debug.bindings.h Line: 39)

SELFPLAY GOAL 495 scorer=Fan ZhaoReward=-1 total=231:264 
(Filename: E:\unity\Runtime/Export/Debug/Debug.bindings.h Line: 39)

SELFPLAY GOAL 496 scorer=Fan ZhaoReward=-1 total=232:264 
(Filename: E:\unity\Runtime/Export/Debug/Debug.bindings.h Line: 39)

SELFPLAY MATCH 52 goals=10 total=496 score=4:6 
(Filename: E:\unity\Runtime/Export/Debug/Debug.bindings.h Line: 39)

Unloading 4 Unused Serialized files (Serialized files now loaded: 0)
UnloadTime: 0.428400 ms

Unloading 4 unused Assets to reduce memory usage. Loaded Objects now: 1059.
Total: 1.445400 ms (FindLiveObjects: 0.063000 ms CreateObjectMapping: 0.011600 ms MarkObjects: 0.335300 ms  DeleteObjects: 1.035200 ms)

SELFPLAY GOALMAP x=-6.13 isPlayer1Goal=True 
(Filename: E:\unity\Runtime/Export/Debug/Debug.bindings.h Line: 39)

SELFPLAY GOALMAP x=6.18 isPlayer1Goal=False 
(Filename: E:\unity\Runtime/Export/Debug/Debug.bindings.h Line: 39)

SELFPLAY GOAL 497 scorer=Zhao ZhaoReward=1 total=232:265 
(Filename: E:\unity\Runtime/Export/Debug/Debug.bindings.h Line: 39)

SELFPLAY GOAL 498 scorer=Zhao ZhaoReward=1 total=232:266 
(Filename: E:\unity\Runtime/Export/Debug/Debug.bindings.h Line: 39)

SELFPLAY GOAL 499 scorer=Zhao ZhaoReward=1 total=232:267 
(Filename: E:\unity\Runtime/Export/Debug/Debug.bindings.h Line: 39)

SELFPLAY GOAL 500 scorer=Fan ZhaoReward=-1 total=233:267 
(Filename: E:\unity\Runtime/Export/Debug/Debug.bindings.h Line: 39)

SELFPLAY MATCH 53 goals=4 total=500 score=1:3 
(Filename: E:\unity\Runtime/Export/Debug/Debug.bindings.h Line: 39)

SELFPLAY COMPLETE goals=500 fan=233 zhao=267 matches=53 failures=0 
(Filename: E:\unity\Runtime/Export/Debug/Debug.bindings.h Line: 39)

Setting up 12 worker threads for Enlighten.
  Thread -> id: 1834 -> priority: 1 
  Thread -> id: 3ee0 -> priority: 1 
  Thread -> id: 2e0c -> priority: 1 
  Thread -> id: 8dbc -> priority: 1 
  Thread -> id: a24c -> priority: 1 
  Thread -> id: a5c4 -> priority: 1 
  Thread -> id: 24d4 -> priority: 1 
  Thread -> id: 6a9c -> priority: 1 
  Thread -> id: 6fdc -> priority: 1 
  Thread -> id: 7e68 -> priority: 1 
  Thread -> id: 3d7c -> priority: 1 
  Thread -> id: 8a68 -> priority: 1 

Mono path[0] = 'C:/Users/Alienware/Documents/范志毅VS赵鹏/范志毅VS赵鹏 PC双人版（32位）/鑼冨織姣匳S璧甸箯 PC鍙屼汉鐗堬紙32浣嶏級/AI Mod Source/build/fan-strategy-selfplay-original-baseline-worker-3/FanZhiYi_Data/Managed'
Mono config path = 'C:/Users/Alienware/Documents/范志毅VS赵鹏/范志毅VS赵鹏 PC双人版（32位）/鑼冨織姣匳S璧甸箯 PC鍙屼汉鐗堬紙32浣嶏級/AI Mod Source/build/fan-strategy-selfplay-original-baseline-worker-3/MonoBleedingEdge/etc'
AS: AutoStreaming module initializing.Initialize engine version: 2019.4.33f1c1 (c2f94a8bebb3)
[Subsystems] Discovering subsystems at path C:/Users/Alienware/Documents/范志毅VS赵鹏/范志毅VS赵鹏 PC双人版（32位）/鑼冨織姣匳S璧甸箯 PC鍙屼汉鐗堬紙32浣嶏級/AI Mod Source/build/fan-strategy-selfplay-original-baseline-worker-3/FanZhiYi_Data/UnitySubsystems
Forcing GfxDevice: Null
GfxDevice: creating device client; threaded=0
NullGfxDevice:
    Version:  NULL 1.0 [1.0]
    Renderer: Null Device
    Vendor:   Unity Technologies
Begin MonoManager ReloadAssembly
- Completed reload, in  0.099 seconds
Microsoft Media Foundation video decoding to texture disabled: graphics device is Null, only Direct3D 11 and Direct3D 12 (only on desktop) are supported for hardware-accelerated video decoding.
UnloadTime: 0.570700 ms
Unloading 5 Unused Serialized files (Serialized files now loaded: 0)
UnloadTime: 0.170200 ms

Unloading 145 unused Assets to reduce memory usage. Loaded Objects now: 1003.
Total: 0.523200 ms (FindLiveObjects: 0.041600 ms CreateObjectMapping: 0.009800 ms MarkObjects: 0.265200 ms  DeleteObjects: 0.206000 ms)

SELFPLAY GOALMAP x=-6.13 isPlayer1Goal=True 
(Filename: E:\unity\Runtime/Export/Debug/Debug.bindings.h Line: 39)

SELFPLAY GOALMAP x=6.18 isPlayer1Goal=False 
(Filename: E:\unity\Runtime/Export/Debug/Debug.bindings.h Line: 39)

SELFPLAY GOAL 101 scorer=Fan ZhaoReward=-1 total=43:58 
(Filename: E:\unity\Runtime/Export/Debug/Debug.bindings.h Line: 39)

SELFPLAY GOAL 102 scorer=Zhao ZhaoReward=1 total=43:59 
(Filename: E:\unity\Runtime/Export/Debug/Debug.bindings.h Line: 39)

SELFPLAY GOAL 103 scorer=Zhao ZhaoReward=1 total=43:60 
(Filename: E:\unity\Runtime/Export/Debug/Debug.bindings.h Line: 39)

SELFPLAY GOAL 104 scorer=Zhao ZhaoReward=1 total=43:61 
(Filename: E:\unity\Runtime/Export/Debug/Debug.bindings.h Line: 39)

SELFPLAY GOAL 105 scorer=Zhao ZhaoReward=1 total=43:62 
(Filename: E:\unity\Runtime/Export/Debug/Debug.bindings.h Line: 39)

SELFPLAY GOAL 106 scorer=Fan ZhaoReward=-1 total=44:62 
(Filename: E:\unity\Runtime/Export/Debug/Debug.bindings.h Line: 39)

SELFPLAY GOAL 107 scorer=Zhao ZhaoReward=1 total=44:63 
(Filename: E:\unity\Runtime/Export/Debug/Debug.bindings.h Line: 39)

SELFPLAY MATCH 12 goals=7 total=107 score=2:5 
(Filename: E:\unity\Runtime/Export/Debug/Debug.bindings.h Line: 39)

Unloading 4 Unused Serialized files (Serialized files now loaded: 0)
UnloadTime: 1.076900 ms

Unloading 37 unused Assets to reduce memory usage. Loaded Objects now: 1059.
Total: 1.363100 ms (FindLiveObjects: 0.042900 ms CreateObjectMapping: 0.009600 ms MarkObjects: 0.254300 ms  DeleteObjects: 1.055500 ms)

SELFPLAY GOALMAP x=-6.13 isPlayer1Goal=True 
(Filename: E:\unity\Runtime/Export/Debug/Debug.bindings.h Line: 39)

SELFPLAY GOALMAP x=6.18 isPlayer1Goal=False 
(Filename: E:\unity\Runtime/Export/Debug/Debug.bindings.h Line: 39)

SELFPLAY GOAL 108 scorer=Zhao ZhaoReward=1 total=44:64 
(Filename: E:\unity\Runtime/Export/Debug/Debug.bindings.h Line: 39)

SELFPLAY GOAL 109 scorer=Zhao ZhaoReward=1 total=44:65 
(Filename: E:\unity\Runtime/Export/Debug/Debug.bindings.h Line: 39)

SELFPLAY GOAL 110 scorer=Fan ZhaoReward=-1 total=45:65 
(Filename: E:\unity\Runtime/Export/Debug/Debug.bindings.h Line: 39)

SELFPLAY GOAL 111 scorer=Fan ZhaoReward=-1 total=46:65 
(Filename: E:\unity\Runtime/Export/Debug/Debug.bindings.h Line: 39)

SELFPLAY GOAL 112 scorer=Zhao ZhaoReward=1 total=46:66 
(Filename: E:\unity\Runtime/Export/Debug/Debug.bindings.h Line: 39)

SELFPLAY GOAL 113 scorer=Fan ZhaoReward=-1 total=47:66 
(Filename: E:\unity\Runtime/Export/Debug/Debug.bindings.h Line: 39)

SELFPLAY GOAL 114 scorer=Fan ZhaoReward=-1 total=48:66 
(Filename: E:\unity\Runtime/Export/Debug/Debug.bindings.h Line: 39)

SELFPLAY GOAL 115 scorer=Fan ZhaoReward=-1 total=49:66 
(Filename: E:\unity\Runtime/Export/Debug/Debug.bindings.h Line: 39)

SELFPLAY GOAL 116 scorer=Fan ZhaoReward=-1 total=50:66 
(Filename: E:\unity\Runtime/Export/Debug/Debug.bindings.h Line: 39)

SELFPLAY MATCH 13 goals=9 total=116 score=6:3 
(Filename: E:\unity\Runtime/Export/Debug/Debug.bindings.h Line: 39)

Unloading 4 Unused Serialized files (Serialized files now loaded: 0)
UnloadTime: 0.597600 ms

Unloading 4 unused Assets to reduce memory usage. Loaded Objects now: 1059.
Total: 1.239200 ms (FindLiveObjects: 0.041500 ms CreateObjectMapping: 0.009100 ms MarkObjects: 0.321300 ms  DeleteObjects: 0.866800 ms)

SELFPLAY GOALMAP x=-6.13 isPlayer1Goal=True 
(Filename: E:\unity\Runtime/Export/Debug/Debug.bindings.h Line: 39)

SELFPLAY GOALMAP x=6.18 isPlayer1Goal=False 
(Filename: E:\unity\Runtime/Export/Debug/Debug.bindings.h Line: 39)

SELFPLAY GOAL 117 scorer=Zhao ZhaoReward=1 total=50:67 
(Filename: E:\unity\Runtime/Export/Debug/Debug.bindings.h Line: 39)

SELFPLAY GOAL 118 scorer=Zhao ZhaoReward=1 total=50:68 
(Filename: E:\unity\Runtime/Export/Debug/Debug.bindings.h Line: 39)

SELFPLAY GOAL 119 scorer=Zhao ZhaoReward=1 total=50:69 
(Filename: E:\unity\Runtime/Export/Debug/Debug.bindings.h Line: 39)

SELFPLAY GOAL 120 scorer=Fan ZhaoReward=-1 total=51:69 
(Filename: E:\unity\Runtime/Export/Debug/Debug.bindings.h Line: 39)

SELFPLAY GOAL 121 scorer=Zhao ZhaoReward=1 total=51:70 
(Filename: E:\unity\Runtime/Export/Debug/Debug.bindings.h Line: 39)

SELFPLAY GOAL 122 scorer=Fan ZhaoReward=-1 total=52:70 
(Filename: E:\unity\Runtime/Export/Debug/Debug.bindings.h Line: 39)

SELFPLAY GOAL 123 scorer=Zhao ZhaoReward=1 total=52:71 
(Filename: E:\unity\Runtime/Export/Debug/Debug.bindings.h Line: 39)

SELFPLAY GOAL 124 scorer=Zhao ZhaoReward=1 total=52:72 
(Filename: E:\unity\Runtime/Export/Debug/Debug.bindings.h Line: 39)

SELFPLAY MATCH 14 goals=8 total=124 score=2:6 
(Filename: E:\unity\Runtime/Export/Debug/Debug.bindings.h Line: 39)

Unloading 4 Unused Serialized files (Serialized files now loaded: 0)
UnloadTime: 0.468200 ms

Unloading 4 unused Assets to reduce memory usage. Loaded Objects now: 1059.
Total: 1.308300 ms (FindLiveObjects: 0.041800 ms CreateObjectMapping: 0.008900 ms MarkObjects: 0.276900 ms  DeleteObjects: 0.980100 ms)

SELFPLAY GOALMAP x=-6.13 isPlayer1Goal=True 
(Filename: E:\unity\Runtime/Export/Debug/Debug.bindings.h Line: 39)

SELFPLAY GOALMAP x=6.18 isPlayer1Goal=False 
(Filename: E:\unity\Runtime/Export/Debug/Debug.bindings.h Line: 39)

SELFPLAY GOAL 125 scorer=Fan ZhaoReward=-1 total=53:72 
(Filename: E:\unity\Runtime/Export/Debug/Debug.bindings.h Line: 39)

SELFPLAY GOAL 126 scorer=Zhao ZhaoReward=1 total=53:73 
(Filename: E:\unity\Runtime/Export/Debug/Debug.bindings.h Line: 39)

SELFPLAY GOAL 127 scorer=Zhao ZhaoReward=1 total=53:74 
(Filename: E:\unity\Runtime/Export/Debug/Debug.bindings.h Line: 39)

SELFPLAY GOAL 128 scorer=Fan ZhaoReward=-1 total=54:74 
(Filename: E:\unity\Runtime/Export/Debug/Debug.bindings.h Line: 39)

SELFPLAY GOAL 129 scorer=Fan ZhaoReward=-1 total=55:74 
(Filename: E:\unity\Runtime/Export/Debug/Debug.bindings.h Line: 39)

SELFPLAY GOAL 130 scorer=Fan ZhaoReward=-1 total=56:74 
(Filename: E:\unity\Runtime/Export/Debug/Debug.bindings.h Line: 39)

SELFPLAY GOAL 131 scorer=Zhao ZhaoReward=1 total=56:75 
(Filename: E:\unity\Runtime/Export/Debug/Debug.bindings.h Line: 39)

SELFPLAY GOAL 132 scorer=Fan ZhaoReward=-1 total=57:75 
(Filename: E:\unity\Runtime/Export/Debug/Debug.bindings.h Line: 39)

SELFPLAY GOAL 133 scorer=Fan ZhaoReward=-1 total=58:75 
(Filename: E:\unity\Runtime/Export/Debug/Debug.bindings.h Line: 39)

SELFPLAY GOAL 134 scorer=Zhao ZhaoReward=1 total=58:76 
(Filename: E:\unity\Runtime/Export/Debug/Debug.bindings.h Line: 39)

SELFPLAY MATCH 15 goals=10 total=134 score=6:4 
(Filename: E:\unity\Runtime/Export/Debug/Debug.bindings.h Line: 39)

Unloading 4 Unused Serialized files (Serialized files now loaded: 0)
UnloadTime: 0.388600 ms

Unloading 4 unused Assets to reduce memory usage. Loaded Objects now: 1059.
Total: 1.197200 ms (FindLiveObjects: 0.038000 ms CreateObjectMapping: 0.009800 ms MarkObjects: 0.269000 ms  DeleteObjects: 0.879900 ms)

SELFPLAY GOALMAP x=-6.13 isPlayer1Goal=True 
(Filename: E:\unity\Runtime/Export/Debug/Debug.bindings.h Line: 39)

SELFPLAY GOALMAP x=6.18 isPlayer1Goal=False 
(Filename: E:\unity\Runtime/Export/Debug/Debug.bindings.h Line: 39)

SELFPLAY GOAL 135 scorer=Zhao ZhaoReward=1 total=58:77 
(Filename: E:\unity\Runtime/Export/Debug/Debug.bindings.h Line: 39)

SELFPLAY GOAL 136 scorer=Zhao ZhaoReward=1 total=58:78 
(Filename: E:\unity\Runtime/Export/Debug/Debug.bindings.h Line: 39)

SELFPLAY GOAL 137 scorer=Fan ZhaoReward=-1 total=59:78 
(Filename: E:\unity\Runtime/Export/Debug/Debug.bindings.h Line: 39)

SELFPLAY GOAL 138 scorer=Fan ZhaoReward=-1 total=60:78 
(Filename: E:\unity\Runtime/Export/Debug/Debug.bindings.h Line: 39)

SELFPLAY GOAL 139 scorer=Fan ZhaoReward=-1 total=61:78 
(Filename: E:\unity\Runtime/Export/Debug/Debug.bindings.h Line: 39)

SELFPLAY GOAL 140 scorer=Fan ZhaoReward=-1 total=62:78 
(Filename: E:\unity\Runtime/Export/Debug/Debug.bindings.h Line: 39)

SELFPLAY GOAL 141 scorer=Zhao ZhaoReward=1 total=62:79 
(Filename: E:\unity\Runtime/Export/Debug/Debug.bindings.h Line: 39)

SELFPLAY GOAL 142 scorer=Zhao ZhaoReward=1 total=62:80 
(Filename: E:\unity\Runtime/Export/Debug/Debug.bindings.h Line: 39)

SELFPLAY GOAL 143 scorer=Zhao ZhaoReward=1 total=62:81 
(Filename: E:\unity\Runtime/Export/Debug/Debug.bindings.h Line: 39)

SELFPLAY GOAL 144 scorer=Zhao ZhaoReward=1 total=62:82 
(Filename: E:\unity\Runtime/Export/Debug/Debug.bindings.h Line: 39)

SELFPLAY GOAL 145 scorer=Fan ZhaoReward=-1 total=63:82 
(Filename: E:\unity\Runtime/Export/Debug/Debug.bindings.h Line: 39)

SELFPLAY GOAL 146 scorer=Zhao ZhaoReward=1 total=63:83 
(Filename: E:\unity\Runtime/Export/Debug/Debug.bindings.h Line: 39)

SELFPLAY MATCH 16 goals=12 total=146 score=5:7 
(Filename: E:\unity\Runtime/Export/Debug/Debug.bindings.h Line: 39)

Unloading 4 Unused Serialized files (Serialized files now loaded: 0)
UnloadTime: 0.484700 ms

Unloading 4 unused Assets to reduce memory usage. Loaded Objects now: 1059.
Total: 1.598200 ms (FindLiveObjects: 0.083200 ms CreateObjectMapping: 0.020500 ms MarkObjects: 0.568300 ms  DeleteObjects: 0.925800 ms)

SELFPLAY GOALMAP x=-6.13 isPlayer1Goal=True 
(Filename: E:\unity\Runtime/Export/Debug/Debug.bindings.h Line: 39)

SELFPLAY GOALMAP x=6.18 isPlayer1Goal=False 
(Filename: E:\unity\Runtime/Export/Debug/Debug.bindings.h Line: 39)

SELFPLAY GOAL 147 scorer=Fan ZhaoReward=-1 total=64:83 
(Filename: E:\unity\Runtime/Export/Debug/Debug.bindings.h Line: 39)

SELFPLAY GOAL 148 scorer=Zhao ZhaoReward=1 total=64:84 
(Filename: E:\unity\Runtime/Export/Debug/Debug.bindings.h Line: 39)

SELFPLAY GOAL 149 scorer=Fan ZhaoReward=-1 total=65:84 
(Filename: E:\unity\Runtime/Export/Debug/Debug.bindings.h Line: 39)

SELFPLAY GOAL 150 scorer=Zhao ZhaoReward=1 total=65:85 
(Filename: E:\unity\Runtime/Export/Debug/Debug.bindings.h Line: 39)

SELFPLAY GOAL 151 scorer=Zhao ZhaoReward=1 total=65:86 
(Filename: E:\unity\Runtime/Export/Debug/Debug.bindings.h Line: 39)

SELFPLAY GOAL 152 scorer=Fan ZhaoReward=-1 total=66:86 
(Filename: E:\unity\Runtime/Export/Debug/Debug.bindings.h Line: 39)

SELFPLAY GOAL 153 scorer=Zhao ZhaoReward=1 total=66:87 
(Filename: E:\unity\Runtime/Export/Debug/Debug.bindings.h Line: 39)

SELFPLAY GOAL 154 scorer=Fan ZhaoReward=-1 total=67:87 
(Filename: E:\unity\Runtime/Export/Debug/Debug.bindings.h Line: 39)

SELFPLAY GOAL 155 scorer=Fan ZhaoReward=-1 total=68:87 
(Filename: E:\unity\Runtime/Export/Debug/Debug.bindings.h Line: 39)

SELFPLAY MATCH 17 goals=9 total=155 score=5:4 
(Filename: E:\unity\Runtime/Export/Debug/Debug.bindings.h Line: 39)

Unloading 4 Unused Serialized files (Serialized files now loaded: 0)
UnloadTime: 0.692600 ms

Unloading 4 unused Assets to reduce memory usage. Loaded Objects now: 1059.
Total: 1.258100 ms (FindLiveObjects: 0.042800 ms CreateObjectMapping: 0.010900 ms MarkObjects: 0.250600 ms  DeleteObjects: 0.953400 ms)

SELFPLAY GOALMAP x=-6.13 isPlayer1Goal=True 
(Filename: E:\unity\Runtime/Export/Debug/Debug.bindings.h Line: 39)

SELFPLAY GOALMAP x=6.18 isPlayer1Goal=False 
(Filename: E:\unity\Runtime/Export/Debug/Debug.bindings.h Line: 39)

SELFPLAY GOAL 156 scorer=Zhao ZhaoReward=1 total=68:88 
(Filename: E:\unity\Runtime/Export/Debug/Debug.bindings.h Line: 39)

SELFPLAY GOAL 157 scorer=Zhao ZhaoReward=1 total=68:89 
(Filename: E:\unity\Runtime/Export/Debug/Debug.bindings.h Line: 39)

SELFPLAY GOAL 158 scorer=Zhao ZhaoReward=1 total=68:90 
(Filename: E:\unity\Runtime/Export/Debug/Debug.bindings.h Line: 39)

SELFPLAY GOAL 159 scorer=Zhao ZhaoReward=1 total=68:91 
(Filename: E:\unity\Runtime/Export/Debug/Debug.bindings.h Line: 39)

SELFPLAY GOAL 160 scorer=Zhao ZhaoReward=1 total=68:92 
(Filename: E:\unity\Runtime/Export/Debug/Debug.bindings.h Line: 39)

SELFPLAY GOAL 161 scorer=Fan ZhaoReward=-1 total=69:92 
(Filename: E:\unity\Runtime/Export/Debug/Debug.bindings.h Line: 39)

SELFPLAY GOAL 162 scorer=Zhao ZhaoReward=1 total=69:93 
(Filename: E:\unity\Runtime/Export/Debug/Debug.bindings.h Line: 39)

SELFPLAY GOAL 163 scorer=Fan ZhaoReward=-1 total=70:93 
(Filename: E:\unity\Runtime/Export/Debug/Debug.bindings.h Line: 39)

SELFPLAY GOAL 164 scorer=Fan ZhaoReward=-1 total=71:93 
(Filename: E:\unity\Runtime/Export/Debug/Debug.bindings.h Line: 39)

SELFPLAY GOAL 165 scorer=Zhao ZhaoReward=1 total=71:94 
(Filename: E:\unity\Runtime/Export/Debug/Debug.bindings.h Line: 39)

SELFPLAY GOAL 166 scorer=Zhao ZhaoReward=1 total=71:95 
(Filename: E:\unity\Runtime/Export/Debug/Debug.bindings.h Line: 39)

SELFPLAY MATCH 18 goals=11 total=166 score=3:8 
(Filename: E:\unity\Runtime/Export/Debug/Debug.bindings.h Line: 39)

Unloading 4 Unused Serialized files (Serialized files now loaded: 0)
UnloadTime: 0.530100 ms

Unloading 4 unused Assets to reduce memory usage. Loaded Objects now: 1059.
Total: 1.343500 ms (FindLiveObjects: 0.044500 ms CreateObjectMapping: 0.010500 ms MarkObjects: 0.288100 ms  DeleteObjects: 0.999600 ms)

SELFPLAY GOALMAP x=-6.13 isPlayer1Goal=True 
(Filename: E:\unity\Runtime/Export/Debug/Debug.bindings.h Line: 39)

SELFPLAY GOALMAP x=6.18 isPlayer1Goal=False 
(Filename: E:\unity\Runtime/Export/Debug/Debug.bindings.h Line: 39)

SELFPLAY GOAL 167 scorer=Zhao ZhaoReward=1 total=71:96 
(Filename: E:\unity\Runtime/Export/Debug/Debug.bindings.h Line: 39)

SELFPLAY GOAL 168 scorer=Zhao ZhaoReward=1 total=71:97 
(Filename: E:\unity\Runtime/Export/Debug/Debug.bindings.h Line: 39)

SELFPLAY GOAL 169 scorer=Fan ZhaoReward=-1 total=72:97 
(Filename: E:\unity\Runtime/Export/Debug/Debug.bindings.h Line: 39)

SELFPLAY PROGRESS goals=169/500 matches=19 score=72:97 real=71.71601 
(Filename: E:\unity\Runtime/Export/Debug/Debug.bindings.h Line: 39)

SELFPLAY GOAL 170 scorer=Zhao ZhaoReward=1 total=72:98 
(Filename: E:\unity\Runtime/Export/Debug/Debug.bindings.h Line: 39)

SELFPLAY GOAL 171 scorer=Fan ZhaoReward=-1 total=73:98 
(Filename: E:\unity\Runtime/Export/Debug/Debug.bindings.h Line: 39)

SELFPLAY GOAL 172 scorer=Zhao ZhaoReward=1 total=73:99 
(Filename: E:\unity\Runtime/Export/Debug/Debug.bindings.h Line: 39)

SELFPLAY GOAL 173 scorer=Zhao ZhaoReward=1 total=73:100 
(Filename: E:\unity\Runtime/Export/Debug/Debug.bindings.h Line: 39)

SELFPLAY GOAL 174 scorer=Fan ZhaoReward=-1 total=74:100 
(Filename: E:\unity\Runtime/Export/Debug/Debug.bindings.h Line: 39)

SELFPLAY GOAL 175 scorer=Fan ZhaoReward=-1 total=75:100 
(Filename: E:\unity\Runtime/Export/Debug/Debug.bindings.h Line: 39)

SELFPLAY MATCH 19 goals=9 total=175 score=4:5 
(Filename: E:\unity\Runtime/Export/Debug/Debug.bindings.h Line: 39)

Unloading 4 Unused Serialized files (Serialized files now loaded: 0)
UnloadTime: 0.612100 ms

Unloading 4 unused Assets to reduce memory usage. Loaded Objects now: 1059.
Total: 1.365700 ms (FindLiveObjects: 0.041700 ms CreateObjectMapping: 0.009000 ms MarkObjects: 0.268000 ms  DeleteObjects: 1.046300 ms)

SELFPLAY GOALMAP x=-6.13 isPlayer1Goal=True 
(Filename: E:\unity\Runtime/Export/Debug/Debug.bindings.h Line: 39)

SELFPLAY GOALMAP x=6.18 isPlayer1Goal=False 
(Filename: E:\unity\Runtime/Export/Debug/Debug.bindings.h Line: 39)

SELFPLAY GOAL 176 scorer=Fan ZhaoReward=-1 total=76:100 
(Filename: E:\unity\Runtime/Export/Debug/Debug.bindings.h Line: 39)

SELFPLAY GOAL 177 scorer=Zhao ZhaoReward=1 total=76:101 
(Filename: E:\unity\Runtime/Export/Debug/Debug.bindings.h Line: 39)

SELFPLAY GOAL 178 scorer=Zhao ZhaoReward=1 total=76:102 
(Filename: E:\unity\Runtime/Export/Debug/Debug.bindings.h Line: 39)

SELFPLAY GOAL 179 scorer=Zhao ZhaoReward=1 total=76:103 
(Filename: E:\unity\Runtime/Export/Debug/Debug.bindings.h Line: 39)

SELFPLAY GOAL 180 scorer=Fan ZhaoReward=-1 total=77:103 
(Filename: E:\unity\Runtime/Export/Debug/Debug.bindings.h Line: 39)

SELFPLAY GOAL 181 scorer=Zhao ZhaoReward=1 total=77:104 
(Filename: E:\unity\Runtime/Export/Debug/Debug.bindings.h Line: 39)

SELFPLAY GOAL 182 scorer=Zhao ZhaoReward=1 total=77:105 
(Filename: E:\unity\Runtime/Export/Debug/Debug.bindings.h Line: 39)

SELFPLAY GOAL 183 scorer=Fan ZhaoReward=-1 total=78:105 
(Filename: E:\unity\Runtime/Export/Debug/Debug.bindings.h Line: 39)

SELFPLAY GOAL 184 scorer=Zhao ZhaoReward=1 total=78:106 
(Filename: E:\unity\Runtime/Export/Debug/Debug.bindings.h Line: 39)

SELFPLAY GOAL 185 scorer=Fan ZhaoReward=-1 total=79:106 
(Filename: E:\unity\Runtime/Export/Debug/Debug.bindings.h Line: 39)

SELFPLAY GOAL 186 scorer=Fan ZhaoReward=-1 total=80:106 
(Filename: E:\unity\Runtime/Export/Debug/Debug.bindings.h Line: 39)

SELFPLAY MATCH 20 goals=11 total=186 score=5:6 
(Filename: E:\unity\Runtime/Export/Debug/Debug.bindings.h Line: 39)

Unloading 4 Unused Serialized files (Serialized files now loaded: 0)
UnloadTime: 0.512900 ms

Unloading 4 unused Assets to reduce memory usage. Loaded Objects now: 1059.
Total: 1.440800 ms (FindLiveObjects: 0.053000 ms CreateObjectMapping: 0.010100 ms MarkObjects: 0.401100 ms  DeleteObjects: 0.975900 ms)

SELFPLAY GOALMAP x=-6.13 isPlayer1Goal=True 
(Filename: E:\unity\Runtime/Export/Debug/Debug.bindings.h Line: 39)

SELFPLAY GOALMAP x=6.18 isPlayer1Goal=False 
(Filename: E:\unity\Runtime/Export/Debug/Debug.bindings.h Line: 39)

SELFPLAY GOAL 187 scorer=Zhao ZhaoReward=1 total=80:107 
(Filename: E:\unity\Runtime/Export/Debug/Debug.bindings.h Line: 39)

SELFPLAY GOAL 188 scorer=Zhao ZhaoReward=1 total=80:108 
(Filename: E:\unity\Runtime/Export/Debug/Debug.bindings.h Line: 39)

SELFPLAY GOAL 189 scorer=Fan ZhaoReward=-1 total=81:108 
(Filename: E:\unity\Runtime/Export/Debug/Debug.bindings.h Line: 39)

SELFPLAY GOAL 190 scorer=Zhao ZhaoReward=1 total=81:109 
(Filename: E:\unity\Runtime/Export/Debug/Debug.bindings.h Line: 39)

SELFPLAY GOAL 191 scorer=Fan ZhaoReward=-1 total=82:109 
(Filename: E:\unity\Runtime/Export/Debug/Debug.bindings.h Line: 39)

SELFPLAY GOAL 192 scorer=Fan ZhaoReward=-1 total=83:109 
(Filename: E:\unity\Runtime/Export/Debug/Debug.bindings.h Line: 39)

SELFPLAY GOAL 193 scorer=Fan ZhaoReward=-1 total=84:109 
(Filename: E:\unity\Runtime/Export/Debug/Debug.bindings.h Line: 39)

SELFPLAY MATCH 21 goals=7 total=193 score=4:3 
(Filename: E:\unity\Runtime/Export/Debug/Debug.bindings.h Line: 39)

Unloading 4 Unused Serialized files (Serialized files now loaded: 0)
UnloadTime: 0.666000 ms

Unloading 4 unused Assets to reduce memory usage. Loaded Objects now: 1059.
Total: 1.362200 ms (FindLiveObjects: 0.057400 ms CreateObjectMapping: 0.016100 ms MarkObjects: 0.268100 ms  DeleteObjects: 1.020100 ms)

SELFPLAY GOALMAP x=-6.13 isPlayer1Goal=True 
(Filename: E:\unity\Runtime/Export/Debug/Debug.bindings.h Line: 39)

SELFPLAY GOALMAP x=6.18 isPlayer1Goal=False 
(Filename: E:\unity\Runtime/Export/Debug/Debug.bindings.h Line: 39)

SELFPLAY GOAL 194 scorer=Zhao ZhaoReward=1 total=84:110 
(Filename: E:\unity\Runtime/Export/Debug/Debug.bindings.h Line: 39)

SELFPLAY GOAL 195 scorer=Zhao ZhaoReward=1 total=84:111 
(Filename: E:\unity\Runtime/Export/Debug/Debug.bindings.h Line: 39)

SELFPLAY GOAL 196 scorer=Fan ZhaoReward=-1 total=85:111 
(Filename: E:\unity\Runtime/Export/Debug/Debug.bindings.h Line: 39)

SELFPLAY GOAL 197 scorer=Fan ZhaoReward=-1 total=86:111 
(Filename: E:\unity\Runtime/Export/Debug/Debug.bindings.h Line: 39)

SELFPLAY GOAL 198 scorer=Zhao ZhaoReward=1 total=86:112 
(Filename: E:\unity\Runtime/Export/Debug/Debug.bindings.h Line: 39)

SELFPLAY GOAL 199 scorer=Zhao ZhaoReward=1 total=86:113 
(Filename: E:\unity\Runtime/Export/Debug/Debug.bindings.h Line: 39)

SELFPLAY GOAL 200 scorer=Fan ZhaoReward=-1 total=87:113 
(Filename: E:\unity\Runtime/Export/Debug/Debug.bindings.h Line: 39)

SELFPLAY GOAL 201 scorer=Zhao ZhaoReward=1 total=87:114 
(Filename: E:\unity\Runtime/Export/Debug/Debug.bindings.h Line: 39)

SELFPLAY MATCH 22 goals=8 total=201 score=3:5 
(Filename: E:\unity\Runtime/Export/Debug/Debug.bindings.h Line: 39)

Unloading 4 Unused Serialized files (Serialized files now loaded: 0)
UnloadTime: 0.485400 ms

Unloading 4 unused Assets to reduce memory usage. Loaded Objects now: 1059.
Total: 1.195600 ms (FindLiveObjects: 0.044300 ms CreateObjectMapping: 0.010500 ms MarkObjects: 0.266100 ms  DeleteObjects: 0.874100 ms)

SELFPLAY GOALMAP x=-6.13 isPlayer1Goal=True 
(Filename: E:\unity\Runtime/Export/Debug/Debug.bindings.h Line: 39)

SELFPLAY GOALMAP x=6.18 isPlayer1Goal=False 
(Filename: E:\unity\Runtime/Export/Debug/Debug.bindings.h Line: 39)

SELFPLAY GOAL 202 scorer=Fan ZhaoReward=-1 total=88:114 
(Filename: E:\unity\Runtime/Export/Debug/Debug.bindings.h Line: 39)

SELFPLAY GOAL 203 scorer=Fan ZhaoReward=-1 total=89:114 
(Filename: E:\unity\Runtime/Export/Debug/Debug.bindings.h Line: 39)

SELFPLAY GOAL 204 scorer=Fan ZhaoReward=-1 total=90:114 
(Filename: E:\unity\Runtime/Export/Debug/Debug.bindings.h Line: 39)

SELFPLAY GOAL 205 scorer=Fan ZhaoReward=-1 total=91:114 
(Filename: E:\unity\Runtime/Export/Debug/Debug.bindings.h Line: 39)

SELFPLAY GOAL 206 scorer=Zhao ZhaoReward=1 total=91:115 
(Filename: E:\unity\Runtime/Export/Debug/Debug.bindings.h Line: 39)

SELFPLAY GOAL 207 scorer=Fan ZhaoReward=-1 total=92:115 
(Filename: E:\unity\Runtime/Export/Debug/Debug.bindings.h Line: 39)

SELFPLAY GOAL 208 scorer=Fan ZhaoReward=-1 total=93:115 
(Filename: E:\unity\Runtime/Export/Debug/Debug.bindings.h Line: 39)

SELFPLAY GOAL 209 scorer=Zhao ZhaoReward=1 total=93:116 
(Filename: E:\unity\Runtime/Export/Debug/Debug.bindings.h Line: 39)

SELFPLAY GOAL 210 scorer=Fan ZhaoReward=-1 total=94:116 
(Filename: E:\unity\Runtime/Export/Debug/Debug.bindings.h Line: 39)

SELFPLAY MATCH 23 goals=9 total=210 score=7:2 
(Filename: E:\unity\Runtime/Export/Debug/Debug.bindings.h Line: 39)

Unloading 4 Unused Serialized files (Serialized files now loaded: 0)
UnloadTime: 0.489300 ms

Unloading 4 unused Assets to reduce memory usage. Loaded Objects now: 1059.
Total: 1.339000 ms (FindLiveObjects: 0.041200 ms CreateObjectMapping: 0.009000 ms MarkObjects: 0.342700 ms  DeleteObjects: 0.945600 ms)

SELFPLAY GOALMAP x=-6.13 isPlayer1Goal=True 
(Filename: E:\unity\Runtime/Export/Debug/Debug.bindings.h Line: 39)

SELFPLAY GOALMAP x=6.18 isPlayer1Goal=False 
(Filename: E:\unity\Runtime/Export/Debug/Debug.bindings.h Line: 39)

SELFPLAY GOAL 211 scorer=Fan ZhaoReward=-1 total=95:116 
(Filename: E:\unity\Runtime/Export/Debug/Debug.bindings.h Line: 39)

SELFPLAY GOAL 212 scorer=Zhao ZhaoReward=1 total=95:117 
(Filename: E:\unity\Runtime/Export/Debug/Debug.bindings.h Line: 39)

SELFPLAY GOAL 213 scorer=Zhao ZhaoReward=1 total=95:118 
(Filename: E:\unity\Runtime/Export/Debug/Debug.bindings.h Line: 39)

SELFPLAY GOAL 214 scorer=Zhao ZhaoReward=1 total=95:119 
(Filename: E:\unity\Runtime/Export/Debug/Debug.bindings.h Line: 39)

SELFPLAY GOAL 215 scorer=Zhao ZhaoReward=1 total=95:120 
(Filename: E:\unity\Runtime/Export/Debug/Debug.bindings.h Line: 39)

SELFPLAY GOAL 216 scorer=Zhao ZhaoReward=1 total=95:121 
(Filename: E:\unity\Runtime/Export/Debug/Debug.bindings.h Line: 39)

SELFPLAY GOAL 217 scorer=Zhao ZhaoReward=1 total=95:122 
(Filename: E:\unity\Runtime/Export/Debug/Debug.bindings.h Line: 39)

SELFPLAY MATCH 24 goals=7 total=217 score=1:6 
(Filename: E:\unity\Runtime/Export/Debug/Debug.bindings.h Line: 39)

Unloading 4 Unused Serialized files (Serialized files now loaded: 0)
UnloadTime: 0.493400 ms

Unloading 4 unused Assets to reduce memory usage. Loaded Objects now: 1059.
Total: 1.307900 ms (FindLiveObjects: 0.042100 ms CreateObjectMapping: 0.008800 ms MarkObjects: 0.282600 ms  DeleteObjects: 0.973800 ms)

SELFPLAY GOALMAP x=-6.13 isPlayer1Goal=True 
(Filename: E:\unity\Runtime/Export/Debug/Debug.bindings.h Line: 39)

SELFPLAY GOALMAP x=6.18 isPlayer1Goal=False 
(Filename: E:\unity\Runtime/Export/Debug/Debug.bindings.h Line: 39)

SELFPLAY GOAL 218 scorer=Fan ZhaoReward=-1 total=96:122 
(Filename: E:\unity\Runtime/Export/Debug/Debug.bindings.h Line: 39)

SELFPLAY GOAL 219 scorer=Zhao ZhaoReward=1 total=96:123 
(Filename: E:\unity\Runtime/Export/Debug/Debug.bindings.h Line: 39)

SELFPLAY GOAL 220 scorer=Fan ZhaoReward=-1 total=97:123 
(Filename: E:\unity\Runtime/Export/Debug/Debug.bindings.h Line: 39)

SELFPLAY GOAL 221 scorer=Zhao ZhaoReward=1 total=97:124 
(Filename: E:\unity\Runtime/Export/Debug/Debug.bindings.h Line: 39)

SELFPLAY GOAL 222 scorer=Fan ZhaoReward=-1 total=98:124 
(Filename: E:\unity\Runtime/Export/Debug/Debug.bindings.h Line: 39)

SELFPLAY GOAL 223 scorer=Zhao ZhaoReward=1 total=98:125 
(Filename: E:\unity\Runtime/Export/Debug/Debug.bindings.h Line: 39)

SELFPLAY GOAL 224 scorer=Zhao ZhaoReward=1 total=98:126 
(Filename: E:\unity\Runtime/Export/Debug/Debug.bindings.h Line: 39)

SELFPLAY GOAL 225 scorer=Zhao ZhaoReward=1 total=98:127 
(Filename: E:\unity\Runtime/Export/Debug/Debug.bindings.h Line: 39)

SELFPLAY GOAL 226 scorer=Zhao ZhaoReward=1 total=98:128 
(Filename: E:\unity\Runtime/Export/Debug/Debug.bindings.h Line: 39)

SELFPLAY GOAL 227 scorer=Zhao ZhaoReward=1 total=98:129 
(Filename: E:\unity\Runtime/Export/Debug/Debug.bindings.h Line: 39)

SELFPLAY GOAL 228 scorer=Fan ZhaoReward=-1 total=99:129 
(Filename: E:\unity\Runtime/Export/Debug/Debug.bindings.h Line: 39)

SELFPLAY MATCH 25 goals=11 total=228 score=4:7 
(Filename: E:\unity\Runtime/Export/Debug/Debug.bindings.h Line: 39)

Unloading 4 Unused Serialized files (Serialized files now loaded: 0)
UnloadTime: 0.563500 ms

Unloading 4 unused Assets to reduce memory usage. Loaded Objects now: 1059.
Total: 1.419500 ms (FindLiveObjects: 0.044000 ms CreateObjectMapping: 0.010700 ms MarkObjects: 0.282300 ms  DeleteObjects: 1.082000 ms)

SELFPLAY GOALMAP x=-6.13 isPlayer1Goal=True 
(Filename: E:\unity\Runtime/Export/Debug/Debug.bindings.h Line: 39)

SELFPLAY GOALMAP x=6.18 isPlayer1Goal=False 
(Filename: E:\unity\Runtime/Export/Debug/Debug.bindings.h Line: 39)

SELFPLAY GOAL 229 scorer=Zhao ZhaoReward=1 total=99:130 
(Filename: E:\unity\Runtime/Export/Debug/Debug.bindings.h Line: 39)

SELFPLAY GOAL 230 scorer=Zhao ZhaoReward=1 total=99:131 
(Filename: E:\unity\Runtime/Export/Debug/Debug.bindings.h Line: 39)

SELFPLAY GOAL 231 scorer=Fan ZhaoReward=-1 total=100:131 
(Filename: E:\unity\Runtime/Export/Debug/Debug.bindings.h Line: 39)

SELFPLAY GOAL 232 scorer=Zhao ZhaoReward=1 total=100:132 
(Filename: E:\unity\Runtime/Export/Debug/Debug.bindings.h Line: 39)

SELFPLAY GOAL 233 scorer=Zhao ZhaoReward=1 total=100:133 
(Filename: E:\unity\Runtime/Export/Debug/Debug.bindings.h Line: 39)

SELFPLAY GOAL 234 scorer=Zhao ZhaoReward=1 total=100:134 
(Filename: E:\unity\Runtime/Export/Debug/Debug.bindings.h Line: 39)

SELFPLAY PROGRESS goals=234/500 matches=26 score=100:134 real=101.72 
(Filename: E:\unity\Runtime/Export/Debug/Debug.bindings.h Line: 39)

SELFPLAY GOAL 235 scorer=Zhao ZhaoReward=1 total=100:135 
(Filename: E:\unity\Runtime/Export/Debug/Debug.bindings.h Line: 39)

SELFPLAY GOAL 236 scorer=Zhao ZhaoReward=1 total=100:136 
(Filename: E:\unity\Runtime/Export/Debug/Debug.bindings.h Line: 39)

SELFPLAY GOAL 237 scorer=Zhao ZhaoReward=1 total=100:137 
(Filename: E:\unity\Runtime/Export/Debug/Debug.bindings.h Line: 39)

SELFPLAY MATCH 26 goals=9 total=237 score=1:8 
(Filename: E:\unity\Runtime/Export/Debug/Debug.bindings.h Line: 39)

Unloading 4 Unused Serialized files (Serialized files now loaded: 0)
UnloadTime: 0.548100 ms

Unloading 4 unused Assets to reduce memory usage. Loaded Objects now: 1059.
Total: 1.355600 ms (FindLiveObjects: 0.046100 ms CreateObjectMapping: 0.009600 ms MarkObjects: 0.283000 ms  DeleteObjects: 1.016500 ms)

SELFPLAY GOALMAP x=-6.13 isPlayer1Goal=True 
(Filename: E:\unity\Runtime/Export/Debug/Debug.bindings.h Line: 39)

SELFPLAY GOALMAP x=6.18 isPlayer1Goal=False 
(Filename: E:\unity\Runtime/Export/Debug/Debug.bindings.h Line: 39)

SELFPLAY GOAL 238 scorer=Fan ZhaoReward=-1 total=101:137 
(Filename: E:\unity\Runtime/Export/Debug/Debug.bindings.h Line: 39)

SELFPLAY GOAL 239 scorer=Zhao ZhaoReward=1 total=101:138 
(Filename: E:\unity\Runtime/Export/Debug/Debug.bindings.h Line: 39)

SELFPLAY GOAL 240 scorer=Zhao ZhaoReward=1 total=101:139 
(Filename: E:\unity\Runtime/Export/Debug/Debug.bindings.h Line: 39)

SELFPLAY GOAL 241 scorer=Fan ZhaoReward=-1 total=102:139 
(Filename: E:\unity\Runtime/Export/Debug/Debug.bindings.h Line: 39)

SELFPLAY GOAL 242 scorer=Zhao ZhaoReward=1 total=102:140 
(Filename: E:\unity\Runtime/Export/Debug/Debug.bindings.h Line: 39)

SELFPLAY GOAL 243 scorer=Fan ZhaoReward=-1 total=103:140 
(Filename: E:\unity\Runtime/Export/Debug/Debug.bindings.h Line: 39)

SELFPLAY GOAL 244 scorer=Fan ZhaoReward=-1 total=104:140 
(Filename: E:\unity\Runtime/Export/Debug/Debug.bindings.h Line: 39)

SELFPLAY MATCH 27 goals=7 total=244 score=4:3 
(Filename: E:\unity\Runtime/Export/Debug/Debug.bindings.h Line: 39)

Unloading 4 Unused Serialized files (Serialized files now loaded: 0)
UnloadTime: 0.710100 ms

Unloading 4 unused Assets to reduce memory usage. Loaded Objects now: 1059.
Total: 1.336800 ms (FindLiveObjects: 0.046100 ms CreateObjectMapping: 0.012100 ms MarkObjects: 0.275600 ms  DeleteObjects: 1.002200 ms)

SELFPLAY GOALMAP x=-6.13 isPlayer1Goal=True 
(Filename: E:\unity\Runtime/Export/Debug/Debug.bindings.h Line: 39)

SELFPLAY GOALMAP x=6.18 isPlayer1Goal=False 
(Filename: E:\unity\Runtime/Export/Debug/Debug.bindings.h Line: 39)

SELFPLAY GOAL 245 scorer=Zhao ZhaoReward=1 total=104:141 
(Filename: E:\unity\Runtime/Export/Debug/Debug.bindings.h Line: 39)

SELFPLAY GOAL 246 scorer=Zhao ZhaoReward=1 total=104:142 
(Filename: E:\unity\Runtime/Export/Debug/Debug.bindings.h Line: 39)

SELFPLAY GOAL 247 scorer=Zhao ZhaoReward=1 total=104:143 
(Filename: E:\unity\Runtime/Export/Debug/Debug.bindings.h Line: 39)

SELFPLAY GOAL 248 scorer=Zhao ZhaoReward=1 total=104:144 
(Filename: E:\unity\Runtime/Export/Debug/Debug.bindings.h Line: 39)

SELFPLAY GOAL 249 scorer=Fan ZhaoReward=-1 total=105:144 
(Filename: E:\unity\Runtime/Export/Debug/Debug.bindings.h Line: 39)

SELFPLAY GOAL 250 scorer=Zhao ZhaoReward=1 total=105:145 
(Filename: E:\unity\Runtime/Export/Debug/Debug.bindings.h Line: 39)

SELFPLAY GOAL 251 scorer=Fan ZhaoReward=-1 total=106:145 
(Filename: E:\unity\Runtime/Export/Debug/Debug.bindings.h Line: 39)

SELFPLAY GOAL 252 scorer=Zhao ZhaoReward=1 total=106:146 
(Filename: E:\unity\Runtime/Export/Debug/Debug.bindings.h Line: 39)

SELFPLAY GOAL 253 scorer=Fan ZhaoReward=-1 total=107:146 
(Filename: E:\unity\Runtime/Export/Debug/Debug.bindings.h Line: 39)

SELFPLAY GOAL 254 scorer=Zhao ZhaoReward=1 total=107:147 
(Filename: E:\unity\Runtime/Export/Debug/Debug.bindings.h Line: 39)

SELFPLAY GOAL 255 scorer=Zhao ZhaoReward=1 total=107:148 
(Filename: E:\unity\Runtime/Export/Debug/Debug.bindings.h Line: 39)

SELFPLAY GOAL 256 scorer=Fan ZhaoReward=-1 total=108:148 
(Filename: E:\unity\Runtime/Export/Debug/Debug.bindings.h Line: 39)

SELFPLAY MATCH 28 goals=12 total=256 score=4:8 
(Filename: E:\unity\Runtime/Export/Debug/Debug.bindings.h Line: 39)

Unloading 4 Unused Serialized files (Serialized files now loaded: 0)
UnloadTime: 0.525400 ms

Unloading 4 unused Assets to reduce memory usage. Loaded Objects now: 1059.
Total: 1.443800 ms (FindLiveObjects: 0.049500 ms CreateObjectMapping: 0.010900 ms MarkObjects: 0.358200 ms  DeleteObjects: 1.024800 ms)

SELFPLAY GOALMAP x=-6.13 isPlayer1Goal=True 
(Filename: E:\unity\Runtime/Export/Debug/Debug.bindings.h Line: 39)

SELFPLAY GOALMAP x=6.18 isPlayer1Goal=False 
(Filename: E:\unity\Runtime/Export/Debug/Debug.bindings.h Line: 39)

SELFPLAY GOAL 257 scorer=Fan ZhaoReward=-1 total=109:148 
(Filename: E:\unity\Runtime/Export/Debug/Debug.bindings.h Line: 39)

SELFPLAY GOAL 258 scorer=Fan ZhaoReward=-1 total=110:148 
(Filename: E:\unity\Runtime/Export/Debug/Debug.bindings.h Line: 39)

SELFPLAY GOAL 259 scorer=Fan ZhaoReward=-1 total=111:148 
(Filename: E:\unity\Runtime/Export/Debug/Debug.bindings.h Line: 39)

SELFPLAY GOAL 260 scorer=Fan ZhaoReward=-1 total=112:148 
(Filename: E:\unity\Runtime/Export/Debug/Debug.bindings.h Line: 39)

SELFPLAY GOAL 261 scorer=Fan ZhaoReward=-1 total=113:148 
(Filename: E:\unity\Runtime/Export/Debug/Debug.bindings.h Line: 39)

SELFPLAY GOAL 262 scorer=Zhao ZhaoReward=1 total=113:149 
(Filename: E:\unity\Runtime/Export/Debug/Debug.bindings.h Line: 39)

SELFPLAY GOAL 263 scorer=Zhao ZhaoReward=1 total=113:150 
(Filename: E:\unity\Runtime/Export/Debug/Debug.bindings.h Line: 39)

SELFPLAY GOAL 264 scorer=Fan ZhaoReward=-1 total=114:150 
(Filename: E:\unity\Runtime/Export/Debug/Debug.bindings.h Line: 39)

SELFPLAY GOAL 265 scorer=Zhao ZhaoReward=1 total=114:151 
(Filename: E:\unity\Runtime/Export/Debug/Debug.bindings.h Line: 39)

SELFPLAY GOAL 266 scorer=Zhao ZhaoReward=1 total=114:152 
(Filename: E:\unity\Runtime/Export/Debug/Debug.bindings.h Line: 39)

SELFPLAY GOAL 267 scorer=Zhao ZhaoReward=1 total=114:153 
(Filename: E:\unity\Runtime/Export/Debug/Debug.bindings.h Line: 39)

SELFPLAY GOAL 268 scorer=Zhao ZhaoReward=1 total=114:154 
(Filename: E:\unity\Runtime/Export/Debug/Debug.bindings.h Line: 39)

SELFPLAY GOAL 269 scorer=Fan ZhaoReward=-1 total=115:154 
(Filename: E:\unity\Runtime/Export/Debug/Debug.bindings.h Line: 39)

SELFPLAY MATCH 29 goals=13 total=269 score=7:6 
(Filename: E:\unity\Runtime/Export/Debug/Debug.bindings.h Line: 39)

Unloading 4 Unused Serialized files (Serialized files now loaded: 0)
UnloadTime: 0.518300 ms

Unloading 4 unused Assets to reduce memory usage. Loaded Objects now: 1059.
Total: 1.258800 ms (FindLiveObjects: 0.040500 ms CreateObjectMapping: 0.009100 ms MarkObjects: 0.268500 ms  DeleteObjects: 0.939900 ms)

SELFPLAY GOALMAP x=-6.13 isPlayer1Goal=True 
(Filename: E:\unity\Runtime/Export/Debug/Debug.bindings.h Line: 39)

SELFPLAY GOALMAP x=6.18 isPlayer1Goal=False 
(Filename: E:\unity\Runtime/Export/Debug/Debug.bindings.h Line: 39)

SELFPLAY GOAL 270 scorer=Fan ZhaoReward=-1 total=116:154 
(Filename: E:\unity\Runtime/Export/Debug/Debug.bindings.h Line: 39)

SELFPLAY GOAL 271 scorer=Zhao ZhaoReward=1 total=116:155 
(Filename: E:\unity\Runtime/Export/Debug/Debug.bindings.h Line: 39)

SELFPLAY GOAL 272 scorer=Fan ZhaoReward=-1 total=117:155 
(Filename: E:\unity\Runtime/Export/Debug/Debug.bindings.h Line: 39)

SELFPLAY GOAL 273 scorer=Fan ZhaoReward=-1 total=118:155 
(Filename: E:\unity\Runtime/Export/Debug/Debug.bindings.h Line: 39)

SELFPLAY GOAL 274 scorer=Fan ZhaoReward=-1 total=119:155 
(Filename: E:\unity\Runtime/Export/Debug/Debug.bindings.h Line: 39)

SELFPLAY GOAL 275 scorer=Fan ZhaoReward=-1 total=120:155 
(Filename: E:\unity\Runtime/Export/Debug/Debug.bindings.h Line: 39)

SELFPLAY GOAL 276 scorer=Fan ZhaoReward=-1 total=121:155 
(Filename: E:\unity\Runtime/Export/Debug/Debug.bindings.h Line: 39)

SELFPLAY GOAL 277 scorer=Fan ZhaoReward=-1 total=122:155 
(Filename: E:\unity\Runtime/Export/Debug/Debug.bindings.h Line: 39)

SELFPLAY GOAL 278 scorer=Fan ZhaoReward=-1 total=123:155 
(Filename: E:\unity\Runtime/Export/Debug/Debug.bindings.h Line: 39)

SELFPLAY GOAL 279 scorer=Zhao ZhaoReward=1 total=123:156 
(Filename: E:\unity\Runtime/Export/Debug/Debug.bindings.h Line: 39)

SELFPLAY GOAL 280 scorer=Fan ZhaoReward=-1 total=124:156 
(Filename: E:\unity\Runtime/Export/Debug/Debug.bindings.h Line: 39)

SELFPLAY MATCH 30 goals=11 total=280 score=9:2 
(Filename: E:\unity\Runtime/Export/Debug/Debug.bindings.h Line: 39)

Unloading 4 Unused Serialized files (Serialized files now loaded: 0)
UnloadTime: 0.476400 ms

Unloading 4 unused Assets to reduce memory usage. Loaded Objects now: 1059.
Total: 1.192000 ms (FindLiveObjects: 0.040600 ms CreateObjectMapping: 0.009300 ms MarkObjects: 0.254200 ms  DeleteObjects: 0.887700 ms)

SELFPLAY GOALMAP x=-6.13 isPlayer1Goal=True 
(Filename: E:\unity\Runtime/Export/Debug/Debug.bindings.h Line: 39)

SELFPLAY GOALMAP x=6.18 isPlayer1Goal=False 
(Filename: E:\unity\Runtime/Export/Debug/Debug.bindings.h Line: 39)

SELFPLAY GOAL 281 scorer=Zhao ZhaoReward=1 total=124:157 
(Filename: E:\unity\Runtime/Export/Debug/Debug.bindings.h Line: 39)

SELFPLAY GOAL 282 scorer=Zhao ZhaoReward=1 total=124:158 
(Filename: E:\unity\Runtime/Export/Debug/Debug.bindings.h Line: 39)

SELFPLAY GOAL 283 scorer=Fan ZhaoReward=-1 total=125:158 
(Filename: E:\unity\Runtime/Export/Debug/Debug.bindings.h Line: 39)

SELFPLAY GOAL 284 scorer=Fan ZhaoReward=-1 total=126:158 
(Filename: E:\unity\Runtime/Export/Debug/Debug.bindings.h Line: 39)

SELFPLAY GOAL 285 scorer=Fan ZhaoReward=-1 total=127:158 
(Filename: E:\unity\Runtime/Export/Debug/Debug.bindings.h Line: 39)

SELFPLAY GOAL 286 scorer=Zhao ZhaoReward=1 total=127:159 
(Filename: E:\unity\Runtime/Export/Debug/Debug.bindings.h Line: 39)

SELFPLAY GOAL 287 scorer=Zhao ZhaoReward=1 total=127:160 
(Filename: E:\unity\Runtime/Export/Debug/Debug.bindings.h Line: 39)

SELFPLAY MATCH 31 goals=7 total=287 score=3:4 
(Filename: E:\unity\Runtime/Export/Debug/Debug.bindings.h Line: 39)

Unloading 4 Unused Serialized files (Serialized files now loaded: 0)
UnloadTime: 0.640700 ms

Unloading 4 unused Assets to reduce memory usage. Loaded Objects now: 1059.
Total: 1.355800 ms (FindLiveObjects: 0.042100 ms CreateObjectMapping: 0.008600 ms MarkObjects: 0.370700 ms  DeleteObjects: 0.933900 ms)

SELFPLAY GOALMAP x=-6.13 isPlayer1Goal=True 
(Filename: E:\unity\Runtime/Export/Debug/Debug.bindings.h Line: 39)

SELFPLAY GOALMAP x=6.18 isPlayer1Goal=False 
(Filename: E:\unity\Runtime/Export/Debug/Debug.bindings.h Line: 39)

SELFPLAY GOAL 288 scorer=Fan ZhaoReward=-1 total=128:160 
(Filename: E:\unity\Runtime/Export/Debug/Debug.bindings.h Line: 39)

SELFPLAY GOAL 289 scorer=Zhao ZhaoReward=1 total=128:161 
(Filename: E:\unity\Runtime/Export/Debug/Debug.bindings.h Line: 39)

SELFPLAY GOAL 290 scorer=Fan ZhaoReward=-1 total=129:161 
(Filename: E:\unity\Runtime/Export/Debug/Debug.bindings.h Line: 39)

SELFPLAY GOAL 291 scorer=Zhao ZhaoReward=1 total=129:162 
(Filename: E:\unity\Runtime/Export/Debug/Debug.bindings.h Line: 39)

SELFPLAY GOAL 292 scorer=Fan ZhaoReward=-1 total=130:162 
(Filename: E:\unity\Runtime/Export/Debug/Debug.bindings.h Line: 39)

SELFPLAY GOAL 293 scorer=Fan ZhaoReward=-1 total=131:162 
(Filename: E:\unity\Runtime/Export/Debug/Debug.bindings.h Line: 39)

SELFPLAY GOAL 294 scorer=Fan ZhaoReward=-1 total=132:162 
(Filename: E:\unity\Runtime/Export/Debug/Debug.bindings.h Line: 39)

SELFPLAY GOAL 295 scorer=Zhao ZhaoReward=1 total=132:163 
(Filename: E:\unity\Runtime/Export/Debug/Debug.bindings.h Line: 39)

SELFPLAY MATCH 32 goals=8 total=295 score=5:3 
(Filename: E:\unity\Runtime/Export/Debug/Debug.bindings.h Line: 39)

Unloading 4 Unused Serialized files (Serialized files now loaded: 0)
UnloadTime: 0.519200 ms

Unloading 4 unused Assets to reduce memory usage. Loaded Objects now: 1059.
Total: 1.379400 ms (FindLiveObjects: 0.042800 ms CreateObjectMapping: 0.010500 ms MarkObjects: 0.316000 ms  DeleteObjects: 1.009500 ms)

SELFPLAY GOALMAP x=-6.13 isPlayer1Goal=True 
(Filename: E:\unity\Runtime/Export/Debug/Debug.bindings.h Line: 39)

SELFPLAY GOALMAP x=6.18 isPlayer1Goal=False 
(Filename: E:\unity\Runtime/Export/Debug/Debug.bindings.h Line: 39)

SELFPLAY GOAL 296 scorer=Fan ZhaoReward=-1 total=133:163 
(Filename: E:\unity\Runtime/Export/Debug/Debug.bindings.h Line: 39)

SELFPLAY GOAL 297 scorer=Zhao ZhaoReward=1 total=133:164 
(Filename: E:\unity\Runtime/Export/Debug/Debug.bindings.h Line: 39)

SELFPLAY GOAL 298 scorer=Zhao ZhaoReward=1 total=133:165 
(Filename: E:\unity\Runtime/Export/Debug/Debug.bindings.h Line: 39)

SELFPLAY GOAL 299 scorer=Fan ZhaoReward=-1 total=134:165 
(Filename: E:\unity\Runtime/Export/Debug/Debug.bindings.h Line: 39)

SELFPLAY GOAL 300 scorer=Zhao ZhaoReward=1 total=134:166 
(Filename: E:\unity\Runtime/Export/Debug/Debug.bindings.h Line: 39)

SELFPLAY GOAL 301 scorer=Fan ZhaoReward=-1 total=135:166 
(Filename: E:\unity\Runtime/Export/Debug/Debug.bindings.h Line: 39)

SELFPLAY MATCH 33 goals=6 total=301 score=3:3 
(Filename: E:\unity\Runtime/Export/Debug/Debug.bindings.h Line: 39)

Unloading 4 Unused Serialized files (Serialized files now loaded: 0)
UnloadTime: 0.557300 ms

Unloading 4 unused Assets to reduce memory usage. Loaded Objects now: 1059.
Total: 1.291300 ms (FindLiveObjects: 0.044300 ms CreateObjectMapping: 0.010500 ms MarkObjects: 0.305300 ms  DeleteObjects: 0.930800 ms)

SELFPLAY GOALMAP x=-6.13 isPlayer1Goal=True 
(Filename: E:\unity\Runtime/Export/Debug/Debug.bindings.h Line: 39)

SELFPLAY GOALMAP x=6.18 isPlayer1Goal=False 
(Filename: E:\unity\Runtime/Export/Debug/Debug.bindings.h Line: 39)

SELFPLAY PROGRESS goals=301/500 matches=34 score=135:166 real=131.9317 
(Filename: E:\unity\Runtime/Export/Debug/Debug.bindings.h Line: 39)

SELFPLAY GOAL 302 scorer=Fan ZhaoReward=-1 total=136:166 
(Filename: E:\unity\Runtime/Export/Debug/Debug.bindings.h Line: 39)

SELFPLAY GOAL 303 scorer=Zhao ZhaoReward=1 total=136:167 
(Filename: E:\unity\Runtime/Export/Debug/Debug.bindings.h Line: 39)

SELFPLAY GOAL 304 scorer=Fan ZhaoReward=-1 total=137:167 
(Filename: E:\unity\Runtime/Export/Debug/Debug.bindings.h Line: 39)

SELFPLAY GOAL 305 scorer=Zhao ZhaoReward=1 total=137:168 
(Filename: E:\unity\Runtime/Export/Debug/Debug.bindings.h Line: 39)

SELFPLAY GOAL 306 scorer=Fan ZhaoReward=-1 total=138:168 
(Filename: E:\unity\Runtime/Export/Debug/Debug.bindings.h Line: 39)

SELFPLAY GOAL 307 scorer=Zhao ZhaoReward=1 total=138:169 
(Filename: E:\unity\Runtime/Export/Debug/Debug.bindings.h Line: 39)

SELFPLAY GOAL 308 scorer=Fan ZhaoReward=-1 total=139:169 
(Filename: E:\unity\Runtime/Export/Debug/Debug.bindings.h Line: 39)

SELFPLAY GOAL 309 scorer=Zhao ZhaoReward=1 total=139:170 
(Filename: E:\unity\Runtime/Export/Debug/Debug.bindings.h Line: 39)

SELFPLAY GOAL 310 scorer=Fan ZhaoReward=-1 total=140:170 
(Filename: E:\unity\Runtime/Export/Debug/Debug.bindings.h Line: 39)

SELFPLAY GOAL 311 scorer=Fan ZhaoReward=-1 total=141:170 
(Filename: E:\unity\Runtime/Export/Debug/Debug.bindings.h Line: 39)

SELFPLAY GOAL 312 scorer=Zhao ZhaoReward=1 total=141:171 
(Filename: E:\unity\Runtime/Export/Debug/Debug.bindings.h Line: 39)

SELFPLAY MATCH 34 goals=11 total=312 score=6:5 
(Filename: E:\unity\Runtime/Export/Debug/Debug.bindings.h Line: 39)

Unloading 4 Unused Serialized files (Serialized files now loaded: 0)
UnloadTime: 0.648300 ms

Unloading 4 unused Assets to reduce memory usage. Loaded Objects now: 1059.
Total: 1.240100 ms (FindLiveObjects: 0.041500 ms CreateObjectMapping: 0.009600 ms MarkObjects: 0.289700 ms  DeleteObjects: 0.898400 ms)

SELFPLAY GOALMAP x=-6.13 isPlayer1Goal=True 
(Filename: E:\unity\Runtime/Export/Debug/Debug.bindings.h Line: 39)

SELFPLAY GOALMAP x=6.18 isPlayer1Goal=False 
(Filename: E:\unity\Runtime/Export/Debug/Debug.bindings.h Line: 39)

SELFPLAY GOAL 313 scorer=Fan ZhaoReward=-1 total=142:171 
(Filename: E:\unity\Runtime/Export/Debug/Debug.bindings.h Line: 39)

SELFPLAY GOAL 314 scorer=Fan ZhaoReward=-1 total=143:171 
(Filename: E:\unity\Runtime/Export/Debug/Debug.bindings.h Line: 39)

SELFPLAY GOAL 315 scorer=Fan ZhaoReward=-1 total=144:171 
(Filename: E:\unity\Runtime/Export/Debug/Debug.bindings.h Line: 39)

SELFPLAY GOAL 316 scorer=Fan ZhaoReward=-1 total=145:171 
(Filename: E:\unity\Runtime/Export/Debug/Debug.bindings.h Line: 39)

SELFPLAY GOAL 317 scorer=Zhao ZhaoReward=1 total=145:172 
(Filename: E:\unity\Runtime/Export/Debug/Debug.bindings.h Line: 39)

SELFPLAY GOAL 318 scorer=Zhao ZhaoReward=1 total=145:173 
(Filename: E:\unity\Runtime/Export/Debug/Debug.bindings.h Line: 39)

SELFPLAY GOAL 319 scorer=Zhao ZhaoReward=1 total=145:174 
(Filename: E:\unity\Runtime/Export/Debug/Debug.bindings.h Line: 39)

SELFPLAY GOAL 320 scorer=Fan ZhaoReward=-1 total=146:174 
(Filename: E:\unity\Runtime/Export/Debug/Debug.bindings.h Line: 39)

SELFPLAY GOAL 321 scorer=Fan ZhaoReward=-1 total=147:174 
(Filename: E:\unity\Runtime/Export/Debug/Debug.bindings.h Line: 39)

SELFPLAY MATCH 35 goals=9 total=321 score=6:3 
(Filename: E:\unity\Runtime/Export/Debug/Debug.bindings.h Line: 39)

Unloading 4 Unused Serialized files (Serialized files now loaded: 0)
UnloadTime: 0.514500 ms

Unloading 4 unused Assets to reduce memory usage. Loaded Objects now: 1059.
Total: 1.431700 ms (FindLiveObjects: 0.049300 ms CreateObjectMapping: 0.011500 ms MarkObjects: 0.391000 ms  DeleteObjects: 0.979500 ms)

SELFPLAY GOALMAP x=-6.13 isPlayer1Goal=True 
(Filename: E:\unity\Runtime/Export/Debug/Debug.bindings.h Line: 39)

SELFPLAY GOALMAP x=6.18 isPlayer1Goal=False 
(Filename: E:\unity\Runtime/Export/Debug/Debug.bindings.h Line: 39)

SELFPLAY GOAL 322 scorer=Fan ZhaoReward=-1 total=148:174 
(Filename: E:\unity\Runtime/Export/Debug/Debug.bindings.h Line: 39)

SELFPLAY GOAL 323 scorer=Fan ZhaoReward=-1 total=149:174 
(Filename: E:\unity\Runtime/Export/Debug/Debug.bindings.h Line: 39)

SELFPLAY GOAL 324 scorer=Fan ZhaoReward=-1 total=150:174 
(Filename: E:\unity\Runtime/Export/Debug/Debug.bindings.h Line: 39)

SELFPLAY GOAL 325 scorer=Fan ZhaoReward=-1 total=151:174 
(Filename: E:\unity\Runtime/Export/Debug/Debug.bindings.h Line: 39)

SELFPLAY GOAL 326 scorer=Fan ZhaoReward=-1 total=152:174 
(Filename: E:\unity\Runtime/Export/Debug/Debug.bindings.h Line: 39)

SELFPLAY GOAL 327 scorer=Zhao ZhaoReward=1 total=152:175 
(Filename: E:\unity\Runtime/Export/Debug/Debug.bindings.h Line: 39)

SELFPLAY GOAL 328 scorer=Zhao ZhaoReward=1 total=152:176 
(Filename: E:\unity\Runtime/Export/Debug/Debug.bindings.h Line: 39)

SELFPLAY GOAL 329 scorer=Zhao ZhaoReward=1 total=152:177 
(Filename: E:\unity\Runtime/Export/Debug/Debug.bindings.h Line: 39)

SELFPLAY GOAL 330 scorer=Zhao ZhaoReward=1 total=152:178 
(Filename: E:\unity\Runtime/Export/Debug/Debug.bindings.h Line: 39)

SELFPLAY GOAL 331 scorer=Fan ZhaoReward=-1 total=153:178 
(Filename: E:\unity\Runtime/Export/Debug/Debug.bindings.h Line: 39)

SELFPLAY GOAL 332 scorer=Fan ZhaoReward=-1 total=154:178 
(Filename: E:\unity\Runtime/Export/Debug/Debug.bindings.h Line: 39)

SELFPLAY GOAL 333 scorer=Fan ZhaoReward=-1 total=155:178 
(Filename: E:\unity\Runtime/Export/Debug/Debug.bindings.h Line: 39)

SELFPLAY MATCH 36 goals=12 total=333 score=8:4 
(Filename: E:\unity\Runtime/Export/Debug/Debug.bindings.h Line: 39)

Unloading 4 Unused Serialized files (Serialized files now loaded: 0)
UnloadTime: 0.503300 ms

Unloading 4 unused Assets to reduce memory usage. Loaded Objects now: 1059.
Total: 1.684600 ms (FindLiveObjects: 0.046800 ms CreateObjectMapping: 0.011300 ms MarkObjects: 0.376200 ms  DeleteObjects: 1.250000 ms)

SELFPLAY GOALMAP x=-6.13 isPlayer1Goal=True 
(Filename: E:\unity\Runtime/Export/Debug/Debug.bindings.h Line: 39)

SELFPLAY GOALMAP x=6.18 isPlayer1Goal=False 
(Filename: E:\unity\Runtime/Export/Debug/Debug.bindings.h Line: 39)

SELFPLAY GOAL 334 scorer=Fan ZhaoReward=-1 total=156:178 
(Filename: E:\unity\Runtime/Export/Debug/Debug.bindings.h Line: 39)

SELFPLAY GOAL 335 scorer=Zhao ZhaoReward=1 total=156:179 
(Filename: E:\unity\Runtime/Export/Debug/Debug.bindings.h Line: 39)

SELFPLAY GOAL 336 scorer=Fan ZhaoReward=-1 total=157:179 
(Filename: E:\unity\Runtime/Export/Debug/Debug.bindings.h Line: 39)

SELFPLAY GOAL 337 scorer=Fan ZhaoReward=-1 total=158:179 
(Filename: E:\unity\Runtime/Export/Debug/Debug.bindings.h Line: 39)

SELFPLAY GOAL 338 scorer=Zhao ZhaoReward=1 total=158:180 
(Filename: E:\unity\Runtime/Export/Debug/Debug.bindings.h Line: 39)

SELFPLAY GOAL 339 scorer=Zhao ZhaoReward=1 total=158:181 
(Filename: E:\unity\Runtime/Export/Debug/Debug.bindings.h Line: 39)

SELFPLAY GOAL 340 scorer=Fan ZhaoReward=-1 total=159:181 
(Filename: E:\unity\Runtime/Export/Debug/Debug.bindings.h Line: 39)

SELFPLAY GOAL 341 scorer=Fan ZhaoReward=-1 total=160:181 
(Filename: E:\unity\Runtime/Export/Debug/Debug.bindings.h Line: 39)

SELFPLAY GOAL 342 scorer=Zhao ZhaoReward=1 total=160:182 
(Filename: E:\unity\Runtime/Export/Debug/Debug.bindings.h Line: 39)

SELFPLAY GOAL 343 scorer=Fan ZhaoReward=-1 total=161:182 
(Filename: E:\unity\Runtime/Export/Debug/Debug.bindings.h Line: 39)

SELFPLAY GOAL 344 scorer=Zhao ZhaoReward=1 total=161:183 
(Filename: E:\unity\Runtime/Export/Debug/Debug.bindings.h Line: 39)

SELFPLAY GOAL 345 scorer=Zhao ZhaoReward=1 total=161:184 
(Filename: E:\unity\Runtime/Export/Debug/Debug.bindings.h Line: 39)

SELFPLAY GOAL 346 scorer=Zhao ZhaoReward=1 total=161:185 
(Filename: E:\unity\Runtime/Export/Debug/Debug.bindings.h Line: 39)

SELFPLAY GOAL 347 scorer=Fan ZhaoReward=-1 total=162:185 
(Filename: E:\unity\Runtime/Export/Debug/Debug.bindings.h Line: 39)

SELFPLAY MATCH 37 goals=14 total=347 score=7:7 
(Filename: E:\unity\Runtime/Export/Debug/Debug.bindings.h Line: 39)

Unloading 4 Unused Serialized files (Serialized files now loaded: 0)
UnloadTime: 0.520200 ms

Unloading 4 unused Assets to reduce memory usage. Loaded Objects now: 1059.
Total: 1.628900 ms (FindLiveObjects: 0.065500 ms CreateObjectMapping: 0.012400 ms MarkObjects: 0.426900 ms  DeleteObjects: 1.123200 ms)

SELFPLAY GOALMAP x=-6.13 isPlayer1Goal=True 
(Filename: E:\unity\Runtime/Export/Debug/Debug.bindings.h Line: 39)

SELFPLAY GOALMAP x=6.18 isPlayer1Goal=False 
(Filename: E:\unity\Runtime/Export/Debug/Debug.bindings.h Line: 39)

SELFPLAY GOAL 348 scorer=Fan ZhaoReward=-1 total=163:185 
(Filename: E:\unity\Runtime/Export/Debug/Debug.bindings.h Line: 39)

SELFPLAY GOAL 349 scorer=Zhao ZhaoReward=1 total=163:186 
(Filename: E:\unity\Runtime/Export/Debug/Debug.bindings.h Line: 39)

SELFPLAY GOAL 350 scorer=Fan ZhaoReward=-1 total=164:186 
(Filename: E:\unity\Runtime/Export/Debug/Debug.bindings.h Line: 39)

SELFPLAY GOAL 351 scorer=Zhao ZhaoReward=1 total=164:187 
(Filename: E:\unity\Runtime/Export/Debug/Debug.bindings.h Line: 39)

SELFPLAY GOAL 352 scorer=Zhao ZhaoReward=1 total=164:188 
(Filename: E:\unity\Runtime/Export/Debug/Debug.bindings.h Line: 39)

SELFPLAY GOAL 353 scorer=Zhao ZhaoReward=1 total=164:189 
(Filename: E:\unity\Runtime/Export/Debug/Debug.bindings.h Line: 39)

SELFPLAY GOAL 354 scorer=Fan ZhaoReward=-1 total=165:189 
(Filename: E:\unity\Runtime/Export/Debug/Debug.bindings.h Line: 39)

SELFPLAY GOAL 355 scorer=Fan ZhaoReward=-1 total=166:189 
(Filename: E:\unity\Runtime/Export/Debug/Debug.bindings.h Line: 39)

SELFPLAY GOAL 356 scorer=Zhao ZhaoReward=1 total=166:190 
(Filename: E:\unity\Runtime/Export/Debug/Debug.bindings.h Line: 39)

SELFPLAY MATCH 38 goals=9 total=356 score=4:5 
(Filename: E:\unity\Runtime/Export/Debug/Debug.bindings.h Line: 39)

Unloading 4 Unused Serialized files (Serialized files now loaded: 0)
UnloadTime: 0.654700 ms

Unloading 4 unused Assets to reduce memory usage. Loaded Objects now: 1059.
Total: 1.635000 ms (FindLiveObjects: 0.056800 ms CreateObjectMapping: 0.013700 ms MarkObjects: 0.399300 ms  DeleteObjects: 1.164800 ms)

SELFPLAY GOALMAP x=-6.13 isPlayer1Goal=True 
(Filename: E:\unity\Runtime/Export/Debug/Debug.bindings.h Line: 39)

SELFPLAY GOALMAP x=6.18 isPlayer1Goal=False 
(Filename: E:\unity\Runtime/Export/Debug/Debug.bindings.h Line: 39)

SELFPLAY GOAL 357 scorer=Fan ZhaoReward=-1 total=167:190 
(Filename: E:\unity\Runtime/Export/Debug/Debug.bindings.h Line: 39)

SELFPLAY GOAL 358 scorer=Zhao ZhaoReward=1 total=167:191 
(Filename: E:\unity\Runtime/Export/Debug/Debug.bindings.h Line: 39)

SELFPLAY GOAL 359 scorer=Zhao ZhaoReward=1 total=167:192 
(Filename: E:\unity\Runtime/Export/Debug/Debug.bindings.h Line: 39)

SELFPLAY GOAL 360 scorer=Zhao ZhaoReward=1 total=167:193 
(Filename: E:\unity\Runtime/Export/Debug/Debug.bindings.h Line: 39)

SELFPLAY GOAL 361 scorer=Zhao ZhaoReward=1 total=167:194 
(Filename: E:\unity\Runtime/Export/Debug/Debug.bindings.h Line: 39)

SELFPLAY GOAL 362 scorer=Zhao ZhaoReward=1 total=167:195 
(Filename: E:\unity\Runtime/Export/Debug/Debug.bindings.h Line: 39)

SELFPLAY GOAL 363 scorer=Zhao ZhaoReward=1 total=167:196 
(Filename: E:\unity\Runtime/Export/Debug/Debug.bindings.h Line: 39)

SELFPLAY GOAL 364 scorer=Zhao ZhaoReward=1 total=167:197 
(Filename: E:\unity\Runtime/Export/Debug/Debug.bindings.h Line: 39)

SELFPLAY MATCH 39 goals=8 total=364 score=1:7 
(Filename: E:\unity\Runtime/Export/Debug/Debug.bindings.h Line: 39)

Unloading 4 Unused Serialized files (Serialized files now loaded: 0)
UnloadTime: 0.706100 ms

Unloading 4 unused Assets to reduce memory usage. Loaded Objects now: 1059.
Total: 1.466000 ms (FindLiveObjects: 0.058200 ms CreateObjectMapping: 0.010700 ms MarkObjects: 0.362600 ms  DeleteObjects: 1.033900 ms)

SELFPLAY GOALMAP x=-6.13 isPlayer1Goal=True 
(Filename: E:\unity\Runtime/Export/Debug/Debug.bindings.h Line: 39)

SELFPLAY GOALMAP x=6.18 isPlayer1Goal=False 
(Filename: E:\unity\Runtime/Export/Debug/Debug.bindings.h Line: 39)

SELFPLAY GOAL 365 scorer=Zhao ZhaoReward=1 total=167:198 
(Filename: E:\unity\Runtime/Export/Debug/Debug.bindings.h Line: 39)

SELFPLAY GOAL 366 scorer=Zhao ZhaoReward=1 total=167:199 
(Filename: E:\unity\Runtime/Export/Debug/Debug.bindings.h Line: 39)

SELFPLAY GOAL 367 scorer=Zhao ZhaoReward=1 total=167:200 
(Filename: E:\unity\Runtime/Export/Debug/Debug.bindings.h Line: 39)

SELFPLAY GOAL 368 scorer=Zhao ZhaoReward=1 total=167:201 
(Filename: E:\unity\Runtime/Export/Debug/Debug.bindings.h Line: 39)

SELFPLAY GOAL 369 scorer=Zhao ZhaoReward=1 total=167:202 
(Filename: E:\unity\Runtime/Export/Debug/Debug.bindings.h Line: 39)

SELFPLAY GOAL 370 scorer=Zhao ZhaoReward=1 total=167:203 
(Filename: E:\unity\Runtime/Export/Debug/Debug.bindings.h Line: 39)

SELFPLAY GOAL 371 scorer=Fan ZhaoReward=-1 total=168:203 
(Filename: E:\unity\Runtime/Export/Debug/Debug.bindings.h Line: 39)

SELFPLAY GOAL 372 scorer=Fan ZhaoReward=-1 total=169:203 
(Filename: E:\unity\Runtime/Export/Debug/Debug.bindings.h Line: 39)

SELFPLAY MATCH 40 goals=8 total=372 score=2:6 
(Filename: E:\unity\Runtime/Export/Debug/Debug.bindings.h Line: 39)

Unloading 4 Unused Serialized files (Serialized files now loaded: 0)
UnloadTime: 0.995500 ms

Unloading 4 unused Assets to reduce memory usage. Loaded Objects now: 1059.
Total: 1.567500 ms (FindLiveObjects: 0.054800 ms CreateObjectMapping: 0.011300 ms MarkObjects: 0.375800 ms  DeleteObjects: 1.125000 ms)

SELFPLAY GOALMAP x=-6.13 isPlayer1Goal=True 
(Filename: E:\unity\Runtime/Export/Debug/Debug.bindings.h Line: 39)

SELFPLAY GOALMAP x=6.18 isPlayer1Goal=False 
(Filename: E:\unity\Runtime/Export/Debug/Debug.bindings.h Line: 39)

SELFPLAY GOAL 373 scorer=Zhao ZhaoReward=1 total=169:204 
(Filename: E:\unity\Runtime/Export/Debug/Debug.bindings.h Line: 39)

SELFPLAY GOAL 374 scorer=Zhao ZhaoReward=1 total=169:205 
(Filename: E:\unity\Runtime/Export/Debug/Debug.bindings.h Line: 39)

SELFPLAY GOAL 375 scorer=Zhao ZhaoReward=1 total=169:206 
(Filename: E:\unity\Runtime/Export/Debug/Debug.bindings.h Line: 39)

SELFPLAY PROGRESS goals=375/500 matches=41 score=169:206 real=161.9362 
(Filename: E:\unity\Runtime/Export/Debug/Debug.bindings.h Line: 39)

SELFPLAY GOAL 376 scorer=Fan ZhaoReward=-1 total=170:206 
(Filename: E:\unity\Runtime/Export/Debug/Debug.bindings.h Line: 39)

SELFPLAY GOAL 377 scorer=Fan ZhaoReward=-1 total=171:206 
(Filename: E:\unity\Runtime/Export/Debug/Debug.bindings.h Line: 39)

SELFPLAY GOAL 378 scorer=Fan ZhaoReward=-1 total=172:206 
(Filename: E:\unity\Runtime/Export/Debug/Debug.bindings.h Line: 39)

SELFPLAY GOAL 379 scorer=Fan ZhaoReward=-1 total=173:206 
(Filename: E:\unity\Runtime/Export/Debug/Debug.bindings.h Line: 39)

SELFPLAY MATCH 41 goals=7 total=379 score=4:3 
(Filename: E:\unity\Runtime/Export/Debug/Debug.bindings.h Line: 39)

Unloading 4 Unused Serialized files (Serialized files now loaded: 0)
UnloadTime: 0.729900 ms

Unloading 4 unused Assets to reduce memory usage. Loaded Objects now: 1059.
Total: 1.531200 ms (FindLiveObjects: 0.043600 ms CreateObjectMapping: 0.009600 ms MarkObjects: 0.393600 ms  DeleteObjects: 1.083900 ms)

SELFPLAY GOALMAP x=-6.13 isPlayer1Goal=True 
(Filename: E:\unity\Runtime/Export/Debug/Debug.bindings.h Line: 39)

SELFPLAY GOALMAP x=6.18 isPlayer1Goal=False 
(Filename: E:\unity\Runtime/Export/Debug/Debug.bindings.h Line: 39)

SELFPLAY GOAL 380 scorer=Fan ZhaoReward=-1 total=174:206 
(Filename: E:\unity\Runtime/Export/Debug/Debug.bindings.h Line: 39)

SELFPLAY GOAL 381 scorer=Fan ZhaoReward=-1 total=175:206 
(Filename: E:\unity\Runtime/Export/Debug/Debug.bindings.h Line: 39)

SELFPLAY GOAL 382 scorer=Fan ZhaoReward=-1 total=176:206 
(Filename: E:\unity\Runtime/Export/Debug/Debug.bindings.h Line: 39)

SELFPLAY GOAL 383 scorer=Fan ZhaoReward=-1 total=177:206 
(Filename: E:\unity\Runtime/Export/Debug/Debug.bindings.h Line: 39)

SELFPLAY GOAL 384 scorer=Zhao ZhaoReward=1 total=177:207 
(Filename: E:\unity\Runtime/Export/Debug/Debug.bindings.h Line: 39)

SELFPLAY GOAL 385 scorer=Zhao ZhaoReward=1 total=177:208 
(Filename: E:\unity\Runtime/Export/Debug/Debug.bindings.h Line: 39)

SELFPLAY GOAL 386 scorer=Fan ZhaoReward=-1 total=178:208 
(Filename: E:\unity\Runtime/Export/Debug/Debug.bindings.h Line: 39)

SELFPLAY MATCH 42 goals=7 total=386 score=5:2 
(Filename: E:\unity\Runtime/Export/Debug/Debug.bindings.h Line: 39)

Unloading 4 Unused Serialized files (Serialized files now loaded: 0)
UnloadTime: 0.580500 ms

Unloading 4 unused Assets to reduce memory usage. Loaded Objects now: 1059.
Total: 1.453900 ms (FindLiveObjects: 0.059300 ms CreateObjectMapping: 0.012300 ms MarkObjects: 0.391300 ms  DeleteObjects: 0.990200 ms)

SELFPLAY GOALMAP x=-6.13 isPlayer1Goal=True 
(Filename: E:\unity\Runtime/Export/Debug/Debug.bindings.h Line: 39)

SELFPLAY GOALMAP x=6.18 isPlayer1Goal=False 
(Filename: E:\unity\Runtime/Export/Debug/Debug.bindings.h Line: 39)

SELFPLAY GOAL 387 scorer=Zhao ZhaoReward=1 total=178:209 
(Filename: E:\unity\Runtime/Export/Debug/Debug.bindings.h Line: 39)

SELFPLAY GOAL 388 scorer=Zhao ZhaoReward=1 total=178:210 
(Filename: E:\unity\Runtime/Export/Debug/Debug.bindings.h Line: 39)

SELFPLAY GOAL 389 scorer=Zhao ZhaoReward=1 total=178:211 
(Filename: E:\unity\Runtime/Export/Debug/Debug.bindings.h Line: 39)

SELFPLAY GOAL 390 scorer=Zhao ZhaoReward=1 total=178:212 
(Filename: E:\unity\Runtime/Export/Debug/Debug.bindings.h Line: 39)

SELFPLAY GOAL 391 scorer=Zhao ZhaoReward=1 total=178:213 
(Filename: E:\unity\Runtime/Export/Debug/Debug.bindings.h Line: 39)

SELFPLAY GOAL 392 scorer=Fan ZhaoReward=-1 total=179:213 
(Filename: E:\unity\Runtime/Export/Debug/Debug.bindings.h Line: 39)

SELFPLAY GOAL 393 scorer=Fan ZhaoReward=-1 total=180:213 
(Filename: E:\unity\Runtime/Export/Debug/Debug.bindings.h Line: 39)

SELFPLAY GOAL 394 scorer=Zhao ZhaoReward=1 total=180:214 
(Filename: E:\unity\Runtime/Export/Debug/Debug.bindings.h Line: 39)

SELFPLAY GOAL 395 scorer=Zhao ZhaoReward=1 total=180:215 
(Filename: E:\unity\Runtime/Export/Debug/Debug.bindings.h Line: 39)

SELFPLAY GOAL 396 scorer=Fan ZhaoReward=-1 total=181:215 
(Filename: E:\unity\Runtime/Export/Debug/Debug.bindings.h Line: 39)

SELFPLAY GOAL 397 scorer=Zhao ZhaoReward=1 total=181:216 
(Filename: E:\unity\Runtime/Export/Debug/Debug.bindings.h Line: 39)

SELFPLAY GOAL 398 scorer=Fan ZhaoReward=-1 total=182:216 
(Filename: E:\unity\Runtime/Export/Debug/Debug.bindings.h Line: 39)

SELFPLAY MATCH 43 goals=12 total=398 score=4:8 
(Filename: E:\unity\Runtime/Export/Debug/Debug.bindings.h Line: 39)

Unloading 4 Unused Serialized files (Serialized files now loaded: 0)
UnloadTime: 0.732800 ms

Unloading 4 unused Assets to reduce memory usage. Loaded Objects now: 1059.
Total: 1.544800 ms (FindLiveObjects: 0.061800 ms CreateObjectMapping: 0.010500 ms MarkObjects: 0.445400 ms  DeleteObjects: 1.026100 ms)

SELFPLAY GOALMAP x=-6.13 isPlayer1Goal=True 
(Filename: E:\unity\Runtime/Export/Debug/Debug.bindings.h Line: 39)

SELFPLAY GOALMAP x=6.18 isPlayer1Goal=False 
(Filename: E:\unity\Runtime/Export/Debug/Debug.bindings.h Line: 39)

SELFPLAY GOAL 399 scorer=Zhao ZhaoReward=1 total=182:217 
(Filename: E:\unity\Runtime/Export/Debug/Debug.bindings.h Line: 39)

SELFPLAY GOAL 400 scorer=Fan ZhaoReward=-1 total=183:217 
(Filename: E:\unity\Runtime/Export/Debug/Debug.bindings.h Line: 39)

SELFPLAY GOAL 401 scorer=Zhao ZhaoReward=1 total=183:218 
(Filename: E:\unity\Runtime/Export/Debug/Debug.bindings.h Line: 39)

SELFPLAY GOAL 402 scorer=Fan ZhaoReward=-1 total=184:218 
(Filename: E:\unity\Runtime/Export/Debug/Debug.bindings.h Line: 39)

SELFPLAY GOAL 403 scorer=Fan ZhaoReward=-1 total=185:218 
(Filename: E:\unity\Runtime/Export/Debug/Debug.bindings.h Line: 39)

SELFPLAY GOAL 404 scorer=Fan ZhaoReward=-1 total=186:218 
(Filename: E:\unity\Runtime/Export/Debug/Debug.bindings.h Line: 39)

SELFPLAY GOAL 405 scorer=Fan ZhaoReward=-1 total=187:218 
(Filename: E:\unity\Runtime/Export/Debug/Debug.bindings.h Line: 39)

SELFPLAY GOAL 406 scorer=Fan ZhaoReward=-1 total=188:218 
(Filename: E:\unity\Runtime/Export/Debug/Debug.bindings.h Line: 39)

SELFPLAY GOAL 407 scorer=Fan ZhaoReward=-1 total=189:218 
(Filename: E:\unity\Runtime/Export/Debug/Debug.bindings.h Line: 39)

SELFPLAY MATCH 44 goals=9 total=407 score=7:2 
(Filename: E:\unity\Runtime/Export/Debug/Debug.bindings.h Line: 39)

Unloading 4 Unused Serialized files (Serialized files now loaded: 0)
UnloadTime: 0.650300 ms

Unloading 4 unused Assets to reduce memory usage. Loaded Objects now: 1059.
Total: 1.687700 ms (FindLiveObjects: 0.062600 ms CreateObjectMapping: 0.012500 ms MarkObjects: 0.493800 ms  DeleteObjects: 1.118100 ms)

SELFPLAY GOALMAP x=-6.13 isPlayer1Goal=True 
(Filename: E:\unity\Runtime/Export/Debug/Debug.bindings.h Line: 39)

SELFPLAY GOALMAP x=6.18 isPlayer1Goal=False 
(Filename: E:\unity\Runtime/Export/Debug/Debug.bindings.h Line: 39)

SELFPLAY GOAL 408 scorer=Zhao ZhaoReward=1 total=189:219 
(Filename: E:\unity\Runtime/Export/Debug/Debug.bindings.h Line: 39)

SELFPLAY GOAL 409 scorer=Fan ZhaoReward=-1 total=190:219 
(Filename: E:\unity\Runtime/Export/Debug/Debug.bindings.h Line: 39)

SELFPLAY GOAL 410 scorer=Zhao ZhaoReward=1 total=190:220 
(Filename: E:\unity\Runtime/Export/Debug/Debug.bindings.h Line: 39)

SELFPLAY GOAL 411 scorer=Zhao ZhaoReward=1 total=190:221 
(Filename: E:\unity\Runtime/Export/Debug/Debug.bindings.h Line: 39)

SELFPLAY GOAL 412 scorer=Fan ZhaoReward=-1 total=191:221 
(Filename: E:\unity\Runtime/Export/Debug/Debug.bindings.h Line: 39)

SELFPLAY GOAL 413 scorer=Zhao ZhaoReward=1 total=191:222 
(Filename: E:\unity\Runtime/Export/Debug/Debug.bindings.h Line: 39)

SELFPLAY GOAL 414 scorer=Zhao ZhaoReward=1 total=191:223 
(Filename: E:\unity\Runtime/Export/Debug/Debug.bindings.h Line: 39)

SELFPLAY GOAL 415 scorer=Fan ZhaoReward=-1 total=192:223 
(Filename: E:\unity\Runtime/Export/Debug/Debug.bindings.h Line: 39)

SELFPLAY GOAL 416 scorer=Fan ZhaoReward=-1 total=193:223 
(Filename: E:\unity\Runtime/Export/Debug/Debug.bindings.h Line: 39)

SELFPLAY MATCH 45 goals=9 total=416 score=4:5 
(Filename: E:\unity\Runtime/Export/Debug/Debug.bindings.h Line: 39)

Unloading 4 Unused Serialized files (Serialized files now loaded: 0)
UnloadTime: 0.542300 ms

Unloading 4 unused Assets to reduce memory usage. Loaded Objects now: 1059.
Total: 1.166600 ms (FindLiveObjects: 0.041100 ms CreateObjectMapping: 0.008800 ms MarkObjects: 0.281400 ms  DeleteObjects: 0.834700 ms)

SELFPLAY GOALMAP x=-6.13 isPlayer1Goal=True 
(Filename: E:\unity\Runtime/Export/Debug/Debug.bindings.h Line: 39)

SELFPLAY GOALMAP x=6.18 isPlayer1Goal=False 
(Filename: E:\unity\Runtime/Export/Debug/Debug.bindings.h Line: 39)

SELFPLAY GOAL 417 scorer=Fan ZhaoReward=-1 total=194:223 
(Filename: E:\unity\Runtime/Export/Debug/Debug.bindings.h Line: 39)

SELFPLAY GOAL 418 scorer=Fan ZhaoReward=-1 total=195:223 
(Filename: E:\unity\Runtime/Export/Debug/Debug.bindings.h Line: 39)

SELFPLAY GOAL 419 scorer=Zhao ZhaoReward=1 total=195:224 
(Filename: E:\unity\Runtime/Export/Debug/Debug.bindings.h Line: 39)

SELFPLAY GOAL 420 scorer=Fan ZhaoReward=-1 total=196:224 
(Filename: E:\unity\Runtime/Export/Debug/Debug.bindings.h Line: 39)

SELFPLAY GOAL 421 scorer=Fan ZhaoReward=-1 total=197:224 
(Filename: E:\unity\Runtime/Export/Debug/Debug.bindings.h Line: 39)

SELFPLAY GOAL 422 scorer=Zhao ZhaoReward=1 total=197:225 
(Filename: E:\unity\Runtime/Export/Debug/Debug.bindings.h Line: 39)

SELFPLAY GOAL 423 scorer=Zhao ZhaoReward=1 total=197:226 
(Filename: E:\unity\Runtime/Export/Debug/Debug.bindings.h Line: 39)

SELFPLAY GOAL 424 scorer=Fan ZhaoReward=-1 total=198:226 
(Filename: E:\unity\Runtime/Export/Debug/Debug.bindings.h Line: 39)

SELFPLAY GOAL 425 scorer=Zhao ZhaoReward=1 total=198:227 
(Filename: E:\unity\Runtime/Export/Debug/Debug.bindings.h Line: 39)

SELFPLAY GOAL 426 scorer=Zhao ZhaoReward=1 total=198:228 
(Filename: E:\unity\Runtime/Export/Debug/Debug.bindings.h Line: 39)

SELFPLAY MATCH 46 goals=10 total=426 score=5:5 
(Filename: E:\unity\Runtime/Export/Debug/Debug.bindings.h Line: 39)

Unloading 4 Unused Serialized files (Serialized files now loaded: 0)
UnloadTime: 0.654300 ms

Unloading 4 unused Assets to reduce memory usage. Loaded Objects now: 1059.
Total: 1.428400 ms (FindLiveObjects: 0.050600 ms CreateObjectMapping: 0.011300 ms MarkObjects: 0.405800 ms  DeleteObjects: 0.959900 ms)

SELFPLAY GOALMAP x=-6.13 isPlayer1Goal=True 
(Filename: E:\unity\Runtime/Export/Debug/Debug.bindings.h Line: 39)

SELFPLAY GOALMAP x=6.18 isPlayer1Goal=False 
(Filename: E:\unity\Runtime/Export/Debug/Debug.bindings.h Line: 39)

SELFPLAY GOAL 427 scorer=Zhao ZhaoReward=1 total=198:229 
(Filename: E:\unity\Runtime/Export/Debug/Debug.bindings.h Line: 39)

SELFPLAY GOAL 428 scorer=Zhao ZhaoReward=1 total=198:230 
(Filename: E:\unity\Runtime/Export/Debug/Debug.bindings.h Line: 39)

SELFPLAY GOAL 429 scorer=Zhao ZhaoReward=1 total=198:231 
(Filename: E:\unity\Runtime/Export/Debug/Debug.bindings.h Line: 39)

SELFPLAY GOAL 430 scorer=Fan ZhaoReward=-1 total=199:231 
(Filename: E:\unity\Runtime/Export/Debug/Debug.bindings.h Line: 39)

SELFPLAY GOAL 431 scorer=Zhao ZhaoReward=1 total=199:232 
(Filename: E:\unity\Runtime/Export/Debug/Debug.bindings.h Line: 39)

SELFPLAY GOAL 432 scorer=Fan ZhaoReward=-1 total=200:232 
(Filename: E:\unity\Runtime/Export/Debug/Debug.bindings.h Line: 39)

SELFPLAY GOAL 433 scorer=Fan ZhaoReward=-1 total=201:232 
(Filename: E:\unity\Runtime/Export/Debug/Debug.bindings.h Line: 39)

SELFPLAY GOAL 434 scorer=Zhao ZhaoReward=1 total=201:233 
(Filename: E:\unity\Runtime/Export/Debug/Debug.bindings.h Line: 39)

SELFPLAY GOAL 435 scorer=Zhao ZhaoReward=1 total=201:234 
(Filename: E:\unity\Runtime/Export/Debug/Debug.bindings.h Line: 39)

SELFPLAY GOAL 436 scorer=Zhao ZhaoReward=1 total=201:235 
(Filename: E:\unity\Runtime/Export/Debug/Debug.bindings.h Line: 39)

SELFPLAY GOAL 437 scorer=Zhao ZhaoReward=1 total=201:236 
(Filename: E:\unity\Runtime/Export/Debug/Debug.bindings.h Line: 39)

SELFPLAY MATCH 47 goals=11 total=437 score=3:8 
(Filename: E:\unity\Runtime/Export/Debug/Debug.bindings.h Line: 39)

Unloading 4 Unused Serialized files (Serialized files now loaded: 0)
UnloadTime: 0.674200 ms

Unloading 4 unused Assets to reduce memory usage. Loaded Objects now: 1059.
Total: 1.320700 ms (FindLiveObjects: 0.041500 ms CreateObjectMapping: 0.009300 ms MarkObjects: 0.299400 ms  DeleteObjects: 0.969800 ms)

SELFPLAY GOALMAP x=-6.13 isPlayer1Goal=True 
(Filename: E:\unity\Runtime/Export/Debug/Debug.bindings.h Line: 39)

SELFPLAY GOALMAP x=6.18 isPlayer1Goal=False 
(Filename: E:\unity\Runtime/Export/Debug/Debug.bindings.h Line: 39)

SELFPLAY GOAL 438 scorer=Zhao ZhaoReward=1 total=201:237 
(Filename: E:\unity\Runtime/Export/Debug/Debug.bindings.h Line: 39)

SELFPLAY GOAL 439 scorer=Zhao ZhaoReward=1 total=201:238 
(Filename: E:\unity\Runtime/Export/Debug/Debug.bindings.h Line: 39)

SELFPLAY GOAL 440 scorer=Fan ZhaoReward=-1 total=202:238 
(Filename: E:\unity\Runtime/Export/Debug/Debug.bindings.h Line: 39)

SELFPLAY GOAL 441 scorer=Fan ZhaoReward=-1 total=203:238 
(Filename: E:\unity\Runtime/Export/Debug/Debug.bindings.h Line: 39)

SELFPLAY GOAL 442 scorer=Fan ZhaoReward=-1 total=204:238 
(Filename: E:\unity\Runtime/Export/Debug/Debug.bindings.h Line: 39)

SELFPLAY PROGRESS goals=442/500 matches=48 score=204:238 real=191.9398 
(Filename: E:\unity\Runtime/Export/Debug/Debug.bindings.h Line: 39)

SELFPLAY GOAL 443 scorer=Fan ZhaoReward=-1 total=205:238 
(Filename: E:\unity\Runtime/Export/Debug/Debug.bindings.h Line: 39)

SELFPLAY GOAL 444 scorer=Fan ZhaoReward=-1 total=206:238 
(Filename: E:\unity\Runtime/Export/Debug/Debug.bindings.h Line: 39)

SELFPLAY MATCH 48 goals=7 total=444 score=5:2 
(Filename: E:\unity\Runtime/Export/Debug/Debug.bindings.h Line: 39)

Unloading 4 Unused Serialized files (Serialized files now loaded: 0)
UnloadTime: 0.640400 ms

Unloading 4 unused Assets to reduce memory usage. Loaded Objects now: 1059.
Total: 1.287100 ms (FindLiveObjects: 0.040900 ms CreateObjectMapping: 0.009400 ms MarkObjects: 0.312700 ms  DeleteObjects: 0.923500 ms)

SELFPLAY GOALMAP x=-6.13 isPlayer1Goal=True 
(Filename: E:\unity\Runtime/Export/Debug/Debug.bindings.h Line: 39)

SELFPLAY GOALMAP x=6.18 isPlayer1Goal=False 
(Filename: E:\unity\Runtime/Export/Debug/Debug.bindings.h Line: 39)

SELFPLAY GOAL 445 scorer=Zhao ZhaoReward=1 total=206:239 
(Filename: E:\unity\Runtime/Export/Debug/Debug.bindings.h Line: 39)

SELFPLAY GOAL 446 scorer=Zhao ZhaoReward=1 total=206:240 
(Filename: E:\unity\Runtime/Export/Debug/Debug.bindings.h Line: 39)

SELFPLAY GOAL 447 scorer=Fan ZhaoReward=-1 total=207:240 
(Filename: E:\unity\Runtime/Export/Debug/Debug.bindings.h Line: 39)

SELFPLAY GOAL 448 scorer=Fan ZhaoReward=-1 total=208:240 
(Filename: E:\unity\Runtime/Export/Debug/Debug.bindings.h Line: 39)

SELFPLAY GOAL 449 scorer=Zhao ZhaoReward=1 total=208:241 
(Filename: E:\unity\Runtime/Export/Debug/Debug.bindings.h Line: 39)

SELFPLAY GOAL 450 scorer=Fan ZhaoReward=-1 total=209:241 
(Filename: E:\unity\Runtime/Export/Debug/Debug.bindings.h Line: 39)

SELFPLAY GOAL 451 scorer=Fan ZhaoReward=-1 total=210:241 
(Filename: E:\unity\Runtime/Export/Debug/Debug.bindings.h Line: 39)

SELFPLAY GOAL 452 scorer=Fan ZhaoReward=-1 total=211:241 
(Filename: E:\unity\Runtime/Export/Debug/Debug.bindings.h Line: 39)

SELFPLAY GOAL 453 scorer=Fan ZhaoReward=-1 total=212:241 
(Filename: E:\unity\Runtime/Export/Debug/Debug.bindings.h Line: 39)

SELFPLAY GOAL 454 scorer=Zhao ZhaoReward=1 total=212:242 
(Filename: E:\unity\Runtime/Export/Debug/Debug.bindings.h Line: 39)

SELFPLAY GOAL 455 scorer=Zhao ZhaoReward=1 total=212:243 
(Filename: E:\unity\Runtime/Export/Debug/Debug.bindings.h Line: 39)

SELFPLAY MATCH 49 goals=11 total=455 score=6:5 
(Filename: E:\unity\Runtime/Export/Debug/Debug.bindings.h Line: 39)

Unloading 4 Unused Serialized files (Serialized files now loaded: 0)
UnloadTime: 0.708200 ms

Unloading 4 unused Assets to reduce memory usage. Loaded Objects now: 1059.
Total: 1.432700 ms (FindLiveObjects: 0.053600 ms CreateObjectMapping: 0.010300 ms MarkObjects: 0.353900 ms  DeleteObjects: 1.014100 ms)

SELFPLAY GOALMAP x=-6.13 isPlayer1Goal=True 
(Filename: E:\unity\Runtime/Export/Debug/Debug.bindings.h Line: 39)

SELFPLAY GOALMAP x=6.18 isPlayer1Goal=False 
(Filename: E:\unity\Runtime/Export/Debug/Debug.bindings.h Line: 39)

SELFPLAY GOAL 456 scorer=Zhao ZhaoReward=1 total=212:244 
(Filename: E:\unity\Runtime/Export/Debug/Debug.bindings.h Line: 39)

SELFPLAY GOAL 457 scorer=Fan ZhaoReward=-1 total=213:244 
(Filename: E:\unity\Runtime/Export/Debug/Debug.bindings.h Line: 39)

SELFPLAY GOAL 458 scorer=Fan ZhaoReward=-1 total=214:244 
(Filename: E:\unity\Runtime/Export/Debug/Debug.bindings.h Line: 39)

SELFPLAY GOAL 459 scorer=Zhao ZhaoReward=1 total=214:245 
(Filename: E:\unity\Runtime/Export/Debug/Debug.bindings.h Line: 39)

SELFPLAY GOAL 460 scorer=Fan ZhaoReward=-1 total=215:245 
(Filename: E:\unity\Runtime/Export/Debug/Debug.bindings.h Line: 39)

SELFPLAY GOAL 461 scorer=Zhao ZhaoReward=1 total=215:246 
(Filename: E:\unity\Runtime/Export/Debug/Debug.bindings.h Line: 39)

SELFPLAY GOAL 462 scorer=Zhao ZhaoReward=1 total=215:247 
(Filename: E:\unity\Runtime/Export/Debug/Debug.bindings.h Line: 39)

SELFPLAY GOAL 463 scorer=Zhao ZhaoReward=1 total=215:248 
(Filename: E:\unity\Runtime/Export/Debug/Debug.bindings.h Line: 39)

SELFPLAY GOAL 464 scorer=Zhao ZhaoReward=1 total=215:249 
(Filename: E:\unity\Runtime/Export/Debug/Debug.bindings.h Line: 39)

SELFPLAY GOAL 465 scorer=Zhao ZhaoReward=1 total=215:250 
(Filename: E:\unity\Runtime/Export/Debug/Debug.bindings.h Line: 39)

SELFPLAY MATCH 50 goals=10 total=465 score=3:7 
(Filename: E:\unity\Runtime/Export/Debug/Debug.bindings.h Line: 39)

Unloading 4 Unused Serialized files (Serialized files now loaded: 0)
UnloadTime: 0.661200 ms

Unloading 4 unused Assets to reduce memory usage. Loaded Objects now: 1059.
Total: 1.394300 ms (FindLiveObjects: 0.042600 ms CreateObjectMapping: 0.009200 ms MarkObjects: 0.393800 ms  DeleteObjects: 0.948400 ms)

SELFPLAY GOALMAP x=-6.13 isPlayer1Goal=True 
(Filename: E:\unity\Runtime/Export/Debug/Debug.bindings.h Line: 39)

SELFPLAY GOALMAP x=6.18 isPlayer1Goal=False 
(Filename: E:\unity\Runtime/Export/Debug/Debug.bindings.h Line: 39)

SELFPLAY GOAL 466 scorer=Fan ZhaoReward=-1 total=216:250 
(Filename: E:\unity\Runtime/Export/Debug/Debug.bindings.h Line: 39)

SELFPLAY GOAL 467 scorer=Fan ZhaoReward=-1 total=217:250 
(Filename: E:\unity\Runtime/Export/Debug/Debug.bindings.h Line: 39)

SELFPLAY GOAL 468 scorer=Fan ZhaoReward=-1 total=218:250 
(Filename: E:\unity\Runtime/Export/Debug/Debug.bindings.h Line: 39)

SELFPLAY GOAL 469 scorer=Zhao ZhaoReward=1 total=218:251 
(Filename: E:\unity\Runtime/Export/Debug/Debug.bindings.h Line: 39)

SELFPLAY GOAL 470 scorer=Zhao ZhaoReward=1 total=218:252 
(Filename: E:\unity\Runtime/Export/Debug/Debug.bindings.h Line: 39)

SELFPLAY GOAL 471 scorer=Fan ZhaoReward=-1 total=219:252 
(Filename: E:\unity\Runtime/Export/Debug/Debug.bindings.h Line: 39)

SELFPLAY GOAL 472 scorer=Fan ZhaoReward=-1 total=220:252 
(Filename: E:\unity\Runtime/Export/Debug/Debug.bindings.h Line: 39)

SELFPLAY GOAL 473 scorer=Fan ZhaoReward=-1 total=221:252 
(Filename: E:\unity\Runtime/Export/Debug/Debug.bindings.h Line: 39)

SELFPLAY GOAL 474 scorer=Zhao ZhaoReward=1 total=221:253 
(Filename: E:\unity\Runtime/Export/Debug/Debug.bindings.h Line: 39)

SELFPLAY GOAL 475 scorer=Zhao ZhaoReward=1 total=221:254 
(Filename: E:\unity\Runtime/Export/Debug/Debug.bindings.h Line: 39)

SELFPLAY MATCH 51 goals=10 total=475 score=6:4 
(Filename: E:\unity\Runtime/Export/Debug/Debug.bindings.h Line: 39)

Unloading 4 Unused Serialized files (Serialized files now loaded: 0)
UnloadTime: 0.466700 ms

Unloading 4 unused Assets to reduce memory usage. Loaded Objects now: 1059.
Total: 1.488700 ms (FindLiveObjects: 0.045100 ms CreateObjectMapping: 0.010800 ms MarkObjects: 0.394400 ms  DeleteObjects: 1.037900 ms)

SELFPLAY GOALMAP x=-6.13 isPlayer1Goal=True 
(Filename: E:\unity\Runtime/Export/Debug/Debug.bindings.h Line: 39)

SELFPLAY GOALMAP x=6.18 isPlayer1Goal=False 
(Filename: E:\unity\Runtime/Export/Debug/Debug.bindings.h Line: 39)

SELFPLAY GOAL 476 scorer=Fan ZhaoReward=-1 total=222:254 
(Filename: E:\unity\Runtime/Export/Debug/Debug.bindings.h Line: 39)

SELFPLAY GOAL 477 scorer=Fan ZhaoReward=-1 total=223:254 
(Filename: E:\unity\Runtime/Export/Debug/Debug.bindings.h Line: 39)

SELFPLAY GOAL 478 scorer=Zhao ZhaoReward=1 total=223:255 
(Filename: E:\unity\Runtime/Export/Debug/Debug.bindings.h Line: 39)

SELFPLAY GOAL 479 scorer=Fan ZhaoReward=-1 total=224:255 
(Filename: E:\unity\Runtime/Export/Debug/Debug.bindings.h Line: 39)

SELFPLAY GOAL 480 scorer=Fan ZhaoReward=-1 total=225:255 
(Filename: E:\unity\Runtime/Export/Debug/Debug.bindings.h Line: 39)

SELFPLAY GOAL 481 scorer=Fan ZhaoReward=-1 total=226:255 
(Filename: E:\unity\Runtime/Export/Debug/Debug.bindings.h Line: 39)

SELFPLAY GOAL 482 scorer=Zhao ZhaoReward=1 total=226:256 
(Filename: E:\unity\Runtime/Export/Debug/Debug.bindings.h Line: 39)

SELFPLAY GOAL 483 scorer=Fan ZhaoReward=-1 total=227:256 
(Filename: E:\unity\Runtime/Export/Debug/Debug.bindings.h Line: 39)

SELFPLAY GOAL 484 scorer=Zhao ZhaoReward=1 total=227:257 
(Filename: E:\unity\Runtime/Export/Debug/Debug.bindings.h Line: 39)

SELFPLAY GOAL 485 scorer=Zhao ZhaoReward=1 total=227:258 
(Filename: E:\unity\Runtime/Export/Debug/Debug.bindings.h Line: 39)

SELFPLAY GOAL 486 scorer=Zhao ZhaoReward=1 total=227:259 
(Filename: E:\unity\Runtime/Export/Debug/Debug.bindings.h Line: 39)

SELFPLAY MATCH 52 goals=11 total=486 score=6:5 
(Filename: E:\unity\Runtime/Export/Debug/Debug.bindings.h Line: 39)

Unloading 4 Unused Serialized files (Serialized files now loaded: 0)
UnloadTime: 0.583600 ms

Unloading 4 unused Assets to reduce memory usage. Loaded Objects now: 1059.
Total: 1.526000 ms (FindLiveObjects: 0.044400 ms CreateObjectMapping: 0.009600 ms MarkObjects: 0.336000 ms  DeleteObjects: 1.135400 ms)

SELFPLAY GOALMAP x=-6.13 isPlayer1Goal=True 
(Filename: E:\unity\Runtime/Export/Debug/Debug.bindings.h Line: 39)

SELFPLAY GOALMAP x=6.18 isPlayer1Goal=False 
(Filename: E:\unity\Runtime/Export/Debug/Debug.bindings.h Line: 39)

SELFPLAY GOAL 487 scorer=Fan ZhaoReward=-1 total=228:259 
(Filename: E:\unity\Runtime/Export/Debug/Debug.bindings.h Line: 39)

SELFPLAY GOAL 488 scorer=Zhao ZhaoReward=1 total=228:260 
(Filename: E:\unity\Runtime/Export/Debug/Debug.bindings.h Line: 39)

SELFPLAY GOAL 489 scorer=Fan ZhaoReward=-1 total=229:260 
(Filename: E:\unity\Runtime/Export/Debug/Debug.bindings.h Line: 39)

SELFPLAY GOAL 490 scorer=Zhao ZhaoReward=1 total=229:261 
(Filename: E:\unity\Runtime/Export/Debug/Debug.bindings.h Line: 39)

SELFPLAY GOAL 491 scorer=Zhao ZhaoReward=1 total=229:262 
(Filename: E:\unity\Runtime/Export/Debug/Debug.bindings.h Line: 39)

SELFPLAY GOAL 492 scorer=Fan ZhaoReward=-1 total=230:262 
(Filename: E:\unity\Runtime/Export/Debug/Debug.bindings.h Line: 39)

SELFPLAY GOAL 493 scorer=Zhao ZhaoReward=1 total=230:263 
(Filename: E:\unity\Runtime/Export/Debug/Debug.bindings.h Line: 39)

SELFPLAY GOAL 494 scorer=Fan ZhaoReward=-1 total=231:263 
(Filename: E:\unity\Runtime/Export/Debug/Debug.bindings.h Line: 39)

SELFPLAY GOAL 495 scorer=Zhao ZhaoReward=1 total=231:264 
(Filename: E:\unity\Runtime/Export/Debug/Debug.bindings.h Line: 39)

SELFPLAY GOAL 496 scorer=Zhao ZhaoReward=1 total=231:265 
(Filename: E:\unity\Runtime/Export/Debug/Debug.bindings.h Line: 39)

SELFPLAY GOAL 497 scorer=Fan ZhaoReward=-1 total=232:265 
(Filename: E:\unity\Runtime/Export/Debug/Debug.bindings.h Line: 39)

SELFPLAY GOAL 498 scorer=Zhao ZhaoReward=1 total=232:266 
(Filename: E:\unity\Runtime/Export/Debug/Debug.bindings.h Line: 39)

SELFPLAY MATCH 53 goals=12 total=498 score=5:7 
(Filename: E:\unity\Runtime/Export/Debug/Debug.bindings.h Line: 39)

Unloading 4 Unused Serialized files (Serialized files now loaded: 0)
UnloadTime: 0.460000 ms

Unloading 4 unused Assets to reduce memory usage. Loaded Objects now: 1059.
Total: 1.492900 ms (FindLiveObjects: 0.048900 ms CreateObjectMapping: 0.029100 ms MarkObjects: 0.302500 ms  DeleteObjects: 1.111800 ms)

SELFPLAY GOALMAP x=-6.13 isPlayer1Goal=True 
(Filename: E:\unity\Runtime/Export/Debug/Debug.bindings.h Line: 39)

SELFPLAY GOALMAP x=6.18 isPlayer1Goal=False 
(Filename: E:\unity\Runtime/Export/Debug/Debug.bindings.h Line: 39)

SELFPLAY GOAL 499 scorer=Zhao ZhaoReward=1 total=232:267 
(Filename: E:\unity\Runtime/Export/Debug/Debug.bindings.h Line: 39)

SELFPLAY GOAL 500 scorer=Zhao ZhaoReward=1 total=232:268 
(Filename: E:\unity\Runtime/Export/Debug/Debug.bindings.h Line: 39)

SELFPLAY MATCH 54 goals=2 total=500 score=0:2 
(Filename: E:\unity\Runtime/Export/Debug/Debug.bindings.h Line: 39)

SELFPLAY COMPLETE goals=500 fan=232 zhao=268 matches=54 failures=0 
(Filename: E:\unity\Runtime/Export/Debug/Debug.bindings.h Line: 39)

Setting up 12 worker threads for Enlighten.
  Thread -> id: 6950 -> priority: 1 
  Thread -> id: 1134 -> priority: 1 
  Thread -> id: 27a8 -> priority: 1 
  Thread -> id: 6cfc -> priority: 1 
  Thread -> id: 4358 -> priority: 1 
  Thread -> id: 817c -> priority: 1 
  Thread -> id: a6c8 -> priority: 1 
  Thread -> id: 6220 -> priority: 1 
  Thread -> id: 86f8 -> priority: 1 
  Thread -> id: a018 -> priority: 1 
  Thread -> id: 2114 -> priority: 1 
  Thread -> id: 2b54 -> priority: 1 

SELFPLAY COMPLETE goals=2000 fan=941 zhao=1059 workers=4 failures=0
