Mono path[0] = 'C:/Users/Alienware/Documents/范志毅VS赵鹏/范志毅VS赵鹏 PC双人版（32位）/鑼冨織姣匳S璧甸箯 PC鍙屼汉鐗堬紙32浣嶏級/AI Mod Source/build/fan-strategy-selfplay-original-worker-0/FanZhiYi_Data/Managed'
Mono config path = 'C:/Users/Alienware/Documents/范志毅VS赵鹏/范志毅VS赵鹏 PC双人版（32位）/鑼冨織姣匳S璧甸箯 PC鍙屼汉鐗堬紙32浣嶏級/AI Mod Source/build/fan-strategy-selfplay-original-worker-0/MonoBleedingEdge/etc'
AS: AutoStreaming module initializing.Initialize engine version: 2019.4.33f1c1 (c2f94a8bebb3)
[Subsystems] Discovering subsystems at path C:/Users/Alienware/Documents/范志毅VS赵鹏/范志毅VS赵鹏 PC双人版（32位）/鑼冨織姣匳S璧甸箯 PC鍙屼汉鐗堬紙32浣嶏級/AI Mod Source/build/fan-strategy-selfplay-original-worker-0/FanZhiYi_Data/UnitySubsystems
Forcing GfxDevice: Null
GfxDevice: creating device client; threaded=0
NullGfxDevice:
    Version:  NULL 1.0 [1.0]
    Renderer: Null Device
    Vendor:   Unity Technologies
Begin MonoManager ReloadAssembly
- Completed reload, in  0.097 seconds
Microsoft Media Foundation video decoding to texture disabled: graphics device is Null, only Direct3D 11 and Direct3D 12 (only on desktop) are supported for hardware-accelerated video decoding.
UnloadTime: 0.569100 ms
Unloading 5 Unused Serialized files (Serialized files now loaded: 0)
UnloadTime: 0.161500 ms

Unloading 145 unused Assets to reduce memory usage. Loaded Objects now: 1003.
Total: 0.621600 ms (FindLiveObjects: 0.043000 ms CreateObjectMapping: 0.009800 ms MarkObjects: 0.220300 ms  DeleteObjects: 0.347900 ms)

SELFPLAY GOALMAP x=-6.13 isPlayer1Goal=True 
(Filename: E:\unity\Runtime/Export/Debug/Debug.bindings.h Line: 39)

SELFPLAY GOALMAP x=6.18 isPlayer1Goal=False 
(Filename: E:\unity\Runtime/Export/Debug/Debug.bindings.h Line: 39)

SELFPLAY GOAL 101 scorer=Fan ZhaoReward=-1 total=47:54 
(Filename: E:\unity\Runtime/Export/Debug/Debug.bindings.h Line: 39)

SELFPLAY GOAL 102 scorer=Fan ZhaoReward=-1 total=48:54 
(Filename: E:\unity\Runtime/Export/Debug/Debug.bindings.h Line: 39)

SELFPLAY GOAL 103 scorer=Zhao ZhaoReward=1 total=48:55 
(Filename: E:\unity\Runtime/Export/Debug/Debug.bindings.h Line: 39)

SELFPLAY GOAL 104 scorer=Zhao ZhaoReward=1 total=48:56 
(Filename: E:\unity\Runtime/Export/Debug/Debug.bindings.h Line: 39)

SELFPLAY GOAL 105 scorer=Zhao ZhaoReward=1 total=48:57 
(Filename: E:\unity\Runtime/Export/Debug/Debug.bindings.h Line: 39)

SELFPLAY GOAL 106 scorer=Fan ZhaoReward=-1 total=49:57 
(Filename: E:\unity\Runtime/Export/Debug/Debug.bindings.h Line: 39)

SELFPLAY GOAL 107 scorer=Zhao ZhaoReward=1 total=49:58 
(Filename: E:\unity\Runtime/Export/Debug/Debug.bindings.h Line: 39)

SELFPLAY GOAL 108 scorer=Zhao ZhaoReward=1 total=49:59 
(Filename: E:\unity\Runtime/Export/Debug/Debug.bindings.h Line: 39)

SELFPLAY GOAL 109 scorer=Fan ZhaoReward=-1 total=50:59 
(Filename: E:\unity\Runtime/Export/Debug/Debug.bindings.h Line: 39)

SELFPLAY GOAL 110 scorer=Zhao ZhaoReward=1 total=50:60 
(Filename: E:\unity\Runtime/Export/Debug/Debug.bindings.h Line: 39)

SELFPLAY GOAL 111 scorer=Zhao ZhaoReward=1 total=50:61 
(Filename: E:\unity\Runtime/Export/Debug/Debug.bindings.h Line: 39)

SELFPLAY GOAL 112 scorer=Fan ZhaoReward=-1 total=51:61 
(Filename: E:\unity\Runtime/Export/Debug/Debug.bindings.h Line: 39)

SELFPLAY GOAL 113 scorer=Zhao ZhaoReward=1 total=51:62 
(Filename: E:\unity\Runtime/Export/Debug/Debug.bindings.h Line: 39)

SELFPLAY MATCH 11 goals=13 total=113 score=5:8 
(Filename: E:\unity\Runtime/Export/Debug/Debug.bindings.h Line: 39)

Unloading 4 Unused Serialized files (Serialized files now loaded: 0)
UnloadTime: 1.135500 ms

Unloading 37 unused Assets to reduce memory usage. Loaded Objects now: 1059.
Total: 1.223100 ms (FindLiveObjects: 0.061700 ms CreateObjectMapping: 0.010600 ms MarkObjects: 0.260500 ms  DeleteObjects: 0.889800 ms)

SELFPLAY GOALMAP x=-6.13 isPlayer1Goal=True 
(Filename: E:\unity\Runtime/Export/Debug/Debug.bindings.h Line: 39)

SELFPLAY GOALMAP x=6.18 isPlayer1Goal=False 
(Filename: E:\unity\Runtime/Export/Debug/Debug.bindings.h Line: 39)

SELFPLAY GOAL 114 scorer=Fan ZhaoReward=-1 total=52:62 
(Filename: E:\unity\Runtime/Export/Debug/Debug.bindings.h Line: 39)

SELFPLAY GOAL 115 scorer=Zhao ZhaoReward=1 total=52:63 
(Filename: E:\unity\Runtime/Export/Debug/Debug.bindings.h Line: 39)

SELFPLAY GOAL 116 scorer=Fan ZhaoReward=-1 total=53:63 
(Filename: E:\unity\Runtime/Export/Debug/Debug.bindings.h Line: 39)

SELFPLAY GOAL 117 scorer=Zhao ZhaoReward=1 total=53:64 
(Filename: E:\unity\Runtime/Export/Debug/Debug.bindings.h Line: 39)

SELFPLAY GOAL 118 scorer=Fan ZhaoReward=-1 total=54:64 
(Filename: E:\unity\Runtime/Export/Debug/Debug.bindings.h Line: 39)

SELFPLAY GOAL 119 scorer=Fan ZhaoReward=-1 total=55:64 
(Filename: E:\unity\Runtime/Export/Debug/Debug.bindings.h Line: 39)

SELFPLAY GOAL 120 scorer=Fan ZhaoReward=-1 total=56:64 
(Filename: E:\unity\Runtime/Export/Debug/Debug.bindings.h Line: 39)

SELFPLAY GOAL 121 scorer=Zhao ZhaoReward=1 total=56:65 
(Filename: E:\unity\Runtime/Export/Debug/Debug.bindings.h Line: 39)

SELFPLAY GOAL 122 scorer=Fan ZhaoReward=-1 total=57:65 
(Filename: E:\unity\Runtime/Export/Debug/Debug.bindings.h Line: 39)

SELFPLAY GOAL 123 scorer=Fan ZhaoReward=-1 total=58:65 
(Filename: E:\unity\Runtime/Export/Debug/Debug.bindings.h Line: 39)

SELFPLAY GOAL 124 scorer=Zhao ZhaoReward=1 total=58:66 
(Filename: E:\unity\Runtime/Export/Debug/Debug.bindings.h Line: 39)

SELFPLAY GOAL 125 scorer=Fan ZhaoReward=-1 total=59:66 
(Filename: E:\unity\Runtime/Export/Debug/Debug.bindings.h Line: 39)

SELFPLAY GOAL 126 scorer=Zhao ZhaoReward=1 total=59:67 
(Filename: E:\unity\Runtime/Export/Debug/Debug.bindings.h Line: 39)

SELFPLAY MATCH 12 goals=13 total=126 score=8:5 
(Filename: E:\unity\Runtime/Export/Debug/Debug.bindings.h Line: 39)

Unloading 4 Unused Serialized files (Serialized files now loaded: 0)
UnloadTime: 0.443100 ms

Unloading 4 unused Assets to reduce memory usage. Loaded Objects now: 1059.
Total: 1.489100 ms (FindLiveObjects: 0.042400 ms CreateObjectMapping: 0.009500 ms MarkObjects: 0.295100 ms  DeleteObjects: 1.141800 ms)

SELFPLAY GOALMAP x=-6.13 isPlayer1Goal=True 
(Filename: E:\unity\Runtime/Export/Debug/Debug.bindings.h Line: 39)

SELFPLAY GOALMAP x=6.18 isPlayer1Goal=False 
(Filename: E:\unity\Runtime/Export/Debug/Debug.bindings.h Line: 39)

SELFPLAY GOAL 127 scorer=Fan ZhaoReward=-1 total=60:67 
(Filename: E:\unity\Runtime/Export/Debug/Debug.bindings.h Line: 39)

SELFPLAY GOAL 128 scorer=Zhao ZhaoReward=1 total=60:68 
(Filename: E:\unity\Runtime/Export/Debug/Debug.bindings.h Line: 39)

SELFPLAY GOAL 129 scorer=Fan ZhaoReward=-1 total=61:68 
(Filename: E:\unity\Runtime/Export/Debug/Debug.bindings.h Line: 39)

SELFPLAY GOAL 130 scorer=Zhao ZhaoReward=1 total=61:69 
(Filename: E:\unity\Runtime/Export/Debug/Debug.bindings.h Line: 39)

SELFPLAY GOAL 131 scorer=Zhao ZhaoReward=1 total=61:70 
(Filename: E:\unity\Runtime/Export/Debug/Debug.bindings.h Line: 39)

SELFPLAY GOAL 132 scorer=Fan ZhaoReward=-1 total=62:70 
(Filename: E:\unity\Runtime/Export/Debug/Debug.bindings.h Line: 39)

SELFPLAY GOAL 133 scorer=Zhao ZhaoReward=1 total=62:71 
(Filename: E:\unity\Runtime/Export/Debug/Debug.bindings.h Line: 39)

SELFPLAY GOAL 134 scorer=Fan ZhaoReward=-1 total=63:71 
(Filename: E:\unity\Runtime/Export/Debug/Debug.bindings.h Line: 39)

SELFPLAY GOAL 135 scorer=Fan ZhaoReward=-1 total=64:71 
(Filename: E:\unity\Runtime/Export/Debug/Debug.bindings.h Line: 39)

SELFPLAY MATCH 13 goals=9 total=135 score=5:4 
(Filename: E:\unity\Runtime/Export/Debug/Debug.bindings.h Line: 39)

Unloading 4 Unused Serialized files (Serialized files now loaded: 0)
UnloadTime: 0.565700 ms

Unloading 4 unused Assets to reduce memory usage. Loaded Objects now: 1059.
Total: 1.164400 ms (FindLiveObjects: 0.050700 ms CreateObjectMapping: 0.012400 ms MarkObjects: 0.257000 ms  DeleteObjects: 0.843900 ms)

SELFPLAY GOALMAP x=-6.13 isPlayer1Goal=True 
(Filename: E:\unity\Runtime/Export/Debug/Debug.bindings.h Line: 39)

SELFPLAY GOALMAP x=6.18 isPlayer1Goal=False 
(Filename: E:\unity\Runtime/Export/Debug/Debug.bindings.h Line: 39)

SELFPLAY GOAL 136 scorer=Zhao ZhaoReward=1 total=64:72 
(Filename: E:\unity\Runtime/Export/Debug/Debug.bindings.h Line: 39)

SELFPLAY GOAL 137 scorer=Zhao ZhaoReward=1 total=64:73 
(Filename: E:\unity\Runtime/Export/Debug/Debug.bindings.h Line: 39)

SELFPLAY GOAL 138 scorer=Zhao ZhaoReward=1 total=64:74 
(Filename: E:\unity\Runtime/Export/Debug/Debug.bindings.h Line: 39)

SELFPLAY GOAL 139 scorer=Zhao ZhaoReward=1 total=64:75 
(Filename: E:\unity\Runtime/Export/Debug/Debug.bindings.h Line: 39)

SELFPLAY GOAL 140 scorer=Fan ZhaoReward=-1 total=65:75 
(Filename: E:\unity\Runtime/Export/Debug/Debug.bindings.h Line: 39)

SELFPLAY GOAL 141 scorer=Fan ZhaoReward=-1 total=66:75 
(Filename: E:\unity\Runtime/Export/Debug/Debug.bindings.h Line: 39)

SELFPLAY GOAL 142 scorer=Fan ZhaoReward=-1 total=67:75 
(Filename: E:\unity\Runtime/Export/Debug/Debug.bindings.h Line: 39)

SELFPLAY GOAL 143 scorer=Fan ZhaoReward=-1 total=68:75 
(Filename: E:\unity\Runtime/Export/Debug/Debug.bindings.h Line: 39)

SELFPLAY GOAL 144 scorer=Zhao ZhaoReward=1 total=68:76 
(Filename: E:\unity\Runtime/Export/Debug/Debug.bindings.h Line: 39)

SELFPLAY GOAL 145 scorer=Fan ZhaoReward=-1 total=69:76 
(Filename: E:\unity\Runtime/Export/Debug/Debug.bindings.h Line: 39)

SELFPLAY GOAL 146 scorer=Fan ZhaoReward=-1 total=70:76 
(Filename: E:\unity\Runtime/Export/Debug/Debug.bindings.h Line: 39)

SELFPLAY GOAL 147 scorer=Fan ZhaoReward=-1 total=71:76 
(Filename: E:\unity\Runtime/Export/Debug/Debug.bindings.h Line: 39)

SELFPLAY MATCH 14 goals=12 total=147 score=7:5 
(Filename: E:\unity\Runtime/Export/Debug/Debug.bindings.h Line: 39)

Unloading 4 Unused Serialized files (Serialized files now loaded: 0)
UnloadTime: 0.477400 ms

Unloading 4 unused Assets to reduce memory usage. Loaded Objects now: 1059.
Total: 1.163200 ms (FindLiveObjects: 0.040000 ms CreateObjectMapping: 0.009200 ms MarkObjects: 0.235900 ms  DeleteObjects: 0.877800 ms)

SELFPLAY GOALMAP x=-6.13 isPlayer1Goal=True 
(Filename: E:\unity\Runtime/Export/Debug/Debug.bindings.h Line: 39)

SELFPLAY GOALMAP x=6.18 isPlayer1Goal=False 
(Filename: E:\unity\Runtime/Export/Debug/Debug.bindings.h Line: 39)

SELFPLAY GOAL 148 scorer=Fan ZhaoReward=-1 total=72:76 
(Filename: E:\unity\Runtime/Export/Debug/Debug.bindings.h Line: 39)

SELFPLAY GOAL 149 scorer=Fan ZhaoReward=-1 total=73:76 
(Filename: E:\unity\Runtime/Export/Debug/Debug.bindings.h Line: 39)

SELFPLAY GOAL 150 scorer=Zhao ZhaoReward=1 total=73:77 
(Filename: E:\unity\Runtime/Export/Debug/Debug.bindings.h Line: 39)

SELFPLAY GOAL 151 scorer=Zhao ZhaoReward=1 total=73:78 
(Filename: E:\unity\Runtime/Export/Debug/Debug.bindings.h Line: 39)

SELFPLAY GOAL 152 scorer=Zhao ZhaoReward=1 total=73:79 
(Filename: E:\unity\Runtime/Export/Debug/Debug.bindings.h Line: 39)

SELFPLAY GOAL 153 scorer=Fan ZhaoReward=-1 total=74:79 
(Filename: E:\unity\Runtime/Export/Debug/Debug.bindings.h Line: 39)

SELFPLAY GOAL 154 scorer=Fan ZhaoReward=-1 total=75:79 
(Filename: E:\unity\Runtime/Export/Debug/Debug.bindings.h Line: 39)

SELFPLAY MATCH 15 goals=7 total=154 score=4:3 
(Filename: E:\unity\Runtime/Export/Debug/Debug.bindings.h Line: 39)

Unloading 4 Unused Serialized files (Serialized files now loaded: 0)
UnloadTime: 0.570900 ms

Unloading 4 unused Assets to reduce memory usage. Loaded Objects now: 1059.
Total: 1.296100 ms (FindLiveObjects: 0.039700 ms CreateObjectMapping: 0.016400 ms MarkObjects: 0.252800 ms  DeleteObjects: 0.986700 ms)

SELFPLAY GOALMAP x=-6.13 isPlayer1Goal=True 
(Filename: E:\unity\Runtime/Export/Debug/Debug.bindings.h Line: 39)

SELFPLAY GOALMAP x=6.18 isPlayer1Goal=False 
(Filename: E:\unity\Runtime/Export/Debug/Debug.bindings.h Line: 39)

SELFPLAY GOAL 155 scorer=Fan ZhaoReward=-1 total=76:79 
(Filename: E:\unity\Runtime/Export/Debug/Debug.bindings.h Line: 39)

SELFPLAY GOAL 156 scorer=Zhao ZhaoReward=1 total=76:80 
(Filename: E:\unity\Runtime/Export/Debug/Debug.bindings.h Line: 39)

SELFPLAY GOAL 157 scorer=Fan ZhaoReward=-1 total=77:80 
(Filename: E:\unity\Runtime/Export/Debug/Debug.bindings.h Line: 39)

SELFPLAY GOAL 158 scorer=Fan ZhaoReward=-1 total=78:80 
(Filename: E:\unity\Runtime/Export/Debug/Debug.bindings.h Line: 39)

SELFPLAY GOAL 159 scorer=Zhao ZhaoReward=1 total=78:81 
(Filename: E:\unity\Runtime/Export/Debug/Debug.bindings.h Line: 39)

SELFPLAY GOAL 160 scorer=Fan ZhaoReward=-1 total=79:81 
(Filename: E:\unity\Runtime/Export/Debug/Debug.bindings.h Line: 39)

SELFPLAY GOAL 161 scorer=Fan ZhaoReward=-1 total=80:81 
(Filename: E:\unity\Runtime/Export/Debug/Debug.bindings.h Line: 39)

SELFPLAY GOAL 162 scorer=Fan ZhaoReward=-1 total=81:81 
(Filename: E:\unity\Runtime/Export/Debug/Debug.bindings.h Line: 39)

SELFPLAY GOAL 163 scorer=Zhao ZhaoReward=1 total=81:82 
(Filename: E:\unity\Runtime/Export/Debug/Debug.bindings.h Line: 39)

SELFPLAY GOAL 164 scorer=Zhao ZhaoReward=1 total=81:83 
(Filename: E:\unity\Runtime/Export/Debug/Debug.bindings.h Line: 39)

SELFPLAY GOAL 165 scorer=Zhao ZhaoReward=1 total=81:84 
(Filename: E:\unity\Runtime/Export/Debug/Debug.bindings.h Line: 39)

SELFPLAY GOAL 166 scorer=Zhao ZhaoReward=1 total=81:85 
(Filename: E:\unity\Runtime/Export/Debug/Debug.bindings.h Line: 39)

SELFPLAY MATCH 16 goals=12 total=166 score=6:6 
(Filename: E:\unity\Runtime/Export/Debug/Debug.bindings.h Line: 39)

Unloading 4 Unused Serialized files (Serialized files now loaded: 0)
UnloadTime: 0.474400 ms

Unloading 4 unused Assets to reduce memory usage. Loaded Objects now: 1059.
Total: 1.539700 ms (FindLiveObjects: 0.037200 ms CreateObjectMapping: 0.008600 ms MarkObjects: 0.292200 ms  DeleteObjects: 1.201400 ms)

SELFPLAY GOALMAP x=-6.13 isPlayer1Goal=True 
(Filename: E:\unity\Runtime/Export/Debug/Debug.bindings.h Line: 39)

SELFPLAY GOALMAP x=6.18 isPlayer1Goal=False 
(Filename: E:\unity\Runtime/Export/Debug/Debug.bindings.h Line: 39)

SELFPLAY GOAL 167 scorer=Fan ZhaoReward=-1 total=82:85 
(Filename: E:\unity\Runtime/Export/Debug/Debug.bindings.h Line: 39)

SELFPLAY GOAL 168 scorer=Fan ZhaoReward=-1 total=83:85 
(Filename: E:\unity\Runtime/Export/Debug/Debug.bindings.h Line: 39)

SELFPLAY GOAL 169 scorer=Zhao ZhaoReward=1 total=83:86 
(Filename: E:\unity\Runtime/Export/Debug/Debug.bindings.h Line: 39)

SELFPLAY GOAL 170 scorer=Zhao ZhaoReward=1 total=83:87 
(Filename: E:\unity\Runtime/Export/Debug/Debug.bindings.h Line: 39)

SELFPLAY GOAL 171 scorer=Zhao ZhaoReward=1 total=83:88 
(Filename: E:\unity\Runtime/Export/Debug/Debug.bindings.h Line: 39)

SELFPLAY GOAL 172 scorer=Fan ZhaoReward=-1 total=84:88 
(Filename: E:\unity\Runtime/Export/Debug/Debug.bindings.h Line: 39)

SELFPLAY GOAL 173 scorer=Fan ZhaoReward=-1 total=85:88 
(Filename: E:\unity\Runtime/Export/Debug/Debug.bindings.h Line: 39)

SELFPLAY GOAL 174 scorer=Fan ZhaoReward=-1 total=86:88 
(Filename: E:\unity\Runtime/Export/Debug/Debug.bindings.h Line: 39)

SELFPLAY GOAL 175 scorer=Fan ZhaoReward=-1 total=87:88 
(Filename: E:\unity\Runtime/Export/Debug/Debug.bindings.h Line: 39)

SELFPLAY MATCH 17 goals=9 total=175 score=6:3 
(Filename: E:\unity\Runtime/Export/Debug/Debug.bindings.h Line: 39)

Unloading 4 Unused Serialized files (Serialized files now loaded: 0)
UnloadTime: 0.451300 ms

Unloading 4 unused Assets to reduce memory usage. Loaded Objects now: 1059.
Total: 1.297100 ms (FindLiveObjects: 0.038400 ms CreateObjectMapping: 0.008700 ms MarkObjects: 0.252800 ms  DeleteObjects: 0.996900 ms)

SELFPLAY GOALMAP x=-6.13 isPlayer1Goal=True 
(Filename: E:\unity\Runtime/Export/Debug/Debug.bindings.h Line: 39)

SELFPLAY GOALMAP x=6.18 isPlayer1Goal=False 
(Filename: E:\unity\Runtime/Export/Debug/Debug.bindings.h Line: 39)

SELFPLAY GOAL 176 scorer=Fan ZhaoReward=-1 total=88:88 
(Filename: E:\unity\Runtime/Export/Debug/Debug.bindings.h Line: 39)

SELFPLAY GOAL 177 scorer=Fan ZhaoReward=-1 total=89:88 
(Filename: E:\unity\Runtime/Export/Debug/Debug.bindings.h Line: 39)

SELFPLAY PROGRESS goals=177/500 matches=18 score=89:88 real=67.84915 
(Filename: E:\unity\Runtime/Export/Debug/Debug.bindings.h Line: 39)

SELFPLAY GOAL 178 scorer=Fan ZhaoReward=-1 total=90:88 
(Filename: E:\unity\Runtime/Export/Debug/Debug.bindings.h Line: 39)

SELFPLAY GOAL 179 scorer=Fan ZhaoReward=-1 total=91:88 
(Filename: E:\unity\Runtime/Export/Debug/Debug.bindings.h Line: 39)

SELFPLAY GOAL 180 scorer=Fan ZhaoReward=-1 total=92:88 
(Filename: E:\unity\Runtime/Export/Debug/Debug.bindings.h Line: 39)

SELFPLAY GOAL 181 scorer=Zhao ZhaoReward=1 total=92:89 
(Filename: E:\unity\Runtime/Export/Debug/Debug.bindings.h Line: 39)

SELFPLAY GOAL 182 scorer=Zhao ZhaoReward=1 total=92:90 
(Filename: E:\unity\Runtime/Export/Debug/Debug.bindings.h Line: 39)

SELFPLAY GOAL 183 scorer=Fan ZhaoReward=-1 total=93:90 
(Filename: E:\unity\Runtime/Export/Debug/Debug.bindings.h Line: 39)

SELFPLAY GOAL 184 scorer=Zhao ZhaoReward=1 total=93:91 
(Filename: E:\unity\Runtime/Export/Debug/Debug.bindings.h Line: 39)

SELFPLAY GOAL 185 scorer=Zhao ZhaoReward=1 total=93:92 
(Filename: E:\unity\Runtime/Export/Debug/Debug.bindings.h Line: 39)

SELFPLAY MATCH 18 goals=10 total=185 score=6:4 
(Filename: E:\unity\Runtime/Export/Debug/Debug.bindings.h Line: 39)

Unloading 4 Unused Serialized files (Serialized files now loaded: 0)
UnloadTime: 0.396300 ms

Unloading 4 unused Assets to reduce memory usage. Loaded Objects now: 1059.
Total: 1.153000 ms (FindLiveObjects: 0.038000 ms CreateObjectMapping: 0.009600 ms MarkObjects: 0.250000 ms  DeleteObjects: 0.855000 ms)

SELFPLAY GOALMAP x=-6.13 isPlayer1Goal=True 
(Filename: E:\unity\Runtime/Export/Debug/Debug.bindings.h Line: 39)

SELFPLAY GOALMAP x=6.18 isPlayer1Goal=False 
(Filename: E:\unity\Runtime/Export/Debug/Debug.bindings.h Line: 39)

SELFPLAY GOAL 186 scorer=Fan ZhaoReward=-1 total=94:92 
(Filename: E:\unity\Runtime/Export/Debug/Debug.bindings.h Line: 39)

SELFPLAY GOAL 187 scorer=Zhao ZhaoReward=1 total=94:93 
(Filename: E:\unity\Runtime/Export/Debug/Debug.bindings.h Line: 39)

SELFPLAY GOAL 188 scorer=Zhao ZhaoReward=1 total=94:94 
(Filename: E:\unity\Runtime/Export/Debug/Debug.bindings.h Line: 39)

SELFPLAY GOAL 189 scorer=Zhao ZhaoReward=1 total=94:95 
(Filename: E:\unity\Runtime/Export/Debug/Debug.bindings.h Line: 39)

SELFPLAY GOAL 190 scorer=Fan ZhaoReward=-1 total=95:95 
(Filename: E:\unity\Runtime/Export/Debug/Debug.bindings.h Line: 39)

SELFPLAY GOAL 191 scorer=Zhao ZhaoReward=1 total=95:96 
(Filename: E:\unity\Runtime/Export/Debug/Debug.bindings.h Line: 39)

SELFPLAY GOAL 192 scorer=Zhao ZhaoReward=1 total=95:97 
(Filename: E:\unity\Runtime/Export/Debug/Debug.bindings.h Line: 39)

SELFPLAY GOAL 193 scorer=Fan ZhaoReward=-1 total=96:97 
(Filename: E:\unity\Runtime/Export/Debug/Debug.bindings.h Line: 39)

SELFPLAY GOAL 194 scorer=Zhao ZhaoReward=1 total=96:98 
(Filename: E:\unity\Runtime/Export/Debug/Debug.bindings.h Line: 39)

SELFPLAY GOAL 195 scorer=Zhao ZhaoReward=1 total=96:99 
(Filename: E:\unity\Runtime/Export/Debug/Debug.bindings.h Line: 39)

SELFPLAY GOAL 196 scorer=Zhao ZhaoReward=1 total=96:100 
(Filename: E:\unity\Runtime/Export/Debug/Debug.bindings.h Line: 39)

SELFPLAY MATCH 19 goals=11 total=196 score=3:8 
(Filename: E:\unity\Runtime/Export/Debug/Debug.bindings.h Line: 39)

Unloading 4 Unused Serialized files (Serialized files now loaded: 0)
UnloadTime: 0.418200 ms

Unloading 4 unused Assets to reduce memory usage. Loaded Objects now: 1059.
Total: 1.181400 ms (FindLiveObjects: 0.038000 ms CreateObjectMapping: 0.008800 ms MarkObjects: 0.249300 ms  DeleteObjects: 0.884900 ms)

SELFPLAY GOALMAP x=-6.13 isPlayer1Goal=True 
(Filename: E:\unity\Runtime/Export/Debug/Debug.bindings.h Line: 39)

SELFPLAY GOALMAP x=6.18 isPlayer1Goal=False 
(Filename: E:\unity\Runtime/Export/Debug/Debug.bindings.h Line: 39)

SELFPLAY GOAL 197 scorer=Fan ZhaoReward=-1 total=97:100 
(Filename: E:\unity\Runtime/Export/Debug/Debug.bindings.h Line: 39)

SELFPLAY GOAL 198 scorer=Fan ZhaoReward=-1 total=98:100 
(Filename: E:\unity\Runtime/Export/Debug/Debug.bindings.h Line: 39)

SELFPLAY GOAL 199 scorer=Zhao ZhaoReward=1 total=98:101 
(Filename: E:\unity\Runtime/Export/Debug/Debug.bindings.h Line: 39)

SELFPLAY GOAL 200 scorer=Zhao ZhaoReward=1 total=98:102 
(Filename: E:\unity\Runtime/Export/Debug/Debug.bindings.h Line: 39)

SELFPLAY GOAL 201 scorer=Fan ZhaoReward=-1 total=99:102 
(Filename: E:\unity\Runtime/Export/Debug/Debug.bindings.h Line: 39)

SELFPLAY GOAL 202 scorer=Zhao ZhaoReward=1 total=99:103 
(Filename: E:\unity\Runtime/Export/Debug/Debug.bindings.h Line: 39)

SELFPLAY GOAL 203 scorer=Zhao ZhaoReward=1 total=99:104 
(Filename: E:\unity\Runtime/Export/Debug/Debug.bindings.h Line: 39)

SELFPLAY GOAL 204 scorer=Zhao ZhaoReward=1 total=99:105 
(Filename: E:\unity\Runtime/Export/Debug/Debug.bindings.h Line: 39)

SELFPLAY GOAL 205 scorer=Fan ZhaoReward=-1 total=100:105 
(Filename: E:\unity\Runtime/Export/Debug/Debug.bindings.h Line: 39)

SELFPLAY GOAL 206 scorer=Zhao ZhaoReward=1 total=100:106 
(Filename: E:\unity\Runtime/Export/Debug/Debug.bindings.h Line: 39)

SELFPLAY GOAL 207 scorer=Fan ZhaoReward=-1 total=101:106 
(Filename: E:\unity\Runtime/Export/Debug/Debug.bindings.h Line: 39)

SELFPLAY GOAL 208 scorer=Fan ZhaoReward=-1 total=102:106 
(Filename: E:\unity\Runtime/Export/Debug/Debug.bindings.h Line: 39)

SELFPLAY MATCH 20 goals=12 total=208 score=6:6 
(Filename: E:\unity\Runtime/Export/Debug/Debug.bindings.h Line: 39)

Unloading 4 Unused Serialized files (Serialized files now loaded: 0)
UnloadTime: 0.468500 ms

Unloading 4 unused Assets to reduce memory usage. Loaded Objects now: 1059.
Total: 2.025200 ms (FindLiveObjects: 0.044100 ms CreateObjectMapping: 0.009500 ms MarkObjects: 0.276400 ms  DeleteObjects: 1.694800 ms)

SELFPLAY GOALMAP x=-6.13 isPlayer1Goal=True 
(Filename: E:\unity\Runtime/Export/Debug/Debug.bindings.h Line: 39)

SELFPLAY GOALMAP x=6.18 isPlayer1Goal=False 
(Filename: E:\unity\Runtime/Export/Debug/Debug.bindings.h Line: 39)

SELFPLAY GOAL 209 scorer=Fan ZhaoReward=-1 total=103:106 
(Filename: E:\unity\Runtime/Export/Debug/Debug.bindings.h Line: 39)

SELFPLAY GOAL 210 scorer=Fan ZhaoReward=-1 total=104:106 
(Filename: E:\unity\Runtime/Export/Debug/Debug.bindings.h Line: 39)

SELFPLAY GOAL 211 scorer=Fan ZhaoReward=-1 total=105:106 
(Filename: E:\unity\Runtime/Export/Debug/Debug.bindings.h Line: 39)

SELFPLAY GOAL 212 scorer=Fan ZhaoReward=-1 total=106:106 
(Filename: E:\unity\Runtime/Export/Debug/Debug.bindings.h Line: 39)

SELFPLAY GOAL 213 scorer=Zhao ZhaoReward=1 total=106:107 
(Filename: E:\unity\Runtime/Export/Debug/Debug.bindings.h Line: 39)

SELFPLAY GOAL 214 scorer=Zhao ZhaoReward=1 total=106:108 
(Filename: E:\unity\Runtime/Export/Debug/Debug.bindings.h Line: 39)

SELFPLAY GOAL 215 scorer=Zhao ZhaoReward=1 total=106:109 
(Filename: E:\unity\Runtime/Export/Debug/Debug.bindings.h Line: 39)

SELFPLAY GOAL 216 scorer=Fan ZhaoReward=-1 total=107:109 
(Filename: E:\unity\Runtime/Export/Debug/Debug.bindings.h Line: 39)

SELFPLAY GOAL 217 scorer=Fan ZhaoReward=-1 total=108:109 
(Filename: E:\unity\Runtime/Export/Debug/Debug.bindings.h Line: 39)

SELFPLAY GOAL 218 scorer=Fan ZhaoReward=-1 total=109:109 
(Filename: E:\unity\Runtime/Export/Debug/Debug.bindings.h Line: 39)

SELFPLAY GOAL 219 scorer=Zhao ZhaoReward=1 total=109:110 
(Filename: E:\unity\Runtime/Export/Debug/Debug.bindings.h Line: 39)

SELFPLAY GOAL 220 scorer=Fan ZhaoReward=-1 total=110:110 
(Filename: E:\unity\Runtime/Export/Debug/Debug.bindings.h Line: 39)

SELFPLAY MATCH 21 goals=12 total=220 score=8:4 
(Filename: E:\unity\Runtime/Export/Debug/Debug.bindings.h Line: 39)

Unloading 4 Unused Serialized files (Serialized files now loaded: 0)
UnloadTime: 0.521900 ms

Unloading 4 unused Assets to reduce memory usage. Loaded Objects now: 1059.
Total: 1.280800 ms (FindLiveObjects: 0.037100 ms CreateObjectMapping: 0.009300 ms MarkObjects: 0.365900 ms  DeleteObjects: 0.868200 ms)

SELFPLAY GOALMAP x=-6.13 isPlayer1Goal=True 
(Filename: E:\unity\Runtime/Export/Debug/Debug.bindings.h Line: 39)

SELFPLAY GOALMAP x=6.18 isPlayer1Goal=False 
(Filename: E:\unity\Runtime/Export/Debug/Debug.bindings.h Line: 39)

SELFPLAY GOAL 221 scorer=Fan ZhaoReward=-1 total=111:110 
(Filename: E:\unity\Runtime/Export/Debug/Debug.bindings.h Line: 39)

SELFPLAY GOAL 222 scorer=Zhao ZhaoReward=1 total=111:111 
(Filename: E:\unity\Runtime/Export/Debug/Debug.bindings.h Line: 39)

SELFPLAY GOAL 223 scorer=Fan ZhaoReward=-1 total=112:111 
(Filename: E:\unity\Runtime/Export/Debug/Debug.bindings.h Line: 39)

SELFPLAY GOAL 224 scorer=Fan ZhaoReward=-1 total=113:111 
(Filename: E:\unity\Runtime/Export/Debug/Debug.bindings.h Line: 39)

SELFPLAY GOAL 225 scorer=Zhao ZhaoReward=1 total=113:112 
(Filename: E:\unity\Runtime/Export/Debug/Debug.bindings.h Line: 39)

SELFPLAY GOAL 226 scorer=Zhao ZhaoReward=1 total=113:113 
(Filename: E:\unity\Runtime/Export/Debug/Debug.bindings.h Line: 39)

SELFPLAY GOAL 227 scorer=Fan ZhaoReward=-1 total=114:113 
(Filename: E:\unity\Runtime/Export/Debug/Debug.bindings.h Line: 39)

SELFPLAY GOAL 228 scorer=Zhao ZhaoReward=1 total=114:114 
(Filename: E:\unity\Runtime/Export/Debug/Debug.bindings.h Line: 39)

SELFPLAY GOAL 229 scorer=Zhao ZhaoReward=1 total=114:115 
(Filename: E:\unity\Runtime/Export/Debug/Debug.bindings.h Line: 39)

SELFPLAY GOAL 230 scorer=Zhao ZhaoReward=1 total=114:116 
(Filename: E:\unity\Runtime/Export/Debug/Debug.bindings.h Line: 39)

SELFPLAY GOAL 231 scorer=Fan ZhaoReward=-1 total=115:116 
(Filename: E:\unity\Runtime/Export/Debug/Debug.bindings.h Line: 39)

SELFPLAY GOAL 232 scorer=Zhao ZhaoReward=1 total=115:117 
(Filename: E:\unity\Runtime/Export/Debug/Debug.bindings.h Line: 39)

SELFPLAY GOAL 233 scorer=Fan ZhaoReward=-1 total=116:117 
(Filename: E:\unity\Runtime/Export/Debug/Debug.bindings.h Line: 39)

SELFPLAY MATCH 22 goals=13 total=233 score=6:7 
(Filename: E:\unity\Runtime/Export/Debug/Debug.bindings.h Line: 39)

Unloading 4 Unused Serialized files (Serialized files now loaded: 0)
UnloadTime: 0.483300 ms

Unloading 4 unused Assets to reduce memory usage. Loaded Objects now: 1059.
Total: 1.289700 ms (FindLiveObjects: 0.041400 ms CreateObjectMapping: 0.009200 ms MarkObjects: 0.252200 ms  DeleteObjects: 0.986500 ms)

SELFPLAY GOALMAP x=-6.13 isPlayer1Goal=True 
(Filename: E:\unity\Runtime/Export/Debug/Debug.bindings.h Line: 39)

SELFPLAY GOALMAP x=6.18 isPlayer1Goal=False 
(Filename: E:\unity\Runtime/Export/Debug/Debug.bindings.h Line: 39)

SELFPLAY GOAL 234 scorer=Fan ZhaoReward=-1 total=117:117 
(Filename: E:\unity\Runtime/Export/Debug/Debug.bindings.h Line: 39)

SELFPLAY GOAL 235 scorer=Fan ZhaoReward=-1 total=118:117 
(Filename: E:\unity\Runtime/Export/Debug/Debug.bindings.h Line: 39)

SELFPLAY GOAL 236 scorer=Zhao ZhaoReward=1 total=118:118 
(Filename: E:\unity\Runtime/Export/Debug/Debug.bindings.h Line: 39)

SELFPLAY GOAL 237 scorer=Zhao ZhaoReward=1 total=118:119 
(Filename: E:\unity\Runtime/Export/Debug/Debug.bindings.h Line: 39)

SELFPLAY GOAL 238 scorer=Fan ZhaoReward=-1 total=119:119 
(Filename: E:\unity\Runtime/Export/Debug/Debug.bindings.h Line: 39)

SELFPLAY GOAL 239 scorer=Zhao ZhaoReward=1 total=119:120 
(Filename: E:\unity\Runtime/Export/Debug/Debug.bindings.h Line: 39)

SELFPLAY GOAL 240 scorer=Fan ZhaoReward=-1 total=120:120 
(Filename: E:\unity\Runtime/Export/Debug/Debug.bindings.h Line: 39)

SELFPLAY GOAL 241 scorer=Zhao ZhaoReward=1 total=120:121 
(Filename: E:\unity\Runtime/Export/Debug/Debug.bindings.h Line: 39)

SELFPLAY GOAL 242 scorer=Zhao ZhaoReward=1 total=120:122 
(Filename: E:\unity\Runtime/Export/Debug/Debug.bindings.h Line: 39)

SELFPLAY GOAL 243 scorer=Zhao ZhaoReward=1 total=120:123 
(Filename: E:\unity\Runtime/Export/Debug/Debug.bindings.h Line: 39)

SELFPLAY GOAL 244 scorer=Fan ZhaoReward=-1 total=121:123 
(Filename: E:\unity\Runtime/Export/Debug/Debug.bindings.h Line: 39)

SELFPLAY GOAL 245 scorer=Zhao ZhaoReward=1 total=121:124 
(Filename: E:\unity\Runtime/Export/Debug/Debug.bindings.h Line: 39)

SELFPLAY MATCH 23 goals=12 total=245 score=5:7 
(Filename: E:\unity\Runtime/Export/Debug/Debug.bindings.h Line: 39)

Unloading 4 Unused Serialized files (Serialized files now loaded: 0)
UnloadTime: 0.648200 ms

Unloading 4 unused Assets to reduce memory usage. Loaded Objects now: 1059.
Total: 1.541500 ms (FindLiveObjects: 0.041400 ms CreateObjectMapping: 0.009900 ms MarkObjects: 0.420500 ms  DeleteObjects: 1.069300 ms)

SELFPLAY GOALMAP x=-6.13 isPlayer1Goal=True 
(Filename: E:\unity\Runtime/Export/Debug/Debug.bindings.h Line: 39)

SELFPLAY GOALMAP x=6.18 isPlayer1Goal=False 
(Filename: E:\unity\Runtime/Export/Debug/Debug.bindings.h Line: 39)

SELFPLAY GOAL 246 scorer=Fan ZhaoReward=-1 total=122:124 
(Filename: E:\unity\Runtime/Export/Debug/Debug.bindings.h Line: 39)

SELFPLAY GOAL 247 scorer=Fan ZhaoReward=-1 total=123:124 
(Filename: E:\unity\Runtime/Export/Debug/Debug.bindings.h Line: 39)

SELFPLAY GOAL 248 scorer=Fan ZhaoReward=-1 total=124:124 
(Filename: E:\unity\Runtime/Export/Debug/Debug.bindings.h Line: 39)

SELFPLAY GOAL 249 scorer=Zhao ZhaoReward=1 total=124:125 
(Filename: E:\unity\Runtime/Export/Debug/Debug.bindings.h Line: 39)

SELFPLAY GOAL 250 scorer=Zhao ZhaoReward=1 total=124:126 
(Filename: E:\unity\Runtime/Export/Debug/Debug.bindings.h Line: 39)

SELFPLAY GOAL 251 scorer=Zhao ZhaoReward=1 total=124:127 
(Filename: E:\unity\Runtime/Export/Debug/Debug.bindings.h Line: 39)

SELFPLAY GOAL 252 scorer=Fan ZhaoReward=-1 total=125:127 
(Filename: E:\unity\Runtime/Export/Debug/Debug.bindings.h Line: 39)

SELFPLAY GOAL 253 scorer=Zhao ZhaoReward=1 total=125:128 
(Filename: E:\unity\Runtime/Export/Debug/Debug.bindings.h Line: 39)

SELFPLAY MATCH 24 goals=8 total=253 score=4:4 
(Filename: E:\unity\Runtime/Export/Debug/Debug.bindings.h Line: 39)

Unloading 4 Unused Serialized files (Serialized files now loaded: 0)
UnloadTime: 0.565700 ms

Unloading 4 unused Assets to reduce memory usage. Loaded Objects now: 1059.
Total: 1.213400 ms (FindLiveObjects: 0.051000 ms CreateObjectMapping: 0.009000 ms MarkObjects: 0.282300 ms  DeleteObjects: 0.870900 ms)

SELFPLAY GOALMAP x=-6.13 isPlayer1Goal=True 
(Filename: E:\unity\Runtime/Export/Debug/Debug.bindings.h Line: 39)

SELFPLAY GOALMAP x=6.18 isPlayer1Goal=False 
(Filename: E:\unity\Runtime/Export/Debug/Debug.bindings.h Line: 39)

SELFPLAY GOAL 254 scorer=Fan ZhaoReward=-1 total=126:128 
(Filename: E:\unity\Runtime/Export/Debug/Debug.bindings.h Line: 39)

SELFPLAY GOAL 255 scorer=Fan ZhaoReward=-1 total=127:128 
(Filename: E:\unity\Runtime/Export/Debug/Debug.bindings.h Line: 39)

SELFPLAY GOAL 256 scorer=Fan ZhaoReward=-1 total=128:128 
(Filename: E:\unity\Runtime/Export/Debug/Debug.bindings.h Line: 39)

SELFPLAY GOAL 257 scorer=Zhao ZhaoReward=1 total=128:129 
(Filename: E:\unity\Runtime/Export/Debug/Debug.bindings.h Line: 39)

SELFPLAY GOAL 258 scorer=Zhao ZhaoReward=1 total=128:130 
(Filename: E:\unity\Runtime/Export/Debug/Debug.bindings.h Line: 39)

SELFPLAY GOAL 259 scorer=Zhao ZhaoReward=1 total=128:131 
(Filename: E:\unity\Runtime/Export/Debug/Debug.bindings.h Line: 39)

SELFPLAY GOAL 260 scorer=Fan ZhaoReward=-1 total=129:131 
(Filename: E:\unity\Runtime/Export/Debug/Debug.bindings.h Line: 39)

SELFPLAY PROGRESS goals=260/500 matches=25 score=129:131 real=97.84944 
(Filename: E:\unity\Runtime/Export/Debug/Debug.bindings.h Line: 39)

SELFPLAY GOAL 261 scorer=Zhao ZhaoReward=1 total=129:132 
(Filename: E:\unity\Runtime/Export/Debug/Debug.bindings.h Line: 39)

SELFPLAY GOAL 262 scorer=Fan ZhaoReward=-1 total=130:132 
(Filename: E:\unity\Runtime/Export/Debug/Debug.bindings.h Line: 39)

SELFPLAY GOAL 263 scorer=Zhao ZhaoReward=1 total=130:133 
(Filename: E:\unity\Runtime/Export/Debug/Debug.bindings.h Line: 39)

SELFPLAY MATCH 25 goals=10 total=263 score=5:5 
(Filename: E:\unity\Runtime/Export/Debug/Debug.bindings.h Line: 39)

Unloading 4 Unused Serialized files (Serialized files now loaded: 0)
UnloadTime: 0.505500 ms

Unloading 4 unused Assets to reduce memory usage. Loaded Objects now: 1059.
Total: 1.779800 ms (FindLiveObjects: 0.041400 ms CreateObjectMapping: 0.010100 ms MarkObjects: 0.260600 ms  DeleteObjects: 1.467300 ms)

SELFPLAY GOALMAP x=-6.13 isPlayer1Goal=True 
(Filename: E:\unity\Runtime/Export/Debug/Debug.bindings.h Line: 39)

SELFPLAY GOALMAP x=6.18 isPlayer1Goal=False 
(Filename: E:\unity\Runtime/Export/Debug/Debug.bindings.h Line: 39)

SELFPLAY GOAL 264 scorer=Fan ZhaoReward=-1 total=131:133 
(Filename: E:\unity\Runtime/Export/Debug/Debug.bindings.h Line: 39)

SELFPLAY GOAL 265 scorer=Zhao ZhaoReward=1 total=131:134 
(Filename: E:\unity\Runtime/Export/Debug/Debug.bindings.h Line: 39)

SELFPLAY GOAL 266 scorer=Zhao ZhaoReward=1 total=131:135 
(Filename: E:\unity\Runtime/Export/Debug/Debug.bindings.h Line: 39)

SELFPLAY GOAL 267 scorer=Zhao ZhaoReward=1 total=131:136 
(Filename: E:\unity\Runtime/Export/Debug/Debug.bindings.h Line: 39)

SELFPLAY GOAL 268 scorer=Zhao ZhaoReward=1 total=131:137 
(Filename: E:\unity\Runtime/Export/Debug/Debug.bindings.h Line: 39)

SELFPLAY GOAL 269 scorer=Zhao ZhaoReward=1 total=131:138 
(Filename: E:\unity\Runtime/Export/Debug/Debug.bindings.h Line: 39)

SELFPLAY GOAL 270 scorer=Fan ZhaoReward=-1 total=132:138 
(Filename: E:\unity\Runtime/Export/Debug/Debug.bindings.h Line: 39)

SELFPLAY GOAL 271 scorer=Fan ZhaoReward=-1 total=133:138 
(Filename: E:\unity\Runtime/Export/Debug/Debug.bindings.h Line: 39)

SELFPLAY GOAL 272 scorer=Zhao ZhaoReward=1 total=133:139 
(Filename: E:\unity\Runtime/Export/Debug/Debug.bindings.h Line: 39)

SELFPLAY GOAL 273 scorer=Fan ZhaoReward=-1 total=134:139 
(Filename: E:\unity\Runtime/Export/Debug/Debug.bindings.h Line: 39)

SELFPLAY MATCH 26 goals=10 total=273 score=4:6 
(Filename: E:\unity\Runtime/Export/Debug/Debug.bindings.h Line: 39)

Unloading 4 Unused Serialized files (Serialized files now loaded: 0)
UnloadTime: 0.505100 ms

Unloading 4 unused Assets to reduce memory usage. Loaded Objects now: 1059.
Total: 1.990900 ms (FindLiveObjects: 0.041000 ms CreateObjectMapping: 0.009800 ms MarkObjects: 0.263600 ms  DeleteObjects: 1.676100 ms)

SELFPLAY GOALMAP x=-6.13 isPlayer1Goal=True 
(Filename: E:\unity\Runtime/Export/Debug/Debug.bindings.h Line: 39)

SELFPLAY GOALMAP x=6.18 isPlayer1Goal=False 
(Filename: E:\unity\Runtime/Export/Debug/Debug.bindings.h Line: 39)

SELFPLAY GOAL 274 scorer=Fan ZhaoReward=-1 total=135:139 
(Filename: E:\unity\Runtime/Export/Debug/Debug.bindings.h Line: 39)

SELFPLAY GOAL 275 scorer=Zhao ZhaoReward=1 total=135:140 
(Filename: E:\unity\Runtime/Export/Debug/Debug.bindings.h Line: 39)

SELFPLAY GOAL 276 scorer=Zhao ZhaoReward=1 total=135:141 
(Filename: E:\unity\Runtime/Export/Debug/Debug.bindings.h Line: 39)

SELFPLAY GOAL 277 scorer=Fan ZhaoReward=-1 total=136:141 
(Filename: E:\unity\Runtime/Export/Debug/Debug.bindings.h Line: 39)

SELFPLAY GOAL 278 scorer=Fan ZhaoReward=-1 total=137:141 
(Filename: E:\unity\Runtime/Export/Debug/Debug.bindings.h Line: 39)

SELFPLAY GOAL 279 scorer=Fan ZhaoReward=-1 total=138:141 
(Filename: E:\unity\Runtime/Export/Debug/Debug.bindings.h Line: 39)

SELFPLAY GOAL 280 scorer=Zhao ZhaoReward=1 total=138:142 
(Filename: E:\unity\Runtime/Export/Debug/Debug.bindings.h Line: 39)

SELFPLAY GOAL 281 scorer=Fan ZhaoReward=-1 total=139:142 
(Filename: E:\unity\Runtime/Export/Debug/Debug.bindings.h Line: 39)

SELFPLAY MATCH 27 goals=8 total=281 score=5:3 
(Filename: E:\unity\Runtime/Export/Debug/Debug.bindings.h Line: 39)

Unloading 4 Unused Serialized files (Serialized files now loaded: 0)
UnloadTime: 0.632400 ms

Unloading 4 unused Assets to reduce memory usage. Loaded Objects now: 1059.
Total: 1.360300 ms (FindLiveObjects: 0.040400 ms CreateObjectMapping: 0.010600 ms MarkObjects: 0.332500 ms  DeleteObjects: 0.976400 ms)

SELFPLAY GOALMAP x=-6.13 isPlayer1Goal=True 
(Filename: E:\unity\Runtime/Export/Debug/Debug.bindings.h Line: 39)

SELFPLAY GOALMAP x=6.18 isPlayer1Goal=False 
(Filename: E:\unity\Runtime/Export/Debug/Debug.bindings.h Line: 39)

SELFPLAY GOAL 282 scorer=Fan ZhaoReward=-1 total=140:142 
(Filename: E:\unity\Runtime/Export/Debug/Debug.bindings.h Line: 39)

SELFPLAY GOAL 283 scorer=Fan ZhaoReward=-1 total=141:142 
(Filename: E:\unity\Runtime/Export/Debug/Debug.bindings.h Line: 39)

SELFPLAY GOAL 284 scorer=Zhao ZhaoReward=1 total=141:143 
(Filename: E:\unity\Runtime/Export/Debug/Debug.bindings.h Line: 39)

SELFPLAY GOAL 285 scorer=Fan ZhaoReward=-1 total=142:143 
(Filename: E:\unity\Runtime/Export/Debug/Debug.bindings.h Line: 39)

SELFPLAY GOAL 286 scorer=Fan ZhaoReward=-1 total=143:143 
(Filename: E:\unity\Runtime/Export/Debug/Debug.bindings.h Line: 39)

SELFPLAY GOAL 287 scorer=Zhao ZhaoReward=1 total=143:144 
(Filename: E:\unity\Runtime/Export/Debug/Debug.bindings.h Line: 39)

SELFPLAY GOAL 288 scorer=Fan ZhaoReward=-1 total=144:144 
(Filename: E:\unity\Runtime/Export/Debug/Debug.bindings.h Line: 39)

SELFPLAY GOAL 289 scorer=Zhao ZhaoReward=1 total=144:145 
(Filename: E:\unity\Runtime/Export/Debug/Debug.bindings.h Line: 39)

SELFPLAY GOAL 290 scorer=Zhao ZhaoReward=1 total=144:146 
(Filename: E:\unity\Runtime/Export/Debug/Debug.bindings.h Line: 39)

SELFPLAY GOAL 291 scorer=Fan ZhaoReward=-1 total=145:146 
(Filename: E:\unity\Runtime/Export/Debug/Debug.bindings.h Line: 39)

SELFPLAY GOAL 292 scorer=Fan ZhaoReward=-1 total=146:146 
(Filename: E:\unity\Runtime/Export/Debug/Debug.bindings.h Line: 39)

SELFPLAY GOAL 293 scorer=Fan ZhaoReward=-1 total=147:146 
(Filename: E:\unity\Runtime/Export/Debug/Debug.bindings.h Line: 39)

SELFPLAY GOAL 294 scorer=Zhao ZhaoReward=1 total=147:147 
(Filename: E:\unity\Runtime/Export/Debug/Debug.bindings.h Line: 39)

SELFPLAY MATCH 28 goals=13 total=294 score=8:5 
(Filename: E:\unity\Runtime/Export/Debug/Debug.bindings.h Line: 39)

Unloading 4 Unused Serialized files (Serialized files now loaded: 0)
UnloadTime: 0.477200 ms

Unloading 4 unused Assets to reduce memory usage. Loaded Objects now: 1059.
Total: 1.219600 ms (FindLiveObjects: 0.038200 ms CreateObjectMapping: 0.008800 ms MarkObjects: 0.261600 ms  DeleteObjects: 0.910400 ms)

SELFPLAY GOALMAP x=-6.13 isPlayer1Goal=True 
(Filename: E:\unity\Runtime/Export/Debug/Debug.bindings.h Line: 39)

SELFPLAY GOALMAP x=6.18 isPlayer1Goal=False 
(Filename: E:\unity\Runtime/Export/Debug/Debug.bindings.h Line: 39)

SELFPLAY GOAL 295 scorer=Fan ZhaoReward=-1 total=148:147 
(Filename: E:\unity\Runtime/Export/Debug/Debug.bindings.h Line: 39)

SELFPLAY GOAL 296 scorer=Zhao ZhaoReward=1 total=148:148 
(Filename: E:\unity\Runtime/Export/Debug/Debug.bindings.h Line: 39)

SELFPLAY GOAL 297 scorer=Fan ZhaoReward=-1 total=149:148 
(Filename: E:\unity\Runtime/Export/Debug/Debug.bindings.h Line: 39)

SELFPLAY GOAL 298 scorer=Fan ZhaoReward=-1 total=150:148 
(Filename: E:\unity\Runtime/Export/Debug/Debug.bindings.h Line: 39)

SELFPLAY GOAL 299 scorer=Fan ZhaoReward=-1 total=151:148 
(Filename: E:\unity\Runtime/Export/Debug/Debug.bindings.h Line: 39)

SELFPLAY GOAL 300 scorer=Zhao ZhaoReward=1 total=151:149 
(Filename: E:\unity\Runtime/Export/Debug/Debug.bindings.h Line: 39)

SELFPLAY GOAL 301 scorer=Fan ZhaoReward=-1 total=152:149 
(Filename: E:\unity\Runtime/Export/Debug/Debug.bindings.h Line: 39)

SELFPLAY GOAL 302 scorer=Zhao ZhaoReward=1 total=152:150 
(Filename: E:\unity\Runtime/Export/Debug/Debug.bindings.h Line: 39)

SELFPLAY GOAL 303 scorer=Fan ZhaoReward=-1 total=153:150 
(Filename: E:\unity\Runtime/Export/Debug/Debug.bindings.h Line: 39)

SELFPLAY GOAL 304 scorer=Zhao ZhaoReward=1 total=153:151 
(Filename: E:\unity\Runtime/Export/Debug/Debug.bindings.h Line: 39)

SELFPLAY MATCH 29 goals=10 total=304 score=6:4 
(Filename: E:\unity\Runtime/Export/Debug/Debug.bindings.h Line: 39)

Unloading 4 Unused Serialized files (Serialized files now loaded: 0)
UnloadTime: 0.440800 ms

Unloading 4 unused Assets to reduce memory usage. Loaded Objects now: 1059.
Total: 1.286700 ms (FindLiveObjects: 0.047000 ms CreateObjectMapping: 0.010200 ms MarkObjects: 0.286300 ms  DeleteObjects: 0.942900 ms)

SELFPLAY GOALMAP x=-6.13 isPlayer1Goal=True 
(Filename: E:\unity\Runtime/Export/Debug/Debug.bindings.h Line: 39)

SELFPLAY GOALMAP x=6.18 isPlayer1Goal=False 
(Filename: E:\unity\Runtime/Export/Debug/Debug.bindings.h Line: 39)

SELFPLAY GOAL 305 scorer=Fan ZhaoReward=-1 total=154:151 
(Filename: E:\unity\Runtime/Export/Debug/Debug.bindings.h Line: 39)

SELFPLAY GOAL 306 scorer=Fan ZhaoReward=-1 total=155:151 
(Filename: E:\unity\Runtime/Export/Debug/Debug.bindings.h Line: 39)

SELFPLAY GOAL 307 scorer=Zhao ZhaoReward=1 total=155:152 
(Filename: E:\unity\Runtime/Export/Debug/Debug.bindings.h Line: 39)

SELFPLAY GOAL 308 scorer=Zhao ZhaoReward=1 total=155:153 
(Filename: E:\unity\Runtime/Export/Debug/Debug.bindings.h Line: 39)

SELFPLAY GOAL 309 scorer=Zhao ZhaoReward=1 total=155:154 
(Filename: E:\unity\Runtime/Export/Debug/Debug.bindings.h Line: 39)

SELFPLAY GOAL 310 scorer=Zhao ZhaoReward=1 total=155:155 
(Filename: E:\unity\Runtime/Export/Debug/Debug.bindings.h Line: 39)

SELFPLAY GOAL 311 scorer=Fan ZhaoReward=-1 total=156:155 
(Filename: E:\unity\Runtime/Export/Debug/Debug.bindings.h Line: 39)

SELFPLAY GOAL 312 scorer=Fan ZhaoReward=-1 total=157:155 
(Filename: E:\unity\Runtime/Export/Debug/Debug.bindings.h Line: 39)

SELFPLAY GOAL 313 scorer=Zhao ZhaoReward=1 total=157:156 
(Filename: E:\unity\Runtime/Export/Debug/Debug.bindings.h Line: 39)

SELFPLAY GOAL 314 scorer=Zhao ZhaoReward=1 total=157:157 
(Filename: E:\unity\Runtime/Export/Debug/Debug.bindings.h Line: 39)

SELFPLAY GOAL 315 scorer=Fan ZhaoReward=-1 total=158:157 
(Filename: E:\unity\Runtime/Export/Debug/Debug.bindings.h Line: 39)

SELFPLAY MATCH 30 goals=11 total=315 score=5:6 
(Filename: E:\unity\Runtime/Export/Debug/Debug.bindings.h Line: 39)

Unloading 4 Unused Serialized files (Serialized files now loaded: 0)
UnloadTime: 0.468400 ms

Unloading 4 unused Assets to reduce memory usage. Loaded Objects now: 1059.
Total: 1.227800 ms (FindLiveObjects: 0.038400 ms CreateObjectMapping: 0.009300 ms MarkObjects: 0.295900 ms  DeleteObjects: 0.883900 ms)

SELFPLAY GOALMAP x=-6.13 isPlayer1Goal=True 
(Filename: E:\unity\Runtime/Export/Debug/Debug.bindings.h Line: 39)

SELFPLAY GOALMAP x=6.18 isPlayer1Goal=False 
(Filename: E:\unity\Runtime/Export/Debug/Debug.bindings.h Line: 39)

SELFPLAY GOAL 316 scorer=Fan ZhaoReward=-1 total=159:157 
(Filename: E:\unity\Runtime/Export/Debug/Debug.bindings.h Line: 39)

SELFPLAY GOAL 317 scorer=Zhao ZhaoReward=1 total=159:158 
(Filename: E:\unity\Runtime/Export/Debug/Debug.bindings.h Line: 39)

SELFPLAY GOAL 318 scorer=Fan ZhaoReward=-1 total=160:158 
(Filename: E:\unity\Runtime/Export/Debug/Debug.bindings.h Line: 39)

SELFPLAY GOAL 319 scorer=Zhao ZhaoReward=1 total=160:159 
(Filename: E:\unity\Runtime/Export/Debug/Debug.bindings.h Line: 39)

SELFPLAY GOAL 320 scorer=Fan ZhaoReward=-1 total=161:159 
(Filename: E:\unity\Runtime/Export/Debug/Debug.bindings.h Line: 39)

SELFPLAY GOAL 321 scorer=Fan ZhaoReward=-1 total=162:159 
(Filename: E:\unity\Runtime/Export/Debug/Debug.bindings.h Line: 39)

SELFPLAY GOAL 322 scorer=Fan ZhaoReward=-1 total=163:159 
(Filename: E:\unity\Runtime/Export/Debug/Debug.bindings.h Line: 39)

SELFPLAY GOAL 323 scorer=Fan ZhaoReward=-1 total=164:159 
(Filename: E:\unity\Runtime/Export/Debug/Debug.bindings.h Line: 39)

SELFPLAY GOAL 324 scorer=Zhao ZhaoReward=1 total=164:160 
(Filename: E:\unity\Runtime/Export/Debug/Debug.bindings.h Line: 39)

SELFPLAY GOAL 325 scorer=Zhao ZhaoReward=1 total=164:161 
(Filename: E:\unity\Runtime/Export/Debug/Debug.bindings.h Line: 39)

SELFPLAY GOAL 326 scorer=Zhao ZhaoReward=1 total=164:162 
(Filename: E:\unity\Runtime/Export/Debug/Debug.bindings.h Line: 39)

SELFPLAY GOAL 327 scorer=Zhao ZhaoReward=1 total=164:163 
(Filename: E:\unity\Runtime/Export/Debug/Debug.bindings.h Line: 39)

SELFPLAY MATCH 31 goals=12 total=327 score=6:6 
(Filename: E:\unity\Runtime/Export/Debug/Debug.bindings.h Line: 39)

Unloading 4 Unused Serialized files (Serialized files now loaded: 0)
UnloadTime: 0.569500 ms

Unloading 4 unused Assets to reduce memory usage. Loaded Objects now: 1059.
Total: 1.345200 ms (FindLiveObjects: 0.043100 ms CreateObjectMapping: 0.010700 ms MarkObjects: 0.301500 ms  DeleteObjects: 0.989500 ms)

SELFPLAY GOALMAP x=-6.13 isPlayer1Goal=True 
(Filename: E:\unity\Runtime/Export/Debug/Debug.bindings.h Line: 39)

SELFPLAY GOALMAP x=6.18 isPlayer1Goal=False 
(Filename: E:\unity\Runtime/Export/Debug/Debug.bindings.h Line: 39)

SELFPLAY GOAL 328 scorer=Fan ZhaoReward=-1 total=165:163 
(Filename: E:\unity\Runtime/Export/Debug/Debug.bindings.h Line: 39)

SELFPLAY GOAL 329 scorer=Fan ZhaoReward=-1 total=166:163 
(Filename: E:\unity\Runtime/Export/Debug/Debug.bindings.h Line: 39)

SELFPLAY GOAL 330 scorer=Zhao ZhaoReward=1 total=166:164 
(Filename: E:\unity\Runtime/Export/Debug/Debug.bindings.h Line: 39)

SELFPLAY GOAL 331 scorer=Fan ZhaoReward=-1 total=167:164 
(Filename: E:\unity\Runtime/Export/Debug/Debug.bindings.h Line: 39)

SELFPLAY GOAL 332 scorer=Fan ZhaoReward=-1 total=168:164 
(Filename: E:\unity\Runtime/Export/Debug/Debug.bindings.h Line: 39)

SELFPLAY GOAL 333 scorer=Zhao ZhaoReward=1 total=168:165 
(Filename: E:\unity\Runtime/Export/Debug/Debug.bindings.h Line: 39)

SELFPLAY GOAL 334 scorer=Fan ZhaoReward=-1 total=169:165 
(Filename: E:\unity\Runtime/Export/Debug/Debug.bindings.h Line: 39)

SELFPLAY GOAL 335 scorer=Zhao ZhaoReward=1 total=169:166 
(Filename: E:\unity\Runtime/Export/Debug/Debug.bindings.h Line: 39)

SELFPLAY GOAL 336 scorer=Fan ZhaoReward=-1 total=170:166 
(Filename: E:\unity\Runtime/Export/Debug/Debug.bindings.h Line: 39)

SELFPLAY MATCH 32 goals=9 total=336 score=6:3 
(Filename: E:\unity\Runtime/Export/Debug/Debug.bindings.h Line: 39)

Unloading 4 Unused Serialized files (Serialized files now loaded: 0)
UnloadTime: 0.505900 ms

Unloading 4 unused Assets to reduce memory usage. Loaded Objects now: 1059.
Total: 1.176800 ms (FindLiveObjects: 0.037600 ms CreateObjectMapping: 0.008700 ms MarkObjects: 0.261300 ms  DeleteObjects: 0.869000 ms)

SELFPLAY GOALMAP x=-6.13 isPlayer1Goal=True 
(Filename: E:\unity\Runtime/Export/Debug/Debug.bindings.h Line: 39)

SELFPLAY GOALMAP x=6.18 isPlayer1Goal=False 
(Filename: E:\unity\Runtime/Export/Debug/Debug.bindings.h Line: 39)

SELFPLAY PROGRESS goals=336/500 matches=33 score=170:166 real=128.0854 
(Filename: E:\unity\Runtime/Export/Debug/Debug.bindings.h Line: 39)

SELFPLAY GOAL 337 scorer=Fan ZhaoReward=-1 total=171:166 
(Filename: E:\unity\Runtime/Export/Debug/Debug.bindings.h Line: 39)

SELFPLAY GOAL 338 scorer=Fan ZhaoReward=-1 total=172:166 
(Filename: E:\unity\Runtime/Export/Debug/Debug.bindings.h Line: 39)

SELFPLAY GOAL 339 scorer=Fan ZhaoReward=-1 total=173:166 
(Filename: E:\unity\Runtime/Export/Debug/Debug.bindings.h Line: 39)

SELFPLAY GOAL 340 scorer=Zhao ZhaoReward=1 total=173:167 
(Filename: E:\unity\Runtime/Export/Debug/Debug.bindings.h Line: 39)

SELFPLAY GOAL 341 scorer=Fan ZhaoReward=-1 total=174:167 
(Filename: E:\unity\Runtime/Export/Debug/Debug.bindings.h Line: 39)

SELFPLAY GOAL 342 scorer=Zhao ZhaoReward=1 total=174:168 
(Filename: E:\unity\Runtime/Export/Debug/Debug.bindings.h Line: 39)

SELFPLAY GOAL 343 scorer=Fan ZhaoReward=-1 total=175:168 
(Filename: E:\unity\Runtime/Export/Debug/Debug.bindings.h Line: 39)

SELFPLAY GOAL 344 scorer=Zhao ZhaoReward=1 total=175:169 
(Filename: E:\unity\Runtime/Export/Debug/Debug.bindings.h Line: 39)

SELFPLAY GOAL 345 scorer=Fan ZhaoReward=-1 total=176:169 
(Filename: E:\unity\Runtime/Export/Debug/Debug.bindings.h Line: 39)

SELFPLAY GOAL 346 scorer=Fan ZhaoReward=-1 total=177:169 
(Filename: E:\unity\Runtime/Export/Debug/Debug.bindings.h Line: 39)

SELFPLAY GOAL 347 scorer=Fan ZhaoReward=-1 total=178:169 
(Filename: E:\unity\Runtime/Export/Debug/Debug.bindings.h Line: 39)

SELFPLAY GOAL 348 scorer=Zhao ZhaoReward=1 total=178:170 
(Filename: E:\unity\Runtime/Export/Debug/Debug.bindings.h Line: 39)

SELFPLAY MATCH 33 goals=12 total=348 score=8:4 
(Filename: E:\unity\Runtime/Export/Debug/Debug.bindings.h Line: 39)

Unloading 4 Unused Serialized files (Serialized files now loaded: 0)
UnloadTime: 0.435500 ms

Unloading 4 unused Assets to reduce memory usage. Loaded Objects now: 1059.
Total: 1.435700 ms (FindLiveObjects: 0.044500 ms CreateObjectMapping: 0.010700 ms MarkObjects: 0.339700 ms  DeleteObjects: 1.040500 ms)

SELFPLAY GOALMAP x=-6.13 isPlayer1Goal=True 
(Filename: E:\unity\Runtime/Export/Debug/Debug.bindings.h Line: 39)

SELFPLAY GOALMAP x=6.18 isPlayer1Goal=False 
(Filename: E:\unity\Runtime/Export/Debug/Debug.bindings.h Line: 39)

SELFPLAY GOAL 349 scorer=Fan ZhaoReward=-1 total=179:170 
(Filename: E:\unity\Runtime/Export/Debug/Debug.bindings.h Line: 39)

SELFPLAY GOAL 350 scorer=Zhao ZhaoReward=1 total=179:171 
(Filename: E:\unity\Runtime/Export/Debug/Debug.bindings.h Line: 39)

SELFPLAY GOAL 351 scorer=Fan ZhaoReward=-1 total=180:171 
(Filename: E:\unity\Runtime/Export/Debug/Debug.bindings.h Line: 39)

SELFPLAY GOAL 352 scorer=Fan ZhaoReward=-1 total=181:171 
(Filename: E:\unity\Runtime/Export/Debug/Debug.bindings.h Line: 39)

SELFPLAY GOAL 353 scorer=Fan ZhaoReward=-1 total=182:171 
(Filename: E:\unity\Runtime/Export/Debug/Debug.bindings.h Line: 39)

SELFPLAY GOAL 354 scorer=Zhao ZhaoReward=1 total=182:172 
(Filename: E:\unity\Runtime/Export/Debug/Debug.bindings.h Line: 39)

SELFPLAY GOAL 355 scorer=Zhao ZhaoReward=1 total=182:173 
(Filename: E:\unity\Runtime/Export/Debug/Debug.bindings.h Line: 39)

SELFPLAY GOAL 356 scorer=Fan ZhaoReward=-1 total=183:173 
(Filename: E:\unity\Runtime/Export/Debug/Debug.bindings.h Line: 39)

SELFPLAY GOAL 357 scorer=Zhao ZhaoReward=1 total=183:174 
(Filename: E:\unity\Runtime/Export/Debug/Debug.bindings.h Line: 39)

SELFPLAY GOAL 358 scorer=Fan ZhaoReward=-1 total=184:174 
(Filename: E:\unity\Runtime/Export/Debug/Debug.bindings.h Line: 39)

SELFPLAY GOAL 359 scorer=Zhao ZhaoReward=1 total=184:175 
(Filename: E:\unity\Runtime/Export/Debug/Debug.bindings.h Line: 39)

SELFPLAY MATCH 34 goals=11 total=359 score=6:5 
(Filename: E:\unity\Runtime/Export/Debug/Debug.bindings.h Line: 39)

Unloading 4 Unused Serialized files (Serialized files now loaded: 0)
UnloadTime: 0.486000 ms

Unloading 4 unused Assets to reduce memory usage. Loaded Objects now: 1059.
Total: 1.179500 ms (FindLiveObjects: 0.039300 ms CreateObjectMapping: 0.009000 ms MarkObjects: 0.279600 ms  DeleteObjects: 0.851000 ms)

SELFPLAY GOALMAP x=-6.13 isPlayer1Goal=True 
(Filename: E:\unity\Runtime/Export/Debug/Debug.bindings.h Line: 39)

SELFPLAY GOALMAP x=6.18 isPlayer1Goal=False 
(Filename: E:\unity\Runtime/Export/Debug/Debug.bindings.h Line: 39)

SELFPLAY GOAL 360 scorer=Fan ZhaoReward=-1 total=185:175 
(Filename: E:\unity\Runtime/Export/Debug/Debug.bindings.h Line: 39)

SELFPLAY GOAL 361 scorer=Zhao ZhaoReward=1 total=185:176 
(Filename: E:\unity\Runtime/Export/Debug/Debug.bindings.h Line: 39)

SELFPLAY GOAL 362 scorer=Fan ZhaoReward=-1 total=186:176 
(Filename: E:\unity\Runtime/Export/Debug/Debug.bindings.h Line: 39)

SELFPLAY GOAL 363 scorer=Zhao ZhaoReward=1 total=186:177 
(Filename: E:\unity\Runtime/Export/Debug/Debug.bindings.h Line: 39)

SELFPLAY GOAL 364 scorer=Zhao ZhaoReward=1 total=186:178 
(Filename: E:\unity\Runtime/Export/Debug/Debug.bindings.h Line: 39)

SELFPLAY GOAL 365 scorer=Fan ZhaoReward=-1 total=187:178 
(Filename: E:\unity\Runtime/Export/Debug/Debug.bindings.h Line: 39)

SELFPLAY GOAL 366 scorer=Zhao ZhaoReward=1 total=187:179 
(Filename: E:\unity\Runtime/Export/Debug/Debug.bindings.h Line: 39)

SELFPLAY GOAL 367 scorer=Fan ZhaoReward=-1 total=188:179 
(Filename: E:\unity\Runtime/Export/Debug/Debug.bindings.h Line: 39)

SELFPLAY GOAL 368 scorer=Fan ZhaoReward=-1 total=189:179 
(Filename: E:\unity\Runtime/Export/Debug/Debug.bindings.h Line: 39)

SELFPLAY GOAL 369 scorer=Zhao ZhaoReward=1 total=189:180 
(Filename: E:\unity\Runtime/Export/Debug/Debug.bindings.h Line: 39)

SELFPLAY GOAL 370 scorer=Fan ZhaoReward=-1 total=190:180 
(Filename: E:\unity\Runtime/Export/Debug/Debug.bindings.h Line: 39)

SELFPLAY MATCH 35 goals=11 total=370 score=6:5 
(Filename: E:\unity\Runtime/Export/Debug/Debug.bindings.h Line: 39)

Unloading 4 Unused Serialized files (Serialized files now loaded: 0)
UnloadTime: 0.481400 ms

Unloading 4 unused Assets to reduce memory usage. Loaded Objects now: 1059.
Total: 1.336700 ms (FindLiveObjects: 0.045100 ms CreateObjectMapping: 0.010800 ms MarkObjects: 0.304200 ms  DeleteObjects: 0.976400 ms)

SELFPLAY GOALMAP x=-6.13 isPlayer1Goal=True 
(Filename: E:\unity\Runtime/Export/Debug/Debug.bindings.h Line: 39)

SELFPLAY GOALMAP x=6.18 isPlayer1Goal=False 
(Filename: E:\unity\Runtime/Export/Debug/Debug.bindings.h Line: 39)

SELFPLAY GOAL 371 scorer=Fan ZhaoReward=-1 total=191:180 
(Filename: E:\unity\Runtime/Export/Debug/Debug.bindings.h Line: 39)

SELFPLAY GOAL 372 scorer=Fan ZhaoReward=-1 total=192:180 
(Filename: E:\unity\Runtime/Export/Debug/Debug.bindings.h Line: 39)

SELFPLAY GOAL 373 scorer=Fan ZhaoReward=-1 total=193:180 
(Filename: E:\unity\Runtime/Export/Debug/Debug.bindings.h Line: 39)

SELFPLAY GOAL 374 scorer=Fan ZhaoReward=-1 total=194:180 
(Filename: E:\unity\Runtime/Export/Debug/Debug.bindings.h Line: 39)

SELFPLAY GOAL 375 scorer=Fan ZhaoReward=-1 total=195:180 
(Filename: E:\unity\Runtime/Export/Debug/Debug.bindings.h Line: 39)

SELFPLAY GOAL 376 scorer=Zhao ZhaoReward=1 total=195:181 
(Filename: E:\unity\Runtime/Export/Debug/Debug.bindings.h Line: 39)

SELFPLAY GOAL 377 scorer=Zhao ZhaoReward=1 total=195:182 
(Filename: E:\unity\Runtime/Export/Debug/Debug.bindings.h Line: 39)

SELFPLAY GOAL 378 scorer=Fan ZhaoReward=-1 total=196:182 
(Filename: E:\unity\Runtime/Export/Debug/Debug.bindings.h Line: 39)

SELFPLAY GOAL 379 scorer=Zhao ZhaoReward=1 total=196:183 
(Filename: E:\unity\Runtime/Export/Debug/Debug.bindings.h Line: 39)

SELFPLAY GOAL 380 scorer=Fan ZhaoReward=-1 total=197:183 
(Filename: E:\unity\Runtime/Export/Debug/Debug.bindings.h Line: 39)

SELFPLAY GOAL 381 scorer=Zhao ZhaoReward=1 total=197:184 
(Filename: E:\unity\Runtime/Export/Debug/Debug.bindings.h Line: 39)

SELFPLAY MATCH 36 goals=11 total=381 score=7:4 
(Filename: E:\unity\Runtime/Export/Debug/Debug.bindings.h Line: 39)

Unloading 4 Unused Serialized files (Serialized files now loaded: 0)
UnloadTime: 0.544100 ms

Unloading 4 unused Assets to reduce memory usage. Loaded Objects now: 1059.
Total: 1.312000 ms (FindLiveObjects: 0.039800 ms CreateObjectMapping: 0.008900 ms MarkObjects: 0.294400 ms  DeleteObjects: 0.968600 ms)

SELFPLAY GOALMAP x=-6.13 isPlayer1Goal=True 
(Filename: E:\unity\Runtime/Export/Debug/Debug.bindings.h Line: 39)

SELFPLAY GOALMAP x=6.18 isPlayer1Goal=False 
(Filename: E:\unity\Runtime/Export/Debug/Debug.bindings.h Line: 39)

SELFPLAY GOAL 382 scorer=Fan ZhaoReward=-1 total=198:184 
(Filename: E:\unity\Runtime/Export/Debug/Debug.bindings.h Line: 39)

SELFPLAY GOAL 383 scorer=Fan ZhaoReward=-1 total=199:184 
(Filename: E:\unity\Runtime/Export/Debug/Debug.bindings.h Line: 39)

SELFPLAY GOAL 384 scorer=Zhao ZhaoReward=1 total=199:185 
(Filename: E:\unity\Runtime/Export/Debug/Debug.bindings.h Line: 39)

SELFPLAY GOAL 385 scorer=Zhao ZhaoReward=1 total=199:186 
(Filename: E:\unity\Runtime/Export/Debug/Debug.bindings.h Line: 39)

SELFPLAY GOAL 386 scorer=Zhao ZhaoReward=1 total=199:187 
(Filename: E:\unity\Runtime/Export/Debug/Debug.bindings.h Line: 39)

SELFPLAY GOAL 387 scorer=Fan ZhaoReward=-1 total=200:187 
(Filename: E:\unity\Runtime/Export/Debug/Debug.bindings.h Line: 39)

SELFPLAY GOAL 388 scorer=Fan ZhaoReward=-1 total=201:187 
(Filename: E:\unity\Runtime/Export/Debug/Debug.bindings.h Line: 39)

SELFPLAY GOAL 389 scorer=Fan ZhaoReward=-1 total=202:187 
(Filename: E:\unity\Runtime/Export/Debug/Debug.bindings.h Line: 39)

SELFPLAY GOAL 390 scorer=Zhao ZhaoReward=1 total=202:188 
(Filename: E:\unity\Runtime/Export/Debug/Debug.bindings.h Line: 39)

SELFPLAY GOAL 391 scorer=Zhao ZhaoReward=1 total=202:189 
(Filename: E:\unity\Runtime/Export/Debug/Debug.bindings.h Line: 39)

SELFPLAY GOAL 392 scorer=Zhao ZhaoReward=1 total=202:190 
(Filename: E:\unity\Runtime/Export/Debug/Debug.bindings.h Line: 39)

SELFPLAY MATCH 37 goals=11 total=392 score=5:6 
(Filename: E:\unity\Runtime/Export/Debug/Debug.bindings.h Line: 39)

Unloading 4 Unused Serialized files (Serialized files now loaded: 0)
UnloadTime: 0.484200 ms

Unloading 4 unused Assets to reduce memory usage. Loaded Objects now: 1059.
Total: 1.315800 ms (FindLiveObjects: 0.048000 ms CreateObjectMapping: 0.010400 ms MarkObjects: 0.323300 ms  DeleteObjects: 0.933700 ms)

SELFPLAY GOALMAP x=-6.13 isPlayer1Goal=True 
(Filename: E:\unity\Runtime/Export/Debug/Debug.bindings.h Line: 39)

SELFPLAY GOALMAP x=6.18 isPlayer1Goal=False 
(Filename: E:\unity\Runtime/Export/Debug/Debug.bindings.h Line: 39)

SELFPLAY GOAL 393 scorer=Fan ZhaoReward=-1 total=203:190 
(Filename: E:\unity\Runtime/Export/Debug/Debug.bindings.h Line: 39)

SELFPLAY GOAL 394 scorer=Fan ZhaoReward=-1 total=204:190 
(Filename: E:\unity\Runtime/Export/Debug/Debug.bindings.h Line: 39)

SELFPLAY GOAL 395 scorer=Fan ZhaoReward=-1 total=205:190 
(Filename: E:\unity\Runtime/Export/Debug/Debug.bindings.h Line: 39)

SELFPLAY GOAL 396 scorer=Zhao ZhaoReward=1 total=205:191 
(Filename: E:\unity\Runtime/Export/Debug/Debug.bindings.h Line: 39)

SELFPLAY GOAL 397 scorer=Fan ZhaoReward=-1 total=206:191 
(Filename: E:\unity\Runtime/Export/Debug/Debug.bindings.h Line: 39)

SELFPLAY GOAL 398 scorer=Fan ZhaoReward=-1 total=207:191 
(Filename: E:\unity\Runtime/Export/Debug/Debug.bindings.h Line: 39)

SELFPLAY GOAL 399 scorer=Fan ZhaoReward=-1 total=208:191 
(Filename: E:\unity\Runtime/Export/Debug/Debug.bindings.h Line: 39)

SELFPLAY GOAL 400 scorer=Zhao ZhaoReward=1 total=208:192 
(Filename: E:\unity\Runtime/Export/Debug/Debug.bindings.h Line: 39)

SELFPLAY GOAL 401 scorer=Fan ZhaoReward=-1 total=209:192 
(Filename: E:\unity\Runtime/Export/Debug/Debug.bindings.h Line: 39)

SELFPLAY GOAL 402 scorer=Fan ZhaoReward=-1 total=210:192 
(Filename: E:\unity\Runtime/Export/Debug/Debug.bindings.h Line: 39)

SELFPLAY GOAL 403 scorer=Fan ZhaoReward=-1 total=211:192 
(Filename: E:\unity\Runtime/Export/Debug/Debug.bindings.h Line: 39)

SELFPLAY MATCH 38 goals=11 total=403 score=9:2 
(Filename: E:\unity\Runtime/Export/Debug/Debug.bindings.h Line: 39)

Unloading 4 Unused Serialized files (Serialized files now loaded: 0)
UnloadTime: 0.500200 ms

Unloading 4 unused Assets to reduce memory usage. Loaded Objects now: 1059.
Total: 1.358500 ms (FindLiveObjects: 0.056200 ms CreateObjectMapping: 0.009000 ms MarkObjects: 0.350500 ms  DeleteObjects: 0.942500 ms)

SELFPLAY GOALMAP x=-6.13 isPlayer1Goal=True 
(Filename: E:\unity\Runtime/Export/Debug/Debug.bindings.h Line: 39)

SELFPLAY GOALMAP x=6.18 isPlayer1Goal=False 
(Filename: E:\unity\Runtime/Export/Debug/Debug.bindings.h Line: 39)

SELFPLAY GOAL 404 scorer=Fan ZhaoReward=-1 total=212:192 
(Filename: E:\unity\Runtime/Export/Debug/Debug.bindings.h Line: 39)

SELFPLAY GOAL 405 scorer=Zhao ZhaoReward=1 total=212:193 
(Filename: E:\unity\Runtime/Export/Debug/Debug.bindings.h Line: 39)

SELFPLAY GOAL 406 scorer=Zhao ZhaoReward=1 total=212:194 
(Filename: E:\unity\Runtime/Export/Debug/Debug.bindings.h Line: 39)

SELFPLAY GOAL 407 scorer=Zhao ZhaoReward=1 total=212:195 
(Filename: E:\unity\Runtime/Export/Debug/Debug.bindings.h Line: 39)

SELFPLAY GOAL 408 scorer=Zhao ZhaoReward=1 total=212:196 
(Filename: E:\unity\Runtime/Export/Debug/Debug.bindings.h Line: 39)

SELFPLAY GOAL 409 scorer=Zhao ZhaoReward=1 total=212:197 
(Filename: E:\unity\Runtime/Export/Debug/Debug.bindings.h Line: 39)

SELFPLAY GOAL 410 scorer=Fan ZhaoReward=-1 total=213:197 
(Filename: E:\unity\Runtime/Export/Debug/Debug.bindings.h Line: 39)

SELFPLAY GOAL 411 scorer=Zhao ZhaoReward=1 total=213:198 
(Filename: E:\unity\Runtime/Export/Debug/Debug.bindings.h Line: 39)

SELFPLAY GOAL 412 scorer=Fan ZhaoReward=-1 total=214:198 
(Filename: E:\unity\Runtime/Export/Debug/Debug.bindings.h Line: 39)

SELFPLAY MATCH 39 goals=9 total=412 score=3:6 
(Filename: E:\unity\Runtime/Export/Debug/Debug.bindings.h Line: 39)

Unloading 4 Unused Serialized files (Serialized files now loaded: 0)
UnloadTime: 0.391000 ms

Unloading 4 unused Assets to reduce memory usage. Loaded Objects now: 1059.
Total: 1.266400 ms (FindLiveObjects: 0.040600 ms CreateObjectMapping: 0.008900 ms MarkObjects: 0.271700 ms  DeleteObjects: 0.944500 ms)

SELFPLAY GOALMAP x=-6.13 isPlayer1Goal=True 
(Filename: E:\unity\Runtime/Export/Debug/Debug.bindings.h Line: 39)

SELFPLAY GOALMAP x=6.18 isPlayer1Goal=False 
(Filename: E:\unity\Runtime/Export/Debug/Debug.bindings.h Line: 39)

SELFPLAY GOAL 413 scorer=Fan ZhaoReward=-1 total=215:198 
(Filename: E:\unity\Runtime/Export/Debug/Debug.bindings.h Line: 39)

SELFPLAY GOAL 414 scorer=Zhao ZhaoReward=1 total=215:199 
(Filename: E:\unity\Runtime/Export/Debug/Debug.bindings.h Line: 39)

SELFPLAY GOAL 415 scorer=Zhao ZhaoReward=1 total=215:200 
(Filename: E:\unity\Runtime/Export/Debug/Debug.bindings.h Line: 39)

SELFPLAY PROGRESS goals=415/500 matches=40 score=215:200 real=158.0881 
(Filename: E:\unity\Runtime/Export/Debug/Debug.bindings.h Line: 39)

SELFPLAY GOAL 416 scorer=Zhao ZhaoReward=1 total=215:201 
(Filename: E:\unity\Runtime/Export/Debug/Debug.bindings.h Line: 39)

SELFPLAY GOAL 417 scorer=Fan ZhaoReward=-1 total=216:201 
(Filename: E:\unity\Runtime/Export/Debug/Debug.bindings.h Line: 39)

SELFPLAY GOAL 418 scorer=Zhao ZhaoReward=1 total=216:202 
(Filename: E:\unity\Runtime/Export/Debug/Debug.bindings.h Line: 39)

SELFPLAY GOAL 419 scorer=Zhao ZhaoReward=1 total=216:203 
(Filename: E:\unity\Runtime/Export/Debug/Debug.bindings.h Line: 39)

SELFPLAY GOAL 420 scorer=Zhao ZhaoReward=1 total=216:204 
(Filename: E:\unity\Runtime/Export/Debug/Debug.bindings.h Line: 39)

SELFPLAY MATCH 40 goals=8 total=420 score=2:6 
(Filename: E:\unity\Runtime/Export/Debug/Debug.bindings.h Line: 39)

Unloading 4 Unused Serialized files (Serialized files now loaded: 0)
UnloadTime: 0.510100 ms

Unloading 4 unused Assets to reduce memory usage. Loaded Objects now: 1059.
Total: 1.297300 ms (FindLiveObjects: 0.040600 ms CreateObjectMapping: 0.009300 ms MarkObjects: 0.305100 ms  DeleteObjects: 0.942000 ms)

SELFPLAY GOALMAP x=-6.13 isPlayer1Goal=True 
(Filename: E:\unity\Runtime/Export/Debug/Debug.bindings.h Line: 39)

SELFPLAY GOALMAP x=6.18 isPlayer1Goal=False 
(Filename: E:\unity\Runtime/Export/Debug/Debug.bindings.h Line: 39)

SELFPLAY GOAL 421 scorer=Fan ZhaoReward=-1 total=217:204 
(Filename: E:\unity\Runtime/Export/Debug/Debug.bindings.h Line: 39)

SELFPLAY GOAL 422 scorer=Fan ZhaoReward=-1 total=218:204 
(Filename: E:\unity\Runtime/Export/Debug/Debug.bindings.h Line: 39)

SELFPLAY GOAL 423 scorer=Fan ZhaoReward=-1 total=219:204 
(Filename: E:\unity\Runtime/Export/Debug/Debug.bindings.h Line: 39)

SELFPLAY GOAL 424 scorer=Zhao ZhaoReward=1 total=219:205 
(Filename: E:\unity\Runtime/Export/Debug/Debug.bindings.h Line: 39)

SELFPLAY GOAL 425 scorer=Fan ZhaoReward=-1 total=220:205 
(Filename: E:\unity\Runtime/Export/Debug/Debug.bindings.h Line: 39)

SELFPLAY GOAL 426 scorer=Fan ZhaoReward=-1 total=221:205 
(Filename: E:\unity\Runtime/Export/Debug/Debug.bindings.h Line: 39)

SELFPLAY GOAL 427 scorer=Zhao ZhaoReward=1 total=221:206 
(Filename: E:\unity\Runtime/Export/Debug/Debug.bindings.h Line: 39)

SELFPLAY GOAL 428 scorer=Fan ZhaoReward=-1 total=222:206 
(Filename: E:\unity\Runtime/Export/Debug/Debug.bindings.h Line: 39)

SELFPLAY GOAL 429 scorer=Zhao ZhaoReward=1 total=222:207 
(Filename: E:\unity\Runtime/Export/Debug/Debug.bindings.h Line: 39)

SELFPLAY MATCH 41 goals=9 total=429 score=6:3 
(Filename: E:\unity\Runtime/Export/Debug/Debug.bindings.h Line: 39)

Unloading 4 Unused Serialized files (Serialized files now loaded: 0)
UnloadTime: 0.456300 ms

Unloading 4 unused Assets to reduce memory usage. Loaded Objects now: 1059.
Total: 1.315000 ms (FindLiveObjects: 0.038700 ms CreateObjectMapping: 0.009200 ms MarkObjects: 0.269600 ms  DeleteObjects: 0.997300 ms)

SELFPLAY GOALMAP x=-6.13 isPlayer1Goal=True 
(Filename: E:\unity\Runtime/Export/Debug/Debug.bindings.h Line: 39)

SELFPLAY GOALMAP x=6.18 isPlayer1Goal=False 
(Filename: E:\unity\Runtime/Export/Debug/Debug.bindings.h Line: 39)

SELFPLAY GOAL 430 scorer=Fan ZhaoReward=-1 total=223:207 
(Filename: E:\unity\Runtime/Export/Debug/Debug.bindings.h Line: 39)

SELFPLAY GOAL 431 scorer=Fan ZhaoReward=-1 total=224:207 
(Filename: E:\unity\Runtime/Export/Debug/Debug.bindings.h Line: 39)

SELFPLAY GOAL 432 scorer=Zhao ZhaoReward=1 total=224:208 
(Filename: E:\unity\Runtime/Export/Debug/Debug.bindings.h Line: 39)

SELFPLAY GOAL 433 scorer=Fan ZhaoReward=-1 total=225:208 
(Filename: E:\unity\Runtime/Export/Debug/Debug.bindings.h Line: 39)

SELFPLAY GOAL 434 scorer=Zhao ZhaoReward=1 total=225:209 
(Filename: E:\unity\Runtime/Export/Debug/Debug.bindings.h Line: 39)

SELFPLAY GOAL 435 scorer=Zhao ZhaoReward=1 total=225:210 
(Filename: E:\unity\Runtime/Export/Debug/Debug.bindings.h Line: 39)

SELFPLAY GOAL 436 scorer=Zhao ZhaoReward=1 total=225:211 
(Filename: E:\unity\Runtime/Export/Debug/Debug.bindings.h Line: 39)

SELFPLAY GOAL 437 scorer=Fan ZhaoReward=-1 total=226:211 
(Filename: E:\unity\Runtime/Export/Debug/Debug.bindings.h Line: 39)

SELFPLAY GOAL 438 scorer=Zhao ZhaoReward=1 total=226:212 
(Filename: E:\unity\Runtime/Export/Debug/Debug.bindings.h Line: 39)

SELFPLAY GOAL 439 scorer=Fan ZhaoReward=-1 total=227:212 
(Filename: E:\unity\Runtime/Export/Debug/Debug.bindings.h Line: 39)

SELFPLAY GOAL 440 scorer=Zhao ZhaoReward=1 total=227:213 
(Filename: E:\unity\Runtime/Export/Debug/Debug.bindings.h Line: 39)

SELFPLAY MATCH 42 goals=11 total=440 score=5:6 
(Filename: E:\unity\Runtime/Export/Debug/Debug.bindings.h Line: 39)

Unloading 4 Unused Serialized files (Serialized files now loaded: 0)
UnloadTime: 0.432500 ms

Unloading 4 unused Assets to reduce memory usage. Loaded Objects now: 1059.
Total: 1.304700 ms (FindLiveObjects: 0.039500 ms CreateObjectMapping: 0.009500 ms MarkObjects: 0.282500 ms  DeleteObjects: 0.972700 ms)

SELFPLAY GOALMAP x=-6.13 isPlayer1Goal=True 
(Filename: E:\unity\Runtime/Export/Debug/Debug.bindings.h Line: 39)

SELFPLAY GOALMAP x=6.18 isPlayer1Goal=False 
(Filename: E:\unity\Runtime/Export/Debug/Debug.bindings.h Line: 39)

SELFPLAY GOAL 441 scorer=Fan ZhaoReward=-1 total=228:213 
(Filename: E:\unity\Runtime/Export/Debug/Debug.bindings.h Line: 39)

SELFPLAY GOAL 442 scorer=Fan ZhaoReward=-1 total=229:213 
(Filename: E:\unity\Runtime/Export/Debug/Debug.bindings.h Line: 39)

SELFPLAY GOAL 443 scorer=Fan ZhaoReward=-1 total=230:213 
(Filename: E:\unity\Runtime/Export/Debug/Debug.bindings.h Line: 39)

SELFPLAY GOAL 444 scorer=Fan ZhaoReward=-1 total=231:213 
(Filename: E:\unity\Runtime/Export/Debug/Debug.bindings.h Line: 39)

SELFPLAY GOAL 445 scorer=Fan ZhaoReward=-1 total=232:213 
(Filename: E:\unity\Runtime/Export/Debug/Debug.bindings.h Line: 39)

SELFPLAY GOAL 446 scorer=Zhao ZhaoReward=1 total=232:214 
(Filename: E:\unity\Runtime/Export/Debug/Debug.bindings.h Line: 39)

SELFPLAY GOAL 447 scorer=Zhao ZhaoReward=1 total=232:215 
(Filename: E:\unity\Runtime/Export/Debug/Debug.bindings.h Line: 39)

SELFPLAY GOAL 448 scorer=Fan ZhaoReward=-1 total=233:215 
(Filename: E:\unity\Runtime/Export/Debug/Debug.bindings.h Line: 39)

SELFPLAY GOAL 449 scorer=Zhao ZhaoReward=1 total=233:216 
(Filename: E:\unity\Runtime/Export/Debug/Debug.bindings.h Line: 39)

SELFPLAY GOAL 450 scorer=Fan ZhaoReward=-1 total=234:216 
(Filename: E:\unity\Runtime/Export/Debug/Debug.bindings.h Line: 39)

SELFPLAY GOAL 451 scorer=Zhao ZhaoReward=1 total=234:217 
(Filename: E:\unity\Runtime/Export/Debug/Debug.bindings.h Line: 39)

SELFPLAY MATCH 43 goals=11 total=451 score=7:4 
(Filename: E:\unity\Runtime/Export/Debug/Debug.bindings.h Line: 39)

Unloading 4 Unused Serialized files (Serialized files now loaded: 0)
UnloadTime: 0.398200 ms

Unloading 4 unused Assets to reduce memory usage. Loaded Objects now: 1059.
Total: 1.896900 ms (FindLiveObjects: 0.039400 ms CreateObjectMapping: 0.009900 ms MarkObjects: 0.281100 ms  DeleteObjects: 1.566000 ms)

SELFPLAY GOALMAP x=-6.13 isPlayer1Goal=True 
(Filename: E:\unity\Runtime/Export/Debug/Debug.bindings.h Line: 39)

SELFPLAY GOALMAP x=6.18 isPlayer1Goal=False 
(Filename: E:\unity\Runtime/Export/Debug/Debug.bindings.h Line: 39)

SELFPLAY GOAL 452 scorer=Fan ZhaoReward=-1 total=235:217 
(Filename: E:\unity\Runtime/Export/Debug/Debug.bindings.h Line: 39)

SELFPLAY GOAL 453 scorer=Zhao ZhaoReward=1 total=235:218 
(Filename: E:\unity\Runtime/Export/Debug/Debug.bindings.h Line: 39)

SELFPLAY GOAL 454 scorer=Zhao ZhaoReward=1 total=235:219 
(Filename: E:\unity\Runtime/Export/Debug/Debug.bindings.h Line: 39)

SELFPLAY GOAL 455 scorer=Fan ZhaoReward=-1 total=236:219 
(Filename: E:\unity\Runtime/Export/Debug/Debug.bindings.h Line: 39)

SELFPLAY GOAL 456 scorer=Zhao ZhaoReward=1 total=236:220 
(Filename: E:\unity\Runtime/Export/Debug/Debug.bindings.h Line: 39)

SELFPLAY GOAL 457 scorer=Fan ZhaoReward=-1 total=237:220 
(Filename: E:\unity\Runtime/Export/Debug/Debug.bindings.h Line: 39)

SELFPLAY GOAL 458 scorer=Fan ZhaoReward=-1 total=238:220 
(Filename: E:\unity\Runtime/Export/Debug/Debug.bindings.h Line: 39)

SELFPLAY GOAL 459 scorer=Fan ZhaoReward=-1 total=239:220 
(Filename: E:\unity\Runtime/Export/Debug/Debug.bindings.h Line: 39)

SELFPLAY GOAL 460 scorer=Fan ZhaoReward=-1 total=240:220 
(Filename: E:\unity\Runtime/Export/Debug/Debug.bindings.h Line: 39)

SELFPLAY GOAL 461 scorer=Fan ZhaoReward=-1 total=241:220 
(Filename: E:\unity\Runtime/Export/Debug/Debug.bindings.h Line: 39)

SELFPLAY MATCH 44 goals=10 total=461 score=7:3 
(Filename: E:\unity\Runtime/Export/Debug/Debug.bindings.h Line: 39)

Unloading 4 Unused Serialized files (Serialized files now loaded: 0)
UnloadTime: 0.433100 ms

Unloading 4 unused Assets to reduce memory usage. Loaded Objects now: 1059.
Total: 1.281400 ms (FindLiveObjects: 0.039900 ms CreateObjectMapping: 0.009700 ms MarkObjects: 0.281800 ms  DeleteObjects: 0.949700 ms)

SELFPLAY GOALMAP x=-6.13 isPlayer1Goal=True 
(Filename: E:\unity\Runtime/Export/Debug/Debug.bindings.h Line: 39)

SELFPLAY GOALMAP x=6.18 isPlayer1Goal=False 
(Filename: E:\unity\Runtime/Export/Debug/Debug.bindings.h Line: 39)

SELFPLAY GOAL 462 scorer=Fan ZhaoReward=-1 total=242:220 
(Filename: E:\unity\Runtime/Export/Debug/Debug.bindings.h Line: 39)

SELFPLAY GOAL 463 scorer=Fan ZhaoReward=-1 total=243:220 
(Filename: E:\unity\Runtime/Export/Debug/Debug.bindings.h Line: 39)

SELFPLAY GOAL 464 scorer=Zhao ZhaoReward=1 total=243:221 
(Filename: E:\unity\Runtime/Export/Debug/Debug.bindings.h Line: 39)

SELFPLAY GOAL 465 scorer=Zhao ZhaoReward=1 total=243:222 
(Filename: E:\unity\Runtime/Export/Debug/Debug.bindings.h Line: 39)

SELFPLAY GOAL 466 scorer=Fan ZhaoReward=-1 total=244:222 
(Filename: E:\unity\Runtime/Export/Debug/Debug.bindings.h Line: 39)

SELFPLAY GOAL 467 scorer=Zhao ZhaoReward=1 total=244:223 
(Filename: E:\unity\Runtime/Export/Debug/Debug.bindings.h Line: 39)

SELFPLAY GOAL 468 scorer=Zhao ZhaoReward=1 total=244:224 
(Filename: E:\unity\Runtime/Export/Debug/Debug.bindings.h Line: 39)

SELFPLAY GOAL 469 scorer=Zhao ZhaoReward=1 total=244:225 
(Filename: E:\unity\Runtime/Export/Debug/Debug.bindings.h Line: 39)

SELFPLAY GOAL 470 scorer=Fan ZhaoReward=-1 total=245:225 
(Filename: E:\unity\Runtime/Export/Debug/Debug.bindings.h Line: 39)

SELFPLAY MATCH 45 goals=9 total=470 score=4:5 
(Filename: E:\unity\Runtime/Export/Debug/Debug.bindings.h Line: 39)

Unloading 4 Unused Serialized files (Serialized files now loaded: 0)
UnloadTime: 0.399700 ms

Unloading 4 unused Assets to reduce memory usage. Loaded Objects now: 1059.
Total: 1.342300 ms (FindLiveObjects: 0.039800 ms CreateObjectMapping: 0.009000 ms MarkObjects: 0.271000 ms  DeleteObjects: 1.022100 ms)

SELFPLAY GOALMAP x=-6.13 isPlayer1Goal=True 
(Filename: E:\unity\Runtime/Export/Debug/Debug.bindings.h Line: 39)

SELFPLAY GOALMAP x=6.18 isPlayer1Goal=False 
(Filename: E:\unity\Runtime/Export/Debug/Debug.bindings.h Line: 39)

SELFPLAY GOAL 471 scorer=Fan ZhaoReward=-1 total=246:225 
(Filename: E:\unity\Runtime/Export/Debug/Debug.bindings.h Line: 39)

SELFPLAY GOAL 472 scorer=Zhao ZhaoReward=1 total=246:226 
(Filename: E:\unity\Runtime/Export/Debug/Debug.bindings.h Line: 39)

SELFPLAY GOAL 473 scorer=Zhao ZhaoReward=1 total=246:227 
(Filename: E:\unity\Runtime/Export/Debug/Debug.bindings.h Line: 39)

SELFPLAY GOAL 474 scorer=Zhao ZhaoReward=1 total=246:228 
(Filename: E:\unity\Runtime/Export/Debug/Debug.bindings.h Line: 39)

SELFPLAY GOAL 475 scorer=Fan ZhaoReward=-1 total=247:228 
(Filename: E:\unity\Runtime/Export/Debug/Debug.bindings.h Line: 39)

SELFPLAY GOAL 476 scorer=Fan ZhaoReward=-1 total=248:228 
(Filename: E:\unity\Runtime/Export/Debug/Debug.bindings.h Line: 39)

SELFPLAY GOAL 477 scorer=Zhao ZhaoReward=1 total=248:229 
(Filename: E:\unity\Runtime/Export/Debug/Debug.bindings.h Line: 39)

SELFPLAY GOAL 478 scorer=Fan ZhaoReward=-1 total=249:229 
(Filename: E:\unity\Runtime/Export/Debug/Debug.bindings.h Line: 39)

SELFPLAY GOAL 479 scorer=Fan ZhaoReward=-1 total=250:229 
(Filename: E:\unity\Runtime/Export/Debug/Debug.bindings.h Line: 39)

SELFPLAY MATCH 46 goals=9 total=479 score=5:4 
(Filename: E:\unity\Runtime/Export/Debug/Debug.bindings.h Line: 39)

Unloading 4 Unused Serialized files (Serialized files now loaded: 0)
UnloadTime: 0.483400 ms

Unloading 4 unused Assets to reduce memory usage. Loaded Objects now: 1059.
Total: 1.264900 ms (FindLiveObjects: 0.040000 ms CreateObjectMapping: 0.009300 ms MarkObjects: 0.283400 ms  DeleteObjects: 0.932000 ms)

SELFPLAY GOALMAP x=-6.13 isPlayer1Goal=True 
(Filename: E:\unity\Runtime/Export/Debug/Debug.bindings.h Line: 39)

SELFPLAY GOALMAP x=6.18 isPlayer1Goal=False 
(Filename: E:\unity\Runtime/Export/Debug/Debug.bindings.h Line: 39)

SELFPLAY GOAL 480 scorer=Fan ZhaoReward=-1 total=251:229 
(Filename: E:\unity\Runtime/Export/Debug/Debug.bindings.h Line: 39)

SELFPLAY GOAL 481 scorer=Zhao ZhaoReward=1 total=251:230 
(Filename: E:\unity\Runtime/Export/Debug/Debug.bindings.h Line: 39)

SELFPLAY GOAL 482 scorer=Fan ZhaoReward=-1 total=252:230 
(Filename: E:\unity\Runtime/Export/Debug/Debug.bindings.h Line: 39)

SELFPLAY GOAL 483 scorer=Fan ZhaoReward=-1 total=253:230 
(Filename: E:\unity\Runtime/Export/Debug/Debug.bindings.h Line: 39)

SELFPLAY GOAL 484 scorer=Fan ZhaoReward=-1 total=254:230 
(Filename: E:\unity\Runtime/Export/Debug/Debug.bindings.h Line: 39)

SELFPLAY GOAL 485 scorer=Fan ZhaoReward=-1 total=255:230 
(Filename: E:\unity\Runtime/Export/Debug/Debug.bindings.h Line: 39)

SELFPLAY GOAL 486 scorer=Zhao ZhaoReward=1 total=255:231 
(Filename: E:\unity\Runtime/Export/Debug/Debug.bindings.h Line: 39)

SELFPLAY GOAL 487 scorer=Zhao ZhaoReward=1 total=255:232 
(Filename: E:\unity\Runtime/Export/Debug/Debug.bindings.h Line: 39)

SELFPLAY GOAL 488 scorer=Fan ZhaoReward=-1 total=256:232 
(Filename: E:\unity\Runtime/Export/Debug/Debug.bindings.h Line: 39)

SELFPLAY PROGRESS goals=488/500 matches=47 score=256:232 real=188.0883 
(Filename: E:\unity\Runtime/Export/Debug/Debug.bindings.h Line: 39)

SELFPLAY GOAL 489 scorer=Fan ZhaoReward=-1 total=257:232 
(Filename: E:\unity\Runtime/Export/Debug/Debug.bindings.h Line: 39)

SELFPLAY GOAL 490 scorer=Zhao ZhaoReward=1 total=257:233 
(Filename: E:\unity\Runtime/Export/Debug/Debug.bindings.h Line: 39)

SELFPLAY GOAL 491 scorer=Zhao ZhaoReward=1 total=257:234 
(Filename: E:\unity\Runtime/Export/Debug/Debug.bindings.h Line: 39)

SELFPLAY MATCH 47 goals=12 total=491 score=7:5 
(Filename: E:\unity\Runtime/Export/Debug/Debug.bindings.h Line: 39)

Unloading 4 Unused Serialized files (Serialized files now loaded: 0)
UnloadTime: 0.434800 ms

Unloading 4 unused Assets to reduce memory usage. Loaded Objects now: 1059.
Total: 1.498600 ms (FindLiveObjects: 0.041000 ms CreateObjectMapping: 0.009100 ms MarkObjects: 0.391700 ms  DeleteObjects: 1.056200 ms)

SELFPLAY GOALMAP x=-6.13 isPlayer1Goal=True 
(Filename: E:\unity\Runtime/Export/Debug/Debug.bindings.h Line: 39)

SELFPLAY GOALMAP x=6.18 isPlayer1Goal=False 
(Filename: E:\unity\Runtime/Export/Debug/Debug.bindings.h Line: 39)

SELFPLAY GOAL 492 scorer=Fan ZhaoReward=-1 total=258:234 
(Filename: E:\unity\Runtime/Export/Debug/Debug.bindings.h Line: 39)

SELFPLAY GOAL 493 scorer=Zhao ZhaoReward=1 total=258:235 
(Filename: E:\unity\Runtime/Export/Debug/Debug.bindings.h Line: 39)

SELFPLAY GOAL 494 scorer=Fan ZhaoReward=-1 total=259:235 
(Filename: E:\unity\Runtime/Export/Debug/Debug.bindings.h Line: 39)

SELFPLAY GOAL 495 scorer=Zhao ZhaoReward=1 total=259:236 
(Filename: E:\unity\Runtime/Export/Debug/Debug.bindings.h Line: 39)

SELFPLAY GOAL 496 scorer=Fan ZhaoReward=-1 total=260:236 
(Filename: E:\unity\Runtime/Export/Debug/Debug.bindings.h Line: 39)

SELFPLAY GOAL 497 scorer=Zhao ZhaoReward=1 total=260:237 
(Filename: E:\unity\Runtime/Export/Debug/Debug.bindings.h Line: 39)

SELFPLAY GOAL 498 scorer=Zhao ZhaoReward=1 total=260:238 
(Filename: E:\unity\Runtime/Export/Debug/Debug.bindings.h Line: 39)

SELFPLAY GOAL 499 scorer=Zhao ZhaoReward=1 total=260:239 
(Filename: E:\unity\Runtime/Export/Debug/Debug.bindings.h Line: 39)

SELFPLAY GOAL 500 scorer=Fan ZhaoReward=-1 total=261:239 
(Filename: E:\unity\Runtime/Export/Debug/Debug.bindings.h Line: 39)

SELFPLAY MATCH 48 goals=9 total=500 score=4:5 
(Filename: E:\unity\Runtime/Export/Debug/Debug.bindings.h Line: 39)

SELFPLAY COMPLETE goals=500 fan=261 zhao=239 matches=48 failures=0 
(Filename: E:\unity\Runtime/Export/Debug/Debug.bindings.h Line: 39)

Setting up 12 worker threads for Enlighten.
  Thread -> id: 75b4 -> priority: 1 
  Thread -> id: 7bf0 -> priority: 1 
  Thread -> id: 1378 -> priority: 1 
  Thread -> id: 33e8 -> priority: 1 
  Thread -> id: 5f20 -> priority: 1 
  Thread -> id: 18cc -> priority: 1 
  Thread -> id: 63c8 -> priority: 1 
  Thread -> id: 80c4 -> priority: 1 
  Thread -> id: 2b44 -> priority: 1 
  Thread -> id: 7730 -> priority: 1 
  Thread -> id: 4704 -> priority: 1 
  Thread -> id: 7c70 -> priority: 1 

Mono path[0] = 'C:/Users/Alienware/Documents/范志毅VS赵鹏/范志毅VS赵鹏 PC双人版（32位）/鑼冨織姣匳S璧甸箯 PC鍙屼汉鐗堬紙32浣嶏級/AI Mod Source/build/fan-strategy-selfplay-original-worker-1/FanZhiYi_Data/Managed'
Mono config path = 'C:/Users/Alienware/Documents/范志毅VS赵鹏/范志毅VS赵鹏 PC双人版（32位）/鑼冨織姣匳S璧甸箯 PC鍙屼汉鐗堬紙32浣嶏級/AI Mod Source/build/fan-strategy-selfplay-original-worker-1/MonoBleedingEdge/etc'
AS: AutoStreaming module initializing.Initialize engine version: 2019.4.33f1c1 (c2f94a8bebb3)
[Subsystems] Discovering subsystems at path C:/Users/Alienware/Documents/范志毅VS赵鹏/范志毅VS赵鹏 PC双人版（32位）/鑼冨織姣匳S璧甸箯 PC鍙屼汉鐗堬紙32浣嶏級/AI Mod Source/build/fan-strategy-selfplay-original-worker-1/FanZhiYi_Data/UnitySubsystems
Forcing GfxDevice: Null
GfxDevice: creating device client; threaded=0
NullGfxDevice:
    Version:  NULL 1.0 [1.0]
    Renderer: Null Device
    Vendor:   Unity Technologies
Begin MonoManager ReloadAssembly
- Completed reload, in  0.098 seconds
Microsoft Media Foundation video decoding to texture disabled: graphics device is Null, only Direct3D 11 and Direct3D 12 (only on desktop) are supported for hardware-accelerated video decoding.
UnloadTime: 0.614500 ms
Unloading 5 Unused Serialized files (Serialized files now loaded: 0)
UnloadTime: 0.150800 ms

Unloading 145 unused Assets to reduce memory usage. Loaded Objects now: 1003.
Total: 0.565100 ms (FindLiveObjects: 0.038800 ms CreateObjectMapping: 0.010600 ms MarkObjects: 0.218600 ms  DeleteObjects: 0.296600 ms)

SELFPLAY GOALMAP x=-6.13 isPlayer1Goal=True 
(Filename: E:\unity\Runtime/Export/Debug/Debug.bindings.h Line: 39)

SELFPLAY GOALMAP x=6.18 isPlayer1Goal=False 
(Filename: E:\unity\Runtime/Export/Debug/Debug.bindings.h Line: 39)

SELFPLAY GOAL 101 scorer=Fan ZhaoReward=-1 total=53:48 
(Filename: E:\unity\Runtime/Export/Debug/Debug.bindings.h Line: 39)

SELFPLAY GOAL 102 scorer=Zhao ZhaoReward=1 total=53:49 
(Filename: E:\unity\Runtime/Export/Debug/Debug.bindings.h Line: 39)

SELFPLAY GOAL 103 scorer=Zhao ZhaoReward=1 total=53:50 
(Filename: E:\unity\Runtime/Export/Debug/Debug.bindings.h Line: 39)

SELFPLAY GOAL 104 scorer=Fan ZhaoReward=-1 total=54:50 
(Filename: E:\unity\Runtime/Export/Debug/Debug.bindings.h Line: 39)

SELFPLAY GOAL 105 scorer=Fan ZhaoReward=-1 total=55:50 
(Filename: E:\unity\Runtime/Export/Debug/Debug.bindings.h Line: 39)

SELFPLAY GOAL 106 scorer=Fan ZhaoReward=-1 total=56:50 
(Filename: E:\unity\Runtime/Export/Debug/Debug.bindings.h Line: 39)

SELFPLAY GOAL 107 scorer=Zhao ZhaoReward=1 total=56:51 
(Filename: E:\unity\Runtime/Export/Debug/Debug.bindings.h Line: 39)

SELFPLAY GOAL 108 scorer=Zhao ZhaoReward=1 total=56:52 
(Filename: E:\unity\Runtime/Export/Debug/Debug.bindings.h Line: 39)

SELFPLAY GOAL 109 scorer=Fan ZhaoReward=-1 total=57:52 
(Filename: E:\unity\Runtime/Export/Debug/Debug.bindings.h Line: 39)

SELFPLAY GOAL 110 scorer=Fan ZhaoReward=-1 total=58:52 
(Filename: E:\unity\Runtime/Export/Debug/Debug.bindings.h Line: 39)

SELFPLAY MATCH 11 goals=10 total=110 score=6:4 
(Filename: E:\unity\Runtime/Export/Debug/Debug.bindings.h Line: 39)

Unloading 4 Unused Serialized files (Serialized files now loaded: 0)
UnloadTime: 1.035400 ms

Unloading 37 unused Assets to reduce memory usage. Loaded Objects now: 1059.
Total: 1.136700 ms (FindLiveObjects: 0.085200 ms CreateObjectMapping: 0.009500 ms MarkObjects: 0.212000 ms  DeleteObjects: 0.829300 ms)

SELFPLAY GOALMAP x=-6.13 isPlayer1Goal=True 
(Filename: E:\unity\Runtime/Export/Debug/Debug.bindings.h Line: 39)

SELFPLAY GOALMAP x=6.18 isPlayer1Goal=False 
(Filename: E:\unity\Runtime/Export/Debug/Debug.bindings.h Line: 39)

SELFPLAY GOAL 111 scorer=Fan ZhaoReward=-1 total=59:52 
(Filename: E:\unity\Runtime/Export/Debug/Debug.bindings.h Line: 39)

SELFPLAY GOAL 112 scorer=Fan ZhaoReward=-1 total=60:52 
(Filename: E:\unity\Runtime/Export/Debug/Debug.bindings.h Line: 39)

SELFPLAY GOAL 113 scorer=Fan ZhaoReward=-1 total=61:52 
(Filename: E:\unity\Runtime/Export/Debug/Debug.bindings.h Line: 39)

SELFPLAY GOAL 114 scorer=Fan ZhaoReward=-1 total=62:52 
(Filename: E:\unity\Runtime/Export/Debug/Debug.bindings.h Line: 39)

SELFPLAY GOAL 115 scorer=Fan ZhaoReward=-1 total=63:52 
(Filename: E:\unity\Runtime/Export/Debug/Debug.bindings.h Line: 39)

SELFPLAY GOAL 116 scorer=Zhao ZhaoReward=1 total=63:53 
(Filename: E:\unity\Runtime/Export/Debug/Debug.bindings.h Line: 39)

SELFPLAY GOAL 117 scorer=Fan ZhaoReward=-1 total=64:53 
(Filename: E:\unity\Runtime/Export/Debug/Debug.bindings.h Line: 39)

SELFPLAY GOAL 118 scorer=Zhao ZhaoReward=1 total=64:54 
(Filename: E:\unity\Runtime/Export/Debug/Debug.bindings.h Line: 39)

SELFPLAY GOAL 119 scorer=Fan ZhaoReward=-1 total=65:54 
(Filename: E:\unity\Runtime/Export/Debug/Debug.bindings.h Line: 39)

SELFPLAY GOAL 120 scorer=Zhao ZhaoReward=1 total=65:55 
(Filename: E:\unity\Runtime/Export/Debug/Debug.bindings.h Line: 39)

SELFPLAY MATCH 12 goals=10 total=120 score=7:3 
(Filename: E:\unity\Runtime/Export/Debug/Debug.bindings.h Line: 39)

Unloading 4 Unused Serialized files (Serialized files now loaded: 0)
UnloadTime: 0.447600 ms

Unloading 4 unused Assets to reduce memory usage. Loaded Objects now: 1059.
Total: 1.148600 ms (FindLiveObjects: 0.042400 ms CreateObjectMapping: 0.009300 ms MarkObjects: 0.239300 ms  DeleteObjects: 0.857200 ms)

SELFPLAY GOALMAP x=-6.13 isPlayer1Goal=True 
(Filename: E:\unity\Runtime/Export/Debug/Debug.bindings.h Line: 39)

SELFPLAY GOALMAP x=6.18 isPlayer1Goal=False 
(Filename: E:\unity\Runtime/Export/Debug/Debug.bindings.h Line: 39)

SELFPLAY GOAL 121 scorer=Fan ZhaoReward=-1 total=66:55 
(Filename: E:\unity\Runtime/Export/Debug/Debug.bindings.h Line: 39)

SELFPLAY GOAL 122 scorer=Fan ZhaoReward=-1 total=67:55 
(Filename: E:\unity\Runtime/Export/Debug/Debug.bindings.h Line: 39)

SELFPLAY GOAL 123 scorer=Fan ZhaoReward=-1 total=68:55 
(Filename: E:\unity\Runtime/Export/Debug/Debug.bindings.h Line: 39)

SELFPLAY GOAL 124 scorer=Zhao ZhaoReward=1 total=68:56 
(Filename: E:\unity\Runtime/Export/Debug/Debug.bindings.h Line: 39)

SELFPLAY GOAL 125 scorer=Fan ZhaoReward=-1 total=69:56 
(Filename: E:\unity\Runtime/Export/Debug/Debug.bindings.h Line: 39)

SELFPLAY GOAL 126 scorer=Fan ZhaoReward=-1 total=70:56 
(Filename: E:\unity\Runtime/Export/Debug/Debug.bindings.h Line: 39)

SELFPLAY GOAL 127 scorer=Fan ZhaoReward=-1 total=71:56 
(Filename: E:\unity\Runtime/Export/Debug/Debug.bindings.h Line: 39)

SELFPLAY GOAL 128 scorer=Zhao ZhaoReward=1 total=71:57 
(Filename: E:\unity\Runtime/Export/Debug/Debug.bindings.h Line: 39)

SELFPLAY GOAL 129 scorer=Zhao ZhaoReward=1 total=71:58 
(Filename: E:\unity\Runtime/Export/Debug/Debug.bindings.h Line: 39)

SELFPLAY MATCH 13 goals=9 total=129 score=6:3 
(Filename: E:\unity\Runtime/Export/Debug/Debug.bindings.h Line: 39)

Unloading 4 Unused Serialized files (Serialized files now loaded: 0)
UnloadTime: 0.548400 ms

Unloading 4 unused Assets to reduce memory usage. Loaded Objects now: 1059.
Total: 1.113800 ms (FindLiveObjects: 0.039900 ms CreateObjectMapping: 0.009100 ms MarkObjects: 0.244600 ms  DeleteObjects: 0.819700 ms)

SELFPLAY GOALMAP x=-6.13 isPlayer1Goal=True 
(Filename: E:\unity\Runtime/Export/Debug/Debug.bindings.h Line: 39)

SELFPLAY GOALMAP x=6.18 isPlayer1Goal=False 
(Filename: E:\unity\Runtime/Export/Debug/Debug.bindings.h Line: 39)

SELFPLAY GOAL 130 scorer=Fan ZhaoReward=-1 total=72:58 
(Filename: E:\unity\Runtime/Export/Debug/Debug.bindings.h Line: 39)

SELFPLAY GOAL 131 scorer=Fan ZhaoReward=-1 total=73:58 
(Filename: E:\unity\Runtime/Export/Debug/Debug.bindings.h Line: 39)

SELFPLAY GOAL 132 scorer=Fan ZhaoReward=-1 total=74:58 
(Filename: E:\unity\Runtime/Export/Debug/Debug.bindings.h Line: 39)

SELFPLAY GOAL 133 scorer=Fan ZhaoReward=-1 total=75:58 
(Filename: E:\unity\Runtime/Export/Debug/Debug.bindings.h Line: 39)

SELFPLAY GOAL 134 scorer=Zhao ZhaoReward=1 total=75:59 
(Filename: E:\unity\Runtime/Export/Debug/Debug.bindings.h Line: 39)

SELFPLAY GOAL 135 scorer=Zhao ZhaoReward=1 total=75:60 
(Filename: E:\unity\Runtime/Export/Debug/Debug.bindings.h Line: 39)

SELFPLAY GOAL 136 scorer=Zhao ZhaoReward=1 total=75:61 
(Filename: E:\unity\Runtime/Export/Debug/Debug.bindings.h Line: 39)

SELFPLAY GOAL 137 scorer=Zhao ZhaoReward=1 total=75:62 
(Filename: E:\unity\Runtime/Export/Debug/Debug.bindings.h Line: 39)

SELFPLAY GOAL 138 scorer=Fan ZhaoReward=-1 total=76:62 
(Filename: E:\unity\Runtime/Export/Debug/Debug.bindings.h Line: 39)

SELFPLAY GOAL 139 scorer=Fan ZhaoReward=-1 total=77:62 
(Filename: E:\unity\Runtime/Export/Debug/Debug.bindings.h Line: 39)

SELFPLAY GOAL 140 scorer=Zhao ZhaoReward=1 total=77:63 
(Filename: E:\unity\Runtime/Export/Debug/Debug.bindings.h Line: 39)

SELFPLAY MATCH 14 goals=11 total=140 score=6:5 
(Filename: E:\unity\Runtime/Export/Debug/Debug.bindings.h Line: 39)

Unloading 4 Unused Serialized files (Serialized files now loaded: 0)
UnloadTime: 0.466700 ms

Unloading 4 unused Assets to reduce memory usage. Loaded Objects now: 1059.
Total: 1.088900 ms (FindLiveObjects: 0.037100 ms CreateObjectMapping: 0.008500 ms MarkObjects: 0.212800 ms  DeleteObjects: 0.830400 ms)

SELFPLAY GOALMAP x=-6.13 isPlayer1Goal=True 
(Filename: E:\unity\Runtime/Export/Debug/Debug.bindings.h Line: 39)

SELFPLAY GOALMAP x=6.18 isPlayer1Goal=False 
(Filename: E:\unity\Runtime/Export/Debug/Debug.bindings.h Line: 39)

SELFPLAY GOAL 141 scorer=Fan ZhaoReward=-1 total=78:63 
(Filename: E:\unity\Runtime/Export/Debug/Debug.bindings.h Line: 39)

SELFPLAY GOAL 142 scorer=Fan ZhaoReward=-1 total=79:63 
(Filename: E:\unity\Runtime/Export/Debug/Debug.bindings.h Line: 39)

SELFPLAY GOAL 143 scorer=Fan ZhaoReward=-1 total=80:63 
(Filename: E:\unity\Runtime/Export/Debug/Debug.bindings.h Line: 39)

SELFPLAY GOAL 144 scorer=Zhao ZhaoReward=1 total=80:64 
(Filename: E:\unity\Runtime/Export/Debug/Debug.bindings.h Line: 39)

SELFPLAY GOAL 145 scorer=Fan ZhaoReward=-1 total=81:64 
(Filename: E:\unity\Runtime/Export/Debug/Debug.bindings.h Line: 39)

SELFPLAY GOAL 146 scorer=Zhao ZhaoReward=1 total=81:65 
(Filename: E:\unity\Runtime/Export/Debug/Debug.bindings.h Line: 39)

SELFPLAY GOAL 147 scorer=Fan ZhaoReward=-1 total=82:65 
(Filename: E:\unity\Runtime/Export/Debug/Debug.bindings.h Line: 39)

SELFPLAY GOAL 148 scorer=Fan ZhaoReward=-1 total=83:65 
(Filename: E:\unity\Runtime/Export/Debug/Debug.bindings.h Line: 39)

SELFPLAY GOAL 149 scorer=Zhao ZhaoReward=1 total=83:66 
(Filename: E:\unity\Runtime/Export/Debug/Debug.bindings.h Line: 39)

SELFPLAY GOAL 150 scorer=Zhao ZhaoReward=1 total=83:67 
(Filename: E:\unity\Runtime/Export/Debug/Debug.bindings.h Line: 39)

SELFPLAY GOAL 151 scorer=Zhao ZhaoReward=1 total=83:68 
(Filename: E:\unity\Runtime/Export/Debug/Debug.bindings.h Line: 39)

SELFPLAY GOAL 152 scorer=Fan ZhaoReward=-1 total=84:68 
(Filename: E:\unity\Runtime/Export/Debug/Debug.bindings.h Line: 39)

SELFPLAY MATCH 15 goals=12 total=152 score=7:5 
(Filename: E:\unity\Runtime/Export/Debug/Debug.bindings.h Line: 39)

Unloading 4 Unused Serialized files (Serialized files now loaded: 0)
UnloadTime: 0.467900 ms

Unloading 4 unused Assets to reduce memory usage. Loaded Objects now: 1059.
Total: 1.251100 ms (FindLiveObjects: 0.046400 ms CreateObjectMapping: 0.019700 ms MarkObjects: 0.243300 ms  DeleteObjects: 0.941300 ms)

SELFPLAY GOALMAP x=-6.13 isPlayer1Goal=True 
(Filename: E:\unity\Runtime/Export/Debug/Debug.bindings.h Line: 39)

SELFPLAY GOALMAP x=6.18 isPlayer1Goal=False 
(Filename: E:\unity\Runtime/Export/Debug/Debug.bindings.h Line: 39)

SELFPLAY GOAL 153 scorer=Fan ZhaoReward=-1 total=85:68 
(Filename: E:\unity\Runtime/Export/Debug/Debug.bindings.h Line: 39)

SELFPLAY GOAL 154 scorer=Zhao ZhaoReward=1 total=85:69 
(Filename: E:\unity\Runtime/Export/Debug/Debug.bindings.h Line: 39)

SELFPLAY GOAL 155 scorer=Zhao ZhaoReward=1 total=85:70 
(Filename: E:\unity\Runtime/Export/Debug/Debug.bindings.h Line: 39)

SELFPLAY GOAL 156 scorer=Fan ZhaoReward=-1 total=86:70 
(Filename: E:\unity\Runtime/Export/Debug/Debug.bindings.h Line: 39)

SELFPLAY GOAL 157 scorer=Fan ZhaoReward=-1 total=87:70 
(Filename: E:\unity\Runtime/Export/Debug/Debug.bindings.h Line: 39)

SELFPLAY GOAL 158 scorer=Zhao ZhaoReward=1 total=87:71 
(Filename: E:\unity\Runtime/Export/Debug/Debug.bindings.h Line: 39)

SELFPLAY GOAL 159 scorer=Fan ZhaoReward=-1 total=88:71 
(Filename: E:\unity\Runtime/Export/Debug/Debug.bindings.h Line: 39)

SELFPLAY GOAL 160 scorer=Zhao ZhaoReward=1 total=88:72 
(Filename: E:\unity\Runtime/Export/Debug/Debug.bindings.h Line: 39)

SELFPLAY GOAL 161 scorer=Zhao ZhaoReward=1 total=88:73 
(Filename: E:\unity\Runtime/Export/Debug/Debug.bindings.h Line: 39)

SELFPLAY GOAL 162 scorer=Zhao ZhaoReward=1 total=88:74 
(Filename: E:\unity\Runtime/Export/Debug/Debug.bindings.h Line: 39)

SELFPLAY MATCH 16 goals=10 total=162 score=4:6 
(Filename: E:\unity\Runtime/Export/Debug/Debug.bindings.h Line: 39)

Unloading 4 Unused Serialized files (Serialized files now loaded: 0)
UnloadTime: 0.635600 ms

Unloading 4 unused Assets to reduce memory usage. Loaded Objects now: 1059.
Total: 1.254800 ms (FindLiveObjects: 0.050600 ms CreateObjectMapping: 0.011300 ms MarkObjects: 0.260200 ms  DeleteObjects: 0.932300 ms)

SELFPLAY GOALMAP x=-6.13 isPlayer1Goal=True 
(Filename: E:\unity\Runtime/Export/Debug/Debug.bindings.h Line: 39)

SELFPLAY GOALMAP x=6.18 isPlayer1Goal=False 
(Filename: E:\unity\Runtime/Export/Debug/Debug.bindings.h Line: 39)

SELFPLAY GOAL 163 scorer=Fan ZhaoReward=-1 total=89:74 
(Filename: E:\unity\Runtime/Export/Debug/Debug.bindings.h Line: 39)

SELFPLAY GOAL 164 scorer=Fan ZhaoReward=-1 total=90:74 
(Filename: E:\unity\Runtime/Export/Debug/Debug.bindings.h Line: 39)

SELFPLAY GOAL 165 scorer=Zhao ZhaoReward=1 total=90:75 
(Filename: E:\unity\Runtime/Export/Debug/Debug.bindings.h Line: 39)

SELFPLAY GOAL 166 scorer=Fan ZhaoReward=-1 total=91:75 
(Filename: E:\unity\Runtime/Export/Debug/Debug.bindings.h Line: 39)

SELFPLAY GOAL 167 scorer=Zhao ZhaoReward=1 total=91:76 
(Filename: E:\unity\Runtime/Export/Debug/Debug.bindings.h Line: 39)

SELFPLAY GOAL 168 scorer=Zhao ZhaoReward=1 total=91:77 
(Filename: E:\unity\Runtime/Export/Debug/Debug.bindings.h Line: 39)

SELFPLAY GOAL 169 scorer=Fan ZhaoReward=-1 total=92:77 
(Filename: E:\unity\Runtime/Export/Debug/Debug.bindings.h Line: 39)

SELFPLAY GOAL 170 scorer=Zhao ZhaoReward=1 total=92:78 
(Filename: E:\unity\Runtime/Export/Debug/Debug.bindings.h Line: 39)

SELFPLAY GOAL 171 scorer=Fan ZhaoReward=-1 total=93:78 
(Filename: E:\unity\Runtime/Export/Debug/Debug.bindings.h Line: 39)

SELFPLAY GOAL 172 scorer=Fan ZhaoReward=-1 total=94:78 
(Filename: E:\unity\Runtime/Export/Debug/Debug.bindings.h Line: 39)

SELFPLAY GOAL 173 scorer=Zhao ZhaoReward=1 total=94:79 
(Filename: E:\unity\Runtime/Export/Debug/Debug.bindings.h Line: 39)

SELFPLAY MATCH 17 goals=11 total=173 score=6:5 
(Filename: E:\unity\Runtime/Export/Debug/Debug.bindings.h Line: 39)

Unloading 4 Unused Serialized files (Serialized files now loaded: 0)
UnloadTime: 0.472700 ms

Unloading 4 unused Assets to reduce memory usage. Loaded Objects now: 1059.
Total: 1.340700 ms (FindLiveObjects: 0.053500 ms CreateObjectMapping: 0.011800 ms MarkObjects: 0.241500 ms  DeleteObjects: 1.033600 ms)

SELFPLAY GOALMAP x=-6.13 isPlayer1Goal=True 
(Filename: E:\unity\Runtime/Export/Debug/Debug.bindings.h Line: 39)

SELFPLAY GOALMAP x=6.18 isPlayer1Goal=False 
(Filename: E:\unity\Runtime/Export/Debug/Debug.bindings.h Line: 39)

SELFPLAY GOAL 174 scorer=Fan ZhaoReward=-1 total=95:79 
(Filename: E:\unity\Runtime/Export/Debug/Debug.bindings.h Line: 39)

SELFPLAY GOAL 175 scorer=Fan ZhaoReward=-1 total=96:79 
(Filename: E:\unity\Runtime/Export/Debug/Debug.bindings.h Line: 39)

SELFPLAY GOAL 176 scorer=Zhao ZhaoReward=1 total=96:80 
(Filename: E:\unity\Runtime/Export/Debug/Debug.bindings.h Line: 39)

SELFPLAY PROGRESS goals=176/500 matches=18 score=96:80 real=68.24554 
(Filename: E:\unity\Runtime/Export/Debug/Debug.bindings.h Line: 39)

SELFPLAY GOAL 177 scorer=Fan ZhaoReward=-1 total=97:80 
(Filename: E:\unity\Runtime/Export/Debug/Debug.bindings.h Line: 39)

SELFPLAY GOAL 178 scorer=Zhao ZhaoReward=1 total=97:81 
(Filename: E:\unity\Runtime/Export/Debug/Debug.bindings.h Line: 39)

SELFPLAY GOAL 179 scorer=Fan ZhaoReward=-1 total=98:81 
(Filename: E:\unity\Runtime/Export/Debug/Debug.bindings.h Line: 39)

SELFPLAY GOAL 180 scorer=Fan ZhaoReward=-1 total=99:81 
(Filename: E:\unity\Runtime/Export/Debug/Debug.bindings.h Line: 39)

SELFPLAY GOAL 181 scorer=Zhao ZhaoReward=1 total=99:82 
(Filename: E:\unity\Runtime/Export/Debug/Debug.bindings.h Line: 39)

SELFPLAY GOAL 182 scorer=Zhao ZhaoReward=1 total=99:83 
(Filename: E:\unity\Runtime/Export/Debug/Debug.bindings.h Line: 39)

SELFPLAY GOAL 183 scorer=Fan ZhaoReward=-1 total=100:83 
(Filename: E:\unity\Runtime/Export/Debug/Debug.bindings.h Line: 39)

SELFPLAY MATCH 18 goals=10 total=183 score=6:4 
(Filename: E:\unity\Runtime/Export/Debug/Debug.bindings.h Line: 39)

Unloading 4 Unused Serialized files (Serialized files now loaded: 0)
UnloadTime: 0.620600 ms

Unloading 4 unused Assets to reduce memory usage. Loaded Objects now: 1059.
Total: 0.852200 ms (FindLiveObjects: 0.042600 ms CreateObjectMapping: 0.009900 ms MarkObjects: 0.315900 ms  DeleteObjects: 0.483300 ms)

SELFPLAY GOALMAP x=-6.13 isPlayer1Goal=True 
(Filename: E:\unity\Runtime/Export/Debug/Debug.bindings.h Line: 39)

SELFPLAY GOALMAP x=6.18 isPlayer1Goal=False 
(Filename: E:\unity\Runtime/Export/Debug/Debug.bindings.h Line: 39)

SELFPLAY GOAL 184 scorer=Fan ZhaoReward=-1 total=101:83 
(Filename: E:\unity\Runtime/Export/Debug/Debug.bindings.h Line: 39)

SELFPLAY GOAL 185 scorer=Fan ZhaoReward=-1 total=102:83 
(Filename: E:\unity\Runtime/Export/Debug/Debug.bindings.h Line: 39)

SELFPLAY GOAL 186 scorer=Fan ZhaoReward=-1 total=103:83 
(Filename: E:\unity\Runtime/Export/Debug/Debug.bindings.h Line: 39)

SELFPLAY GOAL 187 scorer=Fan ZhaoReward=-1 total=104:83 
(Filename: E:\unity\Runtime/Export/Debug/Debug.bindings.h Line: 39)

SELFPLAY GOAL 188 scorer=Zhao ZhaoReward=1 total=104:84 
(Filename: E:\unity\Runtime/Export/Debug/Debug.bindings.h Line: 39)

SELFPLAY GOAL 189 scorer=Fan ZhaoReward=-1 total=105:84 
(Filename: E:\unity\Runtime/Export/Debug/Debug.bindings.h Line: 39)

SELFPLAY GOAL 190 scorer=Fan ZhaoReward=-1 total=106:84 
(Filename: E:\unity\Runtime/Export/Debug/Debug.bindings.h Line: 39)

SELFPLAY GOAL 191 scorer=Zhao ZhaoReward=1 total=106:85 
(Filename: E:\unity\Runtime/Export/Debug/Debug.bindings.h Line: 39)

SELFPLAY GOAL 192 scorer=Zhao ZhaoReward=1 total=106:86 
(Filename: E:\unity\Runtime/Export/Debug/Debug.bindings.h Line: 39)

SELFPLAY GOAL 193 scorer=Fan ZhaoReward=-1 total=107:86 
(Filename: E:\unity\Runtime/Export/Debug/Debug.bindings.h Line: 39)

SELFPLAY GOAL 194 scorer=Zhao ZhaoReward=1 total=107:87 
(Filename: E:\unity\Runtime/Export/Debug/Debug.bindings.h Line: 39)

SELFPLAY MATCH 19 goals=11 total=194 score=7:4 
(Filename: E:\unity\Runtime/Export/Debug/Debug.bindings.h Line: 39)

Unloading 4 Unused Serialized files (Serialized files now loaded: 0)
UnloadTime: 0.440600 ms

Unloading 4 unused Assets to reduce memory usage. Loaded Objects now: 1059.
Total: 1.275900 ms (FindLiveObjects: 0.039700 ms CreateObjectMapping: 0.009300 ms MarkObjects: 0.247800 ms  DeleteObjects: 0.978600 ms)

SELFPLAY GOALMAP x=-6.13 isPlayer1Goal=True 
(Filename: E:\unity\Runtime/Export/Debug/Debug.bindings.h Line: 39)

SELFPLAY GOALMAP x=6.18 isPlayer1Goal=False 
(Filename: E:\unity\Runtime/Export/Debug/Debug.bindings.h Line: 39)

SELFPLAY GOAL 195 scorer=Fan ZhaoReward=-1 total=108:87 
(Filename: E:\unity\Runtime/Export/Debug/Debug.bindings.h Line: 39)

SELFPLAY GOAL 196 scorer=Fan ZhaoReward=-1 total=109:87 
(Filename: E:\unity\Runtime/Export/Debug/Debug.bindings.h Line: 39)

SELFPLAY GOAL 197 scorer=Fan ZhaoReward=-1 total=110:87 
(Filename: E:\unity\Runtime/Export/Debug/Debug.bindings.h Line: 39)

SELFPLAY GOAL 198 scorer=Fan ZhaoReward=-1 total=111:87 
(Filename: E:\unity\Runtime/Export/Debug/Debug.bindings.h Line: 39)

SELFPLAY GOAL 199 scorer=Zhao ZhaoReward=1 total=111:88 
(Filename: E:\unity\Runtime/Export/Debug/Debug.bindings.h Line: 39)

SELFPLAY GOAL 200 scorer=Zhao ZhaoReward=1 total=111:89 
(Filename: E:\unity\Runtime/Export/Debug/Debug.bindings.h Line: 39)

SELFPLAY GOAL 201 scorer=Fan ZhaoReward=-1 total=112:89 
(Filename: E:\unity\Runtime/Export/Debug/Debug.bindings.h Line: 39)

SELFPLAY GOAL 202 scorer=Fan ZhaoReward=-1 total=113:89 
(Filename: E:\unity\Runtime/Export/Debug/Debug.bindings.h Line: 39)

SELFPLAY GOAL 203 scorer=Fan ZhaoReward=-1 total=114:89 
(Filename: E:\unity\Runtime/Export/Debug/Debug.bindings.h Line: 39)

SELFPLAY GOAL 204 scorer=Fan ZhaoReward=-1 total=115:89 
(Filename: E:\unity\Runtime/Export/Debug/Debug.bindings.h Line: 39)

SELFPLAY GOAL 205 scorer=Fan ZhaoReward=-1 total=116:89 
(Filename: E:\unity\Runtime/Export/Debug/Debug.bindings.h Line: 39)

SELFPLAY GOAL 206 scorer=Fan ZhaoReward=-1 total=117:89 
(Filename: E:\unity\Runtime/Export/Debug/Debug.bindings.h Line: 39)

SELFPLAY GOAL 207 scorer=Fan ZhaoReward=-1 total=118:89 
(Filename: E:\unity\Runtime/Export/Debug/Debug.bindings.h Line: 39)

SELFPLAY MATCH 20 goals=13 total=207 score=11:2 
(Filename: E:\unity\Runtime/Export/Debug/Debug.bindings.h Line: 39)

Unloading 4 Unused Serialized files (Serialized files now loaded: 0)
UnloadTime: 0.465500 ms

Unloading 4 unused Assets to reduce memory usage. Loaded Objects now: 1059.
Total: 1.341400 ms (FindLiveObjects: 0.038700 ms CreateObjectMapping: 0.009700 ms MarkObjects: 0.314800 ms  DeleteObjects: 0.977600 ms)

SELFPLAY GOALMAP x=-6.13 isPlayer1Goal=True 
(Filename: E:\unity\Runtime/Export/Debug/Debug.bindings.h Line: 39)

SELFPLAY GOALMAP x=6.18 isPlayer1Goal=False 
(Filename: E:\unity\Runtime/Export/Debug/Debug.bindings.h Line: 39)

SELFPLAY GOAL 208 scorer=Fan ZhaoReward=-1 total=119:89 
(Filename: E:\unity\Runtime/Export/Debug/Debug.bindings.h Line: 39)

SELFPLAY GOAL 209 scorer=Fan ZhaoReward=-1 total=120:89 
(Filename: E:\unity\Runtime/Export/Debug/Debug.bindings.h Line: 39)

SELFPLAY GOAL 210 scorer=Zhao ZhaoReward=1 total=120:90 
(Filename: E:\unity\Runtime/Export/Debug/Debug.bindings.h Line: 39)

SELFPLAY GOAL 211 scorer=Zhao ZhaoReward=1 total=120:91 
(Filename: E:\unity\Runtime/Export/Debug/Debug.bindings.h Line: 39)

SELFPLAY GOAL 212 scorer=Fan ZhaoReward=-1 total=121:91 
(Filename: E:\unity\Runtime/Export/Debug/Debug.bindings.h Line: 39)

SELFPLAY GOAL 213 scorer=Fan ZhaoReward=-1 total=122:91 
(Filename: E:\unity\Runtime/Export/Debug/Debug.bindings.h Line: 39)

SELFPLAY GOAL 214 scorer=Fan ZhaoReward=-1 total=123:91 
(Filename: E:\unity\Runtime/Export/Debug/Debug.bindings.h Line: 39)

SELFPLAY GOAL 215 scorer=Fan ZhaoReward=-1 total=124:91 
(Filename: E:\unity\Runtime/Export/Debug/Debug.bindings.h Line: 39)

SELFPLAY GOAL 216 scorer=Fan ZhaoReward=-1 total=125:91 
(Filename: E:\unity\Runtime/Export/Debug/Debug.bindings.h Line: 39)

SELFPLAY GOAL 217 scorer=Fan ZhaoReward=-1 total=126:91 
(Filename: E:\unity\Runtime/Export/Debug/Debug.bindings.h Line: 39)

SELFPLAY MATCH 21 goals=10 total=217 score=8:2 
(Filename: E:\unity\Runtime/Export/Debug/Debug.bindings.h Line: 39)

Unloading 4 Unused Serialized files (Serialized files now loaded: 0)
UnloadTime: 0.621800 ms

Unloading 4 unused Assets to reduce memory usage. Loaded Objects now: 1059.
Total: 2.165700 ms (FindLiveObjects: 0.055800 ms CreateObjectMapping: 0.009400 ms MarkObjects: 0.333300 ms  DeleteObjects: 1.766500 ms)

SELFPLAY GOALMAP x=-6.13 isPlayer1Goal=True 
(Filename: E:\unity\Runtime/Export/Debug/Debug.bindings.h Line: 39)

SELFPLAY GOALMAP x=6.18 isPlayer1Goal=False 
(Filename: E:\unity\Runtime/Export/Debug/Debug.bindings.h Line: 39)

SELFPLAY GOAL 218 scorer=Fan ZhaoReward=-1 total=127:91 
(Filename: E:\unity\Runtime/Export/Debug/Debug.bindings.h Line: 39)

SELFPLAY GOAL 219 scorer=Zhao ZhaoReward=1 total=127:92 
(Filename: E:\unity\Runtime/Export/Debug/Debug.bindings.h Line: 39)

SELFPLAY GOAL 220 scorer=Fan ZhaoReward=-1 total=128:92 
(Filename: E:\unity\Runtime/Export/Debug/Debug.bindings.h Line: 39)

SELFPLAY GOAL 221 scorer=Zhao ZhaoReward=1 total=128:93 
(Filename: E:\unity\Runtime/Export/Debug/Debug.bindings.h Line: 39)

SELFPLAY GOAL 222 scorer=Fan ZhaoReward=-1 total=129:93 
(Filename: E:\unity\Runtime/Export/Debug/Debug.bindings.h Line: 39)

SELFPLAY GOAL 223 scorer=Zhao ZhaoReward=1 total=129:94 
(Filename: E:\unity\Runtime/Export/Debug/Debug.bindings.h Line: 39)

SELFPLAY GOAL 224 scorer=Zhao ZhaoReward=1 total=129:95 
(Filename: E:\unity\Runtime/Export/Debug/Debug.bindings.h Line: 39)

SELFPLAY GOAL 225 scorer=Fan ZhaoReward=-1 total=130:95 
(Filename: E:\unity\Runtime/Export/Debug/Debug.bindings.h Line: 39)

SELFPLAY GOAL 226 scorer=Zhao ZhaoReward=1 total=130:96 
(Filename: E:\unity\Runtime/Export/Debug/Debug.bindings.h Line: 39)

SELFPLAY GOAL 227 scorer=Zhao ZhaoReward=1 total=130:97 
(Filename: E:\unity\Runtime/Export/Debug/Debug.bindings.h Line: 39)

SELFPLAY GOAL 228 scorer=Fan ZhaoReward=-1 total=131:97 
(Filename: E:\unity\Runtime/Export/Debug/Debug.bindings.h Line: 39)

SELFPLAY MATCH 22 goals=11 total=228 score=5:6 
(Filename: E:\unity\Runtime/Export/Debug/Debug.bindings.h Line: 39)

Unloading 4 Unused Serialized files (Serialized files now loaded: 0)
UnloadTime: 0.461800 ms

Unloading 4 unused Assets to reduce memory usage. Loaded Objects now: 1059.
Total: 0.917800 ms (FindLiveObjects: 0.040900 ms CreateObjectMapping: 0.008900 ms MarkObjects: 0.260700 ms  DeleteObjects: 0.606500 ms)

SELFPLAY GOALMAP x=-6.13 isPlayer1Goal=True 
(Filename: E:\unity\Runtime/Export/Debug/Debug.bindings.h Line: 39)

SELFPLAY GOALMAP x=6.18 isPlayer1Goal=False 
(Filename: E:\unity\Runtime/Export/Debug/Debug.bindings.h Line: 39)

SELFPLAY GOAL 229 scorer=Fan ZhaoReward=-1 total=132:97 
(Filename: E:\unity\Runtime/Export/Debug/Debug.bindings.h Line: 39)

SELFPLAY GOAL 230 scorer=Fan ZhaoReward=-1 total=133:97 
(Filename: E:\unity\Runtime/Export/Debug/Debug.bindings.h Line: 39)

SELFPLAY GOAL 231 scorer=Zhao ZhaoReward=1 total=133:98 
(Filename: E:\unity\Runtime/Export/Debug/Debug.bindings.h Line: 39)

SELFPLAY GOAL 232 scorer=Zhao ZhaoReward=1 total=133:99 
(Filename: E:\unity\Runtime/Export/Debug/Debug.bindings.h Line: 39)

SELFPLAY GOAL 233 scorer=Zhao ZhaoReward=1 total=133:100 
(Filename: E:\unity\Runtime/Export/Debug/Debug.bindings.h Line: 39)

SELFPLAY GOAL 234 scorer=Fan ZhaoReward=-1 total=134:100 
(Filename: E:\unity\Runtime/Export/Debug/Debug.bindings.h Line: 39)

SELFPLAY GOAL 235 scorer=Zhao ZhaoReward=1 total=134:101 
(Filename: E:\unity\Runtime/Export/Debug/Debug.bindings.h Line: 39)

SELFPLAY GOAL 236 scorer=Zhao ZhaoReward=1 total=134:102 
(Filename: E:\unity\Runtime/Export/Debug/Debug.bindings.h Line: 39)

SELFPLAY GOAL 237 scorer=Zhao ZhaoReward=1 total=134:103 
(Filename: E:\unity\Runtime/Export/Debug/Debug.bindings.h Line: 39)

SELFPLAY MATCH 23 goals=9 total=237 score=3:6 
(Filename: E:\unity\Runtime/Export/Debug/Debug.bindings.h Line: 39)

Unloading 4 Unused Serialized files (Serialized files now loaded: 0)
UnloadTime: 0.580000 ms

Unloading 4 unused Assets to reduce memory usage. Loaded Objects now: 1059.
Total: 1.162500 ms (FindLiveObjects: 0.042600 ms CreateObjectMapping: 0.009600 ms MarkObjects: 0.341500 ms  DeleteObjects: 0.768200 ms)

SELFPLAY GOALMAP x=-6.13 isPlayer1Goal=True 
(Filename: E:\unity\Runtime/Export/Debug/Debug.bindings.h Line: 39)

SELFPLAY GOALMAP x=6.18 isPlayer1Goal=False 
(Filename: E:\unity\Runtime/Export/Debug/Debug.bindings.h Line: 39)

SELFPLAY GOAL 238 scorer=Fan ZhaoReward=-1 total=135:103 
(Filename: E:\unity\Runtime/Export/Debug/Debug.bindings.h Line: 39)

SELFPLAY GOAL 239 scorer=Fan ZhaoReward=-1 total=136:103 
(Filename: E:\unity\Runtime/Export/Debug/Debug.bindings.h Line: 39)

SELFPLAY GOAL 240 scorer=Zhao ZhaoReward=1 total=136:104 
(Filename: E:\unity\Runtime/Export/Debug/Debug.bindings.h Line: 39)

SELFPLAY GOAL 241 scorer=Zhao ZhaoReward=1 total=136:105 
(Filename: E:\unity\Runtime/Export/Debug/Debug.bindings.h Line: 39)

SELFPLAY GOAL 242 scorer=Fan ZhaoReward=-1 total=137:105 
(Filename: E:\unity\Runtime/Export/Debug/Debug.bindings.h Line: 39)

SELFPLAY GOAL 243 scorer=Fan ZhaoReward=-1 total=138:105 
(Filename: E:\unity\Runtime/Export/Debug/Debug.bindings.h Line: 39)

SELFPLAY GOAL 244 scorer=Fan ZhaoReward=-1 total=139:105 
(Filename: E:\unity\Runtime/Export/Debug/Debug.bindings.h Line: 39)

SELFPLAY GOAL 245 scorer=Zhao ZhaoReward=1 total=139:106 
(Filename: E:\unity\Runtime/Export/Debug/Debug.bindings.h Line: 39)

SELFPLAY GOAL 246 scorer=Zhao ZhaoReward=1 total=139:107 
(Filename: E:\unity\Runtime/Export/Debug/Debug.bindings.h Line: 39)

SELFPLAY GOAL 247 scorer=Zhao ZhaoReward=1 total=139:108 
(Filename: E:\unity\Runtime/Export/Debug/Debug.bindings.h Line: 39)

SELFPLAY GOAL 248 scorer=Fan ZhaoReward=-1 total=140:108 
(Filename: E:\unity\Runtime/Export/Debug/Debug.bindings.h Line: 39)

SELFPLAY GOAL 249 scorer=Zhao ZhaoReward=1 total=140:109 
(Filename: E:\unity\Runtime/Export/Debug/Debug.bindings.h Line: 39)

SELFPLAY MATCH 24 goals=12 total=249 score=6:6 
(Filename: E:\unity\Runtime/Export/Debug/Debug.bindings.h Line: 39)

Unloading 4 Unused Serialized files (Serialized files now loaded: 0)
UnloadTime: 0.485900 ms

Unloading 4 unused Assets to reduce memory usage. Loaded Objects now: 1059.
Total: 1.078200 ms (FindLiveObjects: 0.042900 ms CreateObjectMapping: 0.009100 ms MarkObjects: 0.325600 ms  DeleteObjects: 0.692600 ms)

SELFPLAY GOALMAP x=-6.13 isPlayer1Goal=True 
(Filename: E:\unity\Runtime/Export/Debug/Debug.bindings.h Line: 39)

SELFPLAY GOALMAP x=6.18 isPlayer1Goal=False 
(Filename: E:\unity\Runtime/Export/Debug/Debug.bindings.h Line: 39)

SELFPLAY GOAL 250 scorer=Fan ZhaoReward=-1 total=141:109 
(Filename: E:\unity\Runtime/Export/Debug/Debug.bindings.h Line: 39)

SELFPLAY GOAL 251 scorer=Fan ZhaoReward=-1 total=142:109 
(Filename: E:\unity\Runtime/Export/Debug/Debug.bindings.h Line: 39)

SELFPLAY GOAL 252 scorer=Zhao ZhaoReward=1 total=142:110 
(Filename: E:\unity\Runtime/Export/Debug/Debug.bindings.h Line: 39)

SELFPLAY GOAL 253 scorer=Zhao ZhaoReward=1 total=142:111 
(Filename: E:\unity\Runtime/Export/Debug/Debug.bindings.h Line: 39)

SELFPLAY GOAL 254 scorer=Fan ZhaoReward=-1 total=143:111 
(Filename: E:\unity\Runtime/Export/Debug/Debug.bindings.h Line: 39)

SELFPLAY GOAL 255 scorer=Zhao ZhaoReward=1 total=143:112 
(Filename: E:\unity\Runtime/Export/Debug/Debug.bindings.h Line: 39)

SELFPLAY PROGRESS goals=255/500 matches=25 score=143:112 real=98.2503 
(Filename: E:\unity\Runtime/Export/Debug/Debug.bindings.h Line: 39)

SELFPLAY GOAL 256 scorer=Zhao ZhaoReward=1 total=143:113 
(Filename: E:\unity\Runtime/Export/Debug/Debug.bindings.h Line: 39)

SELFPLAY GOAL 257 scorer=Fan ZhaoReward=-1 total=144:113 
(Filename: E:\unity\Runtime/Export/Debug/Debug.bindings.h Line: 39)

SELFPLAY GOAL 258 scorer=Fan ZhaoReward=-1 total=145:113 
(Filename: E:\unity\Runtime/Export/Debug/Debug.bindings.h Line: 39)

SELFPLAY GOAL 259 scorer=Fan ZhaoReward=-1 total=146:113 
(Filename: E:\unity\Runtime/Export/Debug/Debug.bindings.h Line: 39)

SELFPLAY MATCH 25 goals=10 total=259 score=6:4 
(Filename: E:\unity\Runtime/Export/Debug/Debug.bindings.h Line: 39)

Unloading 4 Unused Serialized files (Serialized files now loaded: 0)
UnloadTime: 0.468900 ms

Unloading 4 unused Assets to reduce memory usage. Loaded Objects now: 1059.
Total: 1.387500 ms (FindLiveObjects: 0.039100 ms CreateObjectMapping: 0.009300 ms MarkObjects: 0.308100 ms  DeleteObjects: 1.030600 ms)

SELFPLAY GOALMAP x=-6.13 isPlayer1Goal=True 
(Filename: E:\unity\Runtime/Export/Debug/Debug.bindings.h Line: 39)

SELFPLAY GOALMAP x=6.18 isPlayer1Goal=False 
(Filename: E:\unity\Runtime/Export/Debug/Debug.bindings.h Line: 39)

SELFPLAY GOAL 260 scorer=Fan ZhaoReward=-1 total=147:113 
(Filename: E:\unity\Runtime/Export/Debug/Debug.bindings.h Line: 39)

SELFPLAY GOAL 261 scorer=Fan ZhaoReward=-1 total=148:113 
(Filename: E:\unity\Runtime/Export/Debug/Debug.bindings.h Line: 39)

SELFPLAY GOAL 262 scorer=Fan ZhaoReward=-1 total=149:113 
(Filename: E:\unity\Runtime/Export/Debug/Debug.bindings.h Line: 39)

SELFPLAY GOAL 263 scorer=Fan ZhaoReward=-1 total=150:113 
(Filename: E:\unity\Runtime/Export/Debug/Debug.bindings.h Line: 39)

SELFPLAY GOAL 264 scorer=Fan ZhaoReward=-1 total=151:113 
(Filename: E:\unity\Runtime/Export/Debug/Debug.bindings.h Line: 39)

SELFPLAY GOAL 265 scorer=Fan ZhaoReward=-1 total=152:113 
(Filename: E:\unity\Runtime/Export/Debug/Debug.bindings.h Line: 39)

SELFPLAY GOAL 266 scorer=Fan ZhaoReward=-1 total=153:113 
(Filename: E:\unity\Runtime/Export/Debug/Debug.bindings.h Line: 39)

SELFPLAY GOAL 267 scorer=Fan ZhaoReward=-1 total=154:113 
(Filename: E:\unity\Runtime/Export/Debug/Debug.bindings.h Line: 39)

SELFPLAY GOAL 268 scorer=Zhao ZhaoReward=1 total=154:114 
(Filename: E:\unity\Runtime/Export/Debug/Debug.bindings.h Line: 39)

SELFPLAY GOAL 269 scorer=Zhao ZhaoReward=1 total=154:115 
(Filename: E:\unity\Runtime/Export/Debug/Debug.bindings.h Line: 39)

SELFPLAY GOAL 270 scorer=Fan ZhaoReward=-1 total=155:115 
(Filename: E:\unity\Runtime/Export/Debug/Debug.bindings.h Line: 39)

SELFPLAY GOAL 271 scorer=Fan ZhaoReward=-1 total=156:115 
(Filename: E:\unity\Runtime/Export/Debug/Debug.bindings.h Line: 39)

SELFPLAY MATCH 26 goals=12 total=271 score=10:2 
(Filename: E:\unity\Runtime/Export/Debug/Debug.bindings.h Line: 39)

Unloading 4 Unused Serialized files (Serialized files now loaded: 0)
UnloadTime: 0.637900 ms

Unloading 4 unused Assets to reduce memory usage. Loaded Objects now: 1059.
Total: 1.291200 ms (FindLiveObjects: 0.039300 ms CreateObjectMapping: 0.009100 ms MarkObjects: 0.274000 ms  DeleteObjects: 0.968300 ms)

SELFPLAY GOALMAP x=-6.13 isPlayer1Goal=True 
(Filename: E:\unity\Runtime/Export/Debug/Debug.bindings.h Line: 39)

SELFPLAY GOALMAP x=6.18 isPlayer1Goal=False 
(Filename: E:\unity\Runtime/Export/Debug/Debug.bindings.h Line: 39)

SELFPLAY GOAL 272 scorer=Fan ZhaoReward=-1 total=157:115 
(Filename: E:\unity\Runtime/Export/Debug/Debug.bindings.h Line: 39)

SELFPLAY GOAL 273 scorer=Fan ZhaoReward=-1 total=158:115 
(Filename: E:\unity\Runtime/Export/Debug/Debug.bindings.h Line: 39)

SELFPLAY GOAL 274 scorer=Zhao ZhaoReward=1 total=158:116 
(Filename: E:\unity\Runtime/Export/Debug/Debug.bindings.h Line: 39)

SELFPLAY GOAL 275 scorer=Fan ZhaoReward=-1 total=159:116 
(Filename: E:\unity\Runtime/Export/Debug/Debug.bindings.h Line: 39)

SELFPLAY GOAL 276 scorer=Fan ZhaoReward=-1 total=160:116 
(Filename: E:\unity\Runtime/Export/Debug/Debug.bindings.h Line: 39)

SELFPLAY GOAL 277 scorer=Fan ZhaoReward=-1 total=161:116 
(Filename: E:\unity\Runtime/Export/Debug/Debug.bindings.h Line: 39)

SELFPLAY GOAL 278 scorer=Fan ZhaoReward=-1 total=162:116 
(Filename: E:\unity\Runtime/Export/Debug/Debug.bindings.h Line: 39)

SELFPLAY GOAL 279 scorer=Zhao ZhaoReward=1 total=162:117 
(Filename: E:\unity\Runtime/Export/Debug/Debug.bindings.h Line: 39)

SELFPLAY GOAL 280 scorer=Zhao ZhaoReward=1 total=162:118 
(Filename: E:\unity\Runtime/Export/Debug/Debug.bindings.h Line: 39)

SELFPLAY MATCH 27 goals=9 total=280 score=6:3 
(Filename: E:\unity\Runtime/Export/Debug/Debug.bindings.h Line: 39)

Unloading 4 Unused Serialized files (Serialized files now loaded: 0)
UnloadTime: 0.502200 ms

Unloading 4 unused Assets to reduce memory usage. Loaded Objects now: 1059.
Total: 1.366100 ms (FindLiveObjects: 0.039200 ms CreateObjectMapping: 0.009600 ms MarkObjects: 0.260400 ms  DeleteObjects: 1.056400 ms)

SELFPLAY GOALMAP x=-6.13 isPlayer1Goal=True 
(Filename: E:\unity\Runtime/Export/Debug/Debug.bindings.h Line: 39)

SELFPLAY GOALMAP x=6.18 isPlayer1Goal=False 
(Filename: E:\unity\Runtime/Export/Debug/Debug.bindings.h Line: 39)

SELFPLAY GOAL 281 scorer=Fan ZhaoReward=-1 total=163:118 
(Filename: E:\unity\Runtime/Export/Debug/Debug.bindings.h Line: 39)

SELFPLAY GOAL 282 scorer=Zhao ZhaoReward=1 total=163:119 
(Filename: E:\unity\Runtime/Export/Debug/Debug.bindings.h Line: 39)

SELFPLAY GOAL 283 scorer=Fan ZhaoReward=-1 total=164:119 
(Filename: E:\unity\Runtime/Export/Debug/Debug.bindings.h Line: 39)

SELFPLAY GOAL 284 scorer=Fan ZhaoReward=-1 total=165:119 
(Filename: E:\unity\Runtime/Export/Debug/Debug.bindings.h Line: 39)

SELFPLAY GOAL 285 scorer=Fan ZhaoReward=-1 total=166:119 
(Filename: E:\unity\Runtime/Export/Debug/Debug.bindings.h Line: 39)

SELFPLAY GOAL 286 scorer=Zhao ZhaoReward=1 total=166:120 
(Filename: E:\unity\Runtime/Export/Debug/Debug.bindings.h Line: 39)

SELFPLAY GOAL 287 scorer=Fan ZhaoReward=-1 total=167:120 
(Filename: E:\unity\Runtime/Export/Debug/Debug.bindings.h Line: 39)

SELFPLAY GOAL 288 scorer=Zhao ZhaoReward=1 total=167:121 
(Filename: E:\unity\Runtime/Export/Debug/Debug.bindings.h Line: 39)

SELFPLAY GOAL 289 scorer=Zhao ZhaoReward=1 total=167:122 
(Filename: E:\unity\Runtime/Export/Debug/Debug.bindings.h Line: 39)

SELFPLAY MATCH 28 goals=9 total=289 score=5:4 
(Filename: E:\unity\Runtime/Export/Debug/Debug.bindings.h Line: 39)

Unloading 4 Unused Serialized files (Serialized files now loaded: 0)
UnloadTime: 0.569900 ms

Unloading 4 unused Assets to reduce memory usage. Loaded Objects now: 1059.
Total: 1.216900 ms (FindLiveObjects: 0.039500 ms CreateObjectMapping: 0.008900 ms MarkObjects: 0.274500 ms  DeleteObjects: 0.893600 ms)

SELFPLAY GOALMAP x=-6.13 isPlayer1Goal=True 
(Filename: E:\unity\Runtime/Export/Debug/Debug.bindings.h Line: 39)

SELFPLAY GOALMAP x=6.18 isPlayer1Goal=False 
(Filename: E:\unity\Runtime/Export/Debug/Debug.bindings.h Line: 39)

SELFPLAY GOAL 290 scorer=Fan ZhaoReward=-1 total=168:122 
(Filename: E:\unity\Runtime/Export/Debug/Debug.bindings.h Line: 39)

SELFPLAY GOAL 291 scorer=Zhao ZhaoReward=1 total=168:123 
(Filename: E:\unity\Runtime/Export/Debug/Debug.bindings.h Line: 39)

SELFPLAY GOAL 292 scorer=Fan ZhaoReward=-1 total=169:123 
(Filename: E:\unity\Runtime/Export/Debug/Debug.bindings.h Line: 39)

SELFPLAY GOAL 293 scorer=Zhao ZhaoReward=1 total=169:124 
(Filename: E:\unity\Runtime/Export/Debug/Debug.bindings.h Line: 39)

SELFPLAY GOAL 294 scorer=Fan ZhaoReward=-1 total=170:124 
(Filename: E:\unity\Runtime/Export/Debug/Debug.bindings.h Line: 39)

SELFPLAY GOAL 295 scorer=Zhao ZhaoReward=1 total=170:125 
(Filename: E:\unity\Runtime/Export/Debug/Debug.bindings.h Line: 39)

SELFPLAY GOAL 296 scorer=Zhao ZhaoReward=1 total=170:126 
(Filename: E:\unity\Runtime/Export/Debug/Debug.bindings.h Line: 39)

SELFPLAY GOAL 297 scorer=Fan ZhaoReward=-1 total=171:126 
(Filename: E:\unity\Runtime/Export/Debug/Debug.bindings.h Line: 39)

SELFPLAY GOAL 298 scorer=Zhao ZhaoReward=1 total=171:127 
(Filename: E:\unity\Runtime/Export/Debug/Debug.bindings.h Line: 39)

SELFPLAY GOAL 299 scorer=Zhao ZhaoReward=1 total=171:128 
(Filename: E:\unity\Runtime/Export/Debug/Debug.bindings.h Line: 39)

SELFPLAY MATCH 29 goals=10 total=299 score=4:6 
(Filename: E:\unity\Runtime/Export/Debug/Debug.bindings.h Line: 39)

Unloading 4 Unused Serialized files (Serialized files now loaded: 0)
UnloadTime: 0.637600 ms

Unloading 4 unused Assets to reduce memory usage. Loaded Objects now: 1059.
Total: 1.329700 ms (FindLiveObjects: 0.041100 ms CreateObjectMapping: 0.009200 ms MarkObjects: 0.328800 ms  DeleteObjects: 0.950000 ms)

SELFPLAY GOALMAP x=-6.13 isPlayer1Goal=True 
(Filename: E:\unity\Runtime/Export/Debug/Debug.bindings.h Line: 39)

SELFPLAY GOALMAP x=6.18 isPlayer1Goal=False 
(Filename: E:\unity\Runtime/Export/Debug/Debug.bindings.h Line: 39)

SELFPLAY GOAL 300 scorer=Fan ZhaoReward=-1 total=172:128 
(Filename: E:\unity\Runtime/Export/Debug/Debug.bindings.h Line: 39)

SELFPLAY GOAL 301 scorer=Fan ZhaoReward=-1 total=173:128 
(Filename: E:\unity\Runtime/Export/Debug/Debug.bindings.h Line: 39)

SELFPLAY GOAL 302 scorer=Zhao ZhaoReward=1 total=173:129 
(Filename: E:\unity\Runtime/Export/Debug/Debug.bindings.h Line: 39)

SELFPLAY GOAL 303 scorer=Zhao ZhaoReward=1 total=173:130 
(Filename: E:\unity\Runtime/Export/Debug/Debug.bindings.h Line: 39)

SELFPLAY GOAL 304 scorer=Fan ZhaoReward=-1 total=174:130 
(Filename: E:\unity\Runtime/Export/Debug/Debug.bindings.h Line: 39)

SELFPLAY GOAL 305 scorer=Fan ZhaoReward=-1 total=175:130 
(Filename: E:\unity\Runtime/Export/Debug/Debug.bindings.h Line: 39)

SELFPLAY GOAL 306 scorer=Fan ZhaoReward=-1 total=176:130 
(Filename: E:\unity\Runtime/Export/Debug/Debug.bindings.h Line: 39)

SELFPLAY GOAL 307 scorer=Fan ZhaoReward=-1 total=177:130 
(Filename: E:\unity\Runtime/Export/Debug/Debug.bindings.h Line: 39)

SELFPLAY GOAL 308 scorer=Zhao ZhaoReward=1 total=177:131 
(Filename: E:\unity\Runtime/Export/Debug/Debug.bindings.h Line: 39)

SELFPLAY GOAL 309 scorer=Fan ZhaoReward=-1 total=178:131 
(Filename: E:\unity\Runtime/Export/Debug/Debug.bindings.h Line: 39)

SELFPLAY GOAL 310 scorer=Zhao ZhaoReward=1 total=178:132 
(Filename: E:\unity\Runtime/Export/Debug/Debug.bindings.h Line: 39)

SELFPLAY GOAL 311 scorer=Zhao ZhaoReward=1 total=178:133 
(Filename: E:\unity\Runtime/Export/Debug/Debug.bindings.h Line: 39)

SELFPLAY MATCH 30 goals=12 total=311 score=7:5 
(Filename: E:\unity\Runtime/Export/Debug/Debug.bindings.h Line: 39)

Unloading 4 Unused Serialized files (Serialized files now loaded: 0)
UnloadTime: 0.483900 ms

Unloading 4 unused Assets to reduce memory usage. Loaded Objects now: 1059.
Total: 1.156500 ms (FindLiveObjects: 0.037700 ms CreateObjectMapping: 0.008700 ms MarkObjects: 0.281100 ms  DeleteObjects: 0.828500 ms)

SELFPLAY GOALMAP x=-6.13 isPlayer1Goal=True 
(Filename: E:\unity\Runtime/Export/Debug/Debug.bindings.h Line: 39)

SELFPLAY GOALMAP x=6.18 isPlayer1Goal=False 
(Filename: E:\unity\Runtime/Export/Debug/Debug.bindings.h Line: 39)

SELFPLAY GOAL 312 scorer=Fan ZhaoReward=-1 total=179:133 
(Filename: E:\unity\Runtime/Export/Debug/Debug.bindings.h Line: 39)

SELFPLAY GOAL 313 scorer=Zhao ZhaoReward=1 total=179:134 
(Filename: E:\unity\Runtime/Export/Debug/Debug.bindings.h Line: 39)

SELFPLAY GOAL 314 scorer=Fan ZhaoReward=-1 total=180:134 
(Filename: E:\unity\Runtime/Export/Debug/Debug.bindings.h Line: 39)

SELFPLAY GOAL 315 scorer=Zhao ZhaoReward=1 total=180:135 
(Filename: E:\unity\Runtime/Export/Debug/Debug.bindings.h Line: 39)

SELFPLAY GOAL 316 scorer=Fan ZhaoReward=-1 total=181:135 
(Filename: E:\unity\Runtime/Export/Debug/Debug.bindings.h Line: 39)

SELFPLAY GOAL 317 scorer=Fan ZhaoReward=-1 total=182:135 
(Filename: E:\unity\Runtime/Export/Debug/Debug.bindings.h Line: 39)

SELFPLAY GOAL 318 scorer=Zhao ZhaoReward=1 total=182:136 
(Filename: E:\unity\Runtime/Export/Debug/Debug.bindings.h Line: 39)

SELFPLAY GOAL 319 scorer=Zhao ZhaoReward=1 total=182:137 
(Filename: E:\unity\Runtime/Export/Debug/Debug.bindings.h Line: 39)

SELFPLAY GOAL 320 scorer=Zhao ZhaoReward=1 total=182:138 
(Filename: E:\unity\Runtime/Export/Debug/Debug.bindings.h Line: 39)

SELFPLAY GOAL 321 scorer=Fan ZhaoReward=-1 total=183:138 
(Filename: E:\unity\Runtime/Export/Debug/Debug.bindings.h Line: 39)

SELFPLAY GOAL 322 scorer=Fan ZhaoReward=-1 total=184:138 
(Filename: E:\unity\Runtime/Export/Debug/Debug.bindings.h Line: 39)

SELFPLAY GOAL 323 scorer=Fan ZhaoReward=-1 total=185:138 
(Filename: E:\unity\Runtime/Export/Debug/Debug.bindings.h Line: 39)

SELFPLAY MATCH 31 goals=12 total=323 score=7:5 
(Filename: E:\unity\Runtime/Export/Debug/Debug.bindings.h Line: 39)

Unloading 4 Unused Serialized files (Serialized files now loaded: 0)
UnloadTime: 0.527800 ms

Unloading 4 unused Assets to reduce memory usage. Loaded Objects now: 1059.
Total: 0.916300 ms (FindLiveObjects: 0.041600 ms CreateObjectMapping: 0.009400 ms MarkObjects: 0.302000 ms  DeleteObjects: 0.562700 ms)

SELFPLAY GOALMAP x=-6.13 isPlayer1Goal=True 
(Filename: E:\unity\Runtime/Export/Debug/Debug.bindings.h Line: 39)

SELFPLAY GOALMAP x=6.18 isPlayer1Goal=False 
(Filename: E:\unity\Runtime/Export/Debug/Debug.bindings.h Line: 39)

SELFPLAY GOAL 324 scorer=Fan ZhaoReward=-1 total=186:138 
(Filename: E:\unity\Runtime/Export/Debug/Debug.bindings.h Line: 39)

SELFPLAY GOAL 325 scorer=Fan ZhaoReward=-1 total=187:138 
(Filename: E:\unity\Runtime/Export/Debug/Debug.bindings.h Line: 39)

SELFPLAY GOAL 326 scorer=Zhao ZhaoReward=1 total=187:139 
(Filename: E:\unity\Runtime/Export/Debug/Debug.bindings.h Line: 39)

SELFPLAY GOAL 327 scorer=Zhao ZhaoReward=1 total=187:140 
(Filename: E:\unity\Runtime/Export/Debug/Debug.bindings.h Line: 39)

SELFPLAY GOAL 328 scorer=Zhao ZhaoReward=1 total=187:141 
(Filename: E:\unity\Runtime/Export/Debug/Debug.bindings.h Line: 39)

SELFPLAY GOAL 329 scorer=Fan ZhaoReward=-1 total=188:141 
(Filename: E:\unity\Runtime/Export/Debug/Debug.bindings.h Line: 39)

SELFPLAY GOAL 330 scorer=Zhao ZhaoReward=1 total=188:142 
(Filename: E:\unity\Runtime/Export/Debug/Debug.bindings.h Line: 39)

SELFPLAY GOAL 331 scorer=Zhao ZhaoReward=1 total=188:143 
(Filename: E:\unity\Runtime/Export/Debug/Debug.bindings.h Line: 39)

SELFPLAY GOAL 332 scorer=Zhao ZhaoReward=1 total=188:144 
(Filename: E:\unity\Runtime/Export/Debug/Debug.bindings.h Line: 39)

SELFPLAY GOAL 333 scorer=Fan ZhaoReward=-1 total=189:144 
(Filename: E:\unity\Runtime/Export/Debug/Debug.bindings.h Line: 39)

SELFPLAY MATCH 32 goals=10 total=333 score=4:6 
(Filename: E:\unity\Runtime/Export/Debug/Debug.bindings.h Line: 39)

Unloading 4 Unused Serialized files (Serialized files now loaded: 0)
UnloadTime: 0.679700 ms

Unloading 4 unused Assets to reduce memory usage. Loaded Objects now: 1059.
Total: 1.282300 ms (FindLiveObjects: 0.046700 ms CreateObjectMapping: 0.010700 ms MarkObjects: 0.313300 ms  DeleteObjects: 0.911000 ms)

SELFPLAY GOALMAP x=-6.13 isPlayer1Goal=True 
(Filename: E:\unity\Runtime/Export/Debug/Debug.bindings.h Line: 39)

SELFPLAY GOALMAP x=6.18 isPlayer1Goal=False 
(Filename: E:\unity\Runtime/Export/Debug/Debug.bindings.h Line: 39)

SELFPLAY PROGRESS goals=333/500 matches=33 score=189:144 real=128.4706 
(Filename: E:\unity\Runtime/Export/Debug/Debug.bindings.h Line: 39)

SELFPLAY GOAL 334 scorer=Fan ZhaoReward=-1 total=190:144 
(Filename: E:\unity\Runtime/Export/Debug/Debug.bindings.h Line: 39)

SELFPLAY GOAL 335 scorer=Zhao ZhaoReward=1 total=190:145 
(Filename: E:\unity\Runtime/Export/Debug/Debug.bindings.h Line: 39)

SELFPLAY GOAL 336 scorer=Zhao ZhaoReward=1 total=190:146 
(Filename: E:\unity\Runtime/Export/Debug/Debug.bindings.h Line: 39)

SELFPLAY GOAL 337 scorer=Fan ZhaoReward=-1 total=191:146 
(Filename: E:\unity\Runtime/Export/Debug/Debug.bindings.h Line: 39)

SELFPLAY GOAL 338 scorer=Fan ZhaoReward=-1 total=192:146 
(Filename: E:\unity\Runtime/Export/Debug/Debug.bindings.h Line: 39)

SELFPLAY GOAL 339 scorer=Zhao ZhaoReward=1 total=192:147 
(Filename: E:\unity\Runtime/Export/Debug/Debug.bindings.h Line: 39)

SELFPLAY GOAL 340 scorer=Zhao ZhaoReward=1 total=192:148 
(Filename: E:\unity\Runtime/Export/Debug/Debug.bindings.h Line: 39)

SELFPLAY GOAL 341 scorer=Zhao ZhaoReward=1 total=192:149 
(Filename: E:\unity\Runtime/Export/Debug/Debug.bindings.h Line: 39)

SELFPLAY MATCH 33 goals=8 total=341 score=3:5 
(Filename: E:\unity\Runtime/Export/Debug/Debug.bindings.h Line: 39)

Unloading 4 Unused Serialized files (Serialized files now loaded: 0)
UnloadTime: 0.532900 ms

Unloading 4 unused Assets to reduce memory usage. Loaded Objects now: 1059.
Total: 1.096000 ms (FindLiveObjects: 0.041900 ms CreateObjectMapping: 0.009000 ms MarkObjects: 0.282500 ms  DeleteObjects: 0.762100 ms)

SELFPLAY GOALMAP x=-6.13 isPlayer1Goal=True 
(Filename: E:\unity\Runtime/Export/Debug/Debug.bindings.h Line: 39)

SELFPLAY GOALMAP x=6.18 isPlayer1Goal=False 
(Filename: E:\unity\Runtime/Export/Debug/Debug.bindings.h Line: 39)

SELFPLAY GOAL 342 scorer=Fan ZhaoReward=-1 total=193:149 
(Filename: E:\unity\Runtime/Export/Debug/Debug.bindings.h Line: 39)

SELFPLAY GOAL 343 scorer=Fan ZhaoReward=-1 total=194:149 
(Filename: E:\unity\Runtime/Export/Debug/Debug.bindings.h Line: 39)

SELFPLAY GOAL 344 scorer=Zhao ZhaoReward=1 total=194:150 
(Filename: E:\unity\Runtime/Export/Debug/Debug.bindings.h Line: 39)

SELFPLAY GOAL 345 scorer=Zhao ZhaoReward=1 total=194:151 
(Filename: E:\unity\Runtime/Export/Debug/Debug.bindings.h Line: 39)

SELFPLAY GOAL 346 scorer=Zhao ZhaoReward=1 total=194:152 
(Filename: E:\unity\Runtime/Export/Debug/Debug.bindings.h Line: 39)

SELFPLAY GOAL 347 scorer=Zhao ZhaoReward=1 total=194:153 
(Filename: E:\unity\Runtime/Export/Debug/Debug.bindings.h Line: 39)

SELFPLAY GOAL 348 scorer=Fan ZhaoReward=-1 total=195:153 
(Filename: E:\unity\Runtime/Export/Debug/Debug.bindings.h Line: 39)

SELFPLAY GOAL 349 scorer=Fan ZhaoReward=-1 total=196:153 
(Filename: E:\unity\Runtime/Export/Debug/Debug.bindings.h Line: 39)

SELFPLAY GOAL 350 scorer=Zhao ZhaoReward=1 total=196:154 
(Filename: E:\unity\Runtime/Export/Debug/Debug.bindings.h Line: 39)

SELFPLAY GOAL 351 scorer=Fan ZhaoReward=-1 total=197:154 
(Filename: E:\unity\Runtime/Export/Debug/Debug.bindings.h Line: 39)

SELFPLAY MATCH 34 goals=10 total=351 score=5:5 
(Filename: E:\unity\Runtime/Export/Debug/Debug.bindings.h Line: 39)

Unloading 4 Unused Serialized files (Serialized files now loaded: 0)
UnloadTime: 0.438900 ms

Unloading 4 unused Assets to reduce memory usage. Loaded Objects now: 1059.
Total: 1.423400 ms (FindLiveObjects: 0.055000 ms CreateObjectMapping: 0.012200 ms MarkObjects: 0.347500 ms  DeleteObjects: 1.008000 ms)

SELFPLAY GOALMAP x=-6.13 isPlayer1Goal=True 
(Filename: E:\unity\Runtime/Export/Debug/Debug.bindings.h Line: 39)

SELFPLAY GOALMAP x=6.18 isPlayer1Goal=False 
(Filename: E:\unity\Runtime/Export/Debug/Debug.bindings.h Line: 39)

SELFPLAY GOAL 352 scorer=Fan ZhaoReward=-1 total=198:154 
(Filename: E:\unity\Runtime/Export/Debug/Debug.bindings.h Line: 39)

SELFPLAY GOAL 353 scorer=Fan ZhaoReward=-1 total=199:154 
(Filename: E:\unity\Runtime/Export/Debug/Debug.bindings.h Line: 39)

SELFPLAY GOAL 354 scorer=Zhao ZhaoReward=1 total=199:155 
(Filename: E:\unity\Runtime/Export/Debug/Debug.bindings.h Line: 39)

SELFPLAY GOAL 355 scorer=Fan ZhaoReward=-1 total=200:155 
(Filename: E:\unity\Runtime/Export/Debug/Debug.bindings.h Line: 39)

SELFPLAY GOAL 356 scorer=Zhao ZhaoReward=1 total=200:156 
(Filename: E:\unity\Runtime/Export/Debug/Debug.bindings.h Line: 39)

SELFPLAY GOAL 357 scorer=Zhao ZhaoReward=1 total=200:157 
(Filename: E:\unity\Runtime/Export/Debug/Debug.bindings.h Line: 39)

SELFPLAY GOAL 358 scorer=Zhao ZhaoReward=1 total=200:158 
(Filename: E:\unity\Runtime/Export/Debug/Debug.bindings.h Line: 39)

SELFPLAY GOAL 359 scorer=Fan ZhaoReward=-1 total=201:158 
(Filename: E:\unity\Runtime/Export/Debug/Debug.bindings.h Line: 39)

SELFPLAY GOAL 360 scorer=Fan ZhaoReward=-1 total=202:158 
(Filename: E:\unity\Runtime/Export/Debug/Debug.bindings.h Line: 39)

SELFPLAY GOAL 361 scorer=Zhao ZhaoReward=1 total=202:159 
(Filename: E:\unity\Runtime/Export/Debug/Debug.bindings.h Line: 39)

SELFPLAY MATCH 35 goals=10 total=361 score=5:5 
(Filename: E:\unity\Runtime/Export/Debug/Debug.bindings.h Line: 39)

Unloading 4 Unused Serialized files (Serialized files now loaded: 0)
UnloadTime: 0.441400 ms

Unloading 4 unused Assets to reduce memory usage. Loaded Objects now: 1059.
Total: 1.271200 ms (FindLiveObjects: 0.038400 ms CreateObjectMapping: 0.008700 ms MarkObjects: 0.270000 ms  DeleteObjects: 0.953400 ms)

SELFPLAY GOALMAP x=-6.13 isPlayer1Goal=True 
(Filename: E:\unity\Runtime/Export/Debug/Debug.bindings.h Line: 39)

SELFPLAY GOALMAP x=6.18 isPlayer1Goal=False 
(Filename: E:\unity\Runtime/Export/Debug/Debug.bindings.h Line: 39)

SELFPLAY GOAL 362 scorer=Fan ZhaoReward=-1 total=203:159 
(Filename: E:\unity\Runtime/Export/Debug/Debug.bindings.h Line: 39)

SELFPLAY GOAL 363 scorer=Zhao ZhaoReward=1 total=203:160 
(Filename: E:\unity\Runtime/Export/Debug/Debug.bindings.h Line: 39)

SELFPLAY GOAL 364 scorer=Fan ZhaoReward=-1 total=204:160 
(Filename: E:\unity\Runtime/Export/Debug/Debug.bindings.h Line: 39)

SELFPLAY GOAL 365 scorer=Zhao ZhaoReward=1 total=204:161 
(Filename: E:\unity\Runtime/Export/Debug/Debug.bindings.h Line: 39)

SELFPLAY GOAL 366 scorer=Fan ZhaoReward=-1 total=205:161 
(Filename: E:\unity\Runtime/Export/Debug/Debug.bindings.h Line: 39)

SELFPLAY GOAL 367 scorer=Fan ZhaoReward=-1 total=206:161 
(Filename: E:\unity\Runtime/Export/Debug/Debug.bindings.h Line: 39)

SELFPLAY GOAL 368 scorer=Zhao ZhaoReward=1 total=206:162 
(Filename: E:\unity\Runtime/Export/Debug/Debug.bindings.h Line: 39)

SELFPLAY GOAL 369 scorer=Zhao ZhaoReward=1 total=206:163 
(Filename: E:\unity\Runtime/Export/Debug/Debug.bindings.h Line: 39)

SELFPLAY GOAL 370 scorer=Zhao ZhaoReward=1 total=206:164 
(Filename: E:\unity\Runtime/Export/Debug/Debug.bindings.h Line: 39)

SELFPLAY MATCH 36 goals=9 total=370 score=4:5 
(Filename: E:\unity\Runtime/Export/Debug/Debug.bindings.h Line: 39)

Unloading 4 Unused Serialized files (Serialized files now loaded: 0)
UnloadTime: 0.579900 ms

Unloading 4 unused Assets to reduce memory usage. Loaded Objects now: 1059.
Total: 1.303200 ms (FindLiveObjects: 0.042400 ms CreateObjectMapping: 0.009000 ms MarkObjects: 0.360000 ms  DeleteObjects: 0.891500 ms)

SELFPLAY GOALMAP x=-6.13 isPlayer1Goal=True 
(Filename: E:\unity\Runtime/Export/Debug/Debug.bindings.h Line: 39)

SELFPLAY GOALMAP x=6.18 isPlayer1Goal=False 
(Filename: E:\unity\Runtime/Export/Debug/Debug.bindings.h Line: 39)

SELFPLAY GOAL 371 scorer=Fan ZhaoReward=-1 total=207:164 
(Filename: E:\unity\Runtime/Export/Debug/Debug.bindings.h Line: 39)

SELFPLAY GOAL 372 scorer=Zhao ZhaoReward=1 total=207:165 
(Filename: E:\unity\Runtime/Export/Debug/Debug.bindings.h Line: 39)

SELFPLAY GOAL 373 scorer=Fan ZhaoReward=-1 total=208:165 
(Filename: E:\unity\Runtime/Export/Debug/Debug.bindings.h Line: 39)

SELFPLAY GOAL 374 scorer=Zhao ZhaoReward=1 total=208:166 
(Filename: E:\unity\Runtime/Export/Debug/Debug.bindings.h Line: 39)

SELFPLAY GOAL 375 scorer=Zhao ZhaoReward=1 total=208:167 
(Filename: E:\unity\Runtime/Export/Debug/Debug.bindings.h Line: 39)

SELFPLAY GOAL 376 scorer=Zhao ZhaoReward=1 total=208:168 
(Filename: E:\unity\Runtime/Export/Debug/Debug.bindings.h Line: 39)

SELFPLAY GOAL 377 scorer=Zhao ZhaoReward=1 total=208:169 
(Filename: E:\unity\Runtime/Export/Debug/Debug.bindings.h Line: 39)

SELFPLAY GOAL 378 scorer=Fan ZhaoReward=-1 total=209:169 
(Filename: E:\unity\Runtime/Export/Debug/Debug.bindings.h Line: 39)

SELFPLAY GOAL 379 scorer=Fan ZhaoReward=-1 total=210:169 
(Filename: E:\unity\Runtime/Export/Debug/Debug.bindings.h Line: 39)

SELFPLAY GOAL 380 scorer=Fan ZhaoReward=-1 total=211:169 
(Filename: E:\unity\Runtime/Export/Debug/Debug.bindings.h Line: 39)

SELFPLAY MATCH 37 goals=10 total=380 score=5:5 
(Filename: E:\unity\Runtime/Export/Debug/Debug.bindings.h Line: 39)

Unloading 4 Unused Serialized files (Serialized files now loaded: 0)
UnloadTime: 0.532300 ms

Unloading 4 unused Assets to reduce memory usage. Loaded Objects now: 1059.
Total: 1.254300 ms (FindLiveObjects: 0.041000 ms CreateObjectMapping: 0.009400 ms MarkObjects: 0.289400 ms  DeleteObjects: 0.913800 ms)

SELFPLAY GOALMAP x=-6.13 isPlayer1Goal=True 
(Filename: E:\unity\Runtime/Export/Debug/Debug.bindings.h Line: 39)

SELFPLAY GOALMAP x=6.18 isPlayer1Goal=False 
(Filename: E:\unity\Runtime/Export/Debug/Debug.bindings.h Line: 39)

SELFPLAY GOAL 381 scorer=Fan ZhaoReward=-1 total=212:169 
(Filename: E:\unity\Runtime/Export/Debug/Debug.bindings.h Line: 39)

SELFPLAY GOAL 382 scorer=Fan ZhaoReward=-1 total=213:169 
(Filename: E:\unity\Runtime/Export/Debug/Debug.bindings.h Line: 39)

SELFPLAY GOAL 383 scorer=Zhao ZhaoReward=1 total=213:170 
(Filename: E:\unity\Runtime/Export/Debug/Debug.bindings.h Line: 39)

SELFPLAY GOAL 384 scorer=Zhao ZhaoReward=1 total=213:171 
(Filename: E:\unity\Runtime/Export/Debug/Debug.bindings.h Line: 39)

SELFPLAY GOAL 385 scorer=Zhao ZhaoReward=1 total=213:172 
(Filename: E:\unity\Runtime/Export/Debug/Debug.bindings.h Line: 39)

SELFPLAY GOAL 386 scorer=Zhao ZhaoReward=1 total=213:173 
(Filename: E:\unity\Runtime/Export/Debug/Debug.bindings.h Line: 39)

SELFPLAY GOAL 387 scorer=Zhao ZhaoReward=1 total=213:174 
(Filename: E:\unity\Runtime/Export/Debug/Debug.bindings.h Line: 39)

SELFPLAY GOAL 388 scorer=Fan ZhaoReward=-1 total=214:174 
(Filename: E:\unity\Runtime/Export/Debug/Debug.bindings.h Line: 39)

SELFPLAY GOAL 389 scorer=Zhao ZhaoReward=1 total=214:175 
(Filename: E:\unity\Runtime/Export/Debug/Debug.bindings.h Line: 39)

SELFPLAY GOAL 390 scorer=Fan ZhaoReward=-1 total=215:175 
(Filename: E:\unity\Runtime/Export/Debug/Debug.bindings.h Line: 39)

SELFPLAY MATCH 38 goals=10 total=390 score=4:6 
(Filename: E:\unity\Runtime/Export/Debug/Debug.bindings.h Line: 39)

Unloading 4 Unused Serialized files (Serialized files now loaded: 0)
UnloadTime: 0.412300 ms

Unloading 4 unused Assets to reduce memory usage. Loaded Objects now: 1059.
Total: 1.367000 ms (FindLiveObjects: 0.039200 ms CreateObjectMapping: 0.009000 ms MarkObjects: 0.288000 ms  DeleteObjects: 1.030300 ms)

SELFPLAY GOALMAP x=-6.13 isPlayer1Goal=True 
(Filename: E:\unity\Runtime/Export/Debug/Debug.bindings.h Line: 39)

SELFPLAY GOALMAP x=6.18 isPlayer1Goal=False 
(Filename: E:\unity\Runtime/Export/Debug/Debug.bindings.h Line: 39)

SELFPLAY GOAL 391 scorer=Fan ZhaoReward=-1 total=216:175 
(Filename: E:\unity\Runtime/Export/Debug/Debug.bindings.h Line: 39)

SELFPLAY GOAL 392 scorer=Fan ZhaoReward=-1 total=217:175 
(Filename: E:\unity\Runtime/Export/Debug/Debug.bindings.h Line: 39)

SELFPLAY GOAL 393 scorer=Zhao ZhaoReward=1 total=217:176 
(Filename: E:\unity\Runtime/Export/Debug/Debug.bindings.h Line: 39)

SELFPLAY GOAL 394 scorer=Zhao ZhaoReward=1 total=217:177 
(Filename: E:\unity\Runtime/Export/Debug/Debug.bindings.h Line: 39)

SELFPLAY GOAL 395 scorer=Zhao ZhaoReward=1 total=217:178 
(Filename: E:\unity\Runtime/Export/Debug/Debug.bindings.h Line: 39)

SELFPLAY GOAL 396 scorer=Zhao ZhaoReward=1 total=217:179 
(Filename: E:\unity\Runtime/Export/Debug/Debug.bindings.h Line: 39)

SELFPLAY GOAL 397 scorer=Zhao ZhaoReward=1 total=217:180 
(Filename: E:\unity\Runtime/Export/Debug/Debug.bindings.h Line: 39)

SELFPLAY GOAL 398 scorer=Fan ZhaoReward=-1 total=218:180 
(Filename: E:\unity\Runtime/Export/Debug/Debug.bindings.h Line: 39)

SELFPLAY GOAL 399 scorer=Zhao ZhaoReward=1 total=218:181 
(Filename: E:\unity\Runtime/Export/Debug/Debug.bindings.h Line: 39)

SELFPLAY GOAL 400 scorer=Fan ZhaoReward=-1 total=219:181 
(Filename: E:\unity\Runtime/Export/Debug/Debug.bindings.h Line: 39)

SELFPLAY MATCH 39 goals=10 total=400 score=4:6 
(Filename: E:\unity\Runtime/Export/Debug/Debug.bindings.h Line: 39)

Unloading 4 Unused Serialized files (Serialized files now loaded: 0)
UnloadTime: 0.419200 ms

Unloading 4 unused Assets to reduce memory usage. Loaded Objects now: 1059.
Total: 1.299800 ms (FindLiveObjects: 0.038700 ms CreateObjectMapping: 0.009800 ms MarkObjects: 0.266300 ms  DeleteObjects: 0.984600 ms)

SELFPLAY GOALMAP x=-6.13 isPlayer1Goal=True 
(Filename: E:\unity\Runtime/Export/Debug/Debug.bindings.h Line: 39)

SELFPLAY GOALMAP x=6.18 isPlayer1Goal=False 
(Filename: E:\unity\Runtime/Export/Debug/Debug.bindings.h Line: 39)

SELFPLAY GOAL 401 scorer=Fan ZhaoReward=-1 total=220:181 
(Filename: E:\unity\Runtime/Export/Debug/Debug.bindings.h Line: 39)

SELFPLAY GOAL 402 scorer=Zhao ZhaoReward=1 total=220:182 
(Filename: E:\unity\Runtime/Export/Debug/Debug.bindings.h Line: 39)

SELFPLAY GOAL 403 scorer=Fan ZhaoReward=-1 total=221:182 
(Filename: E:\unity\Runtime/Export/Debug/Debug.bindings.h Line: 39)

SELFPLAY GOAL 404 scorer=Zhao ZhaoReward=1 total=221:183 
(Filename: E:\unity\Runtime/Export/Debug/Debug.bindings.h Line: 39)

SELFPLAY GOAL 405 scorer=Zhao ZhaoReward=1 total=221:184 
(Filename: E:\unity\Runtime/Export/Debug/Debug.bindings.h Line: 39)

SELFPLAY PROGRESS goals=405/500 matches=40 score=221:184 real=158.4722 
(Filename: E:\unity\Runtime/Export/Debug/Debug.bindings.h Line: 39)

SELFPLAY GOAL 406 scorer=Zhao ZhaoReward=1 total=221:185 
(Filename: E:\unity\Runtime/Export/Debug/Debug.bindings.h Line: 39)

SELFPLAY GOAL 407 scorer=Zhao ZhaoReward=1 total=221:186 
(Filename: E:\unity\Runtime/Export/Debug/Debug.bindings.h Line: 39)

SELFPLAY GOAL 408 scorer=Zhao ZhaoReward=1 total=221:187 
(Filename: E:\unity\Runtime/Export/Debug/Debug.bindings.h Line: 39)

SELFPLAY GOAL 409 scorer=Zhao ZhaoReward=1 total=221:188 
(Filename: E:\unity\Runtime/Export/Debug/Debug.bindings.h Line: 39)

SELFPLAY GOAL 410 scorer=Fan ZhaoReward=-1 total=222:188 
(Filename: E:\unity\Runtime/Export/Debug/Debug.bindings.h Line: 39)

SELFPLAY MATCH 40 goals=10 total=410 score=3:7 
(Filename: E:\unity\Runtime/Export/Debug/Debug.bindings.h Line: 39)

Unloading 4 Unused Serialized files (Serialized files now loaded: 0)
UnloadTime: 0.574900 ms

Unloading 4 unused Assets to reduce memory usage. Loaded Objects now: 1059.
Total: 0.993300 ms (FindLiveObjects: 0.038400 ms CreateObjectMapping: 0.008700 ms MarkObjects: 0.270700 ms  DeleteObjects: 0.675000 ms)

SELFPLAY GOALMAP x=-6.13 isPlayer1Goal=True 
(Filename: E:\unity\Runtime/Export/Debug/Debug.bindings.h Line: 39)

SELFPLAY GOALMAP x=6.18 isPlayer1Goal=False 
(Filename: E:\unity\Runtime/Export/Debug/Debug.bindings.h Line: 39)

SELFPLAY GOAL 411 scorer=Fan ZhaoReward=-1 total=223:188 
(Filename: E:\unity\Runtime/Export/Debug/Debug.bindings.h Line: 39)

SELFPLAY GOAL 412 scorer=Fan ZhaoReward=-1 total=224:188 
(Filename: E:\unity\Runtime/Export/Debug/Debug.bindings.h Line: 39)

SELFPLAY GOAL 413 scorer=Zhao ZhaoReward=1 total=224:189 
(Filename: E:\unity\Runtime/Export/Debug/Debug.bindings.h Line: 39)

SELFPLAY GOAL 414 scorer=Fan ZhaoReward=-1 total=225:189 
(Filename: E:\unity\Runtime/Export/Debug/Debug.bindings.h Line: 39)

SELFPLAY GOAL 415 scorer=Fan ZhaoReward=-1 total=226:189 
(Filename: E:\unity\Runtime/Export/Debug/Debug.bindings.h Line: 39)

SELFPLAY GOAL 416 scorer=Zhao ZhaoReward=1 total=226:190 
(Filename: E:\unity\Runtime/Export/Debug/Debug.bindings.h Line: 39)

SELFPLAY GOAL 417 scorer=Fan ZhaoReward=-1 total=227:190 
(Filename: E:\unity\Runtime/Export/Debug/Debug.bindings.h Line: 39)

SELFPLAY GOAL 418 scorer=Fan ZhaoReward=-1 total=228:190 
(Filename: E:\unity\Runtime/Export/Debug/Debug.bindings.h Line: 39)

SELFPLAY GOAL 419 scorer=Zhao ZhaoReward=1 total=228:191 
(Filename: E:\unity\Runtime/Export/Debug/Debug.bindings.h Line: 39)

SELFPLAY GOAL 420 scorer=Zhao ZhaoReward=1 total=228:192 
(Filename: E:\unity\Runtime/Export/Debug/Debug.bindings.h Line: 39)

SELFPLAY GOAL 421 scorer=Zhao ZhaoReward=1 total=228:193 
(Filename: E:\unity\Runtime/Export/Debug/Debug.bindings.h Line: 39)

SELFPLAY MATCH 41 goals=11 total=421 score=6:5 
(Filename: E:\unity\Runtime/Export/Debug/Debug.bindings.h Line: 39)

Unloading 4 Unused Serialized files (Serialized files now loaded: 0)
UnloadTime: 0.499000 ms

Unloading 4 unused Assets to reduce memory usage. Loaded Objects now: 1059.
Total: 1.282700 ms (FindLiveObjects: 0.040000 ms CreateObjectMapping: 0.008800 ms MarkObjects: 0.265400 ms  DeleteObjects: 0.967900 ms)

SELFPLAY GOALMAP x=-6.13 isPlayer1Goal=True 
(Filename: E:\unity\Runtime/Export/Debug/Debug.bindings.h Line: 39)

SELFPLAY GOALMAP x=6.18 isPlayer1Goal=False 
(Filename: E:\unity\Runtime/Export/Debug/Debug.bindings.h Line: 39)

SELFPLAY GOAL 422 scorer=Fan ZhaoReward=-1 total=229:193 
(Filename: E:\unity\Runtime/Export/Debug/Debug.bindings.h Line: 39)

SELFPLAY GOAL 423 scorer=Zhao ZhaoReward=1 total=229:194 
(Filename: E:\unity\Runtime/Export/Debug/Debug.bindings.h Line: 39)

SELFPLAY GOAL 424 scorer=Zhao ZhaoReward=1 total=229:195 
(Filename: E:\unity\Runtime/Export/Debug/Debug.bindings.h Line: 39)

SELFPLAY GOAL 425 scorer=Fan ZhaoReward=-1 total=230:195 
(Filename: E:\unity\Runtime/Export/Debug/Debug.bindings.h Line: 39)

SELFPLAY GOAL 426 scorer=Zhao ZhaoReward=1 total=230:196 
(Filename: E:\unity\Runtime/Export/Debug/Debug.bindings.h Line: 39)

SELFPLAY GOAL 427 scorer=Fan ZhaoReward=-1 total=231:196 
(Filename: E:\unity\Runtime/Export/Debug/Debug.bindings.h Line: 39)

SELFPLAY GOAL 428 scorer=Fan ZhaoReward=-1 total=232:196 
(Filename: E:\unity\Runtime/Export/Debug/Debug.bindings.h Line: 39)

SELFPLAY GOAL 429 scorer=Fan ZhaoReward=-1 total=233:196 
(Filename: E:\unity\Runtime/Export/Debug/Debug.bindings.h Line: 39)

SELFPLAY GOAL 430 scorer=Fan ZhaoReward=-1 total=234:196 
(Filename: E:\unity\Runtime/Export/Debug/Debug.bindings.h Line: 39)

SELFPLAY GOAL 431 scorer=Fan ZhaoReward=-1 total=235:196 
(Filename: E:\unity\Runtime/Export/Debug/Debug.bindings.h Line: 39)

SELFPLAY GOAL 432 scorer=Fan ZhaoReward=-1 total=236:196 
(Filename: E:\unity\Runtime/Export/Debug/Debug.bindings.h Line: 39)

SELFPLAY GOAL 433 scorer=Fan ZhaoReward=-1 total=237:196 
(Filename: E:\unity\Runtime/Export/Debug/Debug.bindings.h Line: 39)

SELFPLAY MATCH 42 goals=12 total=433 score=9:3 
(Filename: E:\unity\Runtime/Export/Debug/Debug.bindings.h Line: 39)

Unloading 4 Unused Serialized files (Serialized files now loaded: 0)
UnloadTime: 0.420100 ms

Unloading 4 unused Assets to reduce memory usage. Loaded Objects now: 1059.
Total: 1.348900 ms (FindLiveObjects: 0.038300 ms CreateObjectMapping: 0.008400 ms MarkObjects: 0.263600 ms  DeleteObjects: 1.038400 ms)

SELFPLAY GOALMAP x=-6.13 isPlayer1Goal=True 
(Filename: E:\unity\Runtime/Export/Debug/Debug.bindings.h Line: 39)

SELFPLAY GOALMAP x=6.18 isPlayer1Goal=False 
(Filename: E:\unity\Runtime/Export/Debug/Debug.bindings.h Line: 39)

SELFPLAY GOAL 434 scorer=Fan ZhaoReward=-1 total=238:196 
(Filename: E:\unity\Runtime/Export/Debug/Debug.bindings.h Line: 39)

SELFPLAY GOAL 435 scorer=Fan ZhaoReward=-1 total=239:196 
(Filename: E:\unity\Runtime/Export/Debug/Debug.bindings.h Line: 39)

SELFPLAY GOAL 436 scorer=Zhao ZhaoReward=1 total=239:197 
(Filename: E:\unity\Runtime/Export/Debug/Debug.bindings.h Line: 39)

SELFPLAY GOAL 437 scorer=Zhao ZhaoReward=1 total=239:198 
(Filename: E:\unity\Runtime/Export/Debug/Debug.bindings.h Line: 39)

SELFPLAY GOAL 438 scorer=Zhao ZhaoReward=1 total=239:199 
(Filename: E:\unity\Runtime/Export/Debug/Debug.bindings.h Line: 39)

SELFPLAY GOAL 439 scorer=Zhao ZhaoReward=1 total=239:200 
(Filename: E:\unity\Runtime/Export/Debug/Debug.bindings.h Line: 39)

SELFPLAY GOAL 440 scorer=Fan ZhaoReward=-1 total=240:200 
(Filename: E:\unity\Runtime/Export/Debug/Debug.bindings.h Line: 39)

SELFPLAY GOAL 441 scorer=Fan ZhaoReward=-1 total=241:200 
(Filename: E:\unity\Runtime/Export/Debug/Debug.bindings.h Line: 39)

SELFPLAY GOAL 442 scorer=Fan ZhaoReward=-1 total=242:200 
(Filename: E:\unity\Runtime/Export/Debug/Debug.bindings.h Line: 39)

SELFPLAY MATCH 43 goals=9 total=442 score=5:4 
(Filename: E:\unity\Runtime/Export/Debug/Debug.bindings.h Line: 39)

Unloading 4 Unused Serialized files (Serialized files now loaded: 0)
UnloadTime: 0.454200 ms

Unloading 4 unused Assets to reduce memory usage. Loaded Objects now: 1059.
Total: 1.365900 ms (FindLiveObjects: 0.039900 ms CreateObjectMapping: 0.009100 ms MarkObjects: 0.270200 ms  DeleteObjects: 1.046300 ms)

SELFPLAY GOALMAP x=-6.13 isPlayer1Goal=True 
(Filename: E:\unity\Runtime/Export/Debug/Debug.bindings.h Line: 39)

SELFPLAY GOALMAP x=6.18 isPlayer1Goal=False 
(Filename: E:\unity\Runtime/Export/Debug/Debug.bindings.h Line: 39)

SELFPLAY GOAL 443 scorer=Fan ZhaoReward=-1 total=243:200 
(Filename: E:\unity\Runtime/Export/Debug/Debug.bindings.h Line: 39)

SELFPLAY GOAL 444 scorer=Zhao ZhaoReward=1 total=243:201 
(Filename: E:\unity\Runtime/Export/Debug/Debug.bindings.h Line: 39)

SELFPLAY GOAL 445 scorer=Fan ZhaoReward=-1 total=244:201 
(Filename: E:\unity\Runtime/Export/Debug/Debug.bindings.h Line: 39)

SELFPLAY GOAL 446 scorer=Zhao ZhaoReward=1 total=244:202 
(Filename: E:\unity\Runtime/Export/Debug/Debug.bindings.h Line: 39)

SELFPLAY GOAL 447 scorer=Zhao ZhaoReward=1 total=244:203 
(Filename: E:\unity\Runtime/Export/Debug/Debug.bindings.h Line: 39)

SELFPLAY GOAL 448 scorer=Fan ZhaoReward=-1 total=245:203 
(Filename: E:\unity\Runtime/Export/Debug/Debug.bindings.h Line: 39)

SELFPLAY GOAL 449 scorer=Zhao ZhaoReward=1 total=245:204 
(Filename: E:\unity\Runtime/Export/Debug/Debug.bindings.h Line: 39)

SELFPLAY GOAL 450 scorer=Zhao ZhaoReward=1 total=245:205 
(Filename: E:\unity\Runtime/Export/Debug/Debug.bindings.h Line: 39)

SELFPLAY MATCH 44 goals=8 total=450 score=3:5 
(Filename: E:\unity\Runtime/Export/Debug/Debug.bindings.h Line: 39)

Unloading 4 Unused Serialized files (Serialized files now loaded: 0)
UnloadTime: 0.904900 ms

Unloading 4 unused Assets to reduce memory usage. Loaded Objects now: 1059.
Total: 1.509100 ms (FindLiveObjects: 0.053800 ms CreateObjectMapping: 0.011100 ms MarkObjects: 0.374100 ms  DeleteObjects: 1.069500 ms)

SELFPLAY GOALMAP x=-6.13 isPlayer1Goal=True 
(Filename: E:\unity\Runtime/Export/Debug/Debug.bindings.h Line: 39)

SELFPLAY GOALMAP x=6.18 isPlayer1Goal=False 
(Filename: E:\unity\Runtime/Export/Debug/Debug.bindings.h Line: 39)

SELFPLAY GOAL 451 scorer=Fan ZhaoReward=-1 total=246:205 
(Filename: E:\unity\Runtime/Export/Debug/Debug.bindings.h Line: 39)

SELFPLAY GOAL 452 scorer=Zhao ZhaoReward=1 total=246:206 
(Filename: E:\unity\Runtime/Export/Debug/Debug.bindings.h Line: 39)

SELFPLAY GOAL 453 scorer=Zhao ZhaoReward=1 total=246:207 
(Filename: E:\unity\Runtime/Export/Debug/Debug.bindings.h Line: 39)

SELFPLAY GOAL 454 scorer=Zhao ZhaoReward=1 total=246:208 
(Filename: E:\unity\Runtime/Export/Debug/Debug.bindings.h Line: 39)

SELFPLAY GOAL 455 scorer=Fan ZhaoReward=-1 total=247:208 
(Filename: E:\unity\Runtime/Export/Debug/Debug.bindings.h Line: 39)

SELFPLAY GOAL 456 scorer=Zhao ZhaoReward=1 total=247:209 
(Filename: E:\unity\Runtime/Export/Debug/Debug.bindings.h Line: 39)

SELFPLAY GOAL 457 scorer=Zhao ZhaoReward=1 total=247:210 
(Filename: E:\unity\Runtime/Export/Debug/Debug.bindings.h Line: 39)

SELFPLAY GOAL 458 scorer=Zhao ZhaoReward=1 total=247:211 
(Filename: E:\unity\Runtime/Export/Debug/Debug.bindings.h Line: 39)

SELFPLAY MATCH 45 goals=8 total=458 score=2:6 
(Filename: E:\unity\Runtime/Export/Debug/Debug.bindings.h Line: 39)

Unloading 4 Unused Serialized files (Serialized files now loaded: 0)
UnloadTime: 0.474900 ms

Unloading 4 unused Assets to reduce memory usage. Loaded Objects now: 1059.
Total: 1.405200 ms (FindLiveObjects: 0.039100 ms CreateObjectMapping: 0.008600 ms MarkObjects: 0.273900 ms  DeleteObjects: 1.083400 ms)

SELFPLAY GOALMAP x=-6.13 isPlayer1Goal=True 
(Filename: E:\unity\Runtime/Export/Debug/Debug.bindings.h Line: 39)

SELFPLAY GOALMAP x=6.18 isPlayer1Goal=False 
(Filename: E:\unity\Runtime/Export/Debug/Debug.bindings.h Line: 39)

SELFPLAY GOAL 459 scorer=Fan ZhaoReward=-1 total=248:211 
(Filename: E:\unity\Runtime/Export/Debug/Debug.bindings.h Line: 39)

SELFPLAY GOAL 460 scorer=Fan ZhaoReward=-1 total=249:211 
(Filename: E:\unity\Runtime/Export/Debug/Debug.bindings.h Line: 39)

SELFPLAY GOAL 461 scorer=Fan ZhaoReward=-1 total=250:211 
(Filename: E:\unity\Runtime/Export/Debug/Debug.bindings.h Line: 39)

SELFPLAY GOAL 462 scorer=Zhao ZhaoReward=1 total=250:212 
(Filename: E:\unity\Runtime/Export/Debug/Debug.bindings.h Line: 39)

SELFPLAY GOAL 463 scorer=Fan ZhaoReward=-1 total=251:212 
(Filename: E:\unity\Runtime/Export/Debug/Debug.bindings.h Line: 39)

SELFPLAY GOAL 464 scorer=Fan ZhaoReward=-1 total=252:212 
(Filename: E:\unity\Runtime/Export/Debug/Debug.bindings.h Line: 39)

SELFPLAY GOAL 465 scorer=Fan ZhaoReward=-1 total=253:212 
(Filename: E:\unity\Runtime/Export/Debug/Debug.bindings.h Line: 39)

SELFPLAY GOAL 466 scorer=Zhao ZhaoReward=1 total=253:213 
(Filename: E:\unity\Runtime/Export/Debug/Debug.bindings.h Line: 39)

SELFPLAY GOAL 467 scorer=Fan ZhaoReward=-1 total=254:213 
(Filename: E:\unity\Runtime/Export/Debug/Debug.bindings.h Line: 39)

SELFPLAY GOAL 468 scorer=Fan ZhaoReward=-1 total=255:213 
(Filename: E:\unity\Runtime/Export/Debug/Debug.bindings.h Line: 39)

SELFPLAY GOAL 469 scorer=Zhao ZhaoReward=1 total=255:214 
(Filename: E:\unity\Runtime/Export/Debug/Debug.bindings.h Line: 39)

SELFPLAY GOAL 470 scorer=Zhao ZhaoReward=1 total=255:215 
(Filename: E:\unity\Runtime/Export/Debug/Debug.bindings.h Line: 39)

SELFPLAY MATCH 46 goals=12 total=470 score=8:4 
(Filename: E:\unity\Runtime/Export/Debug/Debug.bindings.h Line: 39)

Unloading 4 Unused Serialized files (Serialized files now loaded: 0)
UnloadTime: 0.513500 ms

Unloading 4 unused Assets to reduce memory usage. Loaded Objects now: 1059.
Total: 0.934200 ms (FindLiveObjects: 0.038600 ms CreateObjectMapping: 0.009000 ms MarkObjects: 0.341600 ms  DeleteObjects: 0.544400 ms)

SELFPLAY GOALMAP x=-6.13 isPlayer1Goal=True 
(Filename: E:\unity\Runtime/Export/Debug/Debug.bindings.h Line: 39)

SELFPLAY GOALMAP x=6.18 isPlayer1Goal=False 
(Filename: E:\unity\Runtime/Export/Debug/Debug.bindings.h Line: 39)

SELFPLAY GOAL 471 scorer=Fan ZhaoReward=-1 total=256:215 
(Filename: E:\unity\Runtime/Export/Debug/Debug.bindings.h Line: 39)

SELFPLAY GOAL 472 scorer=Fan ZhaoReward=-1 total=257:215 
(Filename: E:\unity\Runtime/Export/Debug/Debug.bindings.h Line: 39)

SELFPLAY GOAL 473 scorer=Zhao ZhaoReward=1 total=257:216 
(Filename: E:\unity\Runtime/Export/Debug/Debug.bindings.h Line: 39)

SELFPLAY GOAL 474 scorer=Zhao ZhaoReward=1 total=257:217 
(Filename: E:\unity\Runtime/Export/Debug/Debug.bindings.h Line: 39)

SELFPLAY GOAL 475 scorer=Fan ZhaoReward=-1 total=258:217 
(Filename: E:\unity\Runtime/Export/Debug/Debug.bindings.h Line: 39)

SELFPLAY GOAL 476 scorer=Zhao ZhaoReward=1 total=258:218 
(Filename: E:\unity\Runtime/Export/Debug/Debug.bindings.h Line: 39)

SELFPLAY GOAL 477 scorer=Zhao ZhaoReward=1 total=258:219 
(Filename: E:\unity\Runtime/Export/Debug/Debug.bindings.h Line: 39)

SELFPLAY GOAL 478 scorer=Zhao ZhaoReward=1 total=258:220 
(Filename: E:\unity\Runtime/Export/Debug/Debug.bindings.h Line: 39)

SELFPLAY GOAL 479 scorer=Fan ZhaoReward=-1 total=259:220 
(Filename: E:\unity\Runtime/Export/Debug/Debug.bindings.h Line: 39)

SELFPLAY PROGRESS goals=479/500 matches=47 score=259:220 real=188.4763 
(Filename: E:\unity\Runtime/Export/Debug/Debug.bindings.h Line: 39)

SELFPLAY GOAL 480 scorer=Zhao ZhaoReward=1 total=259:221 
(Filename: E:\unity\Runtime/Export/Debug/Debug.bindings.h Line: 39)

SELFPLAY GOAL 481 scorer=Zhao ZhaoReward=1 total=259:222 
(Filename: E:\unity\Runtime/Export/Debug/Debug.bindings.h Line: 39)

SELFPLAY MATCH 47 goals=11 total=481 score=4:7 
(Filename: E:\unity\Runtime/Export/Debug/Debug.bindings.h Line: 39)

Unloading 4 Unused Serialized files (Serialized files now loaded: 0)
UnloadTime: 0.586400 ms

Unloading 4 unused Assets to reduce memory usage. Loaded Objects now: 1059.
Total: 1.447100 ms (FindLiveObjects: 0.047400 ms CreateObjectMapping: 0.009700 ms MarkObjects: 0.372100 ms  DeleteObjects: 1.017500 ms)

SELFPLAY GOALMAP x=-6.13 isPlayer1Goal=True 
(Filename: E:\unity\Runtime/Export/Debug/Debug.bindings.h Line: 39)

SELFPLAY GOALMAP x=6.18 isPlayer1Goal=False 
(Filename: E:\unity\Runtime/Export/Debug/Debug.bindings.h Line: 39)

SELFPLAY GOAL 482 scorer=Fan ZhaoReward=-1 total=260:222 
(Filename: E:\unity\Runtime/Export/Debug/Debug.bindings.h Line: 39)

SELFPLAY GOAL 483 scorer=Zhao ZhaoReward=1 total=260:223 
(Filename: E:\unity\Runtime/Export/Debug/Debug.bindings.h Line: 39)

SELFPLAY GOAL 484 scorer=Zhao ZhaoReward=1 total=260:224 
(Filename: E:\unity\Runtime/Export/Debug/Debug.bindings.h Line: 39)

SELFPLAY GOAL 485 scorer=Fan ZhaoReward=-1 total=261:224 
(Filename: E:\unity\Runtime/Export/Debug/Debug.bindings.h Line: 39)

SELFPLAY GOAL 486 scorer=Fan ZhaoReward=-1 total=262:224 
(Filename: E:\unity\Runtime/Export/Debug/Debug.bindings.h Line: 39)

SELFPLAY GOAL 487 scorer=Fan ZhaoReward=-1 total=263:224 
(Filename: E:\unity\Runtime/Export/Debug/Debug.bindings.h Line: 39)

SELFPLAY GOAL 488 scorer=Fan ZhaoReward=-1 total=264:224 
(Filename: E:\unity\Runtime/Export/Debug/Debug.bindings.h Line: 39)

SELFPLAY GOAL 489 scorer=Zhao ZhaoReward=1 total=264:225 
(Filename: E:\unity\Runtime/Export/Debug/Debug.bindings.h Line: 39)

SELFPLAY MATCH 48 goals=8 total=489 score=5:3 
(Filename: E:\unity\Runtime/Export/Debug/Debug.bindings.h Line: 39)

Unloading 4 Unused Serialized files (Serialized files now loaded: 0)
UnloadTime: 0.568300 ms

Unloading 4 unused Assets to reduce memory usage. Loaded Objects now: 1059.
Total: 1.351000 ms (FindLiveObjects: 0.040700 ms CreateObjectMapping: 0.009600 ms MarkObjects: 0.398000 ms  DeleteObjects: 0.902100 ms)

SELFPLAY GOALMAP x=-6.13 isPlayer1Goal=True 
(Filename: E:\unity\Runtime/Export/Debug/Debug.bindings.h Line: 39)

SELFPLAY GOALMAP x=6.18 isPlayer1Goal=False 
(Filename: E:\unity\Runtime/Export/Debug/Debug.bindings.h Line: 39)

SELFPLAY GOAL 490 scorer=Fan ZhaoReward=-1 total=265:225 
(Filename: E:\unity\Runtime/Export/Debug/Debug.bindings.h Line: 39)

SELFPLAY GOAL 491 scorer=Fan ZhaoReward=-1 total=266:225 
(Filename: E:\unity\Runtime/Export/Debug/Debug.bindings.h Line: 39)

SELFPLAY GOAL 492 scorer=Fan ZhaoReward=-1 total=267:225 
(Filename: E:\unity\Runtime/Export/Debug/Debug.bindings.h Line: 39)

SELFPLAY GOAL 493 scorer=Fan ZhaoReward=-1 total=268:225 
(Filename: E:\unity\Runtime/Export/Debug/Debug.bindings.h Line: 39)

SELFPLAY GOAL 494 scorer=Zhao ZhaoReward=1 total=268:226 
(Filename: E:\unity\Runtime/Export/Debug/Debug.bindings.h Line: 39)

SELFPLAY GOAL 495 scorer=Fan ZhaoReward=-1 total=269:226 
(Filename: E:\unity\Runtime/Export/Debug/Debug.bindings.h Line: 39)

SELFPLAY GOAL 496 scorer=Zhao ZhaoReward=1 total=269:227 
(Filename: E:\unity\Runtime/Export/Debug/Debug.bindings.h Line: 39)

SELFPLAY GOAL 497 scorer=Fan ZhaoReward=-1 total=270:227 
(Filename: E:\unity\Runtime/Export/Debug/Debug.bindings.h Line: 39)

SELFPLAY GOAL 498 scorer=Zhao ZhaoReward=1 total=270:228 
(Filename: E:\unity\Runtime/Export/Debug/Debug.bindings.h Line: 39)

SELFPLAY MATCH 49 goals=9 total=498 score=6:3 
(Filename: E:\unity\Runtime/Export/Debug/Debug.bindings.h Line: 39)

Unloading 4 Unused Serialized files (Serialized files now loaded: 0)
UnloadTime: 0.550500 ms

Unloading 4 unused Assets to reduce memory usage. Loaded Objects now: 1059.
Total: 1.316400 ms (FindLiveObjects: 0.035800 ms CreateObjectMapping: 0.008700 ms MarkObjects: 0.279000 ms  DeleteObjects: 0.992500 ms)

SELFPLAY GOALMAP x=-6.13 isPlayer1Goal=True 
(Filename: E:\unity\Runtime/Export/Debug/Debug.bindings.h Line: 39)

SELFPLAY GOALMAP x=6.18 isPlayer1Goal=False 
(Filename: E:\unity\Runtime/Export/Debug/Debug.bindings.h Line: 39)

SELFPLAY GOAL 499 scorer=Fan ZhaoReward=-1 total=271:228 
(Filename: E:\unity\Runtime/Export/Debug/Debug.bindings.h Line: 39)

SELFPLAY GOAL 500 scorer=Fan ZhaoReward=-1 total=272:228 
(Filename: E:\unity\Runtime/Export/Debug/Debug.bindings.h Line: 39)

SELFPLAY MATCH 50 goals=2 total=500 score=2:0 
(Filename: E:\unity\Runtime/Export/Debug/Debug.bindings.h Line: 39)

SELFPLAY COMPLETE goals=500 fan=272 zhao=228 matches=50 failures=0 
(Filename: E:\unity\Runtime/Export/Debug/Debug.bindings.h Line: 39)

Setting up 12 worker threads for Enlighten.
  Thread -> id: 87b0 -> priority: 1 
  Thread -> id: 5300 -> priority: 1 
  Thread -> id: 4c0c -> priority: 1 
  Thread -> id: 2888 -> priority: 1 
  Thread -> id: 793c -> priority: 1 
  Thread -> id: 4da0 -> priority: 1 
  Thread -> id: 6b6c -> priority: 1 
  Thread -> id: 2d98 -> priority: 1 
  Thread -> id: 83ec -> priority: 1 
  Thread -> id: 26e4 -> priority: 1 
  Thread -> id: 896c -> priority: 1 
  Thread -> id: 5b4c -> priority: 1 

Mono path[0] = 'C:/Users/Alienware/Documents/范志毅VS赵鹏/范志毅VS赵鹏 PC双人版（32位）/鑼冨織姣匳S璧甸箯 PC鍙屼汉鐗堬紙32浣嶏級/AI Mod Source/build/fan-strategy-selfplay-original-worker-2/FanZhiYi_Data/Managed'
Mono config path = 'C:/Users/Alienware/Documents/范志毅VS赵鹏/范志毅VS赵鹏 PC双人版（32位）/鑼冨織姣匳S璧甸箯 PC鍙屼汉鐗堬紙32浣嶏級/AI Mod Source/build/fan-strategy-selfplay-original-worker-2/MonoBleedingEdge/etc'
AS: AutoStreaming module initializing.Initialize engine version: 2019.4.33f1c1 (c2f94a8bebb3)
[Subsystems] Discovering subsystems at path C:/Users/Alienware/Documents/范志毅VS赵鹏/范志毅VS赵鹏 PC双人版（32位）/鑼冨織姣匳S璧甸箯 PC鍙屼汉鐗堬紙32浣嶏級/AI Mod Source/build/fan-strategy-selfplay-original-worker-2/FanZhiYi_Data/UnitySubsystems
Forcing GfxDevice: Null
GfxDevice: creating device client; threaded=0
NullGfxDevice:
    Version:  NULL 1.0 [1.0]
    Renderer: Null Device
    Vendor:   Unity Technologies
Begin MonoManager ReloadAssembly
- Completed reload, in  0.097 seconds
Microsoft Media Foundation video decoding to texture disabled: graphics device is Null, only Direct3D 11 and Direct3D 12 (only on desktop) are supported for hardware-accelerated video decoding.
UnloadTime: 0.625500 ms
Unloading 5 Unused Serialized files (Serialized files now loaded: 0)
UnloadTime: 0.163400 ms

Unloading 145 unused Assets to reduce memory usage. Loaded Objects now: 1003.
Total: 0.633300 ms (FindLiveObjects: 0.045600 ms CreateObjectMapping: 0.009600 ms MarkObjects: 0.235600 ms  DeleteObjects: 0.342000 ms)

SELFPLAY GOALMAP x=-6.13 isPlayer1Goal=True 
(Filename: E:\unity\Runtime/Export/Debug/Debug.bindings.h Line: 39)

SELFPLAY GOALMAP x=6.18 isPlayer1Goal=False 
(Filename: E:\unity\Runtime/Export/Debug/Debug.bindings.h Line: 39)

SELFPLAY GOAL 101 scorer=Fan ZhaoReward=-1 total=52:49 
(Filename: E:\unity\Runtime/Export/Debug/Debug.bindings.h Line: 39)

SELFPLAY GOAL 102 scorer=Zhao ZhaoReward=1 total=52:50 
(Filename: E:\unity\Runtime/Export/Debug/Debug.bindings.h Line: 39)

SELFPLAY GOAL 103 scorer=Zhao ZhaoReward=1 total=52:51 
(Filename: E:\unity\Runtime/Export/Debug/Debug.bindings.h Line: 39)

SELFPLAY GOAL 104 scorer=Fan ZhaoReward=-1 total=53:51 
(Filename: E:\unity\Runtime/Export/Debug/Debug.bindings.h Line: 39)

SELFPLAY GOAL 105 scorer=Fan ZhaoReward=-1 total=54:51 
(Filename: E:\unity\Runtime/Export/Debug/Debug.bindings.h Line: 39)

SELFPLAY GOAL 106 scorer=Fan ZhaoReward=-1 total=55:51 
(Filename: E:\unity\Runtime/Export/Debug/Debug.bindings.h Line: 39)

SELFPLAY GOAL 107 scorer=Zhao ZhaoReward=1 total=55:52 
(Filename: E:\unity\Runtime/Export/Debug/Debug.bindings.h Line: 39)

SELFPLAY GOAL 108 scorer=Fan ZhaoReward=-1 total=56:52 
(Filename: E:\unity\Runtime/Export/Debug/Debug.bindings.h Line: 39)

SELFPLAY GOAL 109 scorer=Fan ZhaoReward=-1 total=57:52 
(Filename: E:\unity\Runtime/Export/Debug/Debug.bindings.h Line: 39)

SELFPLAY GOAL 110 scorer=Fan ZhaoReward=-1 total=58:52 
(Filename: E:\unity\Runtime/Export/Debug/Debug.bindings.h Line: 39)

SELFPLAY GOAL 111 scorer=Fan ZhaoReward=-1 total=59:52 
(Filename: E:\unity\Runtime/Export/Debug/Debug.bindings.h Line: 39)

SELFPLAY GOAL 112 scorer=Fan ZhaoReward=-1 total=60:52 
(Filename: E:\unity\Runtime/Export/Debug/Debug.bindings.h Line: 39)

SELFPLAY GOAL 113 scorer=Fan ZhaoReward=-1 total=61:52 
(Filename: E:\unity\Runtime/Export/Debug/Debug.bindings.h Line: 39)

SELFPLAY GOAL 114 scorer=Zhao ZhaoReward=1 total=61:53 
(Filename: E:\unity\Runtime/Export/Debug/Debug.bindings.h Line: 39)

SELFPLAY MATCH 11 goals=14 total=114 score=10:4 
(Filename: E:\unity\Runtime/Export/Debug/Debug.bindings.h Line: 39)

Unloading 4 Unused Serialized files (Serialized files now loaded: 0)
UnloadTime: 1.205400 ms

Unloading 37 unused Assets to reduce memory usage. Loaded Objects now: 1059.
Total: 1.505100 ms (FindLiveObjects: 0.041800 ms CreateObjectMapping: 0.010200 ms MarkObjects: 0.304300 ms  DeleteObjects: 1.148000 ms)

SELFPLAY GOALMAP x=-6.13 isPlayer1Goal=True 
(Filename: E:\unity\Runtime/Export/Debug/Debug.bindings.h Line: 39)

SELFPLAY GOALMAP x=6.18 isPlayer1Goal=False 
(Filename: E:\unity\Runtime/Export/Debug/Debug.bindings.h Line: 39)

SELFPLAY GOAL 115 scorer=Fan ZhaoReward=-1 total=62:53 
(Filename: E:\unity\Runtime/Export/Debug/Debug.bindings.h Line: 39)

SELFPLAY GOAL 116 scorer=Zhao ZhaoReward=1 total=62:54 
(Filename: E:\unity\Runtime/Export/Debug/Debug.bindings.h Line: 39)

SELFPLAY GOAL 117 scorer=Fan ZhaoReward=-1 total=63:54 
(Filename: E:\unity\Runtime/Export/Debug/Debug.bindings.h Line: 39)

SELFPLAY GOAL 118 scorer=Zhao ZhaoReward=1 total=63:55 
(Filename: E:\unity\Runtime/Export/Debug/Debug.bindings.h Line: 39)

SELFPLAY GOAL 119 scorer=Fan ZhaoReward=-1 total=64:55 
(Filename: E:\unity\Runtime/Export/Debug/Debug.bindings.h Line: 39)

SELFPLAY GOAL 120 scorer=Fan ZhaoReward=-1 total=65:55 
(Filename: E:\unity\Runtime/Export/Debug/Debug.bindings.h Line: 39)

SELFPLAY GOAL 121 scorer=Zhao ZhaoReward=1 total=65:56 
(Filename: E:\unity\Runtime/Export/Debug/Debug.bindings.h Line: 39)

SELFPLAY GOAL 122 scorer=Fan ZhaoReward=-1 total=66:56 
(Filename: E:\unity\Runtime/Export/Debug/Debug.bindings.h Line: 39)

SELFPLAY MATCH 12 goals=8 total=122 score=5:3 
(Filename: E:\unity\Runtime/Export/Debug/Debug.bindings.h Line: 39)

Unloading 4 Unused Serialized files (Serialized files now loaded: 0)
UnloadTime: 0.423600 ms

Unloading 4 unused Assets to reduce memory usage. Loaded Objects now: 1059.
Total: 1.200300 ms (FindLiveObjects: 0.046400 ms CreateObjectMapping: 0.010600 ms MarkObjects: 0.245400 ms  DeleteObjects: 0.897600 ms)

SELFPLAY GOALMAP x=-6.13 isPlayer1Goal=True 
(Filename: E:\unity\Runtime/Export/Debug/Debug.bindings.h Line: 39)

SELFPLAY GOALMAP x=6.18 isPlayer1Goal=False 
(Filename: E:\unity\Runtime/Export/Debug/Debug.bindings.h Line: 39)

SELFPLAY GOAL 123 scorer=Fan ZhaoReward=-1 total=67:56 
(Filename: E:\unity\Runtime/Export/Debug/Debug.bindings.h Line: 39)

SELFPLAY GOAL 124 scorer=Zhao ZhaoReward=1 total=67:57 
(Filename: E:\unity\Runtime/Export/Debug/Debug.bindings.h Line: 39)

SELFPLAY GOAL 125 scorer=Fan ZhaoReward=-1 total=68:57 
(Filename: E:\unity\Runtime/Export/Debug/Debug.bindings.h Line: 39)

SELFPLAY GOAL 126 scorer=Zhao ZhaoReward=1 total=68:58 
(Filename: E:\unity\Runtime/Export/Debug/Debug.bindings.h Line: 39)

SELFPLAY GOAL 127 scorer=Fan ZhaoReward=-1 total=69:58 
(Filename: E:\unity\Runtime/Export/Debug/Debug.bindings.h Line: 39)

SELFPLAY GOAL 128 scorer=Zhao ZhaoReward=1 total=69:59 
(Filename: E:\unity\Runtime/Export/Debug/Debug.bindings.h Line: 39)

SELFPLAY GOAL 129 scorer=Zhao ZhaoReward=1 total=69:60 
(Filename: E:\unity\Runtime/Export/Debug/Debug.bindings.h Line: 39)

SELFPLAY GOAL 130 scorer=Fan ZhaoReward=-1 total=70:60 
(Filename: E:\unity\Runtime/Export/Debug/Debug.bindings.h Line: 39)

SELFPLAY GOAL 131 scorer=Fan ZhaoReward=-1 total=71:60 
(Filename: E:\unity\Runtime/Export/Debug/Debug.bindings.h Line: 39)

SELFPLAY GOAL 132 scorer=Zhao ZhaoReward=1 total=71:61 
(Filename: E:\unity\Runtime/Export/Debug/Debug.bindings.h Line: 39)

SELFPLAY GOAL 133 scorer=Fan ZhaoReward=-1 total=72:61 
(Filename: E:\unity\Runtime/Export/Debug/Debug.bindings.h Line: 39)

SELFPLAY GOAL 134 scorer=Zhao ZhaoReward=1 total=72:62 
(Filename: E:\unity\Runtime/Export/Debug/Debug.bindings.h Line: 39)

SELFPLAY GOAL 135 scorer=Fan ZhaoReward=-1 total=73:62 
(Filename: E:\unity\Runtime/Export/Debug/Debug.bindings.h Line: 39)

SELFPLAY GOAL 136 scorer=Fan ZhaoReward=-1 total=74:62 
(Filename: E:\unity\Runtime/Export/Debug/Debug.bindings.h Line: 39)

SELFPLAY MATCH 13 goals=14 total=136 score=8:6 
(Filename: E:\unity\Runtime/Export/Debug/Debug.bindings.h Line: 39)

Unloading 4 Unused Serialized files (Serialized files now loaded: 0)
UnloadTime: 0.462200 ms

Unloading 4 unused Assets to reduce memory usage. Loaded Objects now: 1059.
Total: 1.112200 ms (FindLiveObjects: 0.042800 ms CreateObjectMapping: 0.009000 ms MarkObjects: 0.233500 ms  DeleteObjects: 0.826300 ms)

SELFPLAY GOALMAP x=-6.13 isPlayer1Goal=True 
(Filename: E:\unity\Runtime/Export/Debug/Debug.bindings.h Line: 39)

SELFPLAY GOALMAP x=6.18 isPlayer1Goal=False 
(Filename: E:\unity\Runtime/Export/Debug/Debug.bindings.h Line: 39)

SELFPLAY GOAL 137 scorer=Fan ZhaoReward=-1 total=75:62 
(Filename: E:\unity\Runtime/Export/Debug/Debug.bindings.h Line: 39)

SELFPLAY GOAL 138 scorer=Zhao ZhaoReward=1 total=75:63 
(Filename: E:\unity\Runtime/Export/Debug/Debug.bindings.h Line: 39)

SELFPLAY GOAL 139 scorer=Zhao ZhaoReward=1 total=75:64 
(Filename: E:\unity\Runtime/Export/Debug/Debug.bindings.h Line: 39)

SELFPLAY GOAL 140 scorer=Zhao ZhaoReward=1 total=75:65 
(Filename: E:\unity\Runtime/Export/Debug/Debug.bindings.h Line: 39)

SELFPLAY GOAL 141 scorer=Fan ZhaoReward=-1 total=76:65 
(Filename: E:\unity\Runtime/Export/Debug/Debug.bindings.h Line: 39)

SELFPLAY GOAL 142 scorer=Fan ZhaoReward=-1 total=77:65 
(Filename: E:\unity\Runtime/Export/Debug/Debug.bindings.h Line: 39)

SELFPLAY GOAL 143 scorer=Zhao ZhaoReward=1 total=77:66 
(Filename: E:\unity\Runtime/Export/Debug/Debug.bindings.h Line: 39)

SELFPLAY GOAL 144 scorer=Zhao ZhaoReward=1 total=77:67 
(Filename: E:\unity\Runtime/Export/Debug/Debug.bindings.h Line: 39)

SELFPLAY GOAL 145 scorer=Zhao ZhaoReward=1 total=77:68 
(Filename: E:\unity\Runtime/Export/Debug/Debug.bindings.h Line: 39)

SELFPLAY GOAL 146 scorer=Zhao ZhaoReward=1 total=77:69 
(Filename: E:\unity\Runtime/Export/Debug/Debug.bindings.h Line: 39)

SELFPLAY MATCH 14 goals=10 total=146 score=3:7 
(Filename: E:\unity\Runtime/Export/Debug/Debug.bindings.h Line: 39)

Unloading 4 Unused Serialized files (Serialized files now loaded: 0)
UnloadTime: 0.432600 ms

Unloading 4 unused Assets to reduce memory usage. Loaded Objects now: 1059.
Total: 1.144000 ms (FindLiveObjects: 0.037400 ms CreateObjectMapping: 0.008700 ms MarkObjects: 0.252400 ms  DeleteObjects: 0.844900 ms)

SELFPLAY GOALMAP x=-6.13 isPlayer1Goal=True 
(Filename: E:\unity\Runtime/Export/Debug/Debug.bindings.h Line: 39)

SELFPLAY GOALMAP x=6.18 isPlayer1Goal=False 
(Filename: E:\unity\Runtime/Export/Debug/Debug.bindings.h Line: 39)

SELFPLAY GOAL 147 scorer=Fan ZhaoReward=-1 total=78:69 
(Filename: E:\unity\Runtime/Export/Debug/Debug.bindings.h Line: 39)

SELFPLAY GOAL 148 scorer=Fan ZhaoReward=-1 total=79:69 
(Filename: E:\unity\Runtime/Export/Debug/Debug.bindings.h Line: 39)

SELFPLAY GOAL 149 scorer=Zhao ZhaoReward=1 total=79:70 
(Filename: E:\unity\Runtime/Export/Debug/Debug.bindings.h Line: 39)

SELFPLAY GOAL 150 scorer=Fan ZhaoReward=-1 total=80:70 
(Filename: E:\unity\Runtime/Export/Debug/Debug.bindings.h Line: 39)

SELFPLAY GOAL 151 scorer=Zhao ZhaoReward=1 total=80:71 
(Filename: E:\unity\Runtime/Export/Debug/Debug.bindings.h Line: 39)

SELFPLAY GOAL 152 scorer=Fan ZhaoReward=-1 total=81:71 
(Filename: E:\unity\Runtime/Export/Debug/Debug.bindings.h Line: 39)

SELFPLAY GOAL 153 scorer=Fan ZhaoReward=-1 total=82:71 
(Filename: E:\unity\Runtime/Export/Debug/Debug.bindings.h Line: 39)

SELFPLAY MATCH 15 goals=7 total=153 score=5:2 
(Filename: E:\unity\Runtime/Export/Debug/Debug.bindings.h Line: 39)

Unloading 4 Unused Serialized files (Serialized files now loaded: 0)
UnloadTime: 0.535700 ms

Unloading 4 unused Assets to reduce memory usage. Loaded Objects now: 1059.
Total: 1.240000 ms (FindLiveObjects: 0.045100 ms CreateObjectMapping: 0.016800 ms MarkObjects: 0.270000 ms  DeleteObjects: 0.907300 ms)

SELFPLAY GOALMAP x=-6.13 isPlayer1Goal=True 
(Filename: E:\unity\Runtime/Export/Debug/Debug.bindings.h Line: 39)

SELFPLAY GOALMAP x=6.18 isPlayer1Goal=False 
(Filename: E:\unity\Runtime/Export/Debug/Debug.bindings.h Line: 39)

SELFPLAY GOAL 154 scorer=Zhao ZhaoReward=1 total=82:72 
(Filename: E:\unity\Runtime/Export/Debug/Debug.bindings.h Line: 39)

SELFPLAY GOAL 155 scorer=Zhao ZhaoReward=1 total=82:73 
(Filename: E:\unity\Runtime/Export/Debug/Debug.bindings.h Line: 39)

SELFPLAY GOAL 156 scorer=Zhao ZhaoReward=1 total=82:74 
(Filename: E:\unity\Runtime/Export/Debug/Debug.bindings.h Line: 39)

SELFPLAY GOAL 157 scorer=Zhao ZhaoReward=1 total=82:75 
(Filename: E:\unity\Runtime/Export/Debug/Debug.bindings.h Line: 39)

SELFPLAY GOAL 158 scorer=Zhao ZhaoReward=1 total=82:76 
(Filename: E:\unity\Runtime/Export/Debug/Debug.bindings.h Line: 39)

SELFPLAY GOAL 159 scorer=Fan ZhaoReward=-1 total=83:76 
(Filename: E:\unity\Runtime/Export/Debug/Debug.bindings.h Line: 39)

SELFPLAY GOAL 160 scorer=Zhao ZhaoReward=1 total=83:77 
(Filename: E:\unity\Runtime/Export/Debug/Debug.bindings.h Line: 39)

SELFPLAY GOAL 161 scorer=Fan ZhaoReward=-1 total=84:77 
(Filename: E:\unity\Runtime/Export/Debug/Debug.bindings.h Line: 39)

SELFPLAY GOAL 162 scorer=Zhao ZhaoReward=1 total=84:78 
(Filename: E:\unity\Runtime/Export/Debug/Debug.bindings.h Line: 39)

SELFPLAY MATCH 16 goals=9 total=162 score=2:7 
(Filename: E:\unity\Runtime/Export/Debug/Debug.bindings.h Line: 39)

Unloading 4 Unused Serialized files (Serialized files now loaded: 0)
UnloadTime: 0.392000 ms

Unloading 4 unused Assets to reduce memory usage. Loaded Objects now: 1059.
Total: 1.408400 ms (FindLiveObjects: 0.053600 ms CreateObjectMapping: 0.008800 ms MarkObjects: 0.281900 ms  DeleteObjects: 1.063700 ms)

SELFPLAY GOALMAP x=-6.13 isPlayer1Goal=True 
(Filename: E:\unity\Runtime/Export/Debug/Debug.bindings.h Line: 39)

SELFPLAY GOALMAP x=6.18 isPlayer1Goal=False 
(Filename: E:\unity\Runtime/Export/Debug/Debug.bindings.h Line: 39)

SELFPLAY GOAL 163 scorer=Fan ZhaoReward=-1 total=85:78 
(Filename: E:\unity\Runtime/Export/Debug/Debug.bindings.h Line: 39)

SELFPLAY GOAL 164 scorer=Zhao ZhaoReward=1 total=85:79 
(Filename: E:\unity\Runtime/Export/Debug/Debug.bindings.h Line: 39)

SELFPLAY GOAL 165 scorer=Fan ZhaoReward=-1 total=86:79 
(Filename: E:\unity\Runtime/Export/Debug/Debug.bindings.h Line: 39)

SELFPLAY GOAL 166 scorer=Fan ZhaoReward=-1 total=87:79 
(Filename: E:\unity\Runtime/Export/Debug/Debug.bindings.h Line: 39)

SELFPLAY GOAL 167 scorer=Zhao ZhaoReward=1 total=87:80 
(Filename: E:\unity\Runtime/Export/Debug/Debug.bindings.h Line: 39)

SELFPLAY GOAL 168 scorer=Zhao ZhaoReward=1 total=87:81 
(Filename: E:\unity\Runtime/Export/Debug/Debug.bindings.h Line: 39)

SELFPLAY GOAL 169 scorer=Zhao ZhaoReward=1 total=87:82 
(Filename: E:\unity\Runtime/Export/Debug/Debug.bindings.h Line: 39)

SELFPLAY MATCH 17 goals=7 total=169 score=3:4 
(Filename: E:\unity\Runtime/Export/Debug/Debug.bindings.h Line: 39)

Unloading 4 Unused Serialized files (Serialized files now loaded: 0)
UnloadTime: 0.551900 ms

Unloading 4 unused Assets to reduce memory usage. Loaded Objects now: 1059.
Total: 1.527600 ms (FindLiveObjects: 0.046300 ms CreateObjectMapping: 0.010600 ms MarkObjects: 0.258200 ms  DeleteObjects: 1.212000 ms)

SELFPLAY GOALMAP x=-6.13 isPlayer1Goal=True 
(Filename: E:\unity\Runtime/Export/Debug/Debug.bindings.h Line: 39)

SELFPLAY GOALMAP x=6.18 isPlayer1Goal=False 
(Filename: E:\unity\Runtime/Export/Debug/Debug.bindings.h Line: 39)

SELFPLAY GOAL 170 scorer=Fan ZhaoReward=-1 total=88:82 
(Filename: E:\unity\Runtime/Export/Debug/Debug.bindings.h Line: 39)

SELFPLAY GOAL 171 scorer=Zhao ZhaoReward=1 total=88:83 
(Filename: E:\unity\Runtime/Export/Debug/Debug.bindings.h Line: 39)

SELFPLAY PROGRESS goals=171/500 matches=18 score=88:83 real=67.89728 
(Filename: E:\unity\Runtime/Export/Debug/Debug.bindings.h Line: 39)

SELFPLAY GOAL 172 scorer=Fan ZhaoReward=-1 total=89:83 
(Filename: E:\unity\Runtime/Export/Debug/Debug.bindings.h Line: 39)

SELFPLAY GOAL 173 scorer=Fan ZhaoReward=-1 total=90:83 
(Filename: E:\unity\Runtime/Export/Debug/Debug.bindings.h Line: 39)

SELFPLAY GOAL 174 scorer=Zhao ZhaoReward=1 total=90:84 
(Filename: E:\unity\Runtime/Export/Debug/Debug.bindings.h Line: 39)

SELFPLAY GOAL 175 scorer=Fan ZhaoReward=-1 total=91:84 
(Filename: E:\unity\Runtime/Export/Debug/Debug.bindings.h Line: 39)

SELFPLAY GOAL 176 scorer=Fan ZhaoReward=-1 total=92:84 
(Filename: E:\unity\Runtime/Export/Debug/Debug.bindings.h Line: 39)

SELFPLAY MATCH 18 goals=7 total=176 score=5:2 
(Filename: E:\unity\Runtime/Export/Debug/Debug.bindings.h Line: 39)

Unloading 4 Unused Serialized files (Serialized files now loaded: 0)
UnloadTime: 0.557900 ms

Unloading 4 unused Assets to reduce memory usage. Loaded Objects now: 1059.
Total: 1.177800 ms (FindLiveObjects: 0.038800 ms CreateObjectMapping: 0.008800 ms MarkObjects: 0.277700 ms  DeleteObjects: 0.852300 ms)

SELFPLAY GOALMAP x=-6.13 isPlayer1Goal=True 
(Filename: E:\unity\Runtime/Export/Debug/Debug.bindings.h Line: 39)

SELFPLAY GOALMAP x=6.18 isPlayer1Goal=False 
(Filename: E:\unity\Runtime/Export/Debug/Debug.bindings.h Line: 39)

SELFPLAY GOAL 177 scorer=Fan ZhaoReward=-1 total=93:84 
(Filename: E:\unity\Runtime/Export/Debug/Debug.bindings.h Line: 39)

SELFPLAY GOAL 178 scorer=Zhao ZhaoReward=1 total=93:85 
(Filename: E:\unity\Runtime/Export/Debug/Debug.bindings.h Line: 39)

SELFPLAY GOAL 179 scorer=Zhao ZhaoReward=1 total=93:86 
(Filename: E:\unity\Runtime/Export/Debug/Debug.bindings.h Line: 39)

SELFPLAY GOAL 180 scorer=Fan ZhaoReward=-1 total=94:86 
(Filename: E:\unity\Runtime/Export/Debug/Debug.bindings.h Line: 39)

SELFPLAY GOAL 181 scorer=Fan ZhaoReward=-1 total=95:86 
(Filename: E:\unity\Runtime/Export/Debug/Debug.bindings.h Line: 39)

SELFPLAY GOAL 182 scorer=Zhao ZhaoReward=1 total=95:87 
(Filename: E:\unity\Runtime/Export/Debug/Debug.bindings.h Line: 39)

SELFPLAY GOAL 183 scorer=Fan ZhaoReward=-1 total=96:87 
(Filename: E:\unity\Runtime/Export/Debug/Debug.bindings.h Line: 39)

SELFPLAY GOAL 184 scorer=Zhao ZhaoReward=1 total=96:88 
(Filename: E:\unity\Runtime/Export/Debug/Debug.bindings.h Line: 39)

SELFPLAY GOAL 185 scorer=Fan ZhaoReward=-1 total=97:88 
(Filename: E:\unity\Runtime/Export/Debug/Debug.bindings.h Line: 39)

SELFPLAY GOAL 186 scorer=Zhao ZhaoReward=1 total=97:89 
(Filename: E:\unity\Runtime/Export/Debug/Debug.bindings.h Line: 39)

SELFPLAY GOAL 187 scorer=Fan ZhaoReward=-1 total=98:89 
(Filename: E:\unity\Runtime/Export/Debug/Debug.bindings.h Line: 39)

SELFPLAY GOAL 188 scorer=Fan ZhaoReward=-1 total=99:89 
(Filename: E:\unity\Runtime/Export/Debug/Debug.bindings.h Line: 39)

SELFPLAY GOAL 189 scorer=Zhao ZhaoReward=1 total=99:90 
(Filename: E:\unity\Runtime/Export/Debug/Debug.bindings.h Line: 39)

SELFPLAY MATCH 19 goals=13 total=189 score=7:6 
(Filename: E:\unity\Runtime/Export/Debug/Debug.bindings.h Line: 39)

Unloading 4 Unused Serialized files (Serialized files now loaded: 0)
UnloadTime: 0.423400 ms

Unloading 4 unused Assets to reduce memory usage. Loaded Objects now: 1059.
Total: 1.222700 ms (FindLiveObjects: 0.037100 ms CreateObjectMapping: 0.008900 ms MarkObjects: 0.234700 ms  DeleteObjects: 0.941600 ms)

SELFPLAY GOALMAP x=-6.13 isPlayer1Goal=True 
(Filename: E:\unity\Runtime/Export/Debug/Debug.bindings.h Line: 39)

SELFPLAY GOALMAP x=6.18 isPlayer1Goal=False 
(Filename: E:\unity\Runtime/Export/Debug/Debug.bindings.h Line: 39)

SELFPLAY GOAL 190 scorer=Fan ZhaoReward=-1 total=100:90 
(Filename: E:\unity\Runtime/Export/Debug/Debug.bindings.h Line: 39)

SELFPLAY GOAL 191 scorer=Fan ZhaoReward=-1 total=101:90 
(Filename: E:\unity\Runtime/Export/Debug/Debug.bindings.h Line: 39)

SELFPLAY GOAL 192 scorer=Zhao ZhaoReward=1 total=101:91 
(Filename: E:\unity\Runtime/Export/Debug/Debug.bindings.h Line: 39)

SELFPLAY GOAL 193 scorer=Zhao ZhaoReward=1 total=101:92 
(Filename: E:\unity\Runtime/Export/Debug/Debug.bindings.h Line: 39)

SELFPLAY GOAL 194 scorer=Fan ZhaoReward=-1 total=102:92 
(Filename: E:\unity\Runtime/Export/Debug/Debug.bindings.h Line: 39)

SELFPLAY GOAL 195 scorer=Zhao ZhaoReward=1 total=102:93 
(Filename: E:\unity\Runtime/Export/Debug/Debug.bindings.h Line: 39)

SELFPLAY GOAL 196 scorer=Fan ZhaoReward=-1 total=103:93 
(Filename: E:\unity\Runtime/Export/Debug/Debug.bindings.h Line: 39)

SELFPLAY GOAL 197 scorer=Zhao ZhaoReward=1 total=103:94 
(Filename: E:\unity\Runtime/Export/Debug/Debug.bindings.h Line: 39)

SELFPLAY GOAL 198 scorer=Fan ZhaoReward=-1 total=104:94 
(Filename: E:\unity\Runtime/Export/Debug/Debug.bindings.h Line: 39)

SELFPLAY GOAL 199 scorer=Zhao ZhaoReward=1 total=104:95 
(Filename: E:\unity\Runtime/Export/Debug/Debug.bindings.h Line: 39)

SELFPLAY GOAL 200 scorer=Zhao ZhaoReward=1 total=104:96 
(Filename: E:\unity\Runtime/Export/Debug/Debug.bindings.h Line: 39)

SELFPLAY GOAL 201 scorer=Zhao ZhaoReward=1 total=104:97 
(Filename: E:\unity\Runtime/Export/Debug/Debug.bindings.h Line: 39)

SELFPLAY MATCH 20 goals=12 total=201 score=5:7 
(Filename: E:\unity\Runtime/Export/Debug/Debug.bindings.h Line: 39)

Unloading 4 Unused Serialized files (Serialized files now loaded: 0)
UnloadTime: 0.420600 ms

Unloading 4 unused Assets to reduce memory usage. Loaded Objects now: 1059.
Total: 1.991000 ms (FindLiveObjects: 0.048800 ms CreateObjectMapping: 0.010300 ms MarkObjects: 0.270500 ms  DeleteObjects: 1.661100 ms)

SELFPLAY GOALMAP x=-6.13 isPlayer1Goal=True 
(Filename: E:\unity\Runtime/Export/Debug/Debug.bindings.h Line: 39)

SELFPLAY GOALMAP x=6.18 isPlayer1Goal=False 
(Filename: E:\unity\Runtime/Export/Debug/Debug.bindings.h Line: 39)

SELFPLAY GOAL 202 scorer=Fan ZhaoReward=-1 total=105:97 
(Filename: E:\unity\Runtime/Export/Debug/Debug.bindings.h Line: 39)

SELFPLAY GOAL 203 scorer=Fan ZhaoReward=-1 total=106:97 
(Filename: E:\unity\Runtime/Export/Debug/Debug.bindings.h Line: 39)

SELFPLAY GOAL 204 scorer=Zhao ZhaoReward=1 total=106:98 
(Filename: E:\unity\Runtime/Export/Debug/Debug.bindings.h Line: 39)

SELFPLAY GOAL 205 scorer=Fan ZhaoReward=-1 total=107:98 
(Filename: E:\unity\Runtime/Export/Debug/Debug.bindings.h Line: 39)

SELFPLAY GOAL 206 scorer=Zhao ZhaoReward=1 total=107:99 
(Filename: E:\unity\Runtime/Export/Debug/Debug.bindings.h Line: 39)

SELFPLAY GOAL 207 scorer=Fan ZhaoReward=-1 total=108:99 
(Filename: E:\unity\Runtime/Export/Debug/Debug.bindings.h Line: 39)

SELFPLAY GOAL 208 scorer=Fan ZhaoReward=-1 total=109:99 
(Filename: E:\unity\Runtime/Export/Debug/Debug.bindings.h Line: 39)

SELFPLAY GOAL 209 scorer=Fan ZhaoReward=-1 total=110:99 
(Filename: E:\unity\Runtime/Export/Debug/Debug.bindings.h Line: 39)

SELFPLAY GOAL 210 scorer=Fan ZhaoReward=-1 total=111:99 
(Filename: E:\unity\Runtime/Export/Debug/Debug.bindings.h Line: 39)

SELFPLAY GOAL 211 scorer=Zhao ZhaoReward=1 total=111:100 
(Filename: E:\unity\Runtime/Export/Debug/Debug.bindings.h Line: 39)

SELFPLAY MATCH 21 goals=10 total=211 score=7:3 
(Filename: E:\unity\Runtime/Export/Debug/Debug.bindings.h Line: 39)

Unloading 4 Unused Serialized files (Serialized files now loaded: 0)
UnloadTime: 0.489300 ms

Unloading 4 unused Assets to reduce memory usage. Loaded Objects now: 1059.
Total: 1.193300 ms (FindLiveObjects: 0.037500 ms CreateObjectMapping: 0.009000 ms MarkObjects: 0.302500 ms  DeleteObjects: 0.843900 ms)

SELFPLAY GOALMAP x=-6.13 isPlayer1Goal=True 
(Filename: E:\unity\Runtime/Export/Debug/Debug.bindings.h Line: 39)

SELFPLAY GOALMAP x=6.18 isPlayer1Goal=False 
(Filename: E:\unity\Runtime/Export/Debug/Debug.bindings.h Line: 39)

SELFPLAY GOAL 212 scorer=Fan ZhaoReward=-1 total=112:100 
(Filename: E:\unity\Runtime/Export/Debug/Debug.bindings.h Line: 39)

SELFPLAY GOAL 213 scorer=Fan ZhaoReward=-1 total=113:100 
(Filename: E:\unity\Runtime/Export/Debug/Debug.bindings.h Line: 39)

SELFPLAY GOAL 214 scorer=Zhao ZhaoReward=1 total=113:101 
(Filename: E:\unity\Runtime/Export/Debug/Debug.bindings.h Line: 39)

SELFPLAY GOAL 215 scorer=Fan ZhaoReward=-1 total=114:101 
(Filename: E:\unity\Runtime/Export/Debug/Debug.bindings.h Line: 39)

SELFPLAY GOAL 216 scorer=Zhao ZhaoReward=1 total=114:102 
(Filename: E:\unity\Runtime/Export/Debug/Debug.bindings.h Line: 39)

SELFPLAY GOAL 217 scorer=Zhao ZhaoReward=1 total=114:103 
(Filename: E:\unity\Runtime/Export/Debug/Debug.bindings.h Line: 39)

SELFPLAY GOAL 218 scorer=Zhao ZhaoReward=1 total=114:104 
(Filename: E:\unity\Runtime/Export/Debug/Debug.bindings.h Line: 39)

SELFPLAY GOAL 219 scorer=Fan ZhaoReward=-1 total=115:104 
(Filename: E:\unity\Runtime/Export/Debug/Debug.bindings.h Line: 39)

SELFPLAY GOAL 220 scorer=Fan ZhaoReward=-1 total=116:104 
(Filename: E:\unity\Runtime/Export/Debug/Debug.bindings.h Line: 39)

SELFPLAY GOAL 221 scorer=Zhao ZhaoReward=1 total=116:105 
(Filename: E:\unity\Runtime/Export/Debug/Debug.bindings.h Line: 39)

SELFPLAY GOAL 222 scorer=Fan ZhaoReward=-1 total=117:105 
(Filename: E:\unity\Runtime/Export/Debug/Debug.bindings.h Line: 39)

SELFPLAY MATCH 22 goals=11 total=222 score=6:5 
(Filename: E:\unity\Runtime/Export/Debug/Debug.bindings.h Line: 39)

Unloading 4 Unused Serialized files (Serialized files now loaded: 0)
UnloadTime: 0.536900 ms

Unloading 4 unused Assets to reduce memory usage. Loaded Objects now: 1059.
Total: 1.275700 ms (FindLiveObjects: 0.041500 ms CreateObjectMapping: 0.010500 ms MarkObjects: 0.323600 ms  DeleteObjects: 0.899500 ms)

SELFPLAY GOALMAP x=-6.13 isPlayer1Goal=True 
(Filename: E:\unity\Runtime/Export/Debug/Debug.bindings.h Line: 39)

SELFPLAY GOALMAP x=6.18 isPlayer1Goal=False 
(Filename: E:\unity\Runtime/Export/Debug/Debug.bindings.h Line: 39)

SELFPLAY GOAL 223 scorer=Fan ZhaoReward=-1 total=118:105 
(Filename: E:\unity\Runtime/Export/Debug/Debug.bindings.h Line: 39)

SELFPLAY GOAL 224 scorer=Zhao ZhaoReward=1 total=118:106 
(Filename: E:\unity\Runtime/Export/Debug/Debug.bindings.h Line: 39)

SELFPLAY GOAL 225 scorer=Fan ZhaoReward=-1 total=119:106 
(Filename: E:\unity\Runtime/Export/Debug/Debug.bindings.h Line: 39)

SELFPLAY GOAL 226 scorer=Zhao ZhaoReward=1 total=119:107 
(Filename: E:\unity\Runtime/Export/Debug/Debug.bindings.h Line: 39)

SELFPLAY GOAL 227 scorer=Fan ZhaoReward=-1 total=120:107 
(Filename: E:\unity\Runtime/Export/Debug/Debug.bindings.h Line: 39)

SELFPLAY GOAL 228 scorer=Zhao ZhaoReward=1 total=120:108 
(Filename: E:\unity\Runtime/Export/Debug/Debug.bindings.h Line: 39)

SELFPLAY GOAL 229 scorer=Fan ZhaoReward=-1 total=121:108 
(Filename: E:\unity\Runtime/Export/Debug/Debug.bindings.h Line: 39)

SELFPLAY GOAL 230 scorer=Zhao ZhaoReward=1 total=121:109 
(Filename: E:\unity\Runtime/Export/Debug/Debug.bindings.h Line: 39)

SELFPLAY GOAL 231 scorer=Zhao ZhaoReward=1 total=121:110 
(Filename: E:\unity\Runtime/Export/Debug/Debug.bindings.h Line: 39)

SELFPLAY GOAL 232 scorer=Fan ZhaoReward=-1 total=122:110 
(Filename: E:\unity\Runtime/Export/Debug/Debug.bindings.h Line: 39)

SELFPLAY GOAL 233 scorer=Zhao ZhaoReward=1 total=122:111 
(Filename: E:\unity\Runtime/Export/Debug/Debug.bindings.h Line: 39)

SELFPLAY MATCH 23 goals=11 total=233 score=5:6 
(Filename: E:\unity\Runtime/Export/Debug/Debug.bindings.h Line: 39)

Unloading 4 Unused Serialized files (Serialized files now loaded: 0)
UnloadTime: 0.531800 ms

Unloading 4 unused Assets to reduce memory usage. Loaded Objects now: 1059.
Total: 1.332600 ms (FindLiveObjects: 0.044000 ms CreateObjectMapping: 0.010400 ms MarkObjects: 0.260300 ms  DeleteObjects: 1.017400 ms)

SELFPLAY GOALMAP x=-6.13 isPlayer1Goal=True 
(Filename: E:\unity\Runtime/Export/Debug/Debug.bindings.h Line: 39)

SELFPLAY GOALMAP x=6.18 isPlayer1Goal=False 
(Filename: E:\unity\Runtime/Export/Debug/Debug.bindings.h Line: 39)

SELFPLAY GOAL 234 scorer=Fan ZhaoReward=-1 total=123:111 
(Filename: E:\unity\Runtime/Export/Debug/Debug.bindings.h Line: 39)

SELFPLAY GOAL 235 scorer=Fan ZhaoReward=-1 total=124:111 
(Filename: E:\unity\Runtime/Export/Debug/Debug.bindings.h Line: 39)

SELFPLAY GOAL 236 scorer=Fan ZhaoReward=-1 total=125:111 
(Filename: E:\unity\Runtime/Export/Debug/Debug.bindings.h Line: 39)

SELFPLAY GOAL 237 scorer=Zhao ZhaoReward=1 total=125:112 
(Filename: E:\unity\Runtime/Export/Debug/Debug.bindings.h Line: 39)

SELFPLAY GOAL 238 scorer=Zhao ZhaoReward=1 total=125:113 
(Filename: E:\unity\Runtime/Export/Debug/Debug.bindings.h Line: 39)

SELFPLAY GOAL 239 scorer=Zhao ZhaoReward=1 total=125:114 
(Filename: E:\unity\Runtime/Export/Debug/Debug.bindings.h Line: 39)

SELFPLAY GOAL 240 scorer=Zhao ZhaoReward=1 total=125:115 
(Filename: E:\unity\Runtime/Export/Debug/Debug.bindings.h Line: 39)

SELFPLAY GOAL 241 scorer=Zhao ZhaoReward=1 total=125:116 
(Filename: E:\unity\Runtime/Export/Debug/Debug.bindings.h Line: 39)

SELFPLAY GOAL 242 scorer=Fan ZhaoReward=-1 total=126:116 
(Filename: E:\unity\Runtime/Export/Debug/Debug.bindings.h Line: 39)

SELFPLAY GOAL 243 scorer=Fan ZhaoReward=-1 total=127:116 
(Filename: E:\unity\Runtime/Export/Debug/Debug.bindings.h Line: 39)

SELFPLAY GOAL 244 scorer=Fan ZhaoReward=-1 total=128:116 
(Filename: E:\unity\Runtime/Export/Debug/Debug.bindings.h Line: 39)

SELFPLAY GOAL 245 scorer=Fan ZhaoReward=-1 total=129:116 
(Filename: E:\unity\Runtime/Export/Debug/Debug.bindings.h Line: 39)

SELFPLAY MATCH 24 goals=12 total=245 score=7:5 
(Filename: E:\unity\Runtime/Export/Debug/Debug.bindings.h Line: 39)

Unloading 4 Unused Serialized files (Serialized files now loaded: 0)
UnloadTime: 0.473200 ms

Unloading 4 unused Assets to reduce memory usage. Loaded Objects now: 1059.
Total: 1.135100 ms (FindLiveObjects: 0.037900 ms CreateObjectMapping: 0.010100 ms MarkObjects: 0.262100 ms  DeleteObjects: 0.824700 ms)

SELFPLAY GOALMAP x=-6.13 isPlayer1Goal=True 
(Filename: E:\unity\Runtime/Export/Debug/Debug.bindings.h Line: 39)

SELFPLAY GOALMAP x=6.18 isPlayer1Goal=False 
(Filename: E:\unity\Runtime/Export/Debug/Debug.bindings.h Line: 39)

SELFPLAY GOAL 246 scorer=Fan ZhaoReward=-1 total=130:116 
(Filename: E:\unity\Runtime/Export/Debug/Debug.bindings.h Line: 39)

SELFPLAY GOAL 247 scorer=Fan ZhaoReward=-1 total=131:116 
(Filename: E:\unity\Runtime/Export/Debug/Debug.bindings.h Line: 39)

SELFPLAY GOAL 248 scorer=Zhao ZhaoReward=1 total=131:117 
(Filename: E:\unity\Runtime/Export/Debug/Debug.bindings.h Line: 39)

SELFPLAY GOAL 249 scorer=Zhao ZhaoReward=1 total=131:118 
(Filename: E:\unity\Runtime/Export/Debug/Debug.bindings.h Line: 39)

SELFPLAY GOAL 250 scorer=Fan ZhaoReward=-1 total=132:118 
(Filename: E:\unity\Runtime/Export/Debug/Debug.bindings.h Line: 39)

SELFPLAY GOAL 251 scorer=Fan ZhaoReward=-1 total=133:118 
(Filename: E:\unity\Runtime/Export/Debug/Debug.bindings.h Line: 39)

SELFPLAY GOAL 252 scorer=Fan ZhaoReward=-1 total=134:118 
(Filename: E:\unity\Runtime/Export/Debug/Debug.bindings.h Line: 39)

SELFPLAY GOAL 253 scorer=Zhao ZhaoReward=1 total=134:119 
(Filename: E:\unity\Runtime/Export/Debug/Debug.bindings.h Line: 39)

SELFPLAY PROGRESS goals=253/500 matches=25 score=134:119 real=97.90036 
(Filename: E:\unity\Runtime/Export/Debug/Debug.bindings.h Line: 39)

SELFPLAY GOAL 254 scorer=Zhao ZhaoReward=1 total=134:120 
(Filename: E:\unity\Runtime/Export/Debug/Debug.bindings.h Line: 39)

SELFPLAY GOAL 255 scorer=Fan ZhaoReward=-1 total=135:120 
(Filename: E:\unity\Runtime/Export/Debug/Debug.bindings.h Line: 39)

SELFPLAY GOAL 256 scorer=Zhao ZhaoReward=1 total=135:121 
(Filename: E:\unity\Runtime/Export/Debug/Debug.bindings.h Line: 39)

SELFPLAY MATCH 25 goals=11 total=256 score=6:5 
(Filename: E:\unity\Runtime/Export/Debug/Debug.bindings.h Line: 39)

Unloading 4 Unused Serialized files (Serialized files now loaded: 0)
UnloadTime: 0.494700 ms

Unloading 4 unused Assets to reduce memory usage. Loaded Objects now: 1059.
Total: 1.145300 ms (FindLiveObjects: 0.038600 ms CreateObjectMapping: 0.009300 ms MarkObjects: 0.254300 ms  DeleteObjects: 0.842700 ms)

SELFPLAY GOALMAP x=-6.13 isPlayer1Goal=True 
(Filename: E:\unity\Runtime/Export/Debug/Debug.bindings.h Line: 39)

SELFPLAY GOALMAP x=6.18 isPlayer1Goal=False 
(Filename: E:\unity\Runtime/Export/Debug/Debug.bindings.h Line: 39)

SELFPLAY GOAL 257 scorer=Fan ZhaoReward=-1 total=136:121 
(Filename: E:\unity\Runtime/Export/Debug/Debug.bindings.h Line: 39)

SELFPLAY GOAL 258 scorer=Fan ZhaoReward=-1 total=137:121 
(Filename: E:\unity\Runtime/Export/Debug/Debug.bindings.h Line: 39)

SELFPLAY GOAL 259 scorer=Zhao ZhaoReward=1 total=137:122 
(Filename: E:\unity\Runtime/Export/Debug/Debug.bindings.h Line: 39)

SELFPLAY GOAL 260 scorer=Fan ZhaoReward=-1 total=138:122 
(Filename: E:\unity\Runtime/Export/Debug/Debug.bindings.h Line: 39)

SELFPLAY GOAL 261 scorer=Fan ZhaoReward=-1 total=139:122 
(Filename: E:\unity\Runtime/Export/Debug/Debug.bindings.h Line: 39)

SELFPLAY GOAL 262 scorer=Fan ZhaoReward=-1 total=140:122 
(Filename: E:\unity\Runtime/Export/Debug/Debug.bindings.h Line: 39)

SELFPLAY GOAL 263 scorer=Zhao ZhaoReward=1 total=140:123 
(Filename: E:\unity\Runtime/Export/Debug/Debug.bindings.h Line: 39)

SELFPLAY GOAL 264 scorer=Fan ZhaoReward=-1 total=141:123 
(Filename: E:\unity\Runtime/Export/Debug/Debug.bindings.h Line: 39)

SELFPLAY GOAL 265 scorer=Fan ZhaoReward=-1 total=142:123 
(Filename: E:\unity\Runtime/Export/Debug/Debug.bindings.h Line: 39)

SELFPLAY MATCH 26 goals=9 total=265 score=7:2 
(Filename: E:\unity\Runtime/Export/Debug/Debug.bindings.h Line: 39)

Unloading 4 Unused Serialized files (Serialized files now loaded: 0)
UnloadTime: 0.394500 ms

Unloading 4 unused Assets to reduce memory usage. Loaded Objects now: 1059.
Total: 1.160000 ms (FindLiveObjects: 0.037500 ms CreateObjectMapping: 0.009400 ms MarkObjects: 0.241600 ms  DeleteObjects: 0.871000 ms)

SELFPLAY GOALMAP x=-6.13 isPlayer1Goal=True 
(Filename: E:\unity\Runtime/Export/Debug/Debug.bindings.h Line: 39)

SELFPLAY GOALMAP x=6.18 isPlayer1Goal=False 
(Filename: E:\unity\Runtime/Export/Debug/Debug.bindings.h Line: 39)

SELFPLAY GOAL 266 scorer=Fan ZhaoReward=-1 total=143:123 
(Filename: E:\unity\Runtime/Export/Debug/Debug.bindings.h Line: 39)

SELFPLAY GOAL 267 scorer=Zhao ZhaoReward=1 total=143:124 
(Filename: E:\unity\Runtime/Export/Debug/Debug.bindings.h Line: 39)

SELFPLAY GOAL 268 scorer=Zhao ZhaoReward=1 total=143:125 
(Filename: E:\unity\Runtime/Export/Debug/Debug.bindings.h Line: 39)

SELFPLAY GOAL 269 scorer=Fan ZhaoReward=-1 total=144:125 
(Filename: E:\unity\Runtime/Export/Debug/Debug.bindings.h Line: 39)

SELFPLAY GOAL 270 scorer=Zhao ZhaoReward=1 total=144:126 
(Filename: E:\unity\Runtime/Export/Debug/Debug.bindings.h Line: 39)

SELFPLAY GOAL 271 scorer=Fan ZhaoReward=-1 total=145:126 
(Filename: E:\unity\Runtime/Export/Debug/Debug.bindings.h Line: 39)

SELFPLAY GOAL 272 scorer=Zhao ZhaoReward=1 total=145:127 
(Filename: E:\unity\Runtime/Export/Debug/Debug.bindings.h Line: 39)

SELFPLAY GOAL 273 scorer=Fan ZhaoReward=-1 total=146:127 
(Filename: E:\unity\Runtime/Export/Debug/Debug.bindings.h Line: 39)

SELFPLAY GOAL 274 scorer=Zhao ZhaoReward=1 total=146:128 
(Filename: E:\unity\Runtime/Export/Debug/Debug.bindings.h Line: 39)

SELFPLAY GOAL 275 scorer=Fan ZhaoReward=-1 total=147:128 
(Filename: E:\unity\Runtime/Export/Debug/Debug.bindings.h Line: 39)

SELFPLAY MATCH 27 goals=10 total=275 score=5:5 
(Filename: E:\unity\Runtime/Export/Debug/Debug.bindings.h Line: 39)

Unloading 4 Unused Serialized files (Serialized files now loaded: 0)
UnloadTime: 0.488700 ms

Unloading 4 unused Assets to reduce memory usage. Loaded Objects now: 1059.
Total: 1.567900 ms (FindLiveObjects: 0.042600 ms CreateObjectMapping: 0.010700 ms MarkObjects: 0.274000 ms  DeleteObjects: 1.239900 ms)

SELFPLAY GOALMAP x=-6.13 isPlayer1Goal=True 
(Filename: E:\unity\Runtime/Export/Debug/Debug.bindings.h Line: 39)

SELFPLAY GOALMAP x=6.18 isPlayer1Goal=False 
(Filename: E:\unity\Runtime/Export/Debug/Debug.bindings.h Line: 39)

SELFPLAY GOAL 276 scorer=Fan ZhaoReward=-1 total=148:128 
(Filename: E:\unity\Runtime/Export/Debug/Debug.bindings.h Line: 39)

SELFPLAY GOAL 277 scorer=Fan ZhaoReward=-1 total=149:128 
(Filename: E:\unity\Runtime/Export/Debug/Debug.bindings.h Line: 39)

SELFPLAY GOAL 278 scorer=Fan ZhaoReward=-1 total=150:128 
(Filename: E:\unity\Runtime/Export/Debug/Debug.bindings.h Line: 39)

SELFPLAY GOAL 279 scorer=Zhao ZhaoReward=1 total=150:129 
(Filename: E:\unity\Runtime/Export/Debug/Debug.bindings.h Line: 39)

SELFPLAY GOAL 280 scorer=Fan ZhaoReward=-1 total=151:129 
(Filename: E:\unity\Runtime/Export/Debug/Debug.bindings.h Line: 39)

SELFPLAY GOAL 281 scorer=Zhao ZhaoReward=1 total=151:130 
(Filename: E:\unity\Runtime/Export/Debug/Debug.bindings.h Line: 39)

SELFPLAY GOAL 282 scorer=Zhao ZhaoReward=1 total=151:131 
(Filename: E:\unity\Runtime/Export/Debug/Debug.bindings.h Line: 39)

SELFPLAY GOAL 283 scorer=Zhao ZhaoReward=1 total=151:132 
(Filename: E:\unity\Runtime/Export/Debug/Debug.bindings.h Line: 39)

SELFPLAY GOAL 284 scorer=Zhao ZhaoReward=1 total=151:133 
(Filename: E:\unity\Runtime/Export/Debug/Debug.bindings.h Line: 39)

SELFPLAY GOAL 285 scorer=Fan ZhaoReward=-1 total=152:133 
(Filename: E:\unity\Runtime/Export/Debug/Debug.bindings.h Line: 39)

SELFPLAY GOAL 286 scorer=Zhao ZhaoReward=1 total=152:134 
(Filename: E:\unity\Runtime/Export/Debug/Debug.bindings.h Line: 39)

SELFPLAY GOAL 287 scorer=Zhao ZhaoReward=1 total=152:135 
(Filename: E:\unity\Runtime/Export/Debug/Debug.bindings.h Line: 39)

SELFPLAY MATCH 28 goals=12 total=287 score=5:7 
(Filename: E:\unity\Runtime/Export/Debug/Debug.bindings.h Line: 39)

Unloading 4 Unused Serialized files (Serialized files now loaded: 0)
UnloadTime: 0.491400 ms

Unloading 4 unused Assets to reduce memory usage. Loaded Objects now: 1059.
Total: 1.936600 ms (FindLiveObjects: 0.040500 ms CreateObjectMapping: 0.010400 ms MarkObjects: 0.326700 ms  DeleteObjects: 1.558700 ms)

SELFPLAY GOALMAP x=-6.13 isPlayer1Goal=True 
(Filename: E:\unity\Runtime/Export/Debug/Debug.bindings.h Line: 39)

SELFPLAY GOALMAP x=6.18 isPlayer1Goal=False 
(Filename: E:\unity\Runtime/Export/Debug/Debug.bindings.h Line: 39)

SELFPLAY GOAL 288 scorer=Fan ZhaoReward=-1 total=153:135 
(Filename: E:\unity\Runtime/Export/Debug/Debug.bindings.h Line: 39)

SELFPLAY GOAL 289 scorer=Fan ZhaoReward=-1 total=154:135 
(Filename: E:\unity\Runtime/Export/Debug/Debug.bindings.h Line: 39)

SELFPLAY GOAL 290 scorer=Fan ZhaoReward=-1 total=155:135 
(Filename: E:\unity\Runtime/Export/Debug/Debug.bindings.h Line: 39)

SELFPLAY GOAL 291 scorer=Zhao ZhaoReward=1 total=155:136 
(Filename: E:\unity\Runtime/Export/Debug/Debug.bindings.h Line: 39)

SELFPLAY GOAL 292 scorer=Fan ZhaoReward=-1 total=156:136 
(Filename: E:\unity\Runtime/Export/Debug/Debug.bindings.h Line: 39)

SELFPLAY GOAL 293 scorer=Fan ZhaoReward=-1 total=157:136 
(Filename: E:\unity\Runtime/Export/Debug/Debug.bindings.h Line: 39)

SELFPLAY GOAL 294 scorer=Zhao ZhaoReward=1 total=157:137 
(Filename: E:\unity\Runtime/Export/Debug/Debug.bindings.h Line: 39)

SELFPLAY GOAL 295 scorer=Zhao ZhaoReward=1 total=157:138 
(Filename: E:\unity\Runtime/Export/Debug/Debug.bindings.h Line: 39)

SELFPLAY GOAL 296 scorer=Zhao ZhaoReward=1 total=157:139 
(Filename: E:\unity\Runtime/Export/Debug/Debug.bindings.h Line: 39)

SELFPLAY GOAL 297 scorer=Zhao ZhaoReward=1 total=157:140 
(Filename: E:\unity\Runtime/Export/Debug/Debug.bindings.h Line: 39)

SELFPLAY GOAL 298 scorer=Fan ZhaoReward=-1 total=158:140 
(Filename: E:\unity\Runtime/Export/Debug/Debug.bindings.h Line: 39)

SELFPLAY MATCH 29 goals=11 total=298 score=6:5 
(Filename: E:\unity\Runtime/Export/Debug/Debug.bindings.h Line: 39)

Unloading 4 Unused Serialized files (Serialized files now loaded: 0)
UnloadTime: 0.460500 ms

Unloading 4 unused Assets to reduce memory usage. Loaded Objects now: 1059.
Total: 1.512500 ms (FindLiveObjects: 0.038800 ms CreateObjectMapping: 0.009300 ms MarkObjects: 0.332900 ms  DeleteObjects: 1.131100 ms)

SELFPLAY GOALMAP x=-6.13 isPlayer1Goal=True 
(Filename: E:\unity\Runtime/Export/Debug/Debug.bindings.h Line: 39)

SELFPLAY GOALMAP x=6.18 isPlayer1Goal=False 
(Filename: E:\unity\Runtime/Export/Debug/Debug.bindings.h Line: 39)

SELFPLAY GOAL 299 scorer=Fan ZhaoReward=-1 total=159:140 
(Filename: E:\unity\Runtime/Export/Debug/Debug.bindings.h Line: 39)

SELFPLAY GOAL 300 scorer=Fan ZhaoReward=-1 total=160:140 
(Filename: E:\unity\Runtime/Export/Debug/Debug.bindings.h Line: 39)

SELFPLAY GOAL 301 scorer=Fan ZhaoReward=-1 total=161:140 
(Filename: E:\unity\Runtime/Export/Debug/Debug.bindings.h Line: 39)

SELFPLAY GOAL 302 scorer=Zhao ZhaoReward=1 total=161:141 
(Filename: E:\unity\Runtime/Export/Debug/Debug.bindings.h Line: 39)

SELFPLAY GOAL 303 scorer=Zhao ZhaoReward=1 total=161:142 
(Filename: E:\unity\Runtime/Export/Debug/Debug.bindings.h Line: 39)

SELFPLAY GOAL 304 scorer=Fan ZhaoReward=-1 total=162:142 
(Filename: E:\unity\Runtime/Export/Debug/Debug.bindings.h Line: 39)

SELFPLAY GOAL 305 scorer=Zhao ZhaoReward=1 total=162:143 
(Filename: E:\unity\Runtime/Export/Debug/Debug.bindings.h Line: 39)

SELFPLAY GOAL 306 scorer=Fan ZhaoReward=-1 total=163:143 
(Filename: E:\unity\Runtime/Export/Debug/Debug.bindings.h Line: 39)

SELFPLAY GOAL 307 scorer=Fan ZhaoReward=-1 total=164:143 
(Filename: E:\unity\Runtime/Export/Debug/Debug.bindings.h Line: 39)

SELFPLAY GOAL 308 scorer=Fan ZhaoReward=-1 total=165:143 
(Filename: E:\unity\Runtime/Export/Debug/Debug.bindings.h Line: 39)

SELFPLAY GOAL 309 scorer=Zhao ZhaoReward=1 total=165:144 
(Filename: E:\unity\Runtime/Export/Debug/Debug.bindings.h Line: 39)

SELFPLAY GOAL 310 scorer=Fan ZhaoReward=-1 total=166:144 
(Filename: E:\unity\Runtime/Export/Debug/Debug.bindings.h Line: 39)

SELFPLAY MATCH 30 goals=12 total=310 score=8:4 
(Filename: E:\unity\Runtime/Export/Debug/Debug.bindings.h Line: 39)

Unloading 4 Unused Serialized files (Serialized files now loaded: 0)
UnloadTime: 0.592600 ms

Unloading 4 unused Assets to reduce memory usage. Loaded Objects now: 1059.
Total: 1.420200 ms (FindLiveObjects: 0.037000 ms CreateObjectMapping: 0.009700 ms MarkObjects: 0.346800 ms  DeleteObjects: 1.026400 ms)

SELFPLAY GOALMAP x=-6.13 isPlayer1Goal=True 
(Filename: E:\unity\Runtime/Export/Debug/Debug.bindings.h Line: 39)

SELFPLAY GOALMAP x=6.18 isPlayer1Goal=False 
(Filename: E:\unity\Runtime/Export/Debug/Debug.bindings.h Line: 39)

SELFPLAY GOAL 311 scorer=Fan ZhaoReward=-1 total=167:144 
(Filename: E:\unity\Runtime/Export/Debug/Debug.bindings.h Line: 39)

SELFPLAY GOAL 312 scorer=Zhao ZhaoReward=1 total=167:145 
(Filename: E:\unity\Runtime/Export/Debug/Debug.bindings.h Line: 39)

SELFPLAY GOAL 313 scorer=Fan ZhaoReward=-1 total=168:145 
(Filename: E:\unity\Runtime/Export/Debug/Debug.bindings.h Line: 39)

SELFPLAY GOAL 314 scorer=Zhao ZhaoReward=1 total=168:146 
(Filename: E:\unity\Runtime/Export/Debug/Debug.bindings.h Line: 39)

SELFPLAY GOAL 315 scorer=Zhao ZhaoReward=1 total=168:147 
(Filename: E:\unity\Runtime/Export/Debug/Debug.bindings.h Line: 39)

SELFPLAY GOAL 316 scorer=Fan ZhaoReward=-1 total=169:147 
(Filename: E:\unity\Runtime/Export/Debug/Debug.bindings.h Line: 39)

SELFPLAY GOAL 317 scorer=Zhao ZhaoReward=1 total=169:148 
(Filename: E:\unity\Runtime/Export/Debug/Debug.bindings.h Line: 39)

SELFPLAY GOAL 318 scorer=Zhao ZhaoReward=1 total=169:149 
(Filename: E:\unity\Runtime/Export/Debug/Debug.bindings.h Line: 39)

SELFPLAY GOAL 319 scorer=Zhao ZhaoReward=1 total=169:150 
(Filename: E:\unity\Runtime/Export/Debug/Debug.bindings.h Line: 39)

SELFPLAY GOAL 320 scorer=Zhao ZhaoReward=1 total=169:151 
(Filename: E:\unity\Runtime/Export/Debug/Debug.bindings.h Line: 39)

SELFPLAY MATCH 31 goals=10 total=320 score=3:7 
(Filename: E:\unity\Runtime/Export/Debug/Debug.bindings.h Line: 39)

Unloading 4 Unused Serialized files (Serialized files now loaded: 0)
UnloadTime: 0.586700 ms

Unloading 4 unused Assets to reduce memory usage. Loaded Objects now: 1059.
Total: 1.537800 ms (FindLiveObjects: 0.041200 ms CreateObjectMapping: 0.009700 ms MarkObjects: 0.372300 ms  DeleteObjects: 1.114000 ms)

SELFPLAY GOALMAP x=-6.13 isPlayer1Goal=True 
(Filename: E:\unity\Runtime/Export/Debug/Debug.bindings.h Line: 39)

SELFPLAY GOALMAP x=6.18 isPlayer1Goal=False 
(Filename: E:\unity\Runtime/Export/Debug/Debug.bindings.h Line: 39)

SELFPLAY GOAL 321 scorer=Fan ZhaoReward=-1 total=170:151 
(Filename: E:\unity\Runtime/Export/Debug/Debug.bindings.h Line: 39)

SELFPLAY GOAL 322 scorer=Fan ZhaoReward=-1 total=171:151 
(Filename: E:\unity\Runtime/Export/Debug/Debug.bindings.h Line: 39)

SELFPLAY GOAL 323 scorer=Zhao ZhaoReward=1 total=171:152 
(Filename: E:\unity\Runtime/Export/Debug/Debug.bindings.h Line: 39)

SELFPLAY GOAL 324 scorer=Fan ZhaoReward=-1 total=172:152 
(Filename: E:\unity\Runtime/Export/Debug/Debug.bindings.h Line: 39)

SELFPLAY GOAL 325 scorer=Zhao ZhaoReward=1 total=172:153 
(Filename: E:\unity\Runtime/Export/Debug/Debug.bindings.h Line: 39)

SELFPLAY GOAL 326 scorer=Zhao ZhaoReward=1 total=172:154 
(Filename: E:\unity\Runtime/Export/Debug/Debug.bindings.h Line: 39)

SELFPLAY GOAL 327 scorer=Fan ZhaoReward=-1 total=173:154 
(Filename: E:\unity\Runtime/Export/Debug/Debug.bindings.h Line: 39)

SELFPLAY GOAL 328 scorer=Fan ZhaoReward=-1 total=174:154 
(Filename: E:\unity\Runtime/Export/Debug/Debug.bindings.h Line: 39)

SELFPLAY GOAL 329 scorer=Fan ZhaoReward=-1 total=175:154 
(Filename: E:\unity\Runtime/Export/Debug/Debug.bindings.h Line: 39)

SELFPLAY GOAL 330 scorer=Zhao ZhaoReward=1 total=175:155 
(Filename: E:\unity\Runtime/Export/Debug/Debug.bindings.h Line: 39)

SELFPLAY GOAL 331 scorer=Zhao ZhaoReward=1 total=175:156 
(Filename: E:\unity\Runtime/Export/Debug/Debug.bindings.h Line: 39)

SELFPLAY GOAL 332 scorer=Zhao ZhaoReward=1 total=175:157 
(Filename: E:\unity\Runtime/Export/Debug/Debug.bindings.h Line: 39)

SELFPLAY MATCH 32 goals=12 total=332 score=6:6 
(Filename: E:\unity\Runtime/Export/Debug/Debug.bindings.h Line: 39)

Unloading 4 Unused Serialized files (Serialized files now loaded: 0)
UnloadTime: 0.484200 ms

Unloading 4 unused Assets to reduce memory usage. Loaded Objects now: 1059.
Total: 1.293400 ms (FindLiveObjects: 0.038200 ms CreateObjectMapping: 0.010100 ms MarkObjects: 0.291100 ms  DeleteObjects: 0.953500 ms)

SELFPLAY GOALMAP x=-6.13 isPlayer1Goal=True 
(Filename: E:\unity\Runtime/Export/Debug/Debug.bindings.h Line: 39)

SELFPLAY GOALMAP x=6.18 isPlayer1Goal=False 
(Filename: E:\unity\Runtime/Export/Debug/Debug.bindings.h Line: 39)

SELFPLAY PROGRESS goals=332/500 matches=33 score=175:157 real=128.1278 
(Filename: E:\unity\Runtime/Export/Debug/Debug.bindings.h Line: 39)

SELFPLAY GOAL 333 scorer=Fan ZhaoReward=-1 total=176:157 
(Filename: E:\unity\Runtime/Export/Debug/Debug.bindings.h Line: 39)

SELFPLAY GOAL 334 scorer=Fan ZhaoReward=-1 total=177:157 
(Filename: E:\unity\Runtime/Export/Debug/Debug.bindings.h Line: 39)

SELFPLAY GOAL 335 scorer=Zhao ZhaoReward=1 total=177:158 
(Filename: E:\unity\Runtime/Export/Debug/Debug.bindings.h Line: 39)

SELFPLAY GOAL 336 scorer=Zhao ZhaoReward=1 total=177:159 
(Filename: E:\unity\Runtime/Export/Debug/Debug.bindings.h Line: 39)

SELFPLAY GOAL 337 scorer=Zhao ZhaoReward=1 total=177:160 
(Filename: E:\unity\Runtime/Export/Debug/Debug.bindings.h Line: 39)

SELFPLAY GOAL 338 scorer=Zhao ZhaoReward=1 total=177:161 
(Filename: E:\unity\Runtime/Export/Debug/Debug.bindings.h Line: 39)

SELFPLAY GOAL 339 scorer=Zhao ZhaoReward=1 total=177:162 
(Filename: E:\unity\Runtime/Export/Debug/Debug.bindings.h Line: 39)

SELFPLAY GOAL 340 scorer=Zhao ZhaoReward=1 total=177:163 
(Filename: E:\unity\Runtime/Export/Debug/Debug.bindings.h Line: 39)

SELFPLAY GOAL 341 scorer=Fan ZhaoReward=-1 total=178:163 
(Filename: E:\unity\Runtime/Export/Debug/Debug.bindings.h Line: 39)

SELFPLAY GOAL 342 scorer=Zhao ZhaoReward=1 total=178:164 
(Filename: E:\unity\Runtime/Export/Debug/Debug.bindings.h Line: 39)

SELFPLAY GOAL 343 scorer=Zhao ZhaoReward=1 total=178:165 
(Filename: E:\unity\Runtime/Export/Debug/Debug.bindings.h Line: 39)

SELFPLAY MATCH 33 goals=11 total=343 score=3:8 
(Filename: E:\unity\Runtime/Export/Debug/Debug.bindings.h Line: 39)

Unloading 4 Unused Serialized files (Serialized files now loaded: 0)
UnloadTime: 0.604600 ms

Unloading 4 unused Assets to reduce memory usage. Loaded Objects now: 1059.
Total: 1.142600 ms (FindLiveObjects: 0.040400 ms CreateObjectMapping: 0.009800 ms MarkObjects: 0.277900 ms  DeleteObjects: 0.813900 ms)

SELFPLAY GOALMAP x=-6.13 isPlayer1Goal=True 
(Filename: E:\unity\Runtime/Export/Debug/Debug.bindings.h Line: 39)

SELFPLAY GOALMAP x=6.18 isPlayer1Goal=False 
(Filename: E:\unity\Runtime/Export/Debug/Debug.bindings.h Line: 39)

SELFPLAY GOAL 344 scorer=Fan ZhaoReward=-1 total=179:165 
(Filename: E:\unity\Runtime/Export/Debug/Debug.bindings.h Line: 39)

SELFPLAY GOAL 345 scorer=Fan ZhaoReward=-1 total=180:165 
(Filename: E:\unity\Runtime/Export/Debug/Debug.bindings.h Line: 39)

SELFPLAY GOAL 346 scorer=Zhao ZhaoReward=1 total=180:166 
(Filename: E:\unity\Runtime/Export/Debug/Debug.bindings.h Line: 39)

SELFPLAY GOAL 347 scorer=Fan ZhaoReward=-1 total=181:166 
(Filename: E:\unity\Runtime/Export/Debug/Debug.bindings.h Line: 39)

SELFPLAY GOAL 348 scorer=Fan ZhaoReward=-1 total=182:166 
(Filename: E:\unity\Runtime/Export/Debug/Debug.bindings.h Line: 39)

SELFPLAY GOAL 349 scorer=Zhao ZhaoReward=1 total=182:167 
(Filename: E:\unity\Runtime/Export/Debug/Debug.bindings.h Line: 39)

SELFPLAY GOAL 350 scorer=Zhao ZhaoReward=1 total=182:168 
(Filename: E:\unity\Runtime/Export/Debug/Debug.bindings.h Line: 39)

SELFPLAY GOAL 351 scorer=Zhao ZhaoReward=1 total=182:169 
(Filename: E:\unity\Runtime/Export/Debug/Debug.bindings.h Line: 39)

SELFPLAY GOAL 352 scorer=Zhao ZhaoReward=1 total=182:170 
(Filename: E:\unity\Runtime/Export/Debug/Debug.bindings.h Line: 39)

SELFPLAY GOAL 353 scorer=Fan ZhaoReward=-1 total=183:170 
(Filename: E:\unity\Runtime/Export/Debug/Debug.bindings.h Line: 39)

SELFPLAY MATCH 34 goals=10 total=353 score=5:5 
(Filename: E:\unity\Runtime/Export/Debug/Debug.bindings.h Line: 39)

Unloading 4 Unused Serialized files (Serialized files now loaded: 0)
UnloadTime: 0.465700 ms

Unloading 4 unused Assets to reduce memory usage. Loaded Objects now: 1059.
Total: 1.406600 ms (FindLiveObjects: 0.073700 ms CreateObjectMapping: 0.012200 ms MarkObjects: 0.289900 ms  DeleteObjects: 1.030100 ms)

SELFPLAY GOALMAP x=-6.13 isPlayer1Goal=True 
(Filename: E:\unity\Runtime/Export/Debug/Debug.bindings.h Line: 39)

SELFPLAY GOALMAP x=6.18 isPlayer1Goal=False 
(Filename: E:\unity\Runtime/Export/Debug/Debug.bindings.h Line: 39)

SELFPLAY GOAL 354 scorer=Fan ZhaoReward=-1 total=184:170 
(Filename: E:\unity\Runtime/Export/Debug/Debug.bindings.h Line: 39)

SELFPLAY GOAL 355 scorer=Zhao ZhaoReward=1 total=184:171 
(Filename: E:\unity\Runtime/Export/Debug/Debug.bindings.h Line: 39)

SELFPLAY GOAL 356 scorer=Fan ZhaoReward=-1 total=185:171 
(Filename: E:\unity\Runtime/Export/Debug/Debug.bindings.h Line: 39)

SELFPLAY GOAL 357 scorer=Fan ZhaoReward=-1 total=186:171 
(Filename: E:\unity\Runtime/Export/Debug/Debug.bindings.h Line: 39)

SELFPLAY GOAL 358 scorer=Zhao ZhaoReward=1 total=186:172 
(Filename: E:\unity\Runtime/Export/Debug/Debug.bindings.h Line: 39)

SELFPLAY GOAL 359 scorer=Fan ZhaoReward=-1 total=187:172 
(Filename: E:\unity\Runtime/Export/Debug/Debug.bindings.h Line: 39)

SELFPLAY GOAL 360 scorer=Zhao ZhaoReward=1 total=187:173 
(Filename: E:\unity\Runtime/Export/Debug/Debug.bindings.h Line: 39)

SELFPLAY GOAL 361 scorer=Zhao ZhaoReward=1 total=187:174 
(Filename: E:\unity\Runtime/Export/Debug/Debug.bindings.h Line: 39)

SELFPLAY GOAL 362 scorer=Zhao ZhaoReward=1 total=187:175 
(Filename: E:\unity\Runtime/Export/Debug/Debug.bindings.h Line: 39)

SELFPLAY GOAL 363 scorer=Zhao ZhaoReward=1 total=187:176 
(Filename: E:\unity\Runtime/Export/Debug/Debug.bindings.h Line: 39)

SELFPLAY GOAL 364 scorer=Zhao ZhaoReward=1 total=187:177 
(Filename: E:\unity\Runtime/Export/Debug/Debug.bindings.h Line: 39)

SELFPLAY GOAL 365 scorer=Fan ZhaoReward=-1 total=188:177 
(Filename: E:\unity\Runtime/Export/Debug/Debug.bindings.h Line: 39)

SELFPLAY GOAL 366 scorer=Zhao ZhaoReward=1 total=188:178 
(Filename: E:\unity\Runtime/Export/Debug/Debug.bindings.h Line: 39)

SELFPLAY MATCH 35 goals=13 total=366 score=5:8 
(Filename: E:\unity\Runtime/Export/Debug/Debug.bindings.h Line: 39)

Unloading 4 Unused Serialized files (Serialized files now loaded: 0)
UnloadTime: 0.436300 ms

Unloading 4 unused Assets to reduce memory usage. Loaded Objects now: 1059.
Total: 1.478200 ms (FindLiveObjects: 0.048500 ms CreateObjectMapping: 0.011000 ms MarkObjects: 0.379700 ms  DeleteObjects: 1.038700 ms)

SELFPLAY GOALMAP x=-6.13 isPlayer1Goal=True 
(Filename: E:\unity\Runtime/Export/Debug/Debug.bindings.h Line: 39)

SELFPLAY GOALMAP x=6.18 isPlayer1Goal=False 
(Filename: E:\unity\Runtime/Export/Debug/Debug.bindings.h Line: 39)

SELFPLAY GOAL 367 scorer=Fan ZhaoReward=-1 total=189:178 
(Filename: E:\unity\Runtime/Export/Debug/Debug.bindings.h Line: 39)

SELFPLAY GOAL 368 scorer=Fan ZhaoReward=-1 total=190:178 
(Filename: E:\unity\Runtime/Export/Debug/Debug.bindings.h Line: 39)

SELFPLAY GOAL 369 scorer=Fan ZhaoReward=-1 total=191:178 
(Filename: E:\unity\Runtime/Export/Debug/Debug.bindings.h Line: 39)

SELFPLAY GOAL 370 scorer=Zhao ZhaoReward=1 total=191:179 
(Filename: E:\unity\Runtime/Export/Debug/Debug.bindings.h Line: 39)

SELFPLAY GOAL 371 scorer=Zhao ZhaoReward=1 total=191:180 
(Filename: E:\unity\Runtime/Export/Debug/Debug.bindings.h Line: 39)

SELFPLAY GOAL 372 scorer=Fan ZhaoReward=-1 total=192:180 
(Filename: E:\unity\Runtime/Export/Debug/Debug.bindings.h Line: 39)

SELFPLAY GOAL 373 scorer=Fan ZhaoReward=-1 total=193:180 
(Filename: E:\unity\Runtime/Export/Debug/Debug.bindings.h Line: 39)

SELFPLAY GOAL 374 scorer=Fan ZhaoReward=-1 total=194:180 
(Filename: E:\unity\Runtime/Export/Debug/Debug.bindings.h Line: 39)

SELFPLAY GOAL 375 scorer=Fan ZhaoReward=-1 total=195:180 
(Filename: E:\unity\Runtime/Export/Debug/Debug.bindings.h Line: 39)

SELFPLAY GOAL 376 scorer=Zhao ZhaoReward=1 total=195:181 
(Filename: E:\unity\Runtime/Export/Debug/Debug.bindings.h Line: 39)

SELFPLAY GOAL 377 scorer=Zhao ZhaoReward=1 total=195:182 
(Filename: E:\unity\Runtime/Export/Debug/Debug.bindings.h Line: 39)

SELFPLAY GOAL 378 scorer=Zhao ZhaoReward=1 total=195:183 
(Filename: E:\unity\Runtime/Export/Debug/Debug.bindings.h Line: 39)

SELFPLAY GOAL 379 scorer=Zhao ZhaoReward=1 total=195:184 
(Filename: E:\unity\Runtime/Export/Debug/Debug.bindings.h Line: 39)

SELFPLAY MATCH 36 goals=13 total=379 score=7:6 
(Filename: E:\unity\Runtime/Export/Debug/Debug.bindings.h Line: 39)

Unloading 4 Unused Serialized files (Serialized files now loaded: 0)
UnloadTime: 0.509300 ms

Unloading 4 unused Assets to reduce memory usage. Loaded Objects now: 1059.
Total: 1.411300 ms (FindLiveObjects: 0.061100 ms CreateObjectMapping: 0.015200 ms MarkObjects: 0.332300 ms  DeleteObjects: 1.001900 ms)

SELFPLAY GOALMAP x=-6.13 isPlayer1Goal=True 
(Filename: E:\unity\Runtime/Export/Debug/Debug.bindings.h Line: 39)

SELFPLAY GOALMAP x=6.18 isPlayer1Goal=False 
(Filename: E:\unity\Runtime/Export/Debug/Debug.bindings.h Line: 39)

SELFPLAY GOAL 380 scorer=Fan ZhaoReward=-1 total=196:184 
(Filename: E:\unity\Runtime/Export/Debug/Debug.bindings.h Line: 39)

SELFPLAY GOAL 381 scorer=Fan ZhaoReward=-1 total=197:184 
(Filename: E:\unity\Runtime/Export/Debug/Debug.bindings.h Line: 39)

SELFPLAY GOAL 382 scorer=Fan ZhaoReward=-1 total=198:184 
(Filename: E:\unity\Runtime/Export/Debug/Debug.bindings.h Line: 39)

SELFPLAY GOAL 383 scorer=Zhao ZhaoReward=1 total=198:185 
(Filename: E:\unity\Runtime/Export/Debug/Debug.bindings.h Line: 39)

SELFPLAY GOAL 384 scorer=Zhao ZhaoReward=1 total=198:186 
(Filename: E:\unity\Runtime/Export/Debug/Debug.bindings.h Line: 39)

SELFPLAY GOAL 385 scorer=Fan ZhaoReward=-1 total=199:186 
(Filename: E:\unity\Runtime/Export/Debug/Debug.bindings.h Line: 39)

SELFPLAY GOAL 386 scorer=Zhao ZhaoReward=1 total=199:187 
(Filename: E:\unity\Runtime/Export/Debug/Debug.bindings.h Line: 39)

SELFPLAY GOAL 387 scorer=Zhao ZhaoReward=1 total=199:188 
(Filename: E:\unity\Runtime/Export/Debug/Debug.bindings.h Line: 39)

SELFPLAY GOAL 388 scorer=Fan ZhaoReward=-1 total=200:188 
(Filename: E:\unity\Runtime/Export/Debug/Debug.bindings.h Line: 39)

SELFPLAY MATCH 37 goals=9 total=388 score=5:4 
(Filename: E:\unity\Runtime/Export/Debug/Debug.bindings.h Line: 39)

Unloading 4 Unused Serialized files (Serialized files now loaded: 0)
UnloadTime: 0.553400 ms

Unloading 4 unused Assets to reduce memory usage. Loaded Objects now: 1059.
Total: 1.232800 ms (FindLiveObjects: 0.043900 ms CreateObjectMapping: 0.010600 ms MarkObjects: 0.312900 ms  DeleteObjects: 0.864800 ms)

SELFPLAY GOALMAP x=-6.13 isPlayer1Goal=True 
(Filename: E:\unity\Runtime/Export/Debug/Debug.bindings.h Line: 39)

SELFPLAY GOALMAP x=6.18 isPlayer1Goal=False 
(Filename: E:\unity\Runtime/Export/Debug/Debug.bindings.h Line: 39)

SELFPLAY GOAL 389 scorer=Fan ZhaoReward=-1 total=201:188 
(Filename: E:\unity\Runtime/Export/Debug/Debug.bindings.h Line: 39)

SELFPLAY GOAL 390 scorer=Zhao ZhaoReward=1 total=201:189 
(Filename: E:\unity\Runtime/Export/Debug/Debug.bindings.h Line: 39)

SELFPLAY GOAL 391 scorer=Zhao ZhaoReward=1 total=201:190 
(Filename: E:\unity\Runtime/Export/Debug/Debug.bindings.h Line: 39)

SELFPLAY GOAL 392 scorer=Fan ZhaoReward=-1 total=202:190 
(Filename: E:\unity\Runtime/Export/Debug/Debug.bindings.h Line: 39)

SELFPLAY GOAL 393 scorer=Zhao ZhaoReward=1 total=202:191 
(Filename: E:\unity\Runtime/Export/Debug/Debug.bindings.h Line: 39)

SELFPLAY GOAL 394 scorer=Zhao ZhaoReward=1 total=202:192 
(Filename: E:\unity\Runtime/Export/Debug/Debug.bindings.h Line: 39)

SELFPLAY GOAL 395 scorer=Zhao ZhaoReward=1 total=202:193 
(Filename: E:\unity\Runtime/Export/Debug/Debug.bindings.h Line: 39)

SELFPLAY GOAL 396 scorer=Fan ZhaoReward=-1 total=203:193 
(Filename: E:\unity\Runtime/Export/Debug/Debug.bindings.h Line: 39)

SELFPLAY GOAL 397 scorer=Fan ZhaoReward=-1 total=204:193 
(Filename: E:\unity\Runtime/Export/Debug/Debug.bindings.h Line: 39)

SELFPLAY GOAL 398 scorer=Zhao ZhaoReward=1 total=204:194 
(Filename: E:\unity\Runtime/Export/Debug/Debug.bindings.h Line: 39)

SELFPLAY GOAL 399 scorer=Zhao ZhaoReward=1 total=204:195 
(Filename: E:\unity\Runtime/Export/Debug/Debug.bindings.h Line: 39)

SELFPLAY GOAL 400 scorer=Fan ZhaoReward=-1 total=205:195 
(Filename: E:\unity\Runtime/Export/Debug/Debug.bindings.h Line: 39)

SELFPLAY MATCH 38 goals=12 total=400 score=5:7 
(Filename: E:\unity\Runtime/Export/Debug/Debug.bindings.h Line: 39)

Unloading 4 Unused Serialized files (Serialized files now loaded: 0)
UnloadTime: 0.552000 ms

Unloading 4 unused Assets to reduce memory usage. Loaded Objects now: 1059.
Total: 1.259300 ms (FindLiveObjects: 0.040900 ms CreateObjectMapping: 0.009200 ms MarkObjects: 0.301200 ms  DeleteObjects: 0.907300 ms)

SELFPLAY GOALMAP x=-6.13 isPlayer1Goal=True 
(Filename: E:\unity\Runtime/Export/Debug/Debug.bindings.h Line: 39)

SELFPLAY GOALMAP x=6.18 isPlayer1Goal=False 
(Filename: E:\unity\Runtime/Export/Debug/Debug.bindings.h Line: 39)

SELFPLAY GOAL 401 scorer=Fan ZhaoReward=-1 total=206:195 
(Filename: E:\unity\Runtime/Export/Debug/Debug.bindings.h Line: 39)

SELFPLAY GOAL 402 scorer=Fan ZhaoReward=-1 total=207:195 
(Filename: E:\unity\Runtime/Export/Debug/Debug.bindings.h Line: 39)

SELFPLAY GOAL 403 scorer=Fan ZhaoReward=-1 total=208:195 
(Filename: E:\unity\Runtime/Export/Debug/Debug.bindings.h Line: 39)

SELFPLAY GOAL 404 scorer=Zhao ZhaoReward=1 total=208:196 
(Filename: E:\unity\Runtime/Export/Debug/Debug.bindings.h Line: 39)

SELFPLAY GOAL 405 scorer=Fan ZhaoReward=-1 total=209:196 
(Filename: E:\unity\Runtime/Export/Debug/Debug.bindings.h Line: 39)

SELFPLAY GOAL 406 scorer=Zhao ZhaoReward=1 total=209:197 
(Filename: E:\unity\Runtime/Export/Debug/Debug.bindings.h Line: 39)

SELFPLAY GOAL 407 scorer=Fan ZhaoReward=-1 total=210:197 
(Filename: E:\unity\Runtime/Export/Debug/Debug.bindings.h Line: 39)

SELFPLAY GOAL 408 scorer=Zhao ZhaoReward=1 total=210:198 
(Filename: E:\unity\Runtime/Export/Debug/Debug.bindings.h Line: 39)

SELFPLAY GOAL 409 scorer=Fan ZhaoReward=-1 total=211:198 
(Filename: E:\unity\Runtime/Export/Debug/Debug.bindings.h Line: 39)

SELFPLAY GOAL 410 scorer=Fan ZhaoReward=-1 total=212:198 
(Filename: E:\unity\Runtime/Export/Debug/Debug.bindings.h Line: 39)

SELFPLAY GOAL 411 scorer=Fan ZhaoReward=-1 total=213:198 
(Filename: E:\unity\Runtime/Export/Debug/Debug.bindings.h Line: 39)

SELFPLAY GOAL 412 scorer=Zhao ZhaoReward=1 total=213:199 
(Filename: E:\unity\Runtime/Export/Debug/Debug.bindings.h Line: 39)

SELFPLAY GOAL 413 scorer=Fan ZhaoReward=-1 total=214:199 
(Filename: E:\unity\Runtime/Export/Debug/Debug.bindings.h Line: 39)

SELFPLAY MATCH 39 goals=13 total=413 score=9:4 
(Filename: E:\unity\Runtime/Export/Debug/Debug.bindings.h Line: 39)

Unloading 4 Unused Serialized files (Serialized files now loaded: 0)
UnloadTime: 0.573000 ms

Unloading 4 unused Assets to reduce memory usage. Loaded Objects now: 1059.
Total: 1.245000 ms (FindLiveObjects: 0.044700 ms CreateObjectMapping: 0.010800 ms MarkObjects: 0.282800 ms  DeleteObjects: 0.906200 ms)

SELFPLAY GOALMAP x=-6.13 isPlayer1Goal=True 
(Filename: E:\unity\Runtime/Export/Debug/Debug.bindings.h Line: 39)

SELFPLAY GOALMAP x=6.18 isPlayer1Goal=False 
(Filename: E:\unity\Runtime/Export/Debug/Debug.bindings.h Line: 39)

SELFPLAY GOAL 414 scorer=Fan ZhaoReward=-1 total=215:199 
(Filename: E:\unity\Runtime/Export/Debug/Debug.bindings.h Line: 39)

SELFPLAY GOAL 415 scorer=Zhao ZhaoReward=1 total=215:200 
(Filename: E:\unity\Runtime/Export/Debug/Debug.bindings.h Line: 39)

SELFPLAY GOAL 416 scorer=Zhao ZhaoReward=1 total=215:201 
(Filename: E:\unity\Runtime/Export/Debug/Debug.bindings.h Line: 39)

SELFPLAY GOAL 417 scorer=Zhao ZhaoReward=1 total=215:202 
(Filename: E:\unity\Runtime/Export/Debug/Debug.bindings.h Line: 39)

SELFPLAY PROGRESS goals=417/500 matches=40 score=215:202 real=158.1292 
(Filename: E:\unity\Runtime/Export/Debug/Debug.bindings.h Line: 39)

SELFPLAY GOAL 418 scorer=Zhao ZhaoReward=1 total=215:203 
(Filename: E:\unity\Runtime/Export/Debug/Debug.bindings.h Line: 39)

SELFPLAY GOAL 419 scorer=Zhao ZhaoReward=1 total=215:204 
(Filename: E:\unity\Runtime/Export/Debug/Debug.bindings.h Line: 39)

SELFPLAY GOAL 420 scorer=Zhao ZhaoReward=1 total=215:205 
(Filename: E:\unity\Runtime/Export/Debug/Debug.bindings.h Line: 39)

SELFPLAY GOAL 421 scorer=Zhao ZhaoReward=1 total=215:206 
(Filename: E:\unity\Runtime/Export/Debug/Debug.bindings.h Line: 39)

SELFPLAY GOAL 422 scorer=Fan ZhaoReward=-1 total=216:206 
(Filename: E:\unity\Runtime/Export/Debug/Debug.bindings.h Line: 39)

SELFPLAY MATCH 40 goals=9 total=422 score=2:7 
(Filename: E:\unity\Runtime/Export/Debug/Debug.bindings.h Line: 39)

Unloading 4 Unused Serialized files (Serialized files now loaded: 0)
UnloadTime: 0.599200 ms

Unloading 4 unused Assets to reduce memory usage. Loaded Objects now: 1059.
Total: 1.385900 ms (FindLiveObjects: 0.042400 ms CreateObjectMapping: 0.009000 ms MarkObjects: 0.421800 ms  DeleteObjects: 0.912400 ms)

SELFPLAY GOALMAP x=-6.13 isPlayer1Goal=True 
(Filename: E:\unity\Runtime/Export/Debug/Debug.bindings.h Line: 39)

SELFPLAY GOALMAP x=6.18 isPlayer1Goal=False 
(Filename: E:\unity\Runtime/Export/Debug/Debug.bindings.h Line: 39)

SELFPLAY GOAL 423 scorer=Fan ZhaoReward=-1 total=217:206 
(Filename: E:\unity\Runtime/Export/Debug/Debug.bindings.h Line: 39)

SELFPLAY GOAL 424 scorer=Fan ZhaoReward=-1 total=218:206 
(Filename: E:\unity\Runtime/Export/Debug/Debug.bindings.h Line: 39)

SELFPLAY GOAL 425 scorer=Fan ZhaoReward=-1 total=219:206 
(Filename: E:\unity\Runtime/Export/Debug/Debug.bindings.h Line: 39)

SELFPLAY GOAL 426 scorer=Fan ZhaoReward=-1 total=220:206 
(Filename: E:\unity\Runtime/Export/Debug/Debug.bindings.h Line: 39)

SELFPLAY GOAL 427 scorer=Fan ZhaoReward=-1 total=221:206 
(Filename: E:\unity\Runtime/Export/Debug/Debug.bindings.h Line: 39)

SELFPLAY GOAL 428 scorer=Fan ZhaoReward=-1 total=222:206 
(Filename: E:\unity\Runtime/Export/Debug/Debug.bindings.h Line: 39)

SELFPLAY GOAL 429 scorer=Zhao ZhaoReward=1 total=222:207 
(Filename: E:\unity\Runtime/Export/Debug/Debug.bindings.h Line: 39)

SELFPLAY GOAL 430 scorer=Fan ZhaoReward=-1 total=223:207 
(Filename: E:\unity\Runtime/Export/Debug/Debug.bindings.h Line: 39)

SELFPLAY GOAL 431 scorer=Fan ZhaoReward=-1 total=224:207 
(Filename: E:\unity\Runtime/Export/Debug/Debug.bindings.h Line: 39)

SELFPLAY GOAL 432 scorer=Fan ZhaoReward=-1 total=225:207 
(Filename: E:\unity\Runtime/Export/Debug/Debug.bindings.h Line: 39)

SELFPLAY GOAL 433 scorer=Zhao ZhaoReward=1 total=225:208 
(Filename: E:\unity\Runtime/Export/Debug/Debug.bindings.h Line: 39)

SELFPLAY MATCH 41 goals=11 total=433 score=9:2 
(Filename: E:\unity\Runtime/Export/Debug/Debug.bindings.h Line: 39)

Unloading 4 Unused Serialized files (Serialized files now loaded: 0)
UnloadTime: 0.496200 ms

Unloading 4 unused Assets to reduce memory usage. Loaded Objects now: 1059.
Total: 1.332600 ms (FindLiveObjects: 0.050700 ms CreateObjectMapping: 0.010300 ms MarkObjects: 0.263400 ms  DeleteObjects: 1.007900 ms)

SELFPLAY GOALMAP x=-6.13 isPlayer1Goal=True 
(Filename: E:\unity\Runtime/Export/Debug/Debug.bindings.h Line: 39)

SELFPLAY GOALMAP x=6.18 isPlayer1Goal=False 
(Filename: E:\unity\Runtime/Export/Debug/Debug.bindings.h Line: 39)

SELFPLAY GOAL 434 scorer=Fan ZhaoReward=-1 total=226:208 
(Filename: E:\unity\Runtime/Export/Debug/Debug.bindings.h Line: 39)

SELFPLAY GOAL 435 scorer=Fan ZhaoReward=-1 total=227:208 
(Filename: E:\unity\Runtime/Export/Debug/Debug.bindings.h Line: 39)

SELFPLAY GOAL 436 scorer=Fan ZhaoReward=-1 total=228:208 
(Filename: E:\unity\Runtime/Export/Debug/Debug.bindings.h Line: 39)

SELFPLAY GOAL 437 scorer=Fan ZhaoReward=-1 total=229:208 
(Filename: E:\unity\Runtime/Export/Debug/Debug.bindings.h Line: 39)

SELFPLAY GOAL 438 scorer=Zhao ZhaoReward=1 total=229:209 
(Filename: E:\unity\Runtime/Export/Debug/Debug.bindings.h Line: 39)

SELFPLAY GOAL 439 scorer=Fan ZhaoReward=-1 total=230:209 
(Filename: E:\unity\Runtime/Export/Debug/Debug.bindings.h Line: 39)

SELFPLAY GOAL 440 scorer=Zhao ZhaoReward=1 total=230:210 
(Filename: E:\unity\Runtime/Export/Debug/Debug.bindings.h Line: 39)

SELFPLAY GOAL 441 scorer=Zhao ZhaoReward=1 total=230:211 
(Filename: E:\unity\Runtime/Export/Debug/Debug.bindings.h Line: 39)

SELFPLAY GOAL 442 scorer=Zhao ZhaoReward=1 total=230:212 
(Filename: E:\unity\Runtime/Export/Debug/Debug.bindings.h Line: 39)

SELFPLAY MATCH 42 goals=9 total=442 score=5:4 
(Filename: E:\unity\Runtime/Export/Debug/Debug.bindings.h Line: 39)

Unloading 4 Unused Serialized files (Serialized files now loaded: 0)
UnloadTime: 0.486400 ms

Unloading 4 unused Assets to reduce memory usage. Loaded Objects now: 1059.
Total: 1.192700 ms (FindLiveObjects: 0.042700 ms CreateObjectMapping: 0.010300 ms MarkObjects: 0.281100 ms  DeleteObjects: 0.858100 ms)

SELFPLAY GOALMAP x=-6.13 isPlayer1Goal=True 
(Filename: E:\unity\Runtime/Export/Debug/Debug.bindings.h Line: 39)

SELFPLAY GOALMAP x=6.18 isPlayer1Goal=False 
(Filename: E:\unity\Runtime/Export/Debug/Debug.bindings.h Line: 39)

SELFPLAY GOAL 443 scorer=Fan ZhaoReward=-1 total=231:212 
(Filename: E:\unity\Runtime/Export/Debug/Debug.bindings.h Line: 39)

SELFPLAY GOAL 444 scorer=Fan ZhaoReward=-1 total=232:212 
(Filename: E:\unity\Runtime/Export/Debug/Debug.bindings.h Line: 39)

SELFPLAY GOAL 445 scorer=Zhao ZhaoReward=1 total=232:213 
(Filename: E:\unity\Runtime/Export/Debug/Debug.bindings.h Line: 39)

SELFPLAY GOAL 446 scorer=Zhao ZhaoReward=1 total=232:214 
(Filename: E:\unity\Runtime/Export/Debug/Debug.bindings.h Line: 39)

SELFPLAY GOAL 447 scorer=Zhao ZhaoReward=1 total=232:215 
(Filename: E:\unity\Runtime/Export/Debug/Debug.bindings.h Line: 39)

SELFPLAY GOAL 448 scorer=Fan ZhaoReward=-1 total=233:215 
(Filename: E:\unity\Runtime/Export/Debug/Debug.bindings.h Line: 39)

SELFPLAY GOAL 449 scorer=Fan ZhaoReward=-1 total=234:215 
(Filename: E:\unity\Runtime/Export/Debug/Debug.bindings.h Line: 39)

SELFPLAY GOAL 450 scorer=Fan ZhaoReward=-1 total=235:215 
(Filename: E:\unity\Runtime/Export/Debug/Debug.bindings.h Line: 39)

SELFPLAY GOAL 451 scorer=Zhao ZhaoReward=1 total=235:216 
(Filename: E:\unity\Runtime/Export/Debug/Debug.bindings.h Line: 39)

SELFPLAY GOAL 452 scorer=Fan ZhaoReward=-1 total=236:216 
(Filename: E:\unity\Runtime/Export/Debug/Debug.bindings.h Line: 39)

SELFPLAY GOAL 453 scorer=Zhao ZhaoReward=1 total=236:217 
(Filename: E:\unity\Runtime/Export/Debug/Debug.bindings.h Line: 39)

SELFPLAY MATCH 43 goals=11 total=453 score=6:5 
(Filename: E:\unity\Runtime/Export/Debug/Debug.bindings.h Line: 39)

Unloading 4 Unused Serialized files (Serialized files now loaded: 0)
UnloadTime: 0.421800 ms

Unloading 4 unused Assets to reduce memory usage. Loaded Objects now: 1059.
Total: 1.941900 ms (FindLiveObjects: 0.038300 ms CreateObjectMapping: 0.009200 ms MarkObjects: 0.374400 ms  DeleteObjects: 1.519400 ms)

SELFPLAY GOALMAP x=-6.13 isPlayer1Goal=True 
(Filename: E:\unity\Runtime/Export/Debug/Debug.bindings.h Line: 39)

SELFPLAY GOALMAP x=6.18 isPlayer1Goal=False 
(Filename: E:\unity\Runtime/Export/Debug/Debug.bindings.h Line: 39)

SELFPLAY GOAL 454 scorer=Fan ZhaoReward=-1 total=237:217 
(Filename: E:\unity\Runtime/Export/Debug/Debug.bindings.h Line: 39)

SELFPLAY GOAL 455 scorer=Fan ZhaoReward=-1 total=238:217 
(Filename: E:\unity\Runtime/Export/Debug/Debug.bindings.h Line: 39)

SELFPLAY GOAL 456 scorer=Fan ZhaoReward=-1 total=239:217 
(Filename: E:\unity\Runtime/Export/Debug/Debug.bindings.h Line: 39)

SELFPLAY GOAL 457 scorer=Fan ZhaoReward=-1 total=240:217 
(Filename: E:\unity\Runtime/Export/Debug/Debug.bindings.h Line: 39)

SELFPLAY GOAL 458 scorer=Fan ZhaoReward=-1 total=241:217 
(Filename: E:\unity\Runtime/Export/Debug/Debug.bindings.h Line: 39)

SELFPLAY GOAL 459 scorer=Zhao ZhaoReward=1 total=241:218 
(Filename: E:\unity\Runtime/Export/Debug/Debug.bindings.h Line: 39)

SELFPLAY GOAL 460 scorer=Fan ZhaoReward=-1 total=242:218 
(Filename: E:\unity\Runtime/Export/Debug/Debug.bindings.h Line: 39)

SELFPLAY GOAL 461 scorer=Zhao ZhaoReward=1 total=242:219 
(Filename: E:\unity\Runtime/Export/Debug/Debug.bindings.h Line: 39)

SELFPLAY GOAL 462 scorer=Zhao ZhaoReward=1 total=242:220 
(Filename: E:\unity\Runtime/Export/Debug/Debug.bindings.h Line: 39)

SELFPLAY GOAL 463 scorer=Zhao ZhaoReward=1 total=242:221 
(Filename: E:\unity\Runtime/Export/Debug/Debug.bindings.h Line: 39)

SELFPLAY GOAL 464 scorer=Zhao ZhaoReward=1 total=242:222 
(Filename: E:\unity\Runtime/Export/Debug/Debug.bindings.h Line: 39)

SELFPLAY GOAL 465 scorer=Fan ZhaoReward=-1 total=243:222 
(Filename: E:\unity\Runtime/Export/Debug/Debug.bindings.h Line: 39)

SELFPLAY MATCH 44 goals=12 total=465 score=7:5 
(Filename: E:\unity\Runtime/Export/Debug/Debug.bindings.h Line: 39)

Unloading 4 Unused Serialized files (Serialized files now loaded: 0)
UnloadTime: 0.430100 ms

Unloading 4 unused Assets to reduce memory usage. Loaded Objects now: 1059.
Total: 1.332300 ms (FindLiveObjects: 0.043400 ms CreateObjectMapping: 0.010400 ms MarkObjects: 0.333700 ms  DeleteObjects: 0.944200 ms)

SELFPLAY GOALMAP x=-6.13 isPlayer1Goal=True 
(Filename: E:\unity\Runtime/Export/Debug/Debug.bindings.h Line: 39)

SELFPLAY GOALMAP x=6.18 isPlayer1Goal=False 
(Filename: E:\unity\Runtime/Export/Debug/Debug.bindings.h Line: 39)

SELFPLAY GOAL 466 scorer=Fan ZhaoReward=-1 total=244:222 
(Filename: E:\unity\Runtime/Export/Debug/Debug.bindings.h Line: 39)

SELFPLAY GOAL 467 scorer=Fan ZhaoReward=-1 total=245:222 
(Filename: E:\unity\Runtime/Export/Debug/Debug.bindings.h Line: 39)

SELFPLAY GOAL 468 scorer=Zhao ZhaoReward=1 total=245:223 
(Filename: E:\unity\Runtime/Export/Debug/Debug.bindings.h Line: 39)

SELFPLAY GOAL 469 scorer=Zhao ZhaoReward=1 total=245:224 
(Filename: E:\unity\Runtime/Export/Debug/Debug.bindings.h Line: 39)

SELFPLAY GOAL 470 scorer=Zhao ZhaoReward=1 total=245:225 
(Filename: E:\unity\Runtime/Export/Debug/Debug.bindings.h Line: 39)

SELFPLAY GOAL 471 scorer=Zhao ZhaoReward=1 total=245:226 
(Filename: E:\unity\Runtime/Export/Debug/Debug.bindings.h Line: 39)

SELFPLAY GOAL 472 scorer=Zhao ZhaoReward=1 total=245:227 
(Filename: E:\unity\Runtime/Export/Debug/Debug.bindings.h Line: 39)

SELFPLAY GOAL 473 scorer=Fan ZhaoReward=-1 total=246:227 
(Filename: E:\unity\Runtime/Export/Debug/Debug.bindings.h Line: 39)

SELFPLAY GOAL 474 scorer=Zhao ZhaoReward=1 total=246:228 
(Filename: E:\unity\Runtime/Export/Debug/Debug.bindings.h Line: 39)

SELFPLAY GOAL 475 scorer=Zhao ZhaoReward=1 total=246:229 
(Filename: E:\unity\Runtime/Export/Debug/Debug.bindings.h Line: 39)

SELFPLAY GOAL 476 scorer=Zhao ZhaoReward=1 total=246:230 
(Filename: E:\unity\Runtime/Export/Debug/Debug.bindings.h Line: 39)

SELFPLAY MATCH 45 goals=11 total=476 score=3:8 
(Filename: E:\unity\Runtime/Export/Debug/Debug.bindings.h Line: 39)

Unloading 4 Unused Serialized files (Serialized files now loaded: 0)
UnloadTime: 0.498600 ms

Unloading 4 unused Assets to reduce memory usage. Loaded Objects now: 1059.
Total: 1.313700 ms (FindLiveObjects: 0.038800 ms CreateObjectMapping: 0.009100 ms MarkObjects: 0.279800 ms  DeleteObjects: 0.985500 ms)

SELFPLAY GOALMAP x=-6.13 isPlayer1Goal=True 
(Filename: E:\unity\Runtime/Export/Debug/Debug.bindings.h Line: 39)

SELFPLAY GOALMAP x=6.18 isPlayer1Goal=False 
(Filename: E:\unity\Runtime/Export/Debug/Debug.bindings.h Line: 39)

SELFPLAY GOAL 477 scorer=Fan ZhaoReward=-1 total=247:230 
(Filename: E:\unity\Runtime/Export/Debug/Debug.bindings.h Line: 39)

SELFPLAY GOAL 478 scorer=Zhao ZhaoReward=1 total=247:231 
(Filename: E:\unity\Runtime/Export/Debug/Debug.bindings.h Line: 39)

SELFPLAY GOAL 479 scorer=Fan ZhaoReward=-1 total=248:231 
(Filename: E:\unity\Runtime/Export/Debug/Debug.bindings.h Line: 39)

SELFPLAY GOAL 480 scorer=Zhao ZhaoReward=1 total=248:232 
(Filename: E:\unity\Runtime/Export/Debug/Debug.bindings.h Line: 39)

SELFPLAY GOAL 481 scorer=Zhao ZhaoReward=1 total=248:233 
(Filename: E:\unity\Runtime/Export/Debug/Debug.bindings.h Line: 39)

SELFPLAY GOAL 482 scorer=Fan ZhaoReward=-1 total=249:233 
(Filename: E:\unity\Runtime/Export/Debug/Debug.bindings.h Line: 39)

SELFPLAY GOAL 483 scorer=Zhao ZhaoReward=1 total=249:234 
(Filename: E:\unity\Runtime/Export/Debug/Debug.bindings.h Line: 39)

SELFPLAY GOAL 484 scorer=Zhao ZhaoReward=1 total=249:235 
(Filename: E:\unity\Runtime/Export/Debug/Debug.bindings.h Line: 39)

SELFPLAY GOAL 485 scorer=Fan ZhaoReward=-1 total=250:235 
(Filename: E:\unity\Runtime/Export/Debug/Debug.bindings.h Line: 39)

SELFPLAY GOAL 486 scorer=Zhao ZhaoReward=1 total=250:236 
(Filename: E:\unity\Runtime/Export/Debug/Debug.bindings.h Line: 39)

SELFPLAY GOAL 487 scorer=Zhao ZhaoReward=1 total=250:237 
(Filename: E:\unity\Runtime/Export/Debug/Debug.bindings.h Line: 39)

SELFPLAY GOAL 488 scorer=Zhao ZhaoReward=1 total=250:238 
(Filename: E:\unity\Runtime/Export/Debug/Debug.bindings.h Line: 39)

SELFPLAY MATCH 46 goals=12 total=488 score=4:8 
(Filename: E:\unity\Runtime/Export/Debug/Debug.bindings.h Line: 39)

Unloading 4 Unused Serialized files (Serialized files now loaded: 0)
UnloadTime: 0.427700 ms

Unloading 4 unused Assets to reduce memory usage. Loaded Objects now: 1059.
Total: 1.337400 ms (FindLiveObjects: 0.039700 ms CreateObjectMapping: 0.009500 ms MarkObjects: 0.304500 ms  DeleteObjects: 0.983400 ms)

SELFPLAY GOALMAP x=-6.13 isPlayer1Goal=True 
(Filename: E:\unity\Runtime/Export/Debug/Debug.bindings.h Line: 39)

SELFPLAY GOALMAP x=6.18 isPlayer1Goal=False 
(Filename: E:\unity\Runtime/Export/Debug/Debug.bindings.h Line: 39)

SELFPLAY GOAL 489 scorer=Fan ZhaoReward=-1 total=251:238 
(Filename: E:\unity\Runtime/Export/Debug/Debug.bindings.h Line: 39)

SELFPLAY GOAL 490 scorer=Zhao ZhaoReward=1 total=251:239 
(Filename: E:\unity\Runtime/Export/Debug/Debug.bindings.h Line: 39)

SELFPLAY GOAL 491 scorer=Zhao ZhaoReward=1 total=251:240 
(Filename: E:\unity\Runtime/Export/Debug/Debug.bindings.h Line: 39)

SELFPLAY GOAL 492 scorer=Fan ZhaoReward=-1 total=252:240 
(Filename: E:\unity\Runtime/Export/Debug/Debug.bindings.h Line: 39)

SELFPLAY GOAL 493 scorer=Zhao ZhaoReward=1 total=252:241 
(Filename: E:\unity\Runtime/Export/Debug/Debug.bindings.h Line: 39)

SELFPLAY GOAL 494 scorer=Zhao ZhaoReward=1 total=252:242 
(Filename: E:\unity\Runtime/Export/Debug/Debug.bindings.h Line: 39)

SELFPLAY GOAL 495 scorer=Zhao ZhaoReward=1 total=252:243 
(Filename: E:\unity\Runtime/Export/Debug/Debug.bindings.h Line: 39)

SELFPLAY GOAL 496 scorer=Zhao ZhaoReward=1 total=252:244 
(Filename: E:\unity\Runtime/Export/Debug/Debug.bindings.h Line: 39)

SELFPLAY GOAL 497 scorer=Fan ZhaoReward=-1 total=253:244 
(Filename: E:\unity\Runtime/Export/Debug/Debug.bindings.h Line: 39)

SELFPLAY GOAL 498 scorer=Fan ZhaoReward=-1 total=254:244 
(Filename: E:\unity\Runtime/Export/Debug/Debug.bindings.h Line: 39)

SELFPLAY GOAL 499 scorer=Fan ZhaoReward=-1 total=255:244 
(Filename: E:\unity\Runtime/Export/Debug/Debug.bindings.h Line: 39)

SELFPLAY PROGRESS goals=499/500 matches=47 score=255:244 real=188.1325 
(Filename: E:\unity\Runtime/Export/Debug/Debug.bindings.h Line: 39)

SELFPLAY GOAL 500 scorer=Fan ZhaoReward=-1 total=256:244 
(Filename: E:\unity\Runtime/Export/Debug/Debug.bindings.h Line: 39)

SELFPLAY MATCH 47 goals=12 total=500 score=6:6 
(Filename: E:\unity\Runtime/Export/Debug/Debug.bindings.h Line: 39)

SELFPLAY COMPLETE goals=500 fan=256 zhao=244 matches=47 failures=0 
(Filename: E:\unity\Runtime/Export/Debug/Debug.bindings.h Line: 39)

Setting up 12 worker threads for Enlighten.
  Thread -> id: 19c -> priority: 1 
  Thread -> id: 8a38 -> priority: 1 
  Thread -> id: 4198 -> priority: 1 
  Thread -> id: 7c0 -> priority: 1 
  Thread -> id: 6230 -> priority: 1 
  Thread -> id: 55b0 -> priority: 1 
  Thread -> id: 8ddc -> priority: 1 
  Thread -> id: 3114 -> priority: 1 
  Thread -> id: 42ac -> priority: 1 
  Thread -> id: 7090 -> priority: 1 
  Thread -> id: 8d98 -> priority: 1 
  Thread -> id: ad8 -> priority: 1 

Mono path[0] = 'C:/Users/Alienware/Documents/范志毅VS赵鹏/范志毅VS赵鹏 PC双人版（32位）/鑼冨織姣匳S璧甸箯 PC鍙屼汉鐗堬紙32浣嶏級/AI Mod Source/build/fan-strategy-selfplay-original-worker-3/FanZhiYi_Data/Managed'
Mono config path = 'C:/Users/Alienware/Documents/范志毅VS赵鹏/范志毅VS赵鹏 PC双人版（32位）/鑼冨織姣匳S璧甸箯 PC鍙屼汉鐗堬紙32浣嶏級/AI Mod Source/build/fan-strategy-selfplay-original-worker-3/MonoBleedingEdge/etc'
AS: AutoStreaming module initializing.Initialize engine version: 2019.4.33f1c1 (c2f94a8bebb3)
[Subsystems] Discovering subsystems at path C:/Users/Alienware/Documents/范志毅VS赵鹏/范志毅VS赵鹏 PC双人版（32位）/鑼冨織姣匳S璧甸箯 PC鍙屼汉鐗堬紙32浣嶏級/AI Mod Source/build/fan-strategy-selfplay-original-worker-3/FanZhiYi_Data/UnitySubsystems
Forcing GfxDevice: Null
GfxDevice: creating device client; threaded=0
NullGfxDevice:
    Version:  NULL 1.0 [1.0]
    Renderer: Null Device
    Vendor:   Unity Technologies
Begin MonoManager ReloadAssembly
- Completed reload, in  0.095 seconds
Microsoft Media Foundation video decoding to texture disabled: graphics device is Null, only Direct3D 11 and Direct3D 12 (only on desktop) are supported for hardware-accelerated video decoding.
UnloadTime: 0.706000 ms
Unloading 5 Unused Serialized files (Serialized files now loaded: 0)
UnloadTime: 0.164200 ms

Unloading 145 unused Assets to reduce memory usage. Loaded Objects now: 1003.
Total: 0.616300 ms (FindLiveObjects: 0.044500 ms CreateObjectMapping: 0.009900 ms MarkObjects: 0.222400 ms  DeleteObjects: 0.339000 ms)

SELFPLAY GOALMAP x=-6.13 isPlayer1Goal=True 
(Filename: E:\unity\Runtime/Export/Debug/Debug.bindings.h Line: 39)

SELFPLAY GOALMAP x=6.18 isPlayer1Goal=False 
(Filename: E:\unity\Runtime/Export/Debug/Debug.bindings.h Line: 39)

SELFPLAY GOAL 101 scorer=Fan ZhaoReward=-1 total=54:47 
(Filename: E:\unity\Runtime/Export/Debug/Debug.bindings.h Line: 39)

SELFPLAY GOAL 102 scorer=Fan ZhaoReward=-1 total=55:47 
(Filename: E:\unity\Runtime/Export/Debug/Debug.bindings.h Line: 39)

SELFPLAY GOAL 103 scorer=Fan ZhaoReward=-1 total=56:47 
(Filename: E:\unity\Runtime/Export/Debug/Debug.bindings.h Line: 39)

SELFPLAY GOAL 104 scorer=Zhao ZhaoReward=1 total=56:48 
(Filename: E:\unity\Runtime/Export/Debug/Debug.bindings.h Line: 39)

SELFPLAY GOAL 105 scorer=Fan ZhaoReward=-1 total=57:48 
(Filename: E:\unity\Runtime/Export/Debug/Debug.bindings.h Line: 39)

SELFPLAY GOAL 106 scorer=Zhao ZhaoReward=1 total=57:49 
(Filename: E:\unity\Runtime/Export/Debug/Debug.bindings.h Line: 39)

SELFPLAY GOAL 107 scorer=Fan ZhaoReward=-1 total=58:49 
(Filename: E:\unity\Runtime/Export/Debug/Debug.bindings.h Line: 39)

SELFPLAY GOAL 108 scorer=Fan ZhaoReward=-1 total=59:49 
(Filename: E:\unity\Runtime/Export/Debug/Debug.bindings.h Line: 39)

SELFPLAY GOAL 109 scorer=Zhao ZhaoReward=1 total=59:50 
(Filename: E:\unity\Runtime/Export/Debug/Debug.bindings.h Line: 39)

SELFPLAY MATCH 11 goals=9 total=109 score=6:3 
(Filename: E:\unity\Runtime/Export/Debug/Debug.bindings.h Line: 39)

Unloading 4 Unused Serialized files (Serialized files now loaded: 0)
UnloadTime: 1.187800 ms

Unloading 37 unused Assets to reduce memory usage. Loaded Objects now: 1059.
Total: 1.303000 ms (FindLiveObjects: 0.059300 ms CreateObjectMapping: 0.044600 ms MarkObjects: 0.291600 ms  DeleteObjects: 0.907100 ms)

SELFPLAY GOALMAP x=-6.13 isPlayer1Goal=True 
(Filename: E:\unity\Runtime/Export/Debug/Debug.bindings.h Line: 39)

SELFPLAY GOALMAP x=6.18 isPlayer1Goal=False 
(Filename: E:\unity\Runtime/Export/Debug/Debug.bindings.h Line: 39)

SELFPLAY GOAL 110 scorer=Fan ZhaoReward=-1 total=60:50 
(Filename: E:\unity\Runtime/Export/Debug/Debug.bindings.h Line: 39)

SELFPLAY GOAL 111 scorer=Zhao ZhaoReward=1 total=60:51 
(Filename: E:\unity\Runtime/Export/Debug/Debug.bindings.h Line: 39)

SELFPLAY GOAL 112 scorer=Fan ZhaoReward=-1 total=61:51 
(Filename: E:\unity\Runtime/Export/Debug/Debug.bindings.h Line: 39)

SELFPLAY GOAL 113 scorer=Fan ZhaoReward=-1 total=62:51 
(Filename: E:\unity\Runtime/Export/Debug/Debug.bindings.h Line: 39)

SELFPLAY GOAL 114 scorer=Fan ZhaoReward=-1 total=63:51 
(Filename: E:\unity\Runtime/Export/Debug/Debug.bindings.h Line: 39)

SELFPLAY GOAL 115 scorer=Fan ZhaoReward=-1 total=64:51 
(Filename: E:\unity\Runtime/Export/Debug/Debug.bindings.h Line: 39)

SELFPLAY GOAL 116 scorer=Zhao ZhaoReward=1 total=64:52 
(Filename: E:\unity\Runtime/Export/Debug/Debug.bindings.h Line: 39)

SELFPLAY GOAL 117 scorer=Zhao ZhaoReward=1 total=64:53 
(Filename: E:\unity\Runtime/Export/Debug/Debug.bindings.h Line: 39)

SELFPLAY GOAL 118 scorer=Zhao ZhaoReward=1 total=64:54 
(Filename: E:\unity\Runtime/Export/Debug/Debug.bindings.h Line: 39)

SELFPLAY GOAL 119 scorer=Zhao ZhaoReward=1 total=64:55 
(Filename: E:\unity\Runtime/Export/Debug/Debug.bindings.h Line: 39)

SELFPLAY GOAL 120 scorer=Fan ZhaoReward=-1 total=65:55 
(Filename: E:\unity\Runtime/Export/Debug/Debug.bindings.h Line: 39)

SELFPLAY MATCH 12 goals=11 total=120 score=6:5 
(Filename: E:\unity\Runtime/Export/Debug/Debug.bindings.h Line: 39)

Unloading 4 Unused Serialized files (Serialized files now loaded: 0)
UnloadTime: 0.440100 ms

Unloading 4 unused Assets to reduce memory usage. Loaded Objects now: 1059.
Total: 1.546600 ms (FindLiveObjects: 0.045800 ms CreateObjectMapping: 0.011100 ms MarkObjects: 0.324200 ms  DeleteObjects: 1.165100 ms)

SELFPLAY GOALMAP x=-6.13 isPlayer1Goal=True 
(Filename: E:\unity\Runtime/Export/Debug/Debug.bindings.h Line: 39)

SELFPLAY GOALMAP x=6.18 isPlayer1Goal=False 
(Filename: E:\unity\Runtime/Export/Debug/Debug.bindings.h Line: 39)

SELFPLAY GOAL 121 scorer=Zhao ZhaoReward=1 total=65:56 
(Filename: E:\unity\Runtime/Export/Debug/Debug.bindings.h Line: 39)

SELFPLAY GOAL 122 scorer=Zhao ZhaoReward=1 total=65:57 
(Filename: E:\unity\Runtime/Export/Debug/Debug.bindings.h Line: 39)

SELFPLAY GOAL 123 scorer=Fan ZhaoReward=-1 total=66:57 
(Filename: E:\unity\Runtime/Export/Debug/Debug.bindings.h Line: 39)

SELFPLAY GOAL 124 scorer=Zhao ZhaoReward=1 total=66:58 
(Filename: E:\unity\Runtime/Export/Debug/Debug.bindings.h Line: 39)

SELFPLAY GOAL 125 scorer=Zhao ZhaoReward=1 total=66:59 
(Filename: E:\unity\Runtime/Export/Debug/Debug.bindings.h Line: 39)

SELFPLAY GOAL 126 scorer=Zhao ZhaoReward=1 total=66:60 
(Filename: E:\unity\Runtime/Export/Debug/Debug.bindings.h Line: 39)

SELFPLAY GOAL 127 scorer=Fan ZhaoReward=-1 total=67:60 
(Filename: E:\unity\Runtime/Export/Debug/Debug.bindings.h Line: 39)

SELFPLAY MATCH 13 goals=7 total=127 score=2:5 
(Filename: E:\unity\Runtime/Export/Debug/Debug.bindings.h Line: 39)

Unloading 4 Unused Serialized files (Serialized files now loaded: 0)
UnloadTime: 0.459200 ms

Unloading 4 unused Assets to reduce memory usage. Loaded Objects now: 1059.
Total: 1.483400 ms (FindLiveObjects: 0.039300 ms CreateObjectMapping: 0.009400 ms MarkObjects: 0.298600 ms  DeleteObjects: 1.135600 ms)

SELFPLAY GOALMAP x=-6.13 isPlayer1Goal=True 
(Filename: E:\unity\Runtime/Export/Debug/Debug.bindings.h Line: 39)

SELFPLAY GOALMAP x=6.18 isPlayer1Goal=False 
(Filename: E:\unity\Runtime/Export/Debug/Debug.bindings.h Line: 39)

SELFPLAY GOAL 128 scorer=Fan ZhaoReward=-1 total=68:60 
(Filename: E:\unity\Runtime/Export/Debug/Debug.bindings.h Line: 39)

SELFPLAY GOAL 129 scorer=Zhao ZhaoReward=1 total=68:61 
(Filename: E:\unity\Runtime/Export/Debug/Debug.bindings.h Line: 39)

SELFPLAY GOAL 130 scorer=Zhao ZhaoReward=1 total=68:62 
(Filename: E:\unity\Runtime/Export/Debug/Debug.bindings.h Line: 39)

SELFPLAY GOAL 131 scorer=Zhao ZhaoReward=1 total=68:63 
(Filename: E:\unity\Runtime/Export/Debug/Debug.bindings.h Line: 39)

SELFPLAY GOAL 132 scorer=Zhao ZhaoReward=1 total=68:64 
(Filename: E:\unity\Runtime/Export/Debug/Debug.bindings.h Line: 39)

SELFPLAY GOAL 133 scorer=Zhao ZhaoReward=1 total=68:65 
(Filename: E:\unity\Runtime/Export/Debug/Debug.bindings.h Line: 39)

SELFPLAY GOAL 134 scorer=Fan ZhaoReward=-1 total=69:65 
(Filename: E:\unity\Runtime/Export/Debug/Debug.bindings.h Line: 39)

SELFPLAY GOAL 135 scorer=Zhao ZhaoReward=1 total=69:66 
(Filename: E:\unity\Runtime/Export/Debug/Debug.bindings.h Line: 39)

SELFPLAY GOAL 136 scorer=Fan ZhaoReward=-1 total=70:66 
(Filename: E:\unity\Runtime/Export/Debug/Debug.bindings.h Line: 39)

SELFPLAY GOAL 137 scorer=Fan ZhaoReward=-1 total=71:66 
(Filename: E:\unity\Runtime/Export/Debug/Debug.bindings.h Line: 39)

SELFPLAY GOAL 138 scorer=Fan ZhaoReward=-1 total=72:66 
(Filename: E:\unity\Runtime/Export/Debug/Debug.bindings.h Line: 39)

SELFPLAY MATCH 14 goals=11 total=138 score=5:6 
(Filename: E:\unity\Runtime/Export/Debug/Debug.bindings.h Line: 39)

Unloading 4 Unused Serialized files (Serialized files now loaded: 0)
UnloadTime: 0.426100 ms

Unloading 4 unused Assets to reduce memory usage. Loaded Objects now: 1059.
Total: 1.228100 ms (FindLiveObjects: 0.043100 ms CreateObjectMapping: 0.010100 ms MarkObjects: 0.252600 ms  DeleteObjects: 0.921800 ms)

SELFPLAY GOALMAP x=-6.13 isPlayer1Goal=True 
(Filename: E:\unity\Runtime/Export/Debug/Debug.bindings.h Line: 39)

SELFPLAY GOALMAP x=6.18 isPlayer1Goal=False 
(Filename: E:\unity\Runtime/Export/Debug/Debug.bindings.h Line: 39)

SELFPLAY GOAL 139 scorer=Fan ZhaoReward=-1 total=73:66 
(Filename: E:\unity\Runtime/Export/Debug/Debug.bindings.h Line: 39)

SELFPLAY GOAL 140 scorer=Fan ZhaoReward=-1 total=74:66 
(Filename: E:\unity\Runtime/Export/Debug/Debug.bindings.h Line: 39)

SELFPLAY GOAL 141 scorer=Fan ZhaoReward=-1 total=75:66 
(Filename: E:\unity\Runtime/Export/Debug/Debug.bindings.h Line: 39)

SELFPLAY GOAL 142 scorer=Zhao ZhaoReward=1 total=75:67 
(Filename: E:\unity\Runtime/Export/Debug/Debug.bindings.h Line: 39)

SELFPLAY GOAL 143 scorer=Zhao ZhaoReward=1 total=75:68 
(Filename: E:\unity\Runtime/Export/Debug/Debug.bindings.h Line: 39)

SELFPLAY GOAL 144 scorer=Fan ZhaoReward=-1 total=76:68 
(Filename: E:\unity\Runtime/Export/Debug/Debug.bindings.h Line: 39)

SELFPLAY GOAL 145 scorer=Fan ZhaoReward=-1 total=77:68 
(Filename: E:\unity\Runtime/Export/Debug/Debug.bindings.h Line: 39)

SELFPLAY GOAL 146 scorer=Zhao ZhaoReward=1 total=77:69 
(Filename: E:\unity\Runtime/Export/Debug/Debug.bindings.h Line: 39)

SELFPLAY GOAL 147 scorer=Fan ZhaoReward=-1 total=78:69 
(Filename: E:\unity\Runtime/Export/Debug/Debug.bindings.h Line: 39)

SELFPLAY GOAL 148 scorer=Fan ZhaoReward=-1 total=79:69 
(Filename: E:\unity\Runtime/Export/Debug/Debug.bindings.h Line: 39)

SELFPLAY GOAL 149 scorer=Fan ZhaoReward=-1 total=80:69 
(Filename: E:\unity\Runtime/Export/Debug/Debug.bindings.h Line: 39)

SELFPLAY GOAL 150 scorer=Zhao ZhaoReward=1 total=80:70 
(Filename: E:\unity\Runtime/Export/Debug/Debug.bindings.h Line: 39)

SELFPLAY GOAL 151 scorer=Fan ZhaoReward=-1 total=81:70 
(Filename: E:\unity\Runtime/Export/Debug/Debug.bindings.h Line: 39)

SELFPLAY GOAL 152 scorer=Zhao ZhaoReward=1 total=81:71 
(Filename: E:\unity\Runtime/Export/Debug/Debug.bindings.h Line: 39)

SELFPLAY MATCH 15 goals=14 total=152 score=9:5 
(Filename: E:\unity\Runtime/Export/Debug/Debug.bindings.h Line: 39)

Unloading 4 Unused Serialized files (Serialized files now loaded: 0)
UnloadTime: 0.453600 ms

Unloading 4 unused Assets to reduce memory usage. Loaded Objects now: 1059.
Total: 1.254800 ms (FindLiveObjects: 0.067100 ms CreateObjectMapping: 0.011300 ms MarkObjects: 0.253800 ms  DeleteObjects: 0.922300 ms)

SELFPLAY GOALMAP x=-6.13 isPlayer1Goal=True 
(Filename: E:\unity\Runtime/Export/Debug/Debug.bindings.h Line: 39)

SELFPLAY GOALMAP x=6.18 isPlayer1Goal=False 
(Filename: E:\unity\Runtime/Export/Debug/Debug.bindings.h Line: 39)

SELFPLAY GOAL 153 scorer=Fan ZhaoReward=-1 total=82:71 
(Filename: E:\unity\Runtime/Export/Debug/Debug.bindings.h Line: 39)

SELFPLAY GOAL 154 scorer=Fan ZhaoReward=-1 total=83:71 
(Filename: E:\unity\Runtime/Export/Debug/Debug.bindings.h Line: 39)

SELFPLAY GOAL 155 scorer=Fan ZhaoReward=-1 total=84:71 
(Filename: E:\unity\Runtime/Export/Debug/Debug.bindings.h Line: 39)

SELFPLAY GOAL 156 scorer=Zhao ZhaoReward=1 total=84:72 
(Filename: E:\unity\Runtime/Export/Debug/Debug.bindings.h Line: 39)

SELFPLAY GOAL 157 scorer=Zhao ZhaoReward=1 total=84:73 
(Filename: E:\unity\Runtime/Export/Debug/Debug.bindings.h Line: 39)

SELFPLAY GOAL 158 scorer=Zhao ZhaoReward=1 total=84:74 
(Filename: E:\unity\Runtime/Export/Debug/Debug.bindings.h Line: 39)

SELFPLAY GOAL 159 scorer=Zhao ZhaoReward=1 total=84:75 
(Filename: E:\unity\Runtime/Export/Debug/Debug.bindings.h Line: 39)

SELFPLAY GOAL 160 scorer=Zhao ZhaoReward=1 total=84:76 
(Filename: E:\unity\Runtime/Export/Debug/Debug.bindings.h Line: 39)

SELFPLAY GOAL 161 scorer=Fan ZhaoReward=-1 total=85:76 
(Filename: E:\unity\Runtime/Export/Debug/Debug.bindings.h Line: 39)

SELFPLAY GOAL 162 scorer=Fan ZhaoReward=-1 total=86:76 
(Filename: E:\unity\Runtime/Export/Debug/Debug.bindings.h Line: 39)

SELFPLAY MATCH 16 goals=10 total=162 score=5:5 
(Filename: E:\unity\Runtime/Export/Debug/Debug.bindings.h Line: 39)

Unloading 4 Unused Serialized files (Serialized files now loaded: 0)
UnloadTime: 0.488000 ms

Unloading 4 unused Assets to reduce memory usage. Loaded Objects now: 1059.
Total: 1.421300 ms (FindLiveObjects: 0.042000 ms CreateObjectMapping: 0.016600 ms MarkObjects: 0.315000 ms  DeleteObjects: 1.047400 ms)

SELFPLAY GOALMAP x=-6.13 isPlayer1Goal=True 
(Filename: E:\unity\Runtime/Export/Debug/Debug.bindings.h Line: 39)

SELFPLAY GOALMAP x=6.18 isPlayer1Goal=False 
(Filename: E:\unity\Runtime/Export/Debug/Debug.bindings.h Line: 39)

SELFPLAY GOAL 163 scorer=Fan ZhaoReward=-1 total=87:76 
(Filename: E:\unity\Runtime/Export/Debug/Debug.bindings.h Line: 39)

SELFPLAY GOAL 164 scorer=Fan ZhaoReward=-1 total=88:76 
(Filename: E:\unity\Runtime/Export/Debug/Debug.bindings.h Line: 39)

SELFPLAY GOAL 165 scorer=Zhao ZhaoReward=1 total=88:77 
(Filename: E:\unity\Runtime/Export/Debug/Debug.bindings.h Line: 39)

SELFPLAY GOAL 166 scorer=Zhao ZhaoReward=1 total=88:78 
(Filename: E:\unity\Runtime/Export/Debug/Debug.bindings.h Line: 39)

SELFPLAY GOAL 167 scorer=Zhao ZhaoReward=1 total=88:79 
(Filename: E:\unity\Runtime/Export/Debug/Debug.bindings.h Line: 39)

SELFPLAY GOAL 168 scorer=Zhao ZhaoReward=1 total=88:80 
(Filename: E:\unity\Runtime/Export/Debug/Debug.bindings.h Line: 39)

SELFPLAY GOAL 169 scorer=Fan ZhaoReward=-1 total=89:80 
(Filename: E:\unity\Runtime/Export/Debug/Debug.bindings.h Line: 39)

SELFPLAY GOAL 170 scorer=Zhao ZhaoReward=1 total=89:81 
(Filename: E:\unity\Runtime/Export/Debug/Debug.bindings.h Line: 39)

SELFPLAY GOAL 171 scorer=Zhao ZhaoReward=1 total=89:82 
(Filename: E:\unity\Runtime/Export/Debug/Debug.bindings.h Line: 39)

SELFPLAY MATCH 17 goals=9 total=171 score=3:6 
(Filename: E:\unity\Runtime/Export/Debug/Debug.bindings.h Line: 39)

Unloading 4 Unused Serialized files (Serialized files now loaded: 0)
UnloadTime: 0.583000 ms

Unloading 4 unused Assets to reduce memory usage. Loaded Objects now: 1059.
Total: 1.314800 ms (FindLiveObjects: 0.039400 ms CreateObjectMapping: 0.009100 ms MarkObjects: 0.252600 ms  DeleteObjects: 1.013300 ms)

SELFPLAY GOALMAP x=-6.13 isPlayer1Goal=True 
(Filename: E:\unity\Runtime/Export/Debug/Debug.bindings.h Line: 39)

SELFPLAY GOALMAP x=6.18 isPlayer1Goal=False 
(Filename: E:\unity\Runtime/Export/Debug/Debug.bindings.h Line: 39)

SELFPLAY GOAL 172 scorer=Fan ZhaoReward=-1 total=90:82 
(Filename: E:\unity\Runtime/Export/Debug/Debug.bindings.h Line: 39)

SELFPLAY GOAL 173 scorer=Fan ZhaoReward=-1 total=91:82 
(Filename: E:\unity\Runtime/Export/Debug/Debug.bindings.h Line: 39)

SELFPLAY GOAL 174 scorer=Zhao ZhaoReward=1 total=91:83 
(Filename: E:\unity\Runtime/Export/Debug/Debug.bindings.h Line: 39)

SELFPLAY GOAL 175 scorer=Fan ZhaoReward=-1 total=92:83 
(Filename: E:\unity\Runtime/Export/Debug/Debug.bindings.h Line: 39)

SELFPLAY PROGRESS goals=175/500 matches=18 score=92:83 real=68.80527 
(Filename: E:\unity\Runtime/Export/Debug/Debug.bindings.h Line: 39)

SELFPLAY GOAL 176 scorer=Fan ZhaoReward=-1 total=93:83 
(Filename: E:\unity\Runtime/Export/Debug/Debug.bindings.h Line: 39)

SELFPLAY GOAL 177 scorer=Fan ZhaoReward=-1 total=94:83 
(Filename: E:\unity\Runtime/Export/Debug/Debug.bindings.h Line: 39)

SELFPLAY GOAL 178 scorer=Zhao ZhaoReward=1 total=94:84 
(Filename: E:\unity\Runtime/Export/Debug/Debug.bindings.h Line: 39)

SELFPLAY GOAL 179 scorer=Fan ZhaoReward=-1 total=95:84 
(Filename: E:\unity\Runtime/Export/Debug/Debug.bindings.h Line: 39)

SELFPLAY GOAL 180 scorer=Zhao ZhaoReward=1 total=95:85 
(Filename: E:\unity\Runtime/Export/Debug/Debug.bindings.h Line: 39)

SELFPLAY GOAL 181 scorer=Fan ZhaoReward=-1 total=96:85 
(Filename: E:\unity\Runtime/Export/Debug/Debug.bindings.h Line: 39)

SELFPLAY MATCH 18 goals=10 total=181 score=7:3 
(Filename: E:\unity\Runtime/Export/Debug/Debug.bindings.h Line: 39)

Unloading 4 Unused Serialized files (Serialized files now loaded: 0)
UnloadTime: 0.437900 ms

Unloading 4 unused Assets to reduce memory usage. Loaded Objects now: 1059.
Total: 1.271100 ms (FindLiveObjects: 0.036100 ms CreateObjectMapping: 0.008700 ms MarkObjects: 0.301300 ms  DeleteObjects: 0.924600 ms)

SELFPLAY GOALMAP x=-6.13 isPlayer1Goal=True 
(Filename: E:\unity\Runtime/Export/Debug/Debug.bindings.h Line: 39)

SELFPLAY GOALMAP x=6.18 isPlayer1Goal=False 
(Filename: E:\unity\Runtime/Export/Debug/Debug.bindings.h Line: 39)

SELFPLAY GOAL 182 scorer=Fan ZhaoReward=-1 total=97:85 
(Filename: E:\unity\Runtime/Export/Debug/Debug.bindings.h Line: 39)

SELFPLAY GOAL 183 scorer=Zhao ZhaoReward=1 total=97:86 
(Filename: E:\unity\Runtime/Export/Debug/Debug.bindings.h Line: 39)

SELFPLAY GOAL 184 scorer=Fan ZhaoReward=-1 total=98:86 
(Filename: E:\unity\Runtime/Export/Debug/Debug.bindings.h Line: 39)

SELFPLAY GOAL 185 scorer=Fan ZhaoReward=-1 total=99:86 
(Filename: E:\unity\Runtime/Export/Debug/Debug.bindings.h Line: 39)

SELFPLAY GOAL 186 scorer=Zhao ZhaoReward=1 total=99:87 
(Filename: E:\unity\Runtime/Export/Debug/Debug.bindings.h Line: 39)

SELFPLAY GOAL 187 scorer=Zhao ZhaoReward=1 total=99:88 
(Filename: E:\unity\Runtime/Export/Debug/Debug.bindings.h Line: 39)

SELFPLAY GOAL 188 scorer=Fan ZhaoReward=-1 total=100:88 
(Filename: E:\unity\Runtime/Export/Debug/Debug.bindings.h Line: 39)

SELFPLAY GOAL 189 scorer=Fan ZhaoReward=-1 total=101:88 
(Filename: E:\unity\Runtime/Export/Debug/Debug.bindings.h Line: 39)

SELFPLAY GOAL 190 scorer=Zhao ZhaoReward=1 total=101:89 
(Filename: E:\unity\Runtime/Export/Debug/Debug.bindings.h Line: 39)

SELFPLAY GOAL 191 scorer=Zhao ZhaoReward=1 total=101:90 
(Filename: E:\unity\Runtime/Export/Debug/Debug.bindings.h Line: 39)

SELFPLAY GOAL 192 scorer=Zhao ZhaoReward=1 total=101:91 
(Filename: E:\unity\Runtime/Export/Debug/Debug.bindings.h Line: 39)

SELFPLAY GOAL 193 scorer=Zhao ZhaoReward=1 total=101:92 
(Filename: E:\unity\Runtime/Export/Debug/Debug.bindings.h Line: 39)

SELFPLAY MATCH 19 goals=12 total=193 score=5:7 
(Filename: E:\unity\Runtime/Export/Debug/Debug.bindings.h Line: 39)

Unloading 4 Unused Serialized files (Serialized files now loaded: 0)
UnloadTime: 0.438100 ms

Unloading 4 unused Assets to reduce memory usage. Loaded Objects now: 1059.
Total: 1.193500 ms (FindLiveObjects: 0.051300 ms CreateObjectMapping: 0.009800 ms MarkObjects: 0.247400 ms  DeleteObjects: 0.884600 ms)

SELFPLAY GOALMAP x=-6.13 isPlayer1Goal=True 
(Filename: E:\unity\Runtime/Export/Debug/Debug.bindings.h Line: 39)

SELFPLAY GOALMAP x=6.18 isPlayer1Goal=False 
(Filename: E:\unity\Runtime/Export/Debug/Debug.bindings.h Line: 39)

SELFPLAY GOAL 194 scorer=Fan ZhaoReward=-1 total=102:92 
(Filename: E:\unity\Runtime/Export/Debug/Debug.bindings.h Line: 39)

SELFPLAY GOAL 195 scorer=Zhao ZhaoReward=1 total=102:93 
(Filename: E:\unity\Runtime/Export/Debug/Debug.bindings.h Line: 39)

SELFPLAY GOAL 196 scorer=Fan ZhaoReward=-1 total=103:93 
(Filename: E:\unity\Runtime/Export/Debug/Debug.bindings.h Line: 39)

SELFPLAY GOAL 197 scorer=Fan ZhaoReward=-1 total=104:93 
(Filename: E:\unity\Runtime/Export/Debug/Debug.bindings.h Line: 39)

SELFPLAY GOAL 198 scorer=Fan ZhaoReward=-1 total=105:93 
(Filename: E:\unity\Runtime/Export/Debug/Debug.bindings.h Line: 39)

SELFPLAY GOAL 199 scorer=Fan ZhaoReward=-1 total=106:93 
(Filename: E:\unity\Runtime/Export/Debug/Debug.bindings.h Line: 39)

SELFPLAY GOAL 200 scorer=Fan ZhaoReward=-1 total=107:93 
(Filename: E:\unity\Runtime/Export/Debug/Debug.bindings.h Line: 39)

SELFPLAY GOAL 201 scorer=Fan ZhaoReward=-1 total=108:93 
(Filename: E:\unity\Runtime/Export/Debug/Debug.bindings.h Line: 39)

SELFPLAY MATCH 20 goals=8 total=201 score=7:1 
(Filename: E:\unity\Runtime/Export/Debug/Debug.bindings.h Line: 39)

Unloading 4 Unused Serialized files (Serialized files now loaded: 0)
UnloadTime: 0.544700 ms

Unloading 4 unused Assets to reduce memory usage. Loaded Objects now: 1059.
Total: 1.436000 ms (FindLiveObjects: 0.043500 ms CreateObjectMapping: 0.010400 ms MarkObjects: 0.265800 ms  DeleteObjects: 1.115900 ms)

SELFPLAY GOALMAP x=-6.13 isPlayer1Goal=True 
(Filename: E:\unity\Runtime/Export/Debug/Debug.bindings.h Line: 39)

SELFPLAY GOALMAP x=6.18 isPlayer1Goal=False 
(Filename: E:\unity\Runtime/Export/Debug/Debug.bindings.h Line: 39)

SELFPLAY GOAL 202 scorer=Fan ZhaoReward=-1 total=109:93 
(Filename: E:\unity\Runtime/Export/Debug/Debug.bindings.h Line: 39)

SELFPLAY GOAL 203 scorer=Zhao ZhaoReward=1 total=109:94 
(Filename: E:\unity\Runtime/Export/Debug/Debug.bindings.h Line: 39)

SELFPLAY GOAL 204 scorer=Zhao ZhaoReward=1 total=109:95 
(Filename: E:\unity\Runtime/Export/Debug/Debug.bindings.h Line: 39)

SELFPLAY GOAL 205 scorer=Zhao ZhaoReward=1 total=109:96 
(Filename: E:\unity\Runtime/Export/Debug/Debug.bindings.h Line: 39)

SELFPLAY GOAL 206 scorer=Fan ZhaoReward=-1 total=110:96 
(Filename: E:\unity\Runtime/Export/Debug/Debug.bindings.h Line: 39)

SELFPLAY GOAL 207 scorer=Fan ZhaoReward=-1 total=111:96 
(Filename: E:\unity\Runtime/Export/Debug/Debug.bindings.h Line: 39)

SELFPLAY GOAL 208 scorer=Zhao ZhaoReward=1 total=111:97 
(Filename: E:\unity\Runtime/Export/Debug/Debug.bindings.h Line: 39)

SELFPLAY GOAL 209 scorer=Fan ZhaoReward=-1 total=112:97 
(Filename: E:\unity\Runtime/Export/Debug/Debug.bindings.h Line: 39)

SELFPLAY MATCH 21 goals=8 total=209 score=4:4 
(Filename: E:\unity\Runtime/Export/Debug/Debug.bindings.h Line: 39)

Unloading 4 Unused Serialized files (Serialized files now loaded: 0)
UnloadTime: 0.472200 ms

Unloading 4 unused Assets to reduce memory usage. Loaded Objects now: 1059.
Total: 2.056200 ms (FindLiveObjects: 0.044100 ms CreateObjectMapping: 0.010100 ms MarkObjects: 0.262500 ms  DeleteObjects: 1.738900 ms)

SELFPLAY GOALMAP x=-6.13 isPlayer1Goal=True 
(Filename: E:\unity\Runtime/Export/Debug/Debug.bindings.h Line: 39)

SELFPLAY GOALMAP x=6.18 isPlayer1Goal=False 
(Filename: E:\unity\Runtime/Export/Debug/Debug.bindings.h Line: 39)

SELFPLAY GOAL 210 scorer=Fan ZhaoReward=-1 total=113:97 
(Filename: E:\unity\Runtime/Export/Debug/Debug.bindings.h Line: 39)

SELFPLAY GOAL 211 scorer=Fan ZhaoReward=-1 total=114:97 
(Filename: E:\unity\Runtime/Export/Debug/Debug.bindings.h Line: 39)

SELFPLAY GOAL 212 scorer=Zhao ZhaoReward=1 total=114:98 
(Filename: E:\unity\Runtime/Export/Debug/Debug.bindings.h Line: 39)

SELFPLAY GOAL 213 scorer=Fan ZhaoReward=-1 total=115:98 
(Filename: E:\unity\Runtime/Export/Debug/Debug.bindings.h Line: 39)

SELFPLAY GOAL 214 scorer=Zhao ZhaoReward=1 total=115:99 
(Filename: E:\unity\Runtime/Export/Debug/Debug.bindings.h Line: 39)

SELFPLAY GOAL 215 scorer=Fan ZhaoReward=-1 total=116:99 
(Filename: E:\unity\Runtime/Export/Debug/Debug.bindings.h Line: 39)

SELFPLAY GOAL 216 scorer=Fan ZhaoReward=-1 total=117:99 
(Filename: E:\unity\Runtime/Export/Debug/Debug.bindings.h Line: 39)

SELFPLAY GOAL 217 scorer=Zhao ZhaoReward=1 total=117:100 
(Filename: E:\unity\Runtime/Export/Debug/Debug.bindings.h Line: 39)

SELFPLAY GOAL 218 scorer=Zhao ZhaoReward=1 total=117:101 
(Filename: E:\unity\Runtime/Export/Debug/Debug.bindings.h Line: 39)

SELFPLAY GOAL 219 scorer=Zhao ZhaoReward=1 total=117:102 
(Filename: E:\unity\Runtime/Export/Debug/Debug.bindings.h Line: 39)

SELFPLAY GOAL 220 scorer=Fan ZhaoReward=-1 total=118:102 
(Filename: E:\unity\Runtime/Export/Debug/Debug.bindings.h Line: 39)

SELFPLAY GOAL 221 scorer=Zhao ZhaoReward=1 total=118:103 
(Filename: E:\unity\Runtime/Export/Debug/Debug.bindings.h Line: 39)

SELFPLAY GOAL 222 scorer=Zhao ZhaoReward=1 total=118:104 
(Filename: E:\unity\Runtime/Export/Debug/Debug.bindings.h Line: 39)

SELFPLAY MATCH 22 goals=13 total=222 score=6:7 
(Filename: E:\unity\Runtime/Export/Debug/Debug.bindings.h Line: 39)

Unloading 4 Unused Serialized files (Serialized files now loaded: 0)
UnloadTime: 0.669200 ms

Unloading 4 unused Assets to reduce memory usage. Loaded Objects now: 1059.
Total: 1.211800 ms (FindLiveObjects: 0.042400 ms CreateObjectMapping: 0.009300 ms MarkObjects: 0.268100 ms  DeleteObjects: 0.891100 ms)

SELFPLAY GOALMAP x=-6.13 isPlayer1Goal=True 
(Filename: E:\unity\Runtime/Export/Debug/Debug.bindings.h Line: 39)

SELFPLAY GOALMAP x=6.18 isPlayer1Goal=False 
(Filename: E:\unity\Runtime/Export/Debug/Debug.bindings.h Line: 39)

SELFPLAY GOAL 223 scorer=Fan ZhaoReward=-1 total=119:104 
(Filename: E:\unity\Runtime/Export/Debug/Debug.bindings.h Line: 39)

SELFPLAY GOAL 224 scorer=Fan ZhaoReward=-1 total=120:104 
(Filename: E:\unity\Runtime/Export/Debug/Debug.bindings.h Line: 39)

SELFPLAY GOAL 225 scorer=Zhao ZhaoReward=1 total=120:105 
(Filename: E:\unity\Runtime/Export/Debug/Debug.bindings.h Line: 39)

SELFPLAY GOAL 226 scorer=Zhao ZhaoReward=1 total=120:106 
(Filename: E:\unity\Runtime/Export/Debug/Debug.bindings.h Line: 39)

SELFPLAY GOAL 227 scorer=Zhao ZhaoReward=1 total=120:107 
(Filename: E:\unity\Runtime/Export/Debug/Debug.bindings.h Line: 39)

SELFPLAY GOAL 228 scorer=Zhao ZhaoReward=1 total=120:108 
(Filename: E:\unity\Runtime/Export/Debug/Debug.bindings.h Line: 39)

SELFPLAY GOAL 229 scorer=Zhao ZhaoReward=1 total=120:109 
(Filename: E:\unity\Runtime/Export/Debug/Debug.bindings.h Line: 39)

SELFPLAY GOAL 230 scorer=Fan ZhaoReward=-1 total=121:109 
(Filename: E:\unity\Runtime/Export/Debug/Debug.bindings.h Line: 39)

SELFPLAY GOAL 231 scorer=Fan ZhaoReward=-1 total=122:109 
(Filename: E:\unity\Runtime/Export/Debug/Debug.bindings.h Line: 39)

SELFPLAY GOAL 232 scorer=Zhao ZhaoReward=1 total=122:110 
(Filename: E:\unity\Runtime/Export/Debug/Debug.bindings.h Line: 39)

SELFPLAY MATCH 23 goals=10 total=232 score=4:6 
(Filename: E:\unity\Runtime/Export/Debug/Debug.bindings.h Line: 39)

Unloading 4 Unused Serialized files (Serialized files now loaded: 0)
UnloadTime: 0.568200 ms

Unloading 4 unused Assets to reduce memory usage. Loaded Objects now: 1059.
Total: 1.358900 ms (FindLiveObjects: 0.043500 ms CreateObjectMapping: 0.009300 ms MarkObjects: 0.334400 ms  DeleteObjects: 0.971400 ms)

SELFPLAY GOALMAP x=-6.13 isPlayer1Goal=True 
(Filename: E:\unity\Runtime/Export/Debug/Debug.bindings.h Line: 39)

SELFPLAY GOALMAP x=6.18 isPlayer1Goal=False 
(Filename: E:\unity\Runtime/Export/Debug/Debug.bindings.h Line: 39)

SELFPLAY GOAL 233 scorer=Fan ZhaoReward=-1 total=123:110 
(Filename: E:\unity\Runtime/Export/Debug/Debug.bindings.h Line: 39)

SELFPLAY GOAL 234 scorer=Fan ZhaoReward=-1 total=124:110 
(Filename: E:\unity\Runtime/Export/Debug/Debug.bindings.h Line: 39)

SELFPLAY GOAL 235 scorer=Zhao ZhaoReward=1 total=124:111 
(Filename: E:\unity\Runtime/Export/Debug/Debug.bindings.h Line: 39)

SELFPLAY GOAL 236 scorer=Zhao ZhaoReward=1 total=124:112 
(Filename: E:\unity\Runtime/Export/Debug/Debug.bindings.h Line: 39)

SELFPLAY GOAL 237 scorer=Zhao ZhaoReward=1 total=124:113 
(Filename: E:\unity\Runtime/Export/Debug/Debug.bindings.h Line: 39)

SELFPLAY GOAL 238 scorer=Zhao ZhaoReward=1 total=124:114 
(Filename: E:\unity\Runtime/Export/Debug/Debug.bindings.h Line: 39)

SELFPLAY GOAL 239 scorer=Fan ZhaoReward=-1 total=125:114 
(Filename: E:\unity\Runtime/Export/Debug/Debug.bindings.h Line: 39)

SELFPLAY GOAL 240 scorer=Fan ZhaoReward=-1 total=126:114 
(Filename: E:\unity\Runtime/Export/Debug/Debug.bindings.h Line: 39)

SELFPLAY GOAL 241 scorer=Zhao ZhaoReward=1 total=126:115 
(Filename: E:\unity\Runtime/Export/Debug/Debug.bindings.h Line: 39)

SELFPLAY GOAL 242 scorer=Zhao ZhaoReward=1 total=126:116 
(Filename: E:\unity\Runtime/Export/Debug/Debug.bindings.h Line: 39)

SELFPLAY GOAL 243 scorer=Zhao ZhaoReward=1 total=126:117 
(Filename: E:\unity\Runtime/Export/Debug/Debug.bindings.h Line: 39)

SELFPLAY GOAL 244 scorer=Zhao ZhaoReward=1 total=126:118 
(Filename: E:\unity\Runtime/Export/Debug/Debug.bindings.h Line: 39)

SELFPLAY MATCH 24 goals=12 total=244 score=4:8 
(Filename: E:\unity\Runtime/Export/Debug/Debug.bindings.h Line: 39)

Unloading 4 Unused Serialized files (Serialized files now loaded: 0)
UnloadTime: 0.624600 ms

Unloading 4 unused Assets to reduce memory usage. Loaded Objects now: 1059.
Total: 1.289200 ms (FindLiveObjects: 0.038100 ms CreateObjectMapping: 0.008900 ms MarkObjects: 0.252300 ms  DeleteObjects: 0.989500 ms)

SELFPLAY GOALMAP x=-6.13 isPlayer1Goal=True 
(Filename: E:\unity\Runtime/Export/Debug/Debug.bindings.h Line: 39)

SELFPLAY GOALMAP x=6.18 isPlayer1Goal=False 
(Filename: E:\unity\Runtime/Export/Debug/Debug.bindings.h Line: 39)

SELFPLAY GOAL 245 scorer=Fan ZhaoReward=-1 total=127:118 
(Filename: E:\unity\Runtime/Export/Debug/Debug.bindings.h Line: 39)

SELFPLAY GOAL 246 scorer=Zhao ZhaoReward=1 total=127:119 
(Filename: E:\unity\Runtime/Export/Debug/Debug.bindings.h Line: 39)

SELFPLAY GOAL 247 scorer=Fan ZhaoReward=-1 total=128:119 
(Filename: E:\unity\Runtime/Export/Debug/Debug.bindings.h Line: 39)

SELFPLAY GOAL 248 scorer=Fan ZhaoReward=-1 total=129:119 
(Filename: E:\unity\Runtime/Export/Debug/Debug.bindings.h Line: 39)

SELFPLAY GOAL 249 scorer=Fan ZhaoReward=-1 total=130:119 
(Filename: E:\unity\Runtime/Export/Debug/Debug.bindings.h Line: 39)

SELFPLAY GOAL 250 scorer=Fan ZhaoReward=-1 total=131:119 
(Filename: E:\unity\Runtime/Export/Debug/Debug.bindings.h Line: 39)

SELFPLAY GOAL 251 scorer=Fan ZhaoReward=-1 total=132:119 
(Filename: E:\unity\Runtime/Export/Debug/Debug.bindings.h Line: 39)

SELFPLAY GOAL 252 scorer=Fan ZhaoReward=-1 total=133:119 
(Filename: E:\unity\Runtime/Export/Debug/Debug.bindings.h Line: 39)

SELFPLAY PROGRESS goals=252/500 matches=25 score=133:119 real=98.80807 
(Filename: E:\unity\Runtime/Export/Debug/Debug.bindings.h Line: 39)

SELFPLAY GOAL 253 scorer=Zhao ZhaoReward=1 total=133:120 
(Filename: E:\unity\Runtime/Export/Debug/Debug.bindings.h Line: 39)

SELFPLAY GOAL 254 scorer=Fan ZhaoReward=-1 total=134:120 
(Filename: E:\unity\Runtime/Export/Debug/Debug.bindings.h Line: 39)

SELFPLAY GOAL 255 scorer=Zhao ZhaoReward=1 total=134:121 
(Filename: E:\unity\Runtime/Export/Debug/Debug.bindings.h Line: 39)

SELFPLAY MATCH 25 goals=11 total=255 score=8:3 
(Filename: E:\unity\Runtime/Export/Debug/Debug.bindings.h Line: 39)

Unloading 4 Unused Serialized files (Serialized files now loaded: 0)
UnloadTime: 0.470000 ms

Unloading 4 unused Assets to reduce memory usage. Loaded Objects now: 1059.
Total: 1.792500 ms (FindLiveObjects: 0.039000 ms CreateObjectMapping: 0.009000 ms MarkObjects: 0.260700 ms  DeleteObjects: 1.483500 ms)

SELFPLAY GOALMAP x=-6.13 isPlayer1Goal=True 
(Filename: E:\unity\Runtime/Export/Debug/Debug.bindings.h Line: 39)

SELFPLAY GOALMAP x=6.18 isPlayer1Goal=False 
(Filename: E:\unity\Runtime/Export/Debug/Debug.bindings.h Line: 39)

SELFPLAY GOAL 256 scorer=Fan ZhaoReward=-1 total=135:121 
(Filename: E:\unity\Runtime/Export/Debug/Debug.bindings.h Line: 39)

SELFPLAY GOAL 257 scorer=Fan ZhaoReward=-1 total=136:121 
(Filename: E:\unity\Runtime/Export/Debug/Debug.bindings.h Line: 39)

SELFPLAY GOAL 258 scorer=Fan ZhaoReward=-1 total=137:121 
(Filename: E:\unity\Runtime/Export/Debug/Debug.bindings.h Line: 39)

SELFPLAY GOAL 259 scorer=Fan ZhaoReward=-1 total=138:121 
(Filename: E:\unity\Runtime/Export/Debug/Debug.bindings.h Line: 39)

SELFPLAY GOAL 260 scorer=Zhao ZhaoReward=1 total=138:122 
(Filename: E:\unity\Runtime/Export/Debug/Debug.bindings.h Line: 39)

SELFPLAY GOAL 261 scorer=Zhao ZhaoReward=1 total=138:123 
(Filename: E:\unity\Runtime/Export/Debug/Debug.bindings.h Line: 39)

SELFPLAY GOAL 262 scorer=Zhao ZhaoReward=1 total=138:124 
(Filename: E:\unity\Runtime/Export/Debug/Debug.bindings.h Line: 39)

SELFPLAY GOAL 263 scorer=Fan ZhaoReward=-1 total=139:124 
(Filename: E:\unity\Runtime/Export/Debug/Debug.bindings.h Line: 39)

SELFPLAY GOAL 264 scorer=Zhao ZhaoReward=1 total=139:125 
(Filename: E:\unity\Runtime/Export/Debug/Debug.bindings.h Line: 39)

SELFPLAY GOAL 265 scorer=Zhao ZhaoReward=1 total=139:126 
(Filename: E:\unity\Runtime/Export/Debug/Debug.bindings.h Line: 39)

SELFPLAY MATCH 26 goals=10 total=265 score=5:5 
(Filename: E:\unity\Runtime/Export/Debug/Debug.bindings.h Line: 39)

Unloading 4 Unused Serialized files (Serialized files now loaded: 0)
UnloadTime: 0.538400 ms

Unloading 4 unused Assets to reduce memory usage. Loaded Objects now: 1059.
Total: 2.017600 ms (FindLiveObjects: 0.041100 ms CreateObjectMapping: 0.009300 ms MarkObjects: 0.255100 ms  DeleteObjects: 1.711500 ms)

SELFPLAY GOALMAP x=-6.13 isPlayer1Goal=True 
(Filename: E:\unity\Runtime/Export/Debug/Debug.bindings.h Line: 39)

SELFPLAY GOALMAP x=6.18 isPlayer1Goal=False 
(Filename: E:\unity\Runtime/Export/Debug/Debug.bindings.h Line: 39)

SELFPLAY GOAL 266 scorer=Fan ZhaoReward=-1 total=140:126 
(Filename: E:\unity\Runtime/Export/Debug/Debug.bindings.h Line: 39)

SELFPLAY GOAL 267 scorer=Fan ZhaoReward=-1 total=141:126 
(Filename: E:\unity\Runtime/Export/Debug/Debug.bindings.h Line: 39)

SELFPLAY GOAL 268 scorer=Zhao ZhaoReward=1 total=141:127 
(Filename: E:\unity\Runtime/Export/Debug/Debug.bindings.h Line: 39)

SELFPLAY GOAL 269 scorer=Zhao ZhaoReward=1 total=141:128 
(Filename: E:\unity\Runtime/Export/Debug/Debug.bindings.h Line: 39)

SELFPLAY GOAL 270 scorer=Zhao ZhaoReward=1 total=141:129 
(Filename: E:\unity\Runtime/Export/Debug/Debug.bindings.h Line: 39)

SELFPLAY GOAL 271 scorer=Zhao ZhaoReward=1 total=141:130 
(Filename: E:\unity\Runtime/Export/Debug/Debug.bindings.h Line: 39)

SELFPLAY GOAL 272 scorer=Zhao ZhaoReward=1 total=141:131 
(Filename: E:\unity\Runtime/Export/Debug/Debug.bindings.h Line: 39)

SELFPLAY GOAL 273 scorer=Zhao ZhaoReward=1 total=141:132 
(Filename: E:\unity\Runtime/Export/Debug/Debug.bindings.h Line: 39)

SELFPLAY GOAL 274 scorer=Zhao ZhaoReward=1 total=141:133 
(Filename: E:\unity\Runtime/Export/Debug/Debug.bindings.h Line: 39)

SELFPLAY GOAL 275 scorer=Zhao ZhaoReward=1 total=141:134 
(Filename: E:\unity\Runtime/Export/Debug/Debug.bindings.h Line: 39)

SELFPLAY GOAL 276 scorer=Fan ZhaoReward=-1 total=142:134 
(Filename: E:\unity\Runtime/Export/Debug/Debug.bindings.h Line: 39)

SELFPLAY GOAL 277 scorer=Fan ZhaoReward=-1 total=143:134 
(Filename: E:\unity\Runtime/Export/Debug/Debug.bindings.h Line: 39)

SELFPLAY MATCH 27 goals=12 total=277 score=4:8 
(Filename: E:\unity\Runtime/Export/Debug/Debug.bindings.h Line: 39)

Unloading 4 Unused Serialized files (Serialized files now loaded: 0)
UnloadTime: 0.429000 ms

Unloading 4 unused Assets to reduce memory usage. Loaded Objects now: 1059.
Total: 1.636600 ms (FindLiveObjects: 0.042100 ms CreateObjectMapping: 0.009300 ms MarkObjects: 0.275100 ms  DeleteObjects: 1.309500 ms)

SELFPLAY GOALMAP x=-6.13 isPlayer1Goal=True 
(Filename: E:\unity\Runtime/Export/Debug/Debug.bindings.h Line: 39)

SELFPLAY GOALMAP x=6.18 isPlayer1Goal=False 
(Filename: E:\unity\Runtime/Export/Debug/Debug.bindings.h Line: 39)

SELFPLAY GOAL 278 scorer=Fan ZhaoReward=-1 total=144:134 
(Filename: E:\unity\Runtime/Export/Debug/Debug.bindings.h Line: 39)

SELFPLAY GOAL 279 scorer=Fan ZhaoReward=-1 total=145:134 
(Filename: E:\unity\Runtime/Export/Debug/Debug.bindings.h Line: 39)

SELFPLAY GOAL 280 scorer=Fan ZhaoReward=-1 total=146:134 
(Filename: E:\unity\Runtime/Export/Debug/Debug.bindings.h Line: 39)

SELFPLAY GOAL 281 scorer=Zhao ZhaoReward=1 total=146:135 
(Filename: E:\unity\Runtime/Export/Debug/Debug.bindings.h Line: 39)

SELFPLAY GOAL 282 scorer=Zhao ZhaoReward=1 total=146:136 
(Filename: E:\unity\Runtime/Export/Debug/Debug.bindings.h Line: 39)

SELFPLAY GOAL 283 scorer=Fan ZhaoReward=-1 total=147:136 
(Filename: E:\unity\Runtime/Export/Debug/Debug.bindings.h Line: 39)

SELFPLAY GOAL 284 scorer=Fan ZhaoReward=-1 total=148:136 
(Filename: E:\unity\Runtime/Export/Debug/Debug.bindings.h Line: 39)

SELFPLAY GOAL 285 scorer=Zhao ZhaoReward=1 total=148:137 
(Filename: E:\unity\Runtime/Export/Debug/Debug.bindings.h Line: 39)

SELFPLAY GOAL 286 scorer=Fan ZhaoReward=-1 total=149:137 
(Filename: E:\unity\Runtime/Export/Debug/Debug.bindings.h Line: 39)

SELFPLAY MATCH 28 goals=9 total=286 score=6:3 
(Filename: E:\unity\Runtime/Export/Debug/Debug.bindings.h Line: 39)

Unloading 4 Unused Serialized files (Serialized files now loaded: 0)
UnloadTime: 0.438500 ms

Unloading 4 unused Assets to reduce memory usage. Loaded Objects now: 1059.
Total: 1.883400 ms (FindLiveObjects: 0.048200 ms CreateObjectMapping: 0.011900 ms MarkObjects: 0.312500 ms  DeleteObjects: 1.510200 ms)

SELFPLAY GOALMAP x=-6.13 isPlayer1Goal=True 
(Filename: E:\unity\Runtime/Export/Debug/Debug.bindings.h Line: 39)

SELFPLAY GOALMAP x=6.18 isPlayer1Goal=False 
(Filename: E:\unity\Runtime/Export/Debug/Debug.bindings.h Line: 39)

SELFPLAY GOAL 287 scorer=Fan ZhaoReward=-1 total=150:137 
(Filename: E:\unity\Runtime/Export/Debug/Debug.bindings.h Line: 39)

SELFPLAY GOAL 288 scorer=Fan ZhaoReward=-1 total=151:137 
(Filename: E:\unity\Runtime/Export/Debug/Debug.bindings.h Line: 39)

SELFPLAY GOAL 289 scorer=Fan ZhaoReward=-1 total=152:137 
(Filename: E:\unity\Runtime/Export/Debug/Debug.bindings.h Line: 39)

SELFPLAY GOAL 290 scorer=Zhao ZhaoReward=1 total=152:138 
(Filename: E:\unity\Runtime/Export/Debug/Debug.bindings.h Line: 39)

SELFPLAY GOAL 291 scorer=Fan ZhaoReward=-1 total=153:138 
(Filename: E:\unity\Runtime/Export/Debug/Debug.bindings.h Line: 39)

SELFPLAY GOAL 292 scorer=Fan ZhaoReward=-1 total=154:138 
(Filename: E:\unity\Runtime/Export/Debug/Debug.bindings.h Line: 39)

SELFPLAY GOAL 293 scorer=Zhao ZhaoReward=1 total=154:139 
(Filename: E:\unity\Runtime/Export/Debug/Debug.bindings.h Line: 39)

SELFPLAY GOAL 294 scorer=Zhao ZhaoReward=1 total=154:140 
(Filename: E:\unity\Runtime/Export/Debug/Debug.bindings.h Line: 39)

SELFPLAY GOAL 295 scorer=Fan ZhaoReward=-1 total=155:140 
(Filename: E:\unity\Runtime/Export/Debug/Debug.bindings.h Line: 39)

SELFPLAY MATCH 29 goals=9 total=295 score=6:3 
(Filename: E:\unity\Runtime/Export/Debug/Debug.bindings.h Line: 39)

Unloading 4 Unused Serialized files (Serialized files now loaded: 0)
UnloadTime: 0.503900 ms

Unloading 4 unused Assets to reduce memory usage. Loaded Objects now: 1059.
Total: 1.496200 ms (FindLiveObjects: 0.054100 ms CreateObjectMapping: 0.009600 ms MarkObjects: 0.312600 ms  DeleteObjects: 1.119400 ms)

SELFPLAY GOALMAP x=-6.13 isPlayer1Goal=True 
(Filename: E:\unity\Runtime/Export/Debug/Debug.bindings.h Line: 39)

SELFPLAY GOALMAP x=6.18 isPlayer1Goal=False 
(Filename: E:\unity\Runtime/Export/Debug/Debug.bindings.h Line: 39)

SELFPLAY GOAL 296 scorer=Fan ZhaoReward=-1 total=156:140 
(Filename: E:\unity\Runtime/Export/Debug/Debug.bindings.h Line: 39)

SELFPLAY GOAL 297 scorer=Fan ZhaoReward=-1 total=157:140 
(Filename: E:\unity\Runtime/Export/Debug/Debug.bindings.h Line: 39)

SELFPLAY GOAL 298 scorer=Fan ZhaoReward=-1 total=158:140 
(Filename: E:\unity\Runtime/Export/Debug/Debug.bindings.h Line: 39)

SELFPLAY GOAL 299 scorer=Fan ZhaoReward=-1 total=159:140 
(Filename: E:\unity\Runtime/Export/Debug/Debug.bindings.h Line: 39)

SELFPLAY GOAL 300 scorer=Fan ZhaoReward=-1 total=160:140 
(Filename: E:\unity\Runtime/Export/Debug/Debug.bindings.h Line: 39)

SELFPLAY GOAL 301 scorer=Zhao ZhaoReward=1 total=160:141 
(Filename: E:\unity\Runtime/Export/Debug/Debug.bindings.h Line: 39)

SELFPLAY GOAL 302 scorer=Fan ZhaoReward=-1 total=161:141 
(Filename: E:\unity\Runtime/Export/Debug/Debug.bindings.h Line: 39)

SELFPLAY GOAL 303 scorer=Zhao ZhaoReward=1 total=161:142 
(Filename: E:\unity\Runtime/Export/Debug/Debug.bindings.h Line: 39)

SELFPLAY GOAL 304 scorer=Zhao ZhaoReward=1 total=161:143 
(Filename: E:\unity\Runtime/Export/Debug/Debug.bindings.h Line: 39)

SELFPLAY GOAL 305 scorer=Fan ZhaoReward=-1 total=162:143 
(Filename: E:\unity\Runtime/Export/Debug/Debug.bindings.h Line: 39)

SELFPLAY GOAL 306 scorer=Fan ZhaoReward=-1 total=163:143 
(Filename: E:\unity\Runtime/Export/Debug/Debug.bindings.h Line: 39)

SELFPLAY GOAL 307 scorer=Fan ZhaoReward=-1 total=164:143 
(Filename: E:\unity\Runtime/Export/Debug/Debug.bindings.h Line: 39)

SELFPLAY MATCH 30 goals=12 total=307 score=9:3 
(Filename: E:\unity\Runtime/Export/Debug/Debug.bindings.h Line: 39)

Unloading 4 Unused Serialized files (Serialized files now loaded: 0)
UnloadTime: 0.463800 ms

Unloading 4 unused Assets to reduce memory usage. Loaded Objects now: 1059.
Total: 1.400900 ms (FindLiveObjects: 0.038700 ms CreateObjectMapping: 0.009100 ms MarkObjects: 0.328600 ms  DeleteObjects: 1.024100 ms)

SELFPLAY GOALMAP x=-6.13 isPlayer1Goal=True 
(Filename: E:\unity\Runtime/Export/Debug/Debug.bindings.h Line: 39)

SELFPLAY GOALMAP x=6.18 isPlayer1Goal=False 
(Filename: E:\unity\Runtime/Export/Debug/Debug.bindings.h Line: 39)

SELFPLAY GOAL 308 scorer=Fan ZhaoReward=-1 total=165:143 
(Filename: E:\unity\Runtime/Export/Debug/Debug.bindings.h Line: 39)

SELFPLAY GOAL 309 scorer=Zhao ZhaoReward=1 total=165:144 
(Filename: E:\unity\Runtime/Export/Debug/Debug.bindings.h Line: 39)

SELFPLAY GOAL 310 scorer=Zhao ZhaoReward=1 total=165:145 
(Filename: E:\unity\Runtime/Export/Debug/Debug.bindings.h Line: 39)

SELFPLAY GOAL 311 scorer=Zhao ZhaoReward=1 total=165:146 
(Filename: E:\unity\Runtime/Export/Debug/Debug.bindings.h Line: 39)

SELFPLAY GOAL 312 scorer=Zhao ZhaoReward=1 total=165:147 
(Filename: E:\unity\Runtime/Export/Debug/Debug.bindings.h Line: 39)

SELFPLAY GOAL 313 scorer=Zhao ZhaoReward=1 total=165:148 
(Filename: E:\unity\Runtime/Export/Debug/Debug.bindings.h Line: 39)

SELFPLAY MATCH 31 goals=6 total=313 score=1:5 
(Filename: E:\unity\Runtime/Export/Debug/Debug.bindings.h Line: 39)

Unloading 4 Unused Serialized files (Serialized files now loaded: 0)
UnloadTime: 0.593500 ms

Unloading 4 unused Assets to reduce memory usage. Loaded Objects now: 1059.
Total: 1.757100 ms (FindLiveObjects: 0.108200 ms CreateObjectMapping: 0.014300 ms MarkObjects: 0.610200 ms  DeleteObjects: 1.023400 ms)

SELFPLAY GOALMAP x=-6.13 isPlayer1Goal=True 
(Filename: E:\unity\Runtime/Export/Debug/Debug.bindings.h Line: 39)

SELFPLAY GOALMAP x=6.18 isPlayer1Goal=False 
(Filename: E:\unity\Runtime/Export/Debug/Debug.bindings.h Line: 39)

SELFPLAY GOAL 314 scorer=Fan ZhaoReward=-1 total=166:148 
(Filename: E:\unity\Runtime/Export/Debug/Debug.bindings.h Line: 39)

SELFPLAY GOAL 315 scorer=Fan ZhaoReward=-1 total=167:148 
(Filename: E:\unity\Runtime/Export/Debug/Debug.bindings.h Line: 39)

SELFPLAY GOAL 316 scorer=Zhao ZhaoReward=1 total=167:149 
(Filename: E:\unity\Runtime/Export/Debug/Debug.bindings.h Line: 39)

SELFPLAY GOAL 317 scorer=Fan ZhaoReward=-1 total=168:149 
(Filename: E:\unity\Runtime/Export/Debug/Debug.bindings.h Line: 39)

SELFPLAY GOAL 318 scorer=Zhao ZhaoReward=1 total=168:150 
(Filename: E:\unity\Runtime/Export/Debug/Debug.bindings.h Line: 39)

SELFPLAY GOAL 319 scorer=Zhao ZhaoReward=1 total=168:151 
(Filename: E:\unity\Runtime/Export/Debug/Debug.bindings.h Line: 39)

SELFPLAY GOAL 320 scorer=Fan ZhaoReward=-1 total=169:151 
(Filename: E:\unity\Runtime/Export/Debug/Debug.bindings.h Line: 39)

SELFPLAY GOAL 321 scorer=Fan ZhaoReward=-1 total=170:151 
(Filename: E:\unity\Runtime/Export/Debug/Debug.bindings.h Line: 39)

SELFPLAY MATCH 32 goals=8 total=321 score=5:3 
(Filename: E:\unity\Runtime/Export/Debug/Debug.bindings.h Line: 39)

Unloading 4 Unused Serialized files (Serialized files now loaded: 0)
UnloadTime: 0.468200 ms

Unloading 4 unused Assets to reduce memory usage. Loaded Objects now: 1059.
Total: 1.275200 ms (FindLiveObjects: 0.036500 ms CreateObjectMapping: 0.008600 ms MarkObjects: 0.328600 ms  DeleteObjects: 0.901000 ms)

SELFPLAY GOALMAP x=-6.13 isPlayer1Goal=True 
(Filename: E:\unity\Runtime/Export/Debug/Debug.bindings.h Line: 39)

SELFPLAY GOALMAP x=6.18 isPlayer1Goal=False 
(Filename: E:\unity\Runtime/Export/Debug/Debug.bindings.h Line: 39)

SELFPLAY PROGRESS goals=321/500 matches=33 score=170:151 real=129.0275 
(Filename: E:\unity\Runtime/Export/Debug/Debug.bindings.h Line: 39)

SELFPLAY GOAL 322 scorer=Fan ZhaoReward=-1 total=171:151 
(Filename: E:\unity\Runtime/Export/Debug/Debug.bindings.h Line: 39)

SELFPLAY GOAL 323 scorer=Zhao ZhaoReward=1 total=171:152 
(Filename: E:\unity\Runtime/Export/Debug/Debug.bindings.h Line: 39)

SELFPLAY GOAL 324 scorer=Fan ZhaoReward=-1 total=172:152 
(Filename: E:\unity\Runtime/Export/Debug/Debug.bindings.h Line: 39)

SELFPLAY GOAL 325 scorer=Fan ZhaoReward=-1 total=173:152 
(Filename: E:\unity\Runtime/Export/Debug/Debug.bindings.h Line: 39)

SELFPLAY GOAL 326 scorer=Zhao ZhaoReward=1 total=173:153 
(Filename: E:\unity\Runtime/Export/Debug/Debug.bindings.h Line: 39)

SELFPLAY GOAL 327 scorer=Fan ZhaoReward=-1 total=174:153 
(Filename: E:\unity\Runtime/Export/Debug/Debug.bindings.h Line: 39)

SELFPLAY GOAL 328 scorer=Zhao ZhaoReward=1 total=174:154 
(Filename: E:\unity\Runtime/Export/Debug/Debug.bindings.h Line: 39)

SELFPLAY GOAL 329 scorer=Zhao ZhaoReward=1 total=174:155 
(Filename: E:\unity\Runtime/Export/Debug/Debug.bindings.h Line: 39)

SELFPLAY GOAL 330 scorer=Fan ZhaoReward=-1 total=175:155 
(Filename: E:\unity\Runtime/Export/Debug/Debug.bindings.h Line: 39)

SELFPLAY GOAL 331 scorer=Fan ZhaoReward=-1 total=176:155 
(Filename: E:\unity\Runtime/Export/Debug/Debug.bindings.h Line: 39)

SELFPLAY GOAL 332 scorer=Fan ZhaoReward=-1 total=177:155 
(Filename: E:\unity\Runtime/Export/Debug/Debug.bindings.h Line: 39)

SELFPLAY MATCH 33 goals=11 total=332 score=7:4 
(Filename: E:\unity\Runtime/Export/Debug/Debug.bindings.h Line: 39)

Unloading 4 Unused Serialized files (Serialized files now loaded: 0)
UnloadTime: 0.421700 ms

Unloading 4 unused Assets to reduce memory usage. Loaded Objects now: 1059.
Total: 1.361000 ms (FindLiveObjects: 0.042000 ms CreateObjectMapping: 0.009100 ms MarkObjects: 0.282200 ms  DeleteObjects: 1.027400 ms)

SELFPLAY GOALMAP x=-6.13 isPlayer1Goal=True 
(Filename: E:\unity\Runtime/Export/Debug/Debug.bindings.h Line: 39)

SELFPLAY GOALMAP x=6.18 isPlayer1Goal=False 
(Filename: E:\unity\Runtime/Export/Debug/Debug.bindings.h Line: 39)

SELFPLAY GOAL 333 scorer=Fan ZhaoReward=-1 total=178:155 
(Filename: E:\unity\Runtime/Export/Debug/Debug.bindings.h Line: 39)

SELFPLAY GOAL 334 scorer=Zhao ZhaoReward=1 total=178:156 
(Filename: E:\unity\Runtime/Export/Debug/Debug.bindings.h Line: 39)

SELFPLAY GOAL 335 scorer=Zhao ZhaoReward=1 total=178:157 
(Filename: E:\unity\Runtime/Export/Debug/Debug.bindings.h Line: 39)

SELFPLAY GOAL 336 scorer=Fan ZhaoReward=-1 total=179:157 
(Filename: E:\unity\Runtime/Export/Debug/Debug.bindings.h Line: 39)

SELFPLAY GOAL 337 scorer=Zhao ZhaoReward=1 total=179:158 
(Filename: E:\unity\Runtime/Export/Debug/Debug.bindings.h Line: 39)

SELFPLAY GOAL 338 scorer=Zhao ZhaoReward=1 total=179:159 
(Filename: E:\unity\Runtime/Export/Debug/Debug.bindings.h Line: 39)

SELFPLAY GOAL 339 scorer=Zhao ZhaoReward=1 total=179:160 
(Filename: E:\unity\Runtime/Export/Debug/Debug.bindings.h Line: 39)

SELFPLAY GOAL 340 scorer=Zhao ZhaoReward=1 total=179:161 
(Filename: E:\unity\Runtime/Export/Debug/Debug.bindings.h Line: 39)

SELFPLAY GOAL 341 scorer=Fan ZhaoReward=-1 total=180:161 
(Filename: E:\unity\Runtime/Export/Debug/Debug.bindings.h Line: 39)

SELFPLAY GOAL 342 scorer=Fan ZhaoReward=-1 total=181:161 
(Filename: E:\unity\Runtime/Export/Debug/Debug.bindings.h Line: 39)

SELFPLAY MATCH 34 goals=10 total=342 score=4:6 
(Filename: E:\unity\Runtime/Export/Debug/Debug.bindings.h Line: 39)

Unloading 4 Unused Serialized files (Serialized files now loaded: 0)
UnloadTime: 0.462400 ms

Unloading 4 unused Assets to reduce memory usage. Loaded Objects now: 1059.
Total: 1.436900 ms (FindLiveObjects: 0.045500 ms CreateObjectMapping: 0.011200 ms MarkObjects: 0.295600 ms  DeleteObjects: 1.084200 ms)

SELFPLAY GOALMAP x=-6.13 isPlayer1Goal=True 
(Filename: E:\unity\Runtime/Export/Debug/Debug.bindings.h Line: 39)

SELFPLAY GOALMAP x=6.18 isPlayer1Goal=False 
(Filename: E:\unity\Runtime/Export/Debug/Debug.bindings.h Line: 39)

SELFPLAY GOAL 343 scorer=Fan ZhaoReward=-1 total=182:161 
(Filename: E:\unity\Runtime/Export/Debug/Debug.bindings.h Line: 39)

SELFPLAY GOAL 344 scorer=Zhao ZhaoReward=1 total=182:162 
(Filename: E:\unity\Runtime/Export/Debug/Debug.bindings.h Line: 39)

SELFPLAY GOAL 345 scorer=Fan ZhaoReward=-1 total=183:162 
(Filename: E:\unity\Runtime/Export/Debug/Debug.bindings.h Line: 39)

SELFPLAY GOAL 346 scorer=Zhao ZhaoReward=1 total=183:163 
(Filename: E:\unity\Runtime/Export/Debug/Debug.bindings.h Line: 39)

SELFPLAY GOAL 347 scorer=Zhao ZhaoReward=1 total=183:164 
(Filename: E:\unity\Runtime/Export/Debug/Debug.bindings.h Line: 39)

SELFPLAY GOAL 348 scorer=Zhao ZhaoReward=1 total=183:165 
(Filename: E:\unity\Runtime/Export/Debug/Debug.bindings.h Line: 39)

SELFPLAY GOAL 349 scorer=Zhao ZhaoReward=1 total=183:166 
(Filename: E:\unity\Runtime/Export/Debug/Debug.bindings.h Line: 39)

SELFPLAY GOAL 350 scorer=Fan ZhaoReward=-1 total=184:166 
(Filename: E:\unity\Runtime/Export/Debug/Debug.bindings.h Line: 39)

SELFPLAY GOAL 351 scorer=Fan ZhaoReward=-1 total=185:166 
(Filename: E:\unity\Runtime/Export/Debug/Debug.bindings.h Line: 39)

SELFPLAY GOAL 352 scorer=Fan ZhaoReward=-1 total=186:166 
(Filename: E:\unity\Runtime/Export/Debug/Debug.bindings.h Line: 39)

SELFPLAY GOAL 353 scorer=Zhao ZhaoReward=1 total=186:167 
(Filename: E:\unity\Runtime/Export/Debug/Debug.bindings.h Line: 39)

SELFPLAY MATCH 35 goals=11 total=353 score=5:6 
(Filename: E:\unity\Runtime/Export/Debug/Debug.bindings.h Line: 39)

Unloading 4 Unused Serialized files (Serialized files now loaded: 0)
UnloadTime: 0.703400 ms

Unloading 4 unused Assets to reduce memory usage. Loaded Objects now: 1059.
Total: 1.306700 ms (FindLiveObjects: 0.050700 ms CreateObjectMapping: 0.010800 ms MarkObjects: 0.340500 ms  DeleteObjects: 0.904400 ms)

SELFPLAY GOALMAP x=-6.13 isPlayer1Goal=True 
(Filename: E:\unity\Runtime/Export/Debug/Debug.bindings.h Line: 39)

SELFPLAY GOALMAP x=6.18 isPlayer1Goal=False 
(Filename: E:\unity\Runtime/Export/Debug/Debug.bindings.h Line: 39)

SELFPLAY GOAL 354 scorer=Fan ZhaoReward=-1 total=187:167 
(Filename: E:\unity\Runtime/Export/Debug/Debug.bindings.h Line: 39)

SELFPLAY GOAL 355 scorer=Zhao ZhaoReward=1 total=187:168 
(Filename: E:\unity\Runtime/Export/Debug/Debug.bindings.h Line: 39)

SELFPLAY GOAL 356 scorer=Zhao ZhaoReward=1 total=187:169 
(Filename: E:\unity\Runtime/Export/Debug/Debug.bindings.h Line: 39)

SELFPLAY GOAL 357 scorer=Fan ZhaoReward=-1 total=188:169 
(Filename: E:\unity\Runtime/Export/Debug/Debug.bindings.h Line: 39)

SELFPLAY GOAL 358 scorer=Fan ZhaoReward=-1 total=189:169 
(Filename: E:\unity\Runtime/Export/Debug/Debug.bindings.h Line: 39)

SELFPLAY GOAL 359 scorer=Zhao ZhaoReward=1 total=189:170 
(Filename: E:\unity\Runtime/Export/Debug/Debug.bindings.h Line: 39)

SELFPLAY GOAL 360 scorer=Zhao ZhaoReward=1 total=189:171 
(Filename: E:\unity\Runtime/Export/Debug/Debug.bindings.h Line: 39)

SELFPLAY MATCH 36 goals=7 total=360 score=3:4 
(Filename: E:\unity\Runtime/Export/Debug/Debug.bindings.h Line: 39)

Unloading 4 Unused Serialized files (Serialized files now loaded: 0)
UnloadTime: 0.449000 ms

Unloading 4 unused Assets to reduce memory usage. Loaded Objects now: 1059.
Total: 1.406600 ms (FindLiveObjects: 0.042100 ms CreateObjectMapping: 0.009300 ms MarkObjects: 0.376300 ms  DeleteObjects: 0.978400 ms)

SELFPLAY GOALMAP x=-6.13 isPlayer1Goal=True 
(Filename: E:\unity\Runtime/Export/Debug/Debug.bindings.h Line: 39)

SELFPLAY GOALMAP x=6.18 isPlayer1Goal=False 
(Filename: E:\unity\Runtime/Export/Debug/Debug.bindings.h Line: 39)

SELFPLAY GOAL 361 scorer=Fan ZhaoReward=-1 total=190:171 
(Filename: E:\unity\Runtime/Export/Debug/Debug.bindings.h Line: 39)

SELFPLAY GOAL 362 scorer=Fan ZhaoReward=-1 total=191:171 
(Filename: E:\unity\Runtime/Export/Debug/Debug.bindings.h Line: 39)

SELFPLAY GOAL 363 scorer=Zhao ZhaoReward=1 total=191:172 
(Filename: E:\unity\Runtime/Export/Debug/Debug.bindings.h Line: 39)

SELFPLAY GOAL 364 scorer=Fan ZhaoReward=-1 total=192:172 
(Filename: E:\unity\Runtime/Export/Debug/Debug.bindings.h Line: 39)

SELFPLAY GOAL 365 scorer=Zhao ZhaoReward=1 total=192:173 
(Filename: E:\unity\Runtime/Export/Debug/Debug.bindings.h Line: 39)

SELFPLAY GOAL 366 scorer=Fan ZhaoReward=-1 total=193:173 
(Filename: E:\unity\Runtime/Export/Debug/Debug.bindings.h Line: 39)

SELFPLAY GOAL 367 scorer=Zhao ZhaoReward=1 total=193:174 
(Filename: E:\unity\Runtime/Export/Debug/Debug.bindings.h Line: 39)

SELFPLAY GOAL 368 scorer=Zhao ZhaoReward=1 total=193:175 
(Filename: E:\unity\Runtime/Export/Debug/Debug.bindings.h Line: 39)

SELFPLAY GOAL 369 scorer=Zhao ZhaoReward=1 total=193:176 
(Filename: E:\unity\Runtime/Export/Debug/Debug.bindings.h Line: 39)

SELFPLAY MATCH 37 goals=9 total=369 score=4:5 
(Filename: E:\unity\Runtime/Export/Debug/Debug.bindings.h Line: 39)

Unloading 4 Unused Serialized files (Serialized files now loaded: 0)
UnloadTime: 0.499800 ms

Unloading 4 unused Assets to reduce memory usage. Loaded Objects now: 1059.
Total: 1.426200 ms (FindLiveObjects: 0.041800 ms CreateObjectMapping: 0.009300 ms MarkObjects: 0.345800 ms  DeleteObjects: 1.028700 ms)

SELFPLAY GOALMAP x=-6.13 isPlayer1Goal=True 
(Filename: E:\unity\Runtime/Export/Debug/Debug.bindings.h Line: 39)

SELFPLAY GOALMAP x=6.18 isPlayer1Goal=False 
(Filename: E:\unity\Runtime/Export/Debug/Debug.bindings.h Line: 39)

SELFPLAY GOAL 370 scorer=Fan ZhaoReward=-1 total=194:176 
(Filename: E:\unity\Runtime/Export/Debug/Debug.bindings.h Line: 39)

SELFPLAY GOAL 371 scorer=Fan ZhaoReward=-1 total=195:176 
(Filename: E:\unity\Runtime/Export/Debug/Debug.bindings.h Line: 39)

SELFPLAY GOAL 372 scorer=Zhao ZhaoReward=1 total=195:177 
(Filename: E:\unity\Runtime/Export/Debug/Debug.bindings.h Line: 39)

SELFPLAY GOAL 373 scorer=Zhao ZhaoReward=1 total=195:178 
(Filename: E:\unity\Runtime/Export/Debug/Debug.bindings.h Line: 39)

SELFPLAY GOAL 374 scorer=Fan ZhaoReward=-1 total=196:178 
(Filename: E:\unity\Runtime/Export/Debug/Debug.bindings.h Line: 39)

SELFPLAY GOAL 375 scorer=Fan ZhaoReward=-1 total=197:178 
(Filename: E:\unity\Runtime/Export/Debug/Debug.bindings.h Line: 39)

SELFPLAY GOAL 376 scorer=Zhao ZhaoReward=1 total=197:179 
(Filename: E:\unity\Runtime/Export/Debug/Debug.bindings.h Line: 39)

SELFPLAY GOAL 377 scorer=Fan ZhaoReward=-1 total=198:179 
(Filename: E:\unity\Runtime/Export/Debug/Debug.bindings.h Line: 39)

SELFPLAY GOAL 378 scorer=Zhao ZhaoReward=1 total=198:180 
(Filename: E:\unity\Runtime/Export/Debug/Debug.bindings.h Line: 39)

SELFPLAY GOAL 379 scorer=Zhao ZhaoReward=1 total=198:181 
(Filename: E:\unity\Runtime/Export/Debug/Debug.bindings.h Line: 39)

SELFPLAY GOAL 380 scorer=Fan ZhaoReward=-1 total=199:181 
(Filename: E:\unity\Runtime/Export/Debug/Debug.bindings.h Line: 39)

SELFPLAY MATCH 38 goals=11 total=380 score=6:5 
(Filename: E:\unity\Runtime/Export/Debug/Debug.bindings.h Line: 39)

Unloading 4 Unused Serialized files (Serialized files now loaded: 0)
UnloadTime: 0.495500 ms

Unloading 4 unused Assets to reduce memory usage. Loaded Objects now: 1059.
Total: 1.409000 ms (FindLiveObjects: 0.041700 ms CreateObjectMapping: 0.009000 ms MarkObjects: 0.275200 ms  DeleteObjects: 1.082600 ms)

SELFPLAY GOALMAP x=-6.13 isPlayer1Goal=True 
(Filename: E:\unity\Runtime/Export/Debug/Debug.bindings.h Line: 39)

SELFPLAY GOALMAP x=6.18 isPlayer1Goal=False 
(Filename: E:\unity\Runtime/Export/Debug/Debug.bindings.h Line: 39)

SELFPLAY GOAL 381 scorer=Fan ZhaoReward=-1 total=200:181 
(Filename: E:\unity\Runtime/Export/Debug/Debug.bindings.h Line: 39)

SELFPLAY GOAL 382 scorer=Fan ZhaoReward=-1 total=201:181 
(Filename: E:\unity\Runtime/Export/Debug/Debug.bindings.h Line: 39)

SELFPLAY GOAL 383 scorer=Fan ZhaoReward=-1 total=202:181 
(Filename: E:\unity\Runtime/Export/Debug/Debug.bindings.h Line: 39)

SELFPLAY GOAL 384 scorer=Fan ZhaoReward=-1 total=203:181 
(Filename: E:\unity\Runtime/Export/Debug/Debug.bindings.h Line: 39)

SELFPLAY GOAL 385 scorer=Zhao ZhaoReward=1 total=203:182 
(Filename: E:\unity\Runtime/Export/Debug/Debug.bindings.h Line: 39)

SELFPLAY GOAL 386 scorer=Fan ZhaoReward=-1 total=204:182 
(Filename: E:\unity\Runtime/Export/Debug/Debug.bindings.h Line: 39)

SELFPLAY GOAL 387 scorer=Fan ZhaoReward=-1 total=205:182 
(Filename: E:\unity\Runtime/Export/Debug/Debug.bindings.h Line: 39)

SELFPLAY GOAL 388 scorer=Fan ZhaoReward=-1 total=206:182 
(Filename: E:\unity\Runtime/Export/Debug/Debug.bindings.h Line: 39)

SELFPLAY GOAL 389 scorer=Fan ZhaoReward=-1 total=207:182 
(Filename: E:\unity\Runtime/Export/Debug/Debug.bindings.h Line: 39)

SELFPLAY GOAL 390 scorer=Zhao ZhaoReward=1 total=207:183 
(Filename: E:\unity\Runtime/Export/Debug/Debug.bindings.h Line: 39)

SELFPLAY GOAL 391 scorer=Zhao ZhaoReward=1 total=207:184 
(Filename: E:\unity\Runtime/Export/Debug/Debug.bindings.h Line: 39)

SELFPLAY GOAL 392 scorer=Zhao ZhaoReward=1 total=207:185 
(Filename: E:\unity\Runtime/Export/Debug/Debug.bindings.h Line: 39)

SELFPLAY GOAL 393 scorer=Fan ZhaoReward=-1 total=208:185 
(Filename: E:\unity\Runtime/Export/Debug/Debug.bindings.h Line: 39)

SELFPLAY MATCH 39 goals=13 total=393 score=9:4 
(Filename: E:\unity\Runtime/Export/Debug/Debug.bindings.h Line: 39)

Unloading 4 Unused Serialized files (Serialized files now loaded: 0)
UnloadTime: 0.515400 ms

Unloading 4 unused Assets to reduce memory usage. Loaded Objects now: 1059.
Total: 1.365700 ms (FindLiveObjects: 0.044500 ms CreateObjectMapping: 0.010600 ms MarkObjects: 0.301200 ms  DeleteObjects: 1.009000 ms)

SELFPLAY GOALMAP x=-6.13 isPlayer1Goal=True 
(Filename: E:\unity\Runtime/Export/Debug/Debug.bindings.h Line: 39)

SELFPLAY GOALMAP x=6.18 isPlayer1Goal=False 
(Filename: E:\unity\Runtime/Export/Debug/Debug.bindings.h Line: 39)

SELFPLAY GOAL 394 scorer=Fan ZhaoReward=-1 total=209:185 
(Filename: E:\unity\Runtime/Export/Debug/Debug.bindings.h Line: 39)

SELFPLAY GOAL 395 scorer=Fan ZhaoReward=-1 total=210:185 
(Filename: E:\unity\Runtime/Export/Debug/Debug.bindings.h Line: 39)

SELFPLAY GOAL 396 scorer=Fan ZhaoReward=-1 total=211:185 
(Filename: E:\unity\Runtime/Export/Debug/Debug.bindings.h Line: 39)

SELFPLAY GOAL 397 scorer=Zhao ZhaoReward=1 total=211:186 
(Filename: E:\unity\Runtime/Export/Debug/Debug.bindings.h Line: 39)

SELFPLAY PROGRESS goals=397/500 matches=40 score=211:186 real=159.0299 
(Filename: E:\unity\Runtime/Export/Debug/Debug.bindings.h Line: 39)

SELFPLAY GOAL 398 scorer=Fan ZhaoReward=-1 total=212:186 
(Filename: E:\unity\Runtime/Export/Debug/Debug.bindings.h Line: 39)

SELFPLAY GOAL 399 scorer=Fan ZhaoReward=-1 total=213:186 
(Filename: E:\unity\Runtime/Export/Debug/Debug.bindings.h Line: 39)

SELFPLAY GOAL 400 scorer=Zhao ZhaoReward=1 total=213:187 
(Filename: E:\unity\Runtime/Export/Debug/Debug.bindings.h Line: 39)

SELFPLAY GOAL 401 scorer=Zhao ZhaoReward=1 total=213:188 
(Filename: E:\unity\Runtime/Export/Debug/Debug.bindings.h Line: 39)

SELFPLAY GOAL 402 scorer=Zhao ZhaoReward=1 total=213:189 
(Filename: E:\unity\Runtime/Export/Debug/Debug.bindings.h Line: 39)

SELFPLAY GOAL 403 scorer=Fan ZhaoReward=-1 total=214:189 
(Filename: E:\unity\Runtime/Export/Debug/Debug.bindings.h Line: 39)

SELFPLAY GOAL 404 scorer=Zhao ZhaoReward=1 total=214:190 
(Filename: E:\unity\Runtime/Export/Debug/Debug.bindings.h Line: 39)

SELFPLAY MATCH 40 goals=11 total=404 score=6:5 
(Filename: E:\unity\Runtime/Export/Debug/Debug.bindings.h Line: 39)

Unloading 4 Unused Serialized files (Serialized files now loaded: 0)
UnloadTime: 0.465300 ms

Unloading 4 unused Assets to reduce memory usage. Loaded Objects now: 1059.
Total: 1.297300 ms (FindLiveObjects: 0.044000 ms CreateObjectMapping: 0.010300 ms MarkObjects: 0.296300 ms  DeleteObjects: 0.946400 ms)

SELFPLAY GOALMAP x=-6.13 isPlayer1Goal=True 
(Filename: E:\unity\Runtime/Export/Debug/Debug.bindings.h Line: 39)

SELFPLAY GOALMAP x=6.18 isPlayer1Goal=False 
(Filename: E:\unity\Runtime/Export/Debug/Debug.bindings.h Line: 39)

SELFPLAY GOAL 405 scorer=Fan ZhaoReward=-1 total=215:190 
(Filename: E:\unity\Runtime/Export/Debug/Debug.bindings.h Line: 39)

SELFPLAY GOAL 406 scorer=Fan ZhaoReward=-1 total=216:190 
(Filename: E:\unity\Runtime/Export/Debug/Debug.bindings.h Line: 39)

SELFPLAY GOAL 407 scorer=Fan ZhaoReward=-1 total=217:190 
(Filename: E:\unity\Runtime/Export/Debug/Debug.bindings.h Line: 39)

SELFPLAY GOAL 408 scorer=Zhao ZhaoReward=1 total=217:191 
(Filename: E:\unity\Runtime/Export/Debug/Debug.bindings.h Line: 39)

SELFPLAY GOAL 409 scorer=Fan ZhaoReward=-1 total=218:191 
(Filename: E:\unity\Runtime/Export/Debug/Debug.bindings.h Line: 39)

SELFPLAY GOAL 410 scorer=Zhao ZhaoReward=1 total=218:192 
(Filename: E:\unity\Runtime/Export/Debug/Debug.bindings.h Line: 39)

SELFPLAY GOAL 411 scorer=Fan ZhaoReward=-1 total=219:192 
(Filename: E:\unity\Runtime/Export/Debug/Debug.bindings.h Line: 39)

SELFPLAY GOAL 412 scorer=Zhao ZhaoReward=1 total=219:193 
(Filename: E:\unity\Runtime/Export/Debug/Debug.bindings.h Line: 39)

SELFPLAY GOAL 413 scorer=Zhao ZhaoReward=1 total=219:194 
(Filename: E:\unity\Runtime/Export/Debug/Debug.bindings.h Line: 39)

SELFPLAY MATCH 41 goals=9 total=413 score=5:4 
(Filename: E:\unity\Runtime/Export/Debug/Debug.bindings.h Line: 39)

Unloading 4 Unused Serialized files (Serialized files now loaded: 0)
UnloadTime: 0.423100 ms

Unloading 4 unused Assets to reduce memory usage. Loaded Objects now: 1059.
Total: 1.366300 ms (FindLiveObjects: 0.040600 ms CreateObjectMapping: 0.009300 ms MarkObjects: 0.278200 ms  DeleteObjects: 1.037700 ms)

SELFPLAY GOALMAP x=-6.13 isPlayer1Goal=True 
(Filename: E:\unity\Runtime/Export/Debug/Debug.bindings.h Line: 39)

SELFPLAY GOALMAP x=6.18 isPlayer1Goal=False 
(Filename: E:\unity\Runtime/Export/Debug/Debug.bindings.h Line: 39)

SELFPLAY GOAL 414 scorer=Fan ZhaoReward=-1 total=220:194 
(Filename: E:\unity\Runtime/Export/Debug/Debug.bindings.h Line: 39)

SELFPLAY GOAL 415 scorer=Zhao ZhaoReward=1 total=220:195 
(Filename: E:\unity\Runtime/Export/Debug/Debug.bindings.h Line: 39)

SELFPLAY GOAL 416 scorer=Zhao ZhaoReward=1 total=220:196 
(Filename: E:\unity\Runtime/Export/Debug/Debug.bindings.h Line: 39)

SELFPLAY GOAL 417 scorer=Fan ZhaoReward=-1 total=221:196 
(Filename: E:\unity\Runtime/Export/Debug/Debug.bindings.h Line: 39)

SELFPLAY GOAL 418 scorer=Zhao ZhaoReward=1 total=221:197 
(Filename: E:\unity\Runtime/Export/Debug/Debug.bindings.h Line: 39)

SELFPLAY GOAL 419 scorer=Fan ZhaoReward=-1 total=222:197 
(Filename: E:\unity\Runtime/Export/Debug/Debug.bindings.h Line: 39)

SELFPLAY GOAL 420 scorer=Zhao ZhaoReward=1 total=222:198 
(Filename: E:\unity\Runtime/Export/Debug/Debug.bindings.h Line: 39)

SELFPLAY GOAL 421 scorer=Zhao ZhaoReward=1 total=222:199 
(Filename: E:\unity\Runtime/Export/Debug/Debug.bindings.h Line: 39)

SELFPLAY GOAL 422 scorer=Zhao ZhaoReward=1 total=222:200 
(Filename: E:\unity\Runtime/Export/Debug/Debug.bindings.h Line: 39)

SELFPLAY GOAL 423 scorer=Zhao ZhaoReward=1 total=222:201 
(Filename: E:\unity\Runtime/Export/Debug/Debug.bindings.h Line: 39)

SELFPLAY GOAL 424 scorer=Zhao ZhaoReward=1 total=222:202 
(Filename: E:\unity\Runtime/Export/Debug/Debug.bindings.h Line: 39)

SELFPLAY GOAL 425 scorer=Fan ZhaoReward=-1 total=223:202 
(Filename: E:\unity\Runtime/Export/Debug/Debug.bindings.h Line: 39)

SELFPLAY MATCH 42 goals=12 total=425 score=4:8 
(Filename: E:\unity\Runtime/Export/Debug/Debug.bindings.h Line: 39)

Unloading 4 Unused Serialized files (Serialized files now loaded: 0)
UnloadTime: 0.431900 ms

Unloading 4 unused Assets to reduce memory usage. Loaded Objects now: 1059.
Total: 1.343200 ms (FindLiveObjects: 0.043000 ms CreateObjectMapping: 0.009500 ms MarkObjects: 0.324400 ms  DeleteObjects: 0.965800 ms)

SELFPLAY GOALMAP x=-6.13 isPlayer1Goal=True 
(Filename: E:\unity\Runtime/Export/Debug/Debug.bindings.h Line: 39)

SELFPLAY GOALMAP x=6.18 isPlayer1Goal=False 
(Filename: E:\unity\Runtime/Export/Debug/Debug.bindings.h Line: 39)

SELFPLAY GOAL 426 scorer=Fan ZhaoReward=-1 total=224:202 
(Filename: E:\unity\Runtime/Export/Debug/Debug.bindings.h Line: 39)

SELFPLAY GOAL 427 scorer=Zhao ZhaoReward=1 total=224:203 
(Filename: E:\unity\Runtime/Export/Debug/Debug.bindings.h Line: 39)

SELFPLAY GOAL 428 scorer=Zhao ZhaoReward=1 total=224:204 
(Filename: E:\unity\Runtime/Export/Debug/Debug.bindings.h Line: 39)

SELFPLAY GOAL 429 scorer=Zhao ZhaoReward=1 total=224:205 
(Filename: E:\unity\Runtime/Export/Debug/Debug.bindings.h Line: 39)

SELFPLAY GOAL 430 scorer=Zhao ZhaoReward=1 total=224:206 
(Filename: E:\unity\Runtime/Export/Debug/Debug.bindings.h Line: 39)

SELFPLAY GOAL 431 scorer=Zhao ZhaoReward=1 total=224:207 
(Filename: E:\unity\Runtime/Export/Debug/Debug.bindings.h Line: 39)

SELFPLAY GOAL 432 scorer=Fan ZhaoReward=-1 total=225:207 
(Filename: E:\unity\Runtime/Export/Debug/Debug.bindings.h Line: 39)

SELFPLAY GOAL 433 scorer=Zhao ZhaoReward=1 total=225:208 
(Filename: E:\unity\Runtime/Export/Debug/Debug.bindings.h Line: 39)

SELFPLAY GOAL 434 scorer=Zhao ZhaoReward=1 total=225:209 
(Filename: E:\unity\Runtime/Export/Debug/Debug.bindings.h Line: 39)

SELFPLAY GOAL 435 scorer=Zhao ZhaoReward=1 total=225:210 
(Filename: E:\unity\Runtime/Export/Debug/Debug.bindings.h Line: 39)

SELFPLAY MATCH 43 goals=10 total=435 score=2:8 
(Filename: E:\unity\Runtime/Export/Debug/Debug.bindings.h Line: 39)

Unloading 4 Unused Serialized files (Serialized files now loaded: 0)
UnloadTime: 0.487600 ms

Unloading 4 unused Assets to reduce memory usage. Loaded Objects now: 1059.
Total: 1.272400 ms (FindLiveObjects: 0.039100 ms CreateObjectMapping: 0.009200 ms MarkObjects: 0.271300 ms  DeleteObjects: 0.952300 ms)

SELFPLAY GOALMAP x=-6.13 isPlayer1Goal=True 
(Filename: E:\unity\Runtime/Export/Debug/Debug.bindings.h Line: 39)

SELFPLAY GOALMAP x=6.18 isPlayer1Goal=False 
(Filename: E:\unity\Runtime/Export/Debug/Debug.bindings.h Line: 39)

SELFPLAY GOAL 436 scorer=Fan ZhaoReward=-1 total=226:210 
(Filename: E:\unity\Runtime/Export/Debug/Debug.bindings.h Line: 39)

SELFPLAY GOAL 437 scorer=Fan ZhaoReward=-1 total=227:210 
(Filename: E:\unity\Runtime/Export/Debug/Debug.bindings.h Line: 39)

SELFPLAY GOAL 438 scorer=Fan ZhaoReward=-1 total=228:210 
(Filename: E:\unity\Runtime/Export/Debug/Debug.bindings.h Line: 39)

SELFPLAY GOAL 439 scorer=Zhao ZhaoReward=1 total=228:211 
(Filename: E:\unity\Runtime/Export/Debug/Debug.bindings.h Line: 39)

SELFPLAY GOAL 440 scorer=Fan ZhaoReward=-1 total=229:211 
(Filename: E:\unity\Runtime/Export/Debug/Debug.bindings.h Line: 39)

SELFPLAY GOAL 441 scorer=Fan ZhaoReward=-1 total=230:211 
(Filename: E:\unity\Runtime/Export/Debug/Debug.bindings.h Line: 39)

SELFPLAY GOAL 442 scorer=Fan ZhaoReward=-1 total=231:211 
(Filename: E:\unity\Runtime/Export/Debug/Debug.bindings.h Line: 39)

SELFPLAY GOAL 443 scorer=Fan ZhaoReward=-1 total=232:211 
(Filename: E:\unity\Runtime/Export/Debug/Debug.bindings.h Line: 39)

SELFPLAY GOAL 444 scorer=Zhao ZhaoReward=1 total=232:212 
(Filename: E:\unity\Runtime/Export/Debug/Debug.bindings.h Line: 39)

SELFPLAY GOAL 445 scorer=Zhao ZhaoReward=1 total=232:213 
(Filename: E:\unity\Runtime/Export/Debug/Debug.bindings.h Line: 39)

SELFPLAY GOAL 446 scorer=Zhao ZhaoReward=1 total=232:214 
(Filename: E:\unity\Runtime/Export/Debug/Debug.bindings.h Line: 39)

SELFPLAY GOAL 447 scorer=Fan ZhaoReward=-1 total=233:214 
(Filename: E:\unity\Runtime/Export/Debug/Debug.bindings.h Line: 39)

SELFPLAY MATCH 44 goals=12 total=447 score=8:4 
(Filename: E:\unity\Runtime/Export/Debug/Debug.bindings.h Line: 39)

Unloading 4 Unused Serialized files (Serialized files now loaded: 0)
UnloadTime: 0.528900 ms

Unloading 4 unused Assets to reduce memory usage. Loaded Objects now: 1059.
Total: 1.377500 ms (FindLiveObjects: 0.051700 ms CreateObjectMapping: 0.012100 ms MarkObjects: 0.379700 ms  DeleteObjects: 0.933700 ms)

SELFPLAY GOALMAP x=-6.13 isPlayer1Goal=True 
(Filename: E:\unity\Runtime/Export/Debug/Debug.bindings.h Line: 39)

SELFPLAY GOALMAP x=6.18 isPlayer1Goal=False 
(Filename: E:\unity\Runtime/Export/Debug/Debug.bindings.h Line: 39)

SELFPLAY GOAL 448 scorer=Fan ZhaoReward=-1 total=234:214 
(Filename: E:\unity\Runtime/Export/Debug/Debug.bindings.h Line: 39)

SELFPLAY GOAL 449 scorer=Fan ZhaoReward=-1 total=235:214 
(Filename: E:\unity\Runtime/Export/Debug/Debug.bindings.h Line: 39)

SELFPLAY GOAL 450 scorer=Fan ZhaoReward=-1 total=236:214 
(Filename: E:\unity\Runtime/Export/Debug/Debug.bindings.h Line: 39)

SELFPLAY GOAL 451 scorer=Zhao ZhaoReward=1 total=236:215 
(Filename: E:\unity\Runtime/Export/Debug/Debug.bindings.h Line: 39)

SELFPLAY GOAL 452 scorer=Zhao ZhaoReward=1 total=236:216 
(Filename: E:\unity\Runtime/Export/Debug/Debug.bindings.h Line: 39)

SELFPLAY GOAL 453 scorer=Zhao ZhaoReward=1 total=236:217 
(Filename: E:\unity\Runtime/Export/Debug/Debug.bindings.h Line: 39)

SELFPLAY GOAL 454 scorer=Fan ZhaoReward=-1 total=237:217 
(Filename: E:\unity\Runtime/Export/Debug/Debug.bindings.h Line: 39)

SELFPLAY GOAL 455 scorer=Zhao ZhaoReward=1 total=237:218 
(Filename: E:\unity\Runtime/Export/Debug/Debug.bindings.h Line: 39)

SELFPLAY MATCH 45 goals=8 total=455 score=4:4 
(Filename: E:\unity\Runtime/Export/Debug/Debug.bindings.h Line: 39)

Unloading 4 Unused Serialized files (Serialized files now loaded: 0)
UnloadTime: 0.577800 ms

Unloading 4 unused Assets to reduce memory usage. Loaded Objects now: 1059.
Total: 1.327300 ms (FindLiveObjects: 0.055400 ms CreateObjectMapping: 0.009600 ms MarkObjects: 0.366800 ms  DeleteObjects: 0.895200 ms)

SELFPLAY GOALMAP x=-6.13 isPlayer1Goal=True 
(Filename: E:\unity\Runtime/Export/Debug/Debug.bindings.h Line: 39)

SELFPLAY GOALMAP x=6.18 isPlayer1Goal=False 
(Filename: E:\unity\Runtime/Export/Debug/Debug.bindings.h Line: 39)

SELFPLAY GOAL 456 scorer=Fan ZhaoReward=-1 total=238:218 
(Filename: E:\unity\Runtime/Export/Debug/Debug.bindings.h Line: 39)

SELFPLAY GOAL 457 scorer=Fan ZhaoReward=-1 total=239:218 
(Filename: E:\unity\Runtime/Export/Debug/Debug.bindings.h Line: 39)

SELFPLAY GOAL 458 scorer=Zhao ZhaoReward=1 total=239:219 
(Filename: E:\unity\Runtime/Export/Debug/Debug.bindings.h Line: 39)

SELFPLAY GOAL 459 scorer=Fan ZhaoReward=-1 total=240:219 
(Filename: E:\unity\Runtime/Export/Debug/Debug.bindings.h Line: 39)

SELFPLAY GOAL 460 scorer=Zhao ZhaoReward=1 total=240:220 
(Filename: E:\unity\Runtime/Export/Debug/Debug.bindings.h Line: 39)

SELFPLAY GOAL 461 scorer=Zhao ZhaoReward=1 total=240:221 
(Filename: E:\unity\Runtime/Export/Debug/Debug.bindings.h Line: 39)

SELFPLAY GOAL 462 scorer=Zhao ZhaoReward=1 total=240:222 
(Filename: E:\unity\Runtime/Export/Debug/Debug.bindings.h Line: 39)

SELFPLAY GOAL 463 scorer=Fan ZhaoReward=-1 total=241:222 
(Filename: E:\unity\Runtime/Export/Debug/Debug.bindings.h Line: 39)

SELFPLAY GOAL 464 scorer=Fan ZhaoReward=-1 total=242:222 
(Filename: E:\unity\Runtime/Export/Debug/Debug.bindings.h Line: 39)

SELFPLAY GOAL 465 scorer=Fan ZhaoReward=-1 total=243:222 
(Filename: E:\unity\Runtime/Export/Debug/Debug.bindings.h Line: 39)

SELFPLAY GOAL 466 scorer=Fan ZhaoReward=-1 total=244:222 
(Filename: E:\unity\Runtime/Export/Debug/Debug.bindings.h Line: 39)

SELFPLAY MATCH 46 goals=11 total=466 score=7:4 
(Filename: E:\unity\Runtime/Export/Debug/Debug.bindings.h Line: 39)

Unloading 4 Unused Serialized files (Serialized files now loaded: 0)
UnloadTime: 0.479700 ms

Unloading 4 unused Assets to reduce memory usage. Loaded Objects now: 1059.
Total: 1.264300 ms (FindLiveObjects: 0.038700 ms CreateObjectMapping: 0.009000 ms MarkObjects: 0.278000 ms  DeleteObjects: 0.938300 ms)

SELFPLAY GOALMAP x=-6.13 isPlayer1Goal=True 
(Filename: E:\unity\Runtime/Export/Debug/Debug.bindings.h Line: 39)

SELFPLAY GOALMAP x=6.18 isPlayer1Goal=False 
(Filename: E:\unity\Runtime/Export/Debug/Debug.bindings.h Line: 39)

SELFPLAY GOAL 467 scorer=Fan ZhaoReward=-1 total=245:222 
(Filename: E:\unity\Runtime/Export/Debug/Debug.bindings.h Line: 39)

SELFPLAY GOAL 468 scorer=Fan ZhaoReward=-1 total=246:222 
(Filename: E:\unity\Runtime/Export/Debug/Debug.bindings.h Line: 39)

SELFPLAY GOAL 469 scorer=Fan ZhaoReward=-1 total=247:222 
(Filename: E:\unity\Runtime/Export/Debug/Debug.bindings.h Line: 39)

SELFPLAY GOAL 470 scorer=Zhao ZhaoReward=1 total=247:223 
(Filename: E:\unity\Runtime/Export/Debug/Debug.bindings.h Line: 39)

SELFPLAY GOAL 471 scorer=Zhao ZhaoReward=1 total=247:224 
(Filename: E:\unity\Runtime/Export/Debug/Debug.bindings.h Line: 39)

SELFPLAY GOAL 472 scorer=Zhao ZhaoReward=1 total=247:225 
(Filename: E:\unity\Runtime/Export/Debug/Debug.bindings.h Line: 39)

SELFPLAY GOAL 473 scorer=Zhao ZhaoReward=1 total=247:226 
(Filename: E:\unity\Runtime/Export/Debug/Debug.bindings.h Line: 39)

SELFPLAY GOAL 474 scorer=Zhao ZhaoReward=1 total=247:227 
(Filename: E:\unity\Runtime/Export/Debug/Debug.bindings.h Line: 39)

SELFPLAY PROGRESS goals=474/500 matches=47 score=247:227 real=189.0332 
(Filename: E:\unity\Runtime/Export/Debug/Debug.bindings.h Line: 39)

SELFPLAY GOAL 475 scorer=Zhao ZhaoReward=1 total=247:228 
(Filename: E:\unity\Runtime/Export/Debug/Debug.bindings.h Line: 39)

SELFPLAY GOAL 476 scorer=Fan ZhaoReward=-1 total=248:228 
(Filename: E:\unity\Runtime/Export/Debug/Debug.bindings.h Line: 39)

SELFPLAY MATCH 47 goals=10 total=476 score=4:6 
(Filename: E:\unity\Runtime/Export/Debug/Debug.bindings.h Line: 39)

Unloading 4 Unused Serialized files (Serialized files now loaded: 0)
UnloadTime: 0.454900 ms

Unloading 4 unused Assets to reduce memory usage. Loaded Objects now: 1059.
Total: 1.432700 ms (FindLiveObjects: 0.042100 ms CreateObjectMapping: 0.009500 ms MarkObjects: 0.388200 ms  DeleteObjects: 0.992300 ms)

SELFPLAY GOALMAP x=-6.13 isPlayer1Goal=True 
(Filename: E:\unity\Runtime/Export/Debug/Debug.bindings.h Line: 39)

SELFPLAY GOALMAP x=6.18 isPlayer1Goal=False 
(Filename: E:\unity\Runtime/Export/Debug/Debug.bindings.h Line: 39)

SELFPLAY GOAL 477 scorer=Fan ZhaoReward=-1 total=249:228 
(Filename: E:\unity\Runtime/Export/Debug/Debug.bindings.h Line: 39)

SELFPLAY GOAL 478 scorer=Fan ZhaoReward=-1 total=250:228 
(Filename: E:\unity\Runtime/Export/Debug/Debug.bindings.h Line: 39)

SELFPLAY GOAL 479 scorer=Zhao ZhaoReward=1 total=250:229 
(Filename: E:\unity\Runtime/Export/Debug/Debug.bindings.h Line: 39)

SELFPLAY GOAL 480 scorer=Zhao ZhaoReward=1 total=250:230 
(Filename: E:\unity\Runtime/Export/Debug/Debug.bindings.h Line: 39)

SELFPLAY GOAL 481 scorer=Zhao ZhaoReward=1 total=250:231 
(Filename: E:\unity\Runtime/Export/Debug/Debug.bindings.h Line: 39)

SELFPLAY GOAL 482 scorer=Zhao ZhaoReward=1 total=250:232 
(Filename: E:\unity\Runtime/Export/Debug/Debug.bindings.h Line: 39)

SELFPLAY GOAL 483 scorer=Zhao ZhaoReward=1 total=250:233 
(Filename: E:\unity\Runtime/Export/Debug/Debug.bindings.h Line: 39)

SELFPLAY GOAL 484 scorer=Zhao ZhaoReward=1 total=250:234 
(Filename: E:\unity\Runtime/Export/Debug/Debug.bindings.h Line: 39)

SELFPLAY GOAL 485 scorer=Fan ZhaoReward=-1 total=251:234 
(Filename: E:\unity\Runtime/Export/Debug/Debug.bindings.h Line: 39)

SELFPLAY GOAL 486 scorer=Zhao ZhaoReward=1 total=251:235 
(Filename: E:\unity\Runtime/Export/Debug/Debug.bindings.h Line: 39)

SELFPLAY MATCH 48 goals=10 total=486 score=3:7 
(Filename: E:\unity\Runtime/Export/Debug/Debug.bindings.h Line: 39)

Unloading 4 Unused Serialized files (Serialized files now loaded: 0)
UnloadTime: 0.521800 ms

Unloading 4 unused Assets to reduce memory usage. Loaded Objects now: 1059.
Total: 1.367300 ms (FindLiveObjects: 0.040800 ms CreateObjectMapping: 0.009200 ms MarkObjects: 0.307600 ms  DeleteObjects: 1.009400 ms)

SELFPLAY GOALMAP x=-6.13 isPlayer1Goal=True 
(Filename: E:\unity\Runtime/Export/Debug/Debug.bindings.h Line: 39)

SELFPLAY GOALMAP x=6.18 isPlayer1Goal=False 
(Filename: E:\unity\Runtime/Export/Debug/Debug.bindings.h Line: 39)

SELFPLAY GOAL 487 scorer=Fan ZhaoReward=-1 total=252:235 
(Filename: E:\unity\Runtime/Export/Debug/Debug.bindings.h Line: 39)

SELFPLAY GOAL 488 scorer=Zhao ZhaoReward=1 total=252:236 
(Filename: E:\unity\Runtime/Export/Debug/Debug.bindings.h Line: 39)

SELFPLAY GOAL 489 scorer=Fan ZhaoReward=-1 total=253:236 
(Filename: E:\unity\Runtime/Export/Debug/Debug.bindings.h Line: 39)

SELFPLAY GOAL 490 scorer=Zhao ZhaoReward=1 total=253:237 
(Filename: E:\unity\Runtime/Export/Debug/Debug.bindings.h Line: 39)

SELFPLAY GOAL 491 scorer=Fan ZhaoReward=-1 total=254:237 
(Filename: E:\unity\Runtime/Export/Debug/Debug.bindings.h Line: 39)

SELFPLAY GOAL 492 scorer=Fan ZhaoReward=-1 total=255:237 
(Filename: E:\unity\Runtime/Export/Debug/Debug.bindings.h Line: 39)

SELFPLAY GOAL 493 scorer=Fan ZhaoReward=-1 total=256:237 
(Filename: E:\unity\Runtime/Export/Debug/Debug.bindings.h Line: 39)

SELFPLAY GOAL 494 scorer=Zhao ZhaoReward=1 total=256:238 
(Filename: E:\unity\Runtime/Export/Debug/Debug.bindings.h Line: 39)

SELFPLAY GOAL 495 scorer=Fan ZhaoReward=-1 total=257:238 
(Filename: E:\unity\Runtime/Export/Debug/Debug.bindings.h Line: 39)

SELFPLAY GOAL 496 scorer=Zhao ZhaoReward=1 total=257:239 
(Filename: E:\unity\Runtime/Export/Debug/Debug.bindings.h Line: 39)

SELFPLAY GOAL 497 scorer=Fan ZhaoReward=-1 total=258:239 
(Filename: E:\unity\Runtime/Export/Debug/Debug.bindings.h Line: 39)

SELFPLAY GOAL 498 scorer=Zhao ZhaoReward=1 total=258:240 
(Filename: E:\unity\Runtime/Export/Debug/Debug.bindings.h Line: 39)

SELFPLAY GOAL 499 scorer=Fan ZhaoReward=-1 total=259:240 
(Filename: E:\unity\Runtime/Export/Debug/Debug.bindings.h Line: 39)

SELFPLAY MATCH 49 goals=13 total=499 score=8:5 
(Filename: E:\unity\Runtime/Export/Debug/Debug.bindings.h Line: 39)

Unloading 4 Unused Serialized files (Serialized files now loaded: 0)
UnloadTime: 0.428900 ms

Unloading 4 unused Assets to reduce memory usage. Loaded Objects now: 1059.
Total: 1.329900 ms (FindLiveObjects: 0.035300 ms CreateObjectMapping: 0.008800 ms MarkObjects: 0.262000 ms  DeleteObjects: 1.023600 ms)

SELFPLAY GOALMAP x=-6.13 isPlayer1Goal=True 
(Filename: E:\unity\Runtime/Export/Debug/Debug.bindings.h Line: 39)

SELFPLAY GOALMAP x=6.18 isPlayer1Goal=False 
(Filename: E:\unity\Runtime/Export/Debug/Debug.bindings.h Line: 39)

SELFPLAY GOAL 500 scorer=Fan ZhaoReward=-1 total=260:240 
(Filename: E:\unity\Runtime/Export/Debug/Debug.bindings.h Line: 39)

SELFPLAY MATCH 50 goals=1 total=500 score=1:0 
(Filename: E:\unity\Runtime/Export/Debug/Debug.bindings.h Line: 39)

SELFPLAY COMPLETE goals=500 fan=260 zhao=240 matches=50 failures=0 
(Filename: E:\unity\Runtime/Export/Debug/Debug.bindings.h Line: 39)

Setting up 12 worker threads for Enlighten.
  Thread -> id: d30 -> priority: 1 
  Thread -> id: 9f48 -> priority: 1 
  Thread -> id: 872c -> priority: 1 
  Thread -> id: 3d9c -> priority: 1 
  Thread -> id: 24fc -> priority: 1 
  Thread -> id: 4774 -> priority: 1 
  Thread -> id: 4848 -> priority: 1 
  Thread -> id: 9df0 -> priority: 1 
  Thread -> id: 99a8 -> priority: 1 
  Thread -> id: 6348 -> priority: 1 
  Thread -> id: 6234 -> priority: 1 
  Thread -> id: 9dd0 -> priority: 1 

SELFPLAY COMPLETE goals=2000 fan=1049 zhao=951 workers=4 failures=0
