Mono path[0] = 'C:/Users/Alienware/Documents/范志毅VS赵鹏/范志毅VS赵鹏 PC双人版（32位）/鑼冨織姣匳S璧甸箯 PC鍙屼汉鐗堬紙32浣嶏級/AI Mod Source/build/fan-strategy-selfplay-experiment-baseline-worker-0/FanZhiYi_Data/Managed'
Mono config path = 'C:/Users/Alienware/Documents/范志毅VS赵鹏/范志毅VS赵鹏 PC双人版（32位）/鑼冨織姣匳S璧甸箯 PC鍙屼汉鐗堬紙32浣嶏級/AI Mod Source/build/fan-strategy-selfplay-experiment-baseline-worker-0/MonoBleedingEdge/etc'
AS: AutoStreaming module initializing.Initialize engine version: 2019.4.33f1c1 (c2f94a8bebb3)
[Subsystems] Discovering subsystems at path C:/Users/Alienware/Documents/范志毅VS赵鹏/范志毅VS赵鹏 PC双人版（32位）/鑼冨織姣匳S璧甸箯 PC鍙屼汉鐗堬紙32浣嶏級/AI Mod Source/build/fan-strategy-selfplay-experiment-baseline-worker-0/FanZhiYi_Data/UnitySubsystems
Forcing GfxDevice: Null
GfxDevice: creating device client; threaded=0
NullGfxDevice:
    Version:  NULL 1.0 [1.0]
    Renderer: Null Device
    Vendor:   Unity Technologies
Begin MonoManager ReloadAssembly
- Completed reload, in  0.102 seconds
Microsoft Media Foundation video decoding to texture disabled: graphics device is Null, only Direct3D 11 and Direct3D 12 (only on desktop) are supported for hardware-accelerated video decoding.
UnloadTime: 0.638800 ms
Unloading 5 Unused Serialized files (Serialized files now loaded: 0)
UnloadTime: 0.164000 ms

Unloading 145 unused Assets to reduce memory usage. Loaded Objects now: 1003.
Total: 0.478000 ms (FindLiveObjects: 0.040900 ms CreateObjectMapping: 0.011600 ms MarkObjects: 0.222700 ms  DeleteObjects: 0.202200 ms)

SELFPLAY GOALMAP x=-6.13 isPlayer1Goal=True 
(Filename: E:\unity\Runtime/Export/Debug/Debug.bindings.h Line: 39)

SELFPLAY GOALMAP x=6.18 isPlayer1Goal=False 
(Filename: E:\unity\Runtime/Export/Debug/Debug.bindings.h Line: 39)

SELFPLAY GOAL 101 scorer=Fan ZhaoReward=-1 total=45:56 
(Filename: E:\unity\Runtime/Export/Debug/Debug.bindings.h Line: 39)

SELFPLAY GOAL 102 scorer=Fan ZhaoReward=-1 total=46:56 
(Filename: E:\unity\Runtime/Export/Debug/Debug.bindings.h Line: 39)

SELFPLAY GOAL 103 scorer=Zhao ZhaoReward=1 total=46:57 
(Filename: E:\unity\Runtime/Export/Debug/Debug.bindings.h Line: 39)

SELFPLAY GOAL 104 scorer=Zhao ZhaoReward=1 total=46:58 
(Filename: E:\unity\Runtime/Export/Debug/Debug.bindings.h Line: 39)

SELFPLAY GOAL 105 scorer=Fan ZhaoReward=-1 total=47:58 
(Filename: E:\unity\Runtime/Export/Debug/Debug.bindings.h Line: 39)

SELFPLAY GOAL 106 scorer=Zhao ZhaoReward=1 total=47:59 
(Filename: E:\unity\Runtime/Export/Debug/Debug.bindings.h Line: 39)

SELFPLAY GOAL 107 scorer=Zhao ZhaoReward=1 total=47:60 
(Filename: E:\unity\Runtime/Export/Debug/Debug.bindings.h Line: 39)

SELFPLAY GOAL 108 scorer=Zhao ZhaoReward=1 total=47:61 
(Filename: E:\unity\Runtime/Export/Debug/Debug.bindings.h Line: 39)

SELFPLAY GOAL 109 scorer=Zhao ZhaoReward=1 total=47:62 
(Filename: E:\unity\Runtime/Export/Debug/Debug.bindings.h Line: 39)

SELFPLAY GOAL 110 scorer=Fan ZhaoReward=-1 total=48:62 
(Filename: E:\unity\Runtime/Export/Debug/Debug.bindings.h Line: 39)

SELFPLAY GOAL 111 scorer=Zhao ZhaoReward=1 total=48:63 
(Filename: E:\unity\Runtime/Export/Debug/Debug.bindings.h Line: 39)

SELFPLAY MATCH 12 goals=11 total=111 score=4:7 
(Filename: E:\unity\Runtime/Export/Debug/Debug.bindings.h Line: 39)

Unloading 4 Unused Serialized files (Serialized files now loaded: 0)
UnloadTime: 1.135000 ms

Unloading 37 unused Assets to reduce memory usage. Loaded Objects now: 1061.
Total: 1.284200 ms (FindLiveObjects: 0.040500 ms CreateObjectMapping: 0.009000 ms MarkObjects: 0.281100 ms  DeleteObjects: 0.953000 ms)

SELFPLAY GOALMAP x=-6.13 isPlayer1Goal=True 
(Filename: E:\unity\Runtime/Export/Debug/Debug.bindings.h Line: 39)

SELFPLAY GOALMAP x=6.18 isPlayer1Goal=False 
(Filename: E:\unity\Runtime/Export/Debug/Debug.bindings.h Line: 39)

SELFPLAY GOAL 112 scorer=Zhao ZhaoReward=1 total=48:64 
(Filename: E:\unity\Runtime/Export/Debug/Debug.bindings.h Line: 39)

SELFPLAY GOAL 113 scorer=Zhao ZhaoReward=1 total=48:65 
(Filename: E:\unity\Runtime/Export/Debug/Debug.bindings.h Line: 39)

SELFPLAY GOAL 114 scorer=Zhao ZhaoReward=1 total=48:66 
(Filename: E:\unity\Runtime/Export/Debug/Debug.bindings.h Line: 39)

SELFPLAY GOAL 115 scorer=Fan ZhaoReward=-1 total=49:66 
(Filename: E:\unity\Runtime/Export/Debug/Debug.bindings.h Line: 39)

SELFPLAY MATCH 13 goals=4 total=115 score=1:3 
(Filename: E:\unity\Runtime/Export/Debug/Debug.bindings.h Line: 39)

Unloading 4 Unused Serialized files (Serialized files now loaded: 0)
UnloadTime: 0.496200 ms

Unloading 4 unused Assets to reduce memory usage. Loaded Objects now: 1061.
Total: 1.284400 ms (FindLiveObjects: 0.044400 ms CreateObjectMapping: 0.009700 ms MarkObjects: 0.249600 ms  DeleteObjects: 0.979900 ms)

SELFPLAY GOALMAP x=-6.13 isPlayer1Goal=True 
(Filename: E:\unity\Runtime/Export/Debug/Debug.bindings.h Line: 39)

SELFPLAY GOALMAP x=6.18 isPlayer1Goal=False 
(Filename: E:\unity\Runtime/Export/Debug/Debug.bindings.h Line: 39)

SELFPLAY GOAL 116 scorer=Fan ZhaoReward=-1 total=50:66 
(Filename: E:\unity\Runtime/Export/Debug/Debug.bindings.h Line: 39)

SELFPLAY GOAL 117 scorer=Fan ZhaoReward=-1 total=51:66 
(Filename: E:\unity\Runtime/Export/Debug/Debug.bindings.h Line: 39)

SELFPLAY GOAL 118 scorer=Fan ZhaoReward=-1 total=52:66 
(Filename: E:\unity\Runtime/Export/Debug/Debug.bindings.h Line: 39)

SELFPLAY GOAL 119 scorer=Fan ZhaoReward=-1 total=53:66 
(Filename: E:\unity\Runtime/Export/Debug/Debug.bindings.h Line: 39)

SELFPLAY GOAL 120 scorer=Fan ZhaoReward=-1 total=54:66 
(Filename: E:\unity\Runtime/Export/Debug/Debug.bindings.h Line: 39)

SELFPLAY GOAL 121 scorer=Zhao ZhaoReward=1 total=54:67 
(Filename: E:\unity\Runtime/Export/Debug/Debug.bindings.h Line: 39)

SELFPLAY GOAL 122 scorer=Fan ZhaoReward=-1 total=55:67 
(Filename: E:\unity\Runtime/Export/Debug/Debug.bindings.h Line: 39)

SELFPLAY MATCH 14 goals=7 total=122 score=6:1 
(Filename: E:\unity\Runtime/Export/Debug/Debug.bindings.h Line: 39)

Unloading 4 Unused Serialized files (Serialized files now loaded: 0)
UnloadTime: 0.425000 ms

Unloading 4 unused Assets to reduce memory usage. Loaded Objects now: 1061.
Total: 1.172600 ms (FindLiveObjects: 0.040600 ms CreateObjectMapping: 0.009200 ms MarkObjects: 0.246900 ms  DeleteObjects: 0.875400 ms)

SELFPLAY GOALMAP x=-6.13 isPlayer1Goal=True 
(Filename: E:\unity\Runtime/Export/Debug/Debug.bindings.h Line: 39)

SELFPLAY GOALMAP x=6.18 isPlayer1Goal=False 
(Filename: E:\unity\Runtime/Export/Debug/Debug.bindings.h Line: 39)

SELFPLAY GOAL 123 scorer=Zhao ZhaoReward=1 total=55:68 
(Filename: E:\unity\Runtime/Export/Debug/Debug.bindings.h Line: 39)

SELFPLAY GOAL 124 scorer=Fan ZhaoReward=-1 total=56:68 
(Filename: E:\unity\Runtime/Export/Debug/Debug.bindings.h Line: 39)

SELFPLAY GOAL 125 scorer=Fan ZhaoReward=-1 total=57:68 
(Filename: E:\unity\Runtime/Export/Debug/Debug.bindings.h Line: 39)

SELFPLAY GOAL 126 scorer=Zhao ZhaoReward=1 total=57:69 
(Filename: E:\unity\Runtime/Export/Debug/Debug.bindings.h Line: 39)

SELFPLAY GOAL 127 scorer=Fan ZhaoReward=-1 total=58:69 
(Filename: E:\unity\Runtime/Export/Debug/Debug.bindings.h Line: 39)

SELFPLAY GOAL 128 scorer=Fan ZhaoReward=-1 total=59:69 
(Filename: E:\unity\Runtime/Export/Debug/Debug.bindings.h Line: 39)

SELFPLAY GOAL 129 scorer=Fan ZhaoReward=-1 total=60:69 
(Filename: E:\unity\Runtime/Export/Debug/Debug.bindings.h Line: 39)

SELFPLAY GOAL 130 scorer=Zhao ZhaoReward=1 total=60:70 
(Filename: E:\unity\Runtime/Export/Debug/Debug.bindings.h Line: 39)

SELFPLAY GOAL 131 scorer=Fan ZhaoReward=-1 total=61:70 
(Filename: E:\unity\Runtime/Export/Debug/Debug.bindings.h Line: 39)

SELFPLAY GOAL 132 scorer=Fan ZhaoReward=-1 total=62:70 
(Filename: E:\unity\Runtime/Export/Debug/Debug.bindings.h Line: 39)

SELFPLAY MATCH 15 goals=10 total=132 score=7:3 
(Filename: E:\unity\Runtime/Export/Debug/Debug.bindings.h Line: 39)

Unloading 4 Unused Serialized files (Serialized files now loaded: 0)
UnloadTime: 0.597000 ms

Unloading 4 unused Assets to reduce memory usage. Loaded Objects now: 1061.
Total: 1.223400 ms (FindLiveObjects: 0.046100 ms CreateObjectMapping: 0.011500 ms MarkObjects: 0.252400 ms  DeleteObjects: 0.913000 ms)

SELFPLAY GOALMAP x=-6.13 isPlayer1Goal=True 
(Filename: E:\unity\Runtime/Export/Debug/Debug.bindings.h Line: 39)

SELFPLAY GOALMAP x=6.18 isPlayer1Goal=False 
(Filename: E:\unity\Runtime/Export/Debug/Debug.bindings.h Line: 39)

SELFPLAY GOAL 133 scorer=Zhao ZhaoReward=1 total=62:71 
(Filename: E:\unity\Runtime/Export/Debug/Debug.bindings.h Line: 39)

SELFPLAY GOAL 134 scorer=Zhao ZhaoReward=1 total=62:72 
(Filename: E:\unity\Runtime/Export/Debug/Debug.bindings.h Line: 39)

SELFPLAY GOAL 135 scorer=Fan ZhaoReward=-1 total=63:72 
(Filename: E:\unity\Runtime/Export/Debug/Debug.bindings.h Line: 39)

SELFPLAY GOAL 136 scorer=Zhao ZhaoReward=1 total=63:73 
(Filename: E:\unity\Runtime/Export/Debug/Debug.bindings.h Line: 39)

SELFPLAY GOAL 137 scorer=Zhao ZhaoReward=1 total=63:74 
(Filename: E:\unity\Runtime/Export/Debug/Debug.bindings.h Line: 39)

SELFPLAY GOAL 138 scorer=Zhao ZhaoReward=1 total=63:75 
(Filename: E:\unity\Runtime/Export/Debug/Debug.bindings.h Line: 39)

SELFPLAY GOAL 139 scorer=Zhao ZhaoReward=1 total=63:76 
(Filename: E:\unity\Runtime/Export/Debug/Debug.bindings.h Line: 39)

SELFPLAY MATCH 16 goals=7 total=139 score=1:6 
(Filename: E:\unity\Runtime/Export/Debug/Debug.bindings.h Line: 39)

Unloading 4 Unused Serialized files (Serialized files now loaded: 0)
UnloadTime: 0.587200 ms

Unloading 4 unused Assets to reduce memory usage. Loaded Objects now: 1061.
Total: 1.248400 ms (FindLiveObjects: 0.044100 ms CreateObjectMapping: 0.008600 ms MarkObjects: 0.280900 ms  DeleteObjects: 0.914200 ms)

SELFPLAY GOALMAP x=-6.13 isPlayer1Goal=True 
(Filename: E:\unity\Runtime/Export/Debug/Debug.bindings.h Line: 39)

SELFPLAY GOALMAP x=6.18 isPlayer1Goal=False 
(Filename: E:\unity\Runtime/Export/Debug/Debug.bindings.h Line: 39)

SELFPLAY GOAL 140 scorer=Zhao ZhaoReward=1 total=63:77 
(Filename: E:\unity\Runtime/Export/Debug/Debug.bindings.h Line: 39)

SELFPLAY GOAL 141 scorer=Zhao ZhaoReward=1 total=63:78 
(Filename: E:\unity\Runtime/Export/Debug/Debug.bindings.h Line: 39)

SELFPLAY GOAL 142 scorer=Fan ZhaoReward=-1 total=64:78 
(Filename: E:\unity\Runtime/Export/Debug/Debug.bindings.h Line: 39)

SELFPLAY GOAL 143 scorer=Zhao ZhaoReward=1 total=64:79 
(Filename: E:\unity\Runtime/Export/Debug/Debug.bindings.h Line: 39)

SELFPLAY GOAL 144 scorer=Fan ZhaoReward=-1 total=65:79 
(Filename: E:\unity\Runtime/Export/Debug/Debug.bindings.h Line: 39)

SELFPLAY GOAL 145 scorer=Zhao ZhaoReward=1 total=65:80 
(Filename: E:\unity\Runtime/Export/Debug/Debug.bindings.h Line: 39)

SELFPLAY GOAL 146 scorer=Fan ZhaoReward=-1 total=66:80 
(Filename: E:\unity\Runtime/Export/Debug/Debug.bindings.h Line: 39)

SELFPLAY GOAL 147 scorer=Fan ZhaoReward=-1 total=67:80 
(Filename: E:\unity\Runtime/Export/Debug/Debug.bindings.h Line: 39)

SELFPLAY GOAL 148 scorer=Fan ZhaoReward=-1 total=68:80 
(Filename: E:\unity\Runtime/Export/Debug/Debug.bindings.h Line: 39)

SELFPLAY GOAL 149 scorer=Fan ZhaoReward=-1 total=69:80 
(Filename: E:\unity\Runtime/Export/Debug/Debug.bindings.h Line: 39)

SELFPLAY MATCH 17 goals=10 total=149 score=6:4 
(Filename: E:\unity\Runtime/Export/Debug/Debug.bindings.h Line: 39)

Unloading 4 Unused Serialized files (Serialized files now loaded: 0)
UnloadTime: 0.486400 ms

Unloading 4 unused Assets to reduce memory usage. Loaded Objects now: 1061.
Total: 1.199900 ms (FindLiveObjects: 0.039500 ms CreateObjectMapping: 0.016300 ms MarkObjects: 0.250300 ms  DeleteObjects: 0.893300 ms)

SELFPLAY GOALMAP x=-6.13 isPlayer1Goal=True 
(Filename: E:\unity\Runtime/Export/Debug/Debug.bindings.h Line: 39)

SELFPLAY GOALMAP x=6.18 isPlayer1Goal=False 
(Filename: E:\unity\Runtime/Export/Debug/Debug.bindings.h Line: 39)

SELFPLAY GOAL 150 scorer=Zhao ZhaoReward=1 total=69:81 
(Filename: E:\unity\Runtime/Export/Debug/Debug.bindings.h Line: 39)

SELFPLAY GOAL 151 scorer=Fan ZhaoReward=-1 total=70:81 
(Filename: E:\unity\Runtime/Export/Debug/Debug.bindings.h Line: 39)

SELFPLAY GOAL 152 scorer=Fan ZhaoReward=-1 total=71:81 
(Filename: E:\unity\Runtime/Export/Debug/Debug.bindings.h Line: 39)

SELFPLAY GOAL 153 scorer=Zhao ZhaoReward=1 total=71:82 
(Filename: E:\unity\Runtime/Export/Debug/Debug.bindings.h Line: 39)

SELFPLAY GOAL 154 scorer=Zhao ZhaoReward=1 total=71:83 
(Filename: E:\unity\Runtime/Export/Debug/Debug.bindings.h Line: 39)

SELFPLAY GOAL 155 scorer=Fan ZhaoReward=-1 total=72:83 
(Filename: E:\unity\Runtime/Export/Debug/Debug.bindings.h Line: 39)

SELFPLAY GOAL 156 scorer=Fan ZhaoReward=-1 total=73:83 
(Filename: E:\unity\Runtime/Export/Debug/Debug.bindings.h Line: 39)

SELFPLAY MATCH 18 goals=7 total=156 score=4:3 
(Filename: E:\unity\Runtime/Export/Debug/Debug.bindings.h Line: 39)

Unloading 4 Unused Serialized files (Serialized files now loaded: 0)
UnloadTime: 0.775300 ms

Unloading 4 unused Assets to reduce memory usage. Loaded Objects now: 1061.
Total: 1.375000 ms (FindLiveObjects: 0.039300 ms CreateObjectMapping: 0.008500 ms MarkObjects: 0.283400 ms  DeleteObjects: 1.043200 ms)

SELFPLAY GOALMAP x=-6.13 isPlayer1Goal=True 
(Filename: E:\unity\Runtime/Export/Debug/Debug.bindings.h Line: 39)

SELFPLAY GOALMAP x=6.18 isPlayer1Goal=False 
(Filename: E:\unity\Runtime/Export/Debug/Debug.bindings.h Line: 39)

SELFPLAY GOAL 157 scorer=Zhao ZhaoReward=1 total=73:84 
(Filename: E:\unity\Runtime/Export/Debug/Debug.bindings.h Line: 39)

SELFPLAY PROGRESS goals=157/500 matches=19 score=73:84 real=71.61613 
(Filename: E:\unity\Runtime/Export/Debug/Debug.bindings.h Line: 39)

SELFPLAY GOAL 158 scorer=Fan ZhaoReward=-1 total=74:84 
(Filename: E:\unity\Runtime/Export/Debug/Debug.bindings.h Line: 39)

SELFPLAY GOAL 159 scorer=Fan ZhaoReward=-1 total=75:84 
(Filename: E:\unity\Runtime/Export/Debug/Debug.bindings.h Line: 39)

SELFPLAY GOAL 160 scorer=Fan ZhaoReward=-1 total=76:84 
(Filename: E:\unity\Runtime/Export/Debug/Debug.bindings.h Line: 39)

SELFPLAY GOAL 161 scorer=Zhao ZhaoReward=1 total=76:85 
(Filename: E:\unity\Runtime/Export/Debug/Debug.bindings.h Line: 39)

SELFPLAY GOAL 162 scorer=Fan ZhaoReward=-1 total=77:85 
(Filename: E:\unity\Runtime/Export/Debug/Debug.bindings.h Line: 39)

SELFPLAY MATCH 19 goals=6 total=162 score=4:2 
(Filename: E:\unity\Runtime/Export/Debug/Debug.bindings.h Line: 39)

Unloading 4 Unused Serialized files (Serialized files now loaded: 0)
UnloadTime: 0.564100 ms

Unloading 4 unused Assets to reduce memory usage. Loaded Objects now: 1061.
Total: 1.234800 ms (FindLiveObjects: 0.043500 ms CreateObjectMapping: 0.009200 ms MarkObjects: 0.337300 ms  DeleteObjects: 0.844200 ms)

SELFPLAY GOALMAP x=-6.13 isPlayer1Goal=True 
(Filename: E:\unity\Runtime/Export/Debug/Debug.bindings.h Line: 39)

SELFPLAY GOALMAP x=6.18 isPlayer1Goal=False 
(Filename: E:\unity\Runtime/Export/Debug/Debug.bindings.h Line: 39)

SELFPLAY GOAL 163 scorer=Fan ZhaoReward=-1 total=78:85 
(Filename: E:\unity\Runtime/Export/Debug/Debug.bindings.h Line: 39)

SELFPLAY GOAL 164 scorer=Fan ZhaoReward=-1 total=79:85 
(Filename: E:\unity\Runtime/Export/Debug/Debug.bindings.h Line: 39)

SELFPLAY GOAL 165 scorer=Fan ZhaoReward=-1 total=80:85 
(Filename: E:\unity\Runtime/Export/Debug/Debug.bindings.h Line: 39)

SELFPLAY GOAL 166 scorer=Zhao ZhaoReward=1 total=80:86 
(Filename: E:\unity\Runtime/Export/Debug/Debug.bindings.h Line: 39)

SELFPLAY GOAL 167 scorer=Zhao ZhaoReward=1 total=80:87 
(Filename: E:\unity\Runtime/Export/Debug/Debug.bindings.h Line: 39)

SELFPLAY GOAL 168 scorer=Zhao ZhaoReward=1 total=80:88 
(Filename: E:\unity\Runtime/Export/Debug/Debug.bindings.h Line: 39)

SELFPLAY GOAL 169 scorer=Zhao ZhaoReward=1 total=80:89 
(Filename: E:\unity\Runtime/Export/Debug/Debug.bindings.h Line: 39)

SELFPLAY GOAL 170 scorer=Zhao ZhaoReward=1 total=80:90 
(Filename: E:\unity\Runtime/Export/Debug/Debug.bindings.h Line: 39)

SELFPLAY MATCH 20 goals=8 total=170 score=3:5 
(Filename: E:\unity\Runtime/Export/Debug/Debug.bindings.h Line: 39)

Unloading 4 Unused Serialized files (Serialized files now loaded: 0)
UnloadTime: 0.688400 ms

Unloading 4 unused Assets to reduce memory usage. Loaded Objects now: 1061.
Total: 1.170600 ms (FindLiveObjects: 0.047200 ms CreateObjectMapping: 0.010800 ms MarkObjects: 0.293700 ms  DeleteObjects: 0.818300 ms)

SELFPLAY GOALMAP x=-6.13 isPlayer1Goal=True 
(Filename: E:\unity\Runtime/Export/Debug/Debug.bindings.h Line: 39)

SELFPLAY GOALMAP x=6.18 isPlayer1Goal=False 
(Filename: E:\unity\Runtime/Export/Debug/Debug.bindings.h Line: 39)

SELFPLAY GOAL 171 scorer=Fan ZhaoReward=-1 total=81:90 
(Filename: E:\unity\Runtime/Export/Debug/Debug.bindings.h Line: 39)

SELFPLAY GOAL 172 scorer=Zhao ZhaoReward=1 total=81:91 
(Filename: E:\unity\Runtime/Export/Debug/Debug.bindings.h Line: 39)

SELFPLAY GOAL 173 scorer=Fan ZhaoReward=-1 total=82:91 
(Filename: E:\unity\Runtime/Export/Debug/Debug.bindings.h Line: 39)

SELFPLAY GOAL 174 scorer=Fan ZhaoReward=-1 total=83:91 
(Filename: E:\unity\Runtime/Export/Debug/Debug.bindings.h Line: 39)

SELFPLAY GOAL 175 scorer=Fan ZhaoReward=-1 total=84:91 
(Filename: E:\unity\Runtime/Export/Debug/Debug.bindings.h Line: 39)

SELFPLAY GOAL 176 scorer=Fan ZhaoReward=-1 total=85:91 
(Filename: E:\unity\Runtime/Export/Debug/Debug.bindings.h Line: 39)

SELFPLAY MATCH 21 goals=6 total=176 score=5:1 
(Filename: E:\unity\Runtime/Export/Debug/Debug.bindings.h Line: 39)

Unloading 4 Unused Serialized files (Serialized files now loaded: 0)
UnloadTime: 0.567400 ms

Unloading 4 unused Assets to reduce memory usage. Loaded Objects now: 1061.
Total: 1.631300 ms (FindLiveObjects: 0.057200 ms CreateObjectMapping: 0.012300 ms MarkObjects: 0.414300 ms  DeleteObjects: 1.146800 ms)

SELFPLAY GOALMAP x=-6.13 isPlayer1Goal=True 
(Filename: E:\unity\Runtime/Export/Debug/Debug.bindings.h Line: 39)

SELFPLAY GOALMAP x=6.18 isPlayer1Goal=False 
(Filename: E:\unity\Runtime/Export/Debug/Debug.bindings.h Line: 39)

SELFPLAY GOAL 177 scorer=Zhao ZhaoReward=1 total=85:92 
(Filename: E:\unity\Runtime/Export/Debug/Debug.bindings.h Line: 39)

SELFPLAY GOAL 178 scorer=Zhao ZhaoReward=1 total=85:93 
(Filename: E:\unity\Runtime/Export/Debug/Debug.bindings.h Line: 39)

SELFPLAY GOAL 179 scorer=Fan ZhaoReward=-1 total=86:93 
(Filename: E:\unity\Runtime/Export/Debug/Debug.bindings.h Line: 39)

SELFPLAY GOAL 180 scorer=Fan ZhaoReward=-1 total=87:93 
(Filename: E:\unity\Runtime/Export/Debug/Debug.bindings.h Line: 39)

SELFPLAY GOAL 181 scorer=Zhao ZhaoReward=1 total=87:94 
(Filename: E:\unity\Runtime/Export/Debug/Debug.bindings.h Line: 39)

SELFPLAY GOAL 182 scorer=Zhao ZhaoReward=1 total=87:95 
(Filename: E:\unity\Runtime/Export/Debug/Debug.bindings.h Line: 39)

SELFPLAY GOAL 183 scorer=Zhao ZhaoReward=1 total=87:96 
(Filename: E:\unity\Runtime/Export/Debug/Debug.bindings.h Line: 39)

SELFPLAY GOAL 184 scorer=Zhao ZhaoReward=1 total=87:97 
(Filename: E:\unity\Runtime/Export/Debug/Debug.bindings.h Line: 39)

SELFPLAY GOAL 185 scorer=Fan ZhaoReward=-1 total=88:97 
(Filename: E:\unity\Runtime/Export/Debug/Debug.bindings.h Line: 39)

SELFPLAY GOAL 186 scorer=Zhao ZhaoReward=1 total=88:98 
(Filename: E:\unity\Runtime/Export/Debug/Debug.bindings.h Line: 39)

SELFPLAY GOAL 187 scorer=Zhao ZhaoReward=1 total=88:99 
(Filename: E:\unity\Runtime/Export/Debug/Debug.bindings.h Line: 39)

SELFPLAY GOAL 188 scorer=Zhao ZhaoReward=1 total=88:100 
(Filename: E:\unity\Runtime/Export/Debug/Debug.bindings.h Line: 39)

SELFPLAY GOAL 189 scorer=Fan ZhaoReward=-1 total=89:100 
(Filename: E:\unity\Runtime/Export/Debug/Debug.bindings.h Line: 39)

SELFPLAY MATCH 22 goals=13 total=189 score=4:9 
(Filename: E:\unity\Runtime/Export/Debug/Debug.bindings.h Line: 39)

Unloading 4 Unused Serialized files (Serialized files now loaded: 0)
UnloadTime: 0.634700 ms

Unloading 4 unused Assets to reduce memory usage. Loaded Objects now: 1061.
Total: 1.520300 ms (FindLiveObjects: 0.065900 ms CreateObjectMapping: 0.012500 ms MarkObjects: 0.405800 ms  DeleteObjects: 1.035400 ms)

SELFPLAY GOALMAP x=-6.13 isPlayer1Goal=True 
(Filename: E:\unity\Runtime/Export/Debug/Debug.bindings.h Line: 39)

SELFPLAY GOALMAP x=6.18 isPlayer1Goal=False 
(Filename: E:\unity\Runtime/Export/Debug/Debug.bindings.h Line: 39)

SELFPLAY GOAL 190 scorer=Fan ZhaoReward=-1 total=90:100 
(Filename: E:\unity\Runtime/Export/Debug/Debug.bindings.h Line: 39)

SELFPLAY GOAL 191 scorer=Fan ZhaoReward=-1 total=91:100 
(Filename: E:\unity\Runtime/Export/Debug/Debug.bindings.h Line: 39)

SELFPLAY GOAL 192 scorer=Fan ZhaoReward=-1 total=92:100 
(Filename: E:\unity\Runtime/Export/Debug/Debug.bindings.h Line: 39)

SELFPLAY GOAL 193 scorer=Zhao ZhaoReward=1 total=92:101 
(Filename: E:\unity\Runtime/Export/Debug/Debug.bindings.h Line: 39)

SELFPLAY GOAL 194 scorer=Zhao ZhaoReward=1 total=92:102 
(Filename: E:\unity\Runtime/Export/Debug/Debug.bindings.h Line: 39)

SELFPLAY GOAL 195 scorer=Zhao ZhaoReward=1 total=92:103 
(Filename: E:\unity\Runtime/Export/Debug/Debug.bindings.h Line: 39)

SELFPLAY GOAL 196 scorer=Fan ZhaoReward=-1 total=93:103 
(Filename: E:\unity\Runtime/Export/Debug/Debug.bindings.h Line: 39)

SELFPLAY GOAL 197 scorer=Zhao ZhaoReward=1 total=93:104 
(Filename: E:\unity\Runtime/Export/Debug/Debug.bindings.h Line: 39)

SELFPLAY GOAL 198 scorer=Zhao ZhaoReward=1 total=93:105 
(Filename: E:\unity\Runtime/Export/Debug/Debug.bindings.h Line: 39)

SELFPLAY GOAL 199 scorer=Fan ZhaoReward=-1 total=94:105 
(Filename: E:\unity\Runtime/Export/Debug/Debug.bindings.h Line: 39)

SELFPLAY GOAL 200 scorer=Fan ZhaoReward=-1 total=95:105 
(Filename: E:\unity\Runtime/Export/Debug/Debug.bindings.h Line: 39)

SELFPLAY GOAL 201 scorer=Fan ZhaoReward=-1 total=96:105 
(Filename: E:\unity\Runtime/Export/Debug/Debug.bindings.h Line: 39)

SELFPLAY GOAL 202 scorer=Fan ZhaoReward=-1 total=97:105 
(Filename: E:\unity\Runtime/Export/Debug/Debug.bindings.h Line: 39)

SELFPLAY MATCH 23 goals=13 total=202 score=8:5 
(Filename: E:\unity\Runtime/Export/Debug/Debug.bindings.h Line: 39)

Unloading 4 Unused Serialized files (Serialized files now loaded: 0)
UnloadTime: 0.476100 ms

Unloading 4 unused Assets to reduce memory usage. Loaded Objects now: 1061.
Total: 1.234400 ms (FindLiveObjects: 0.043700 ms CreateObjectMapping: 0.009600 ms MarkObjects: 0.279900 ms  DeleteObjects: 0.900700 ms)

SELFPLAY GOALMAP x=-6.13 isPlayer1Goal=True 
(Filename: E:\unity\Runtime/Export/Debug/Debug.bindings.h Line: 39)

SELFPLAY GOALMAP x=6.18 isPlayer1Goal=False 
(Filename: E:\unity\Runtime/Export/Debug/Debug.bindings.h Line: 39)

SELFPLAY GOAL 203 scorer=Fan ZhaoReward=-1 total=98:105 
(Filename: E:\unity\Runtime/Export/Debug/Debug.bindings.h Line: 39)

SELFPLAY GOAL 204 scorer=Fan ZhaoReward=-1 total=99:105 
(Filename: E:\unity\Runtime/Export/Debug/Debug.bindings.h Line: 39)

SELFPLAY GOAL 205 scorer=Fan ZhaoReward=-1 total=100:105 
(Filename: E:\unity\Runtime/Export/Debug/Debug.bindings.h Line: 39)

SELFPLAY GOAL 206 scorer=Fan ZhaoReward=-1 total=101:105 
(Filename: E:\unity\Runtime/Export/Debug/Debug.bindings.h Line: 39)

SELFPLAY GOAL 207 scorer=Zhao ZhaoReward=1 total=101:106 
(Filename: E:\unity\Runtime/Export/Debug/Debug.bindings.h Line: 39)

SELFPLAY GOAL 208 scorer=Fan ZhaoReward=-1 total=102:106 
(Filename: E:\unity\Runtime/Export/Debug/Debug.bindings.h Line: 39)

SELFPLAY GOAL 209 scorer=Fan ZhaoReward=-1 total=103:106 
(Filename: E:\unity\Runtime/Export/Debug/Debug.bindings.h Line: 39)

SELFPLAY GOAL 210 scorer=Fan ZhaoReward=-1 total=104:106 
(Filename: E:\unity\Runtime/Export/Debug/Debug.bindings.h Line: 39)

SELFPLAY GOAL 211 scorer=Fan ZhaoReward=-1 total=105:106 
(Filename: E:\unity\Runtime/Export/Debug/Debug.bindings.h Line: 39)

SELFPLAY GOAL 212 scorer=Zhao ZhaoReward=1 total=105:107 
(Filename: E:\unity\Runtime/Export/Debug/Debug.bindings.h Line: 39)

SELFPLAY GOAL 213 scorer=Fan ZhaoReward=-1 total=106:107 
(Filename: E:\unity\Runtime/Export/Debug/Debug.bindings.h Line: 39)

SELFPLAY GOAL 214 scorer=Fan ZhaoReward=-1 total=107:107 
(Filename: E:\unity\Runtime/Export/Debug/Debug.bindings.h Line: 39)

SELFPLAY GOAL 215 scorer=Fan ZhaoReward=-1 total=108:107 
(Filename: E:\unity\Runtime/Export/Debug/Debug.bindings.h Line: 39)

SELFPLAY GOAL 216 scorer=Fan ZhaoReward=-1 total=109:107 
(Filename: E:\unity\Runtime/Export/Debug/Debug.bindings.h Line: 39)

SELFPLAY MATCH 24 goals=14 total=216 score=12:2 
(Filename: E:\unity\Runtime/Export/Debug/Debug.bindings.h Line: 39)

Unloading 4 Unused Serialized files (Serialized files now loaded: 0)
UnloadTime: 0.653500 ms

Unloading 4 unused Assets to reduce memory usage. Loaded Objects now: 1061.
Total: 1.550100 ms (FindLiveObjects: 0.055100 ms CreateObjectMapping: 0.012100 ms MarkObjects: 0.442200 ms  DeleteObjects: 1.040000 ms)

SELFPLAY GOALMAP x=-6.13 isPlayer1Goal=True 
(Filename: E:\unity\Runtime/Export/Debug/Debug.bindings.h Line: 39)

SELFPLAY GOALMAP x=6.18 isPlayer1Goal=False 
(Filename: E:\unity\Runtime/Export/Debug/Debug.bindings.h Line: 39)

SELFPLAY GOAL 217 scorer=Zhao ZhaoReward=1 total=109:108 
(Filename: E:\unity\Runtime/Export/Debug/Debug.bindings.h Line: 39)

SELFPLAY GOAL 218 scorer=Fan ZhaoReward=-1 total=110:108 
(Filename: E:\unity\Runtime/Export/Debug/Debug.bindings.h Line: 39)

SELFPLAY GOAL 219 scorer=Zhao ZhaoReward=1 total=110:109 
(Filename: E:\unity\Runtime/Export/Debug/Debug.bindings.h Line: 39)

SELFPLAY GOAL 220 scorer=Zhao ZhaoReward=1 total=110:110 
(Filename: E:\unity\Runtime/Export/Debug/Debug.bindings.h Line: 39)

SELFPLAY GOAL 221 scorer=Fan ZhaoReward=-1 total=111:110 
(Filename: E:\unity\Runtime/Export/Debug/Debug.bindings.h Line: 39)

SELFPLAY GOAL 222 scorer=Zhao ZhaoReward=1 total=111:111 
(Filename: E:\unity\Runtime/Export/Debug/Debug.bindings.h Line: 39)

SELFPLAY MATCH 25 goals=6 total=222 score=2:4 
(Filename: E:\unity\Runtime/Export/Debug/Debug.bindings.h Line: 39)

Unloading 4 Unused Serialized files (Serialized files now loaded: 0)
UnloadTime: 0.532400 ms

Unloading 4 unused Assets to reduce memory usage. Loaded Objects now: 1061.
Total: 1.240300 ms (FindLiveObjects: 0.060700 ms CreateObjectMapping: 0.010300 ms MarkObjects: 0.282400 ms  DeleteObjects: 0.886200 ms)

SELFPLAY GOALMAP x=-6.13 isPlayer1Goal=True 
(Filename: E:\unity\Runtime/Export/Debug/Debug.bindings.h Line: 39)

SELFPLAY GOALMAP x=6.18 isPlayer1Goal=False 
(Filename: E:\unity\Runtime/Export/Debug/Debug.bindings.h Line: 39)

SELFPLAY GOAL 223 scorer=Fan ZhaoReward=-1 total=112:111 
(Filename: E:\unity\Runtime/Export/Debug/Debug.bindings.h Line: 39)

SELFPLAY GOAL 224 scorer=Fan ZhaoReward=-1 total=113:111 
(Filename: E:\unity\Runtime/Export/Debug/Debug.bindings.h Line: 39)

SELFPLAY GOAL 225 scorer=Fan ZhaoReward=-1 total=114:111 
(Filename: E:\unity\Runtime/Export/Debug/Debug.bindings.h Line: 39)

SELFPLAY GOAL 226 scorer=Zhao ZhaoReward=1 total=114:112 
(Filename: E:\unity\Runtime/Export/Debug/Debug.bindings.h Line: 39)

SELFPLAY GOAL 227 scorer=Zhao ZhaoReward=1 total=114:113 
(Filename: E:\unity\Runtime/Export/Debug/Debug.bindings.h Line: 39)

SELFPLAY GOAL 228 scorer=Zhao ZhaoReward=1 total=114:114 
(Filename: E:\unity\Runtime/Export/Debug/Debug.bindings.h Line: 39)

SELFPLAY GOAL 229 scorer=Fan ZhaoReward=-1 total=115:114 
(Filename: E:\unity\Runtime/Export/Debug/Debug.bindings.h Line: 39)

SELFPLAY PROGRESS goals=229/500 matches=26 score=115:114 real=101.6183 
(Filename: E:\unity\Runtime/Export/Debug/Debug.bindings.h Line: 39)

SELFPLAY GOAL 230 scorer=Zhao ZhaoReward=1 total=115:115 
(Filename: E:\unity\Runtime/Export/Debug/Debug.bindings.h Line: 39)

SELFPLAY MATCH 26 goals=8 total=230 score=4:4 
(Filename: E:\unity\Runtime/Export/Debug/Debug.bindings.h Line: 39)

Unloading 4 Unused Serialized files (Serialized files now loaded: 0)
UnloadTime: 0.665400 ms

Unloading 4 unused Assets to reduce memory usage. Loaded Objects now: 1061.
Total: 1.305400 ms (FindLiveObjects: 0.044200 ms CreateObjectMapping: 0.010400 ms MarkObjects: 0.278900 ms  DeleteObjects: 0.971500 ms)

SELFPLAY GOALMAP x=-6.13 isPlayer1Goal=True 
(Filename: E:\unity\Runtime/Export/Debug/Debug.bindings.h Line: 39)

SELFPLAY GOALMAP x=6.18 isPlayer1Goal=False 
(Filename: E:\unity\Runtime/Export/Debug/Debug.bindings.h Line: 39)

SELFPLAY GOAL 231 scorer=Fan ZhaoReward=-1 total=116:115 
(Filename: E:\unity\Runtime/Export/Debug/Debug.bindings.h Line: 39)

SELFPLAY GOAL 232 scorer=Fan ZhaoReward=-1 total=117:115 
(Filename: E:\unity\Runtime/Export/Debug/Debug.bindings.h Line: 39)

SELFPLAY GOAL 233 scorer=Fan ZhaoReward=-1 total=118:115 
(Filename: E:\unity\Runtime/Export/Debug/Debug.bindings.h Line: 39)

SELFPLAY GOAL 234 scorer=Zhao ZhaoReward=1 total=118:116 
(Filename: E:\unity\Runtime/Export/Debug/Debug.bindings.h Line: 39)

SELFPLAY GOAL 235 scorer=Zhao ZhaoReward=1 total=118:117 
(Filename: E:\unity\Runtime/Export/Debug/Debug.bindings.h Line: 39)

SELFPLAY GOAL 236 scorer=Fan ZhaoReward=-1 total=119:117 
(Filename: E:\unity\Runtime/Export/Debug/Debug.bindings.h Line: 39)

SELFPLAY GOAL 237 scorer=Fan ZhaoReward=-1 total=120:117 
(Filename: E:\unity\Runtime/Export/Debug/Debug.bindings.h Line: 39)

SELFPLAY GOAL 238 scorer=Fan ZhaoReward=-1 total=121:117 
(Filename: E:\unity\Runtime/Export/Debug/Debug.bindings.h Line: 39)

SELFPLAY GOAL 239 scorer=Zhao ZhaoReward=1 total=121:118 
(Filename: E:\unity\Runtime/Export/Debug/Debug.bindings.h Line: 39)

SELFPLAY MATCH 27 goals=9 total=239 score=6:3 
(Filename: E:\unity\Runtime/Export/Debug/Debug.bindings.h Line: 39)

Unloading 4 Unused Serialized files (Serialized files now loaded: 0)
UnloadTime: 0.381000 ms

Unloading 4 unused Assets to reduce memory usage. Loaded Objects now: 1061.
Total: 1.263500 ms (FindLiveObjects: 0.043800 ms CreateObjectMapping: 0.010900 ms MarkObjects: 0.280200 ms  DeleteObjects: 0.928000 ms)

SELFPLAY GOALMAP x=-6.13 isPlayer1Goal=True 
(Filename: E:\unity\Runtime/Export/Debug/Debug.bindings.h Line: 39)

SELFPLAY GOALMAP x=6.18 isPlayer1Goal=False 
(Filename: E:\unity\Runtime/Export/Debug/Debug.bindings.h Line: 39)

SELFPLAY GOAL 240 scorer=Zhao ZhaoReward=1 total=121:119 
(Filename: E:\unity\Runtime/Export/Debug/Debug.bindings.h Line: 39)

SELFPLAY GOAL 241 scorer=Zhao ZhaoReward=1 total=121:120 
(Filename: E:\unity\Runtime/Export/Debug/Debug.bindings.h Line: 39)

SELFPLAY GOAL 242 scorer=Zhao ZhaoReward=1 total=121:121 
(Filename: E:\unity\Runtime/Export/Debug/Debug.bindings.h Line: 39)

SELFPLAY GOAL 243 scorer=Zhao ZhaoReward=1 total=121:122 
(Filename: E:\unity\Runtime/Export/Debug/Debug.bindings.h Line: 39)

SELFPLAY GOAL 244 scorer=Zhao ZhaoReward=1 total=121:123 
(Filename: E:\unity\Runtime/Export/Debug/Debug.bindings.h Line: 39)

SELFPLAY GOAL 245 scorer=Zhao ZhaoReward=1 total=121:124 
(Filename: E:\unity\Runtime/Export/Debug/Debug.bindings.h Line: 39)

SELFPLAY GOAL 246 scorer=Fan ZhaoReward=-1 total=122:124 
(Filename: E:\unity\Runtime/Export/Debug/Debug.bindings.h Line: 39)

SELFPLAY GOAL 247 scorer=Fan ZhaoReward=-1 total=123:124 
(Filename: E:\unity\Runtime/Export/Debug/Debug.bindings.h Line: 39)

SELFPLAY GOAL 248 scorer=Fan ZhaoReward=-1 total=124:124 
(Filename: E:\unity\Runtime/Export/Debug/Debug.bindings.h Line: 39)

SELFPLAY GOAL 249 scorer=Fan ZhaoReward=-1 total=125:124 
(Filename: E:\unity\Runtime/Export/Debug/Debug.bindings.h Line: 39)

SELFPLAY MATCH 28 goals=10 total=249 score=4:6 
(Filename: E:\unity\Runtime/Export/Debug/Debug.bindings.h Line: 39)

Unloading 4 Unused Serialized files (Serialized files now loaded: 0)
UnloadTime: 0.389600 ms

Unloading 4 unused Assets to reduce memory usage. Loaded Objects now: 1061.
Total: 1.332400 ms (FindLiveObjects: 0.040800 ms CreateObjectMapping: 0.009300 ms MarkObjects: 0.299500 ms  DeleteObjects: 0.982200 ms)

SELFPLAY GOALMAP x=-6.13 isPlayer1Goal=True 
(Filename: E:\unity\Runtime/Export/Debug/Debug.bindings.h Line: 39)

SELFPLAY GOALMAP x=6.18 isPlayer1Goal=False 
(Filename: E:\unity\Runtime/Export/Debug/Debug.bindings.h Line: 39)

SELFPLAY GOAL 250 scorer=Zhao ZhaoReward=1 total=125:125 
(Filename: E:\unity\Runtime/Export/Debug/Debug.bindings.h Line: 39)

SELFPLAY GOAL 251 scorer=Zhao ZhaoReward=1 total=125:126 
(Filename: E:\unity\Runtime/Export/Debug/Debug.bindings.h Line: 39)

SELFPLAY GOAL 252 scorer=Zhao ZhaoReward=1 total=125:127 
(Filename: E:\unity\Runtime/Export/Debug/Debug.bindings.h Line: 39)

SELFPLAY GOAL 253 scorer=Fan ZhaoReward=-1 total=126:127 
(Filename: E:\unity\Runtime/Export/Debug/Debug.bindings.h Line: 39)

SELFPLAY GOAL 254 scorer=Fan ZhaoReward=-1 total=127:127 
(Filename: E:\unity\Runtime/Export/Debug/Debug.bindings.h Line: 39)

SELFPLAY MATCH 29 goals=5 total=254 score=2:3 
(Filename: E:\unity\Runtime/Export/Debug/Debug.bindings.h Line: 39)

Unloading 4 Unused Serialized files (Serialized files now loaded: 0)
UnloadTime: 0.795300 ms

Unloading 4 unused Assets to reduce memory usage. Loaded Objects now: 1061.
Total: 1.326000 ms (FindLiveObjects: 0.059000 ms CreateObjectMapping: 0.009100 ms MarkObjects: 0.312800 ms  DeleteObjects: 0.944300 ms)

SELFPLAY GOALMAP x=-6.13 isPlayer1Goal=True 
(Filename: E:\unity\Runtime/Export/Debug/Debug.bindings.h Line: 39)

SELFPLAY GOALMAP x=6.18 isPlayer1Goal=False 
(Filename: E:\unity\Runtime/Export/Debug/Debug.bindings.h Line: 39)

SELFPLAY GOAL 255 scorer=Zhao ZhaoReward=1 total=127:128 
(Filename: E:\unity\Runtime/Export/Debug/Debug.bindings.h Line: 39)

SELFPLAY GOAL 256 scorer=Fan ZhaoReward=-1 total=128:128 
(Filename: E:\unity\Runtime/Export/Debug/Debug.bindings.h Line: 39)

SELFPLAY GOAL 257 scorer=Zhao ZhaoReward=1 total=128:129 
(Filename: E:\unity\Runtime/Export/Debug/Debug.bindings.h Line: 39)

SELFPLAY GOAL 258 scorer=Fan ZhaoReward=-1 total=129:129 
(Filename: E:\unity\Runtime/Export/Debug/Debug.bindings.h Line: 39)

SELFPLAY GOAL 259 scorer=Zhao ZhaoReward=1 total=129:130 
(Filename: E:\unity\Runtime/Export/Debug/Debug.bindings.h Line: 39)

SELFPLAY GOAL 260 scorer=Zhao ZhaoReward=1 total=129:131 
(Filename: E:\unity\Runtime/Export/Debug/Debug.bindings.h Line: 39)

SELFPLAY MATCH 30 goals=6 total=260 score=2:4 
(Filename: E:\unity\Runtime/Export/Debug/Debug.bindings.h Line: 39)

Unloading 4 Unused Serialized files (Serialized files now loaded: 0)
UnloadTime: 0.654000 ms

Unloading 4 unused Assets to reduce memory usage. Loaded Objects now: 1061.
Total: 1.205100 ms (FindLiveObjects: 0.043200 ms CreateObjectMapping: 0.009500 ms MarkObjects: 0.294300 ms  DeleteObjects: 0.857400 ms)

SELFPLAY GOALMAP x=-6.13 isPlayer1Goal=True 
(Filename: E:\unity\Runtime/Export/Debug/Debug.bindings.h Line: 39)

SELFPLAY GOALMAP x=6.18 isPlayer1Goal=False 
(Filename: E:\unity\Runtime/Export/Debug/Debug.bindings.h Line: 39)

SELFPLAY GOAL 261 scorer=Fan ZhaoReward=-1 total=130:131 
(Filename: E:\unity\Runtime/Export/Debug/Debug.bindings.h Line: 39)

SELFPLAY GOAL 262 scorer=Zhao ZhaoReward=1 total=130:132 
(Filename: E:\unity\Runtime/Export/Debug/Debug.bindings.h Line: 39)

SELFPLAY GOAL 263 scorer=Zhao ZhaoReward=1 total=130:133 
(Filename: E:\unity\Runtime/Export/Debug/Debug.bindings.h Line: 39)

SELFPLAY GOAL 264 scorer=Fan ZhaoReward=-1 total=131:133 
(Filename: E:\unity\Runtime/Export/Debug/Debug.bindings.h Line: 39)

SELFPLAY GOAL 265 scorer=Zhao ZhaoReward=1 total=131:134 
(Filename: E:\unity\Runtime/Export/Debug/Debug.bindings.h Line: 39)

SELFPLAY MATCH 31 goals=5 total=265 score=2:3 
(Filename: E:\unity\Runtime/Export/Debug/Debug.bindings.h Line: 39)

Unloading 4 Unused Serialized files (Serialized files now loaded: 0)
UnloadTime: 0.417000 ms

Unloading 4 unused Assets to reduce memory usage. Loaded Objects now: 1061.
Total: 1.330900 ms (FindLiveObjects: 0.044200 ms CreateObjectMapping: 0.010600 ms MarkObjects: 0.356200 ms  DeleteObjects: 0.919400 ms)

SELFPLAY GOALMAP x=-6.13 isPlayer1Goal=True 
(Filename: E:\unity\Runtime/Export/Debug/Debug.bindings.h Line: 39)

SELFPLAY GOALMAP x=6.18 isPlayer1Goal=False 
(Filename: E:\unity\Runtime/Export/Debug/Debug.bindings.h Line: 39)

SELFPLAY GOAL 266 scorer=Fan ZhaoReward=-1 total=132:134 
(Filename: E:\unity\Runtime/Export/Debug/Debug.bindings.h Line: 39)

SELFPLAY GOAL 267 scorer=Fan ZhaoReward=-1 total=133:134 
(Filename: E:\unity\Runtime/Export/Debug/Debug.bindings.h Line: 39)

SELFPLAY GOAL 268 scorer=Zhao ZhaoReward=1 total=133:135 
(Filename: E:\unity\Runtime/Export/Debug/Debug.bindings.h Line: 39)

SELFPLAY GOAL 269 scorer=Zhao ZhaoReward=1 total=133:136 
(Filename: E:\unity\Runtime/Export/Debug/Debug.bindings.h Line: 39)

SELFPLAY GOAL 270 scorer=Fan ZhaoReward=-1 total=134:136 
(Filename: E:\unity\Runtime/Export/Debug/Debug.bindings.h Line: 39)

SELFPLAY GOAL 271 scorer=Zhao ZhaoReward=1 total=134:137 
(Filename: E:\unity\Runtime/Export/Debug/Debug.bindings.h Line: 39)

SELFPLAY GOAL 272 scorer=Fan ZhaoReward=-1 total=135:137 
(Filename: E:\unity\Runtime/Export/Debug/Debug.bindings.h Line: 39)

SELFPLAY GOAL 273 scorer=Zhao ZhaoReward=1 total=135:138 
(Filename: E:\unity\Runtime/Export/Debug/Debug.bindings.h Line: 39)

SELFPLAY GOAL 274 scorer=Zhao ZhaoReward=1 total=135:139 
(Filename: E:\unity\Runtime/Export/Debug/Debug.bindings.h Line: 39)

SELFPLAY GOAL 275 scorer=Zhao ZhaoReward=1 total=135:140 
(Filename: E:\unity\Runtime/Export/Debug/Debug.bindings.h Line: 39)

SELFPLAY MATCH 32 goals=10 total=275 score=4:6 
(Filename: E:\unity\Runtime/Export/Debug/Debug.bindings.h Line: 39)

Unloading 4 Unused Serialized files (Serialized files now loaded: 0)
UnloadTime: 0.486600 ms

Unloading 4 unused Assets to reduce memory usage. Loaded Objects now: 1061.
Total: 1.362600 ms (FindLiveObjects: 0.041600 ms CreateObjectMapping: 0.009600 ms MarkObjects: 0.311100 ms  DeleteObjects: 0.999500 ms)

SELFPLAY GOALMAP x=-6.13 isPlayer1Goal=True 
(Filename: E:\unity\Runtime/Export/Debug/Debug.bindings.h Line: 39)

SELFPLAY GOALMAP x=6.18 isPlayer1Goal=False 
(Filename: E:\unity\Runtime/Export/Debug/Debug.bindings.h Line: 39)

SELFPLAY GOAL 276 scorer=Zhao ZhaoReward=1 total=135:141 
(Filename: E:\unity\Runtime/Export/Debug/Debug.bindings.h Line: 39)

SELFPLAY GOAL 277 scorer=Zhao ZhaoReward=1 total=135:142 
(Filename: E:\unity\Runtime/Export/Debug/Debug.bindings.h Line: 39)

SELFPLAY GOAL 278 scorer=Fan ZhaoReward=-1 total=136:142 
(Filename: E:\unity\Runtime/Export/Debug/Debug.bindings.h Line: 39)

SELFPLAY GOAL 279 scorer=Zhao ZhaoReward=1 total=136:143 
(Filename: E:\unity\Runtime/Export/Debug/Debug.bindings.h Line: 39)

SELFPLAY GOAL 280 scorer=Zhao ZhaoReward=1 total=136:144 
(Filename: E:\unity\Runtime/Export/Debug/Debug.bindings.h Line: 39)

SELFPLAY GOAL 281 scorer=Fan ZhaoReward=-1 total=137:144 
(Filename: E:\unity\Runtime/Export/Debug/Debug.bindings.h Line: 39)

SELFPLAY GOAL 282 scorer=Fan ZhaoReward=-1 total=138:144 
(Filename: E:\unity\Runtime/Export/Debug/Debug.bindings.h Line: 39)

SELFPLAY MATCH 33 goals=7 total=282 score=3:4 
(Filename: E:\unity\Runtime/Export/Debug/Debug.bindings.h Line: 39)

Unloading 4 Unused Serialized files (Serialized files now loaded: 0)
UnloadTime: 0.546300 ms

Unloading 4 unused Assets to reduce memory usage. Loaded Objects now: 1061.
Total: 1.247400 ms (FindLiveObjects: 0.042700 ms CreateObjectMapping: 0.009300 ms MarkObjects: 0.289100 ms  DeleteObjects: 0.905800 ms)

SELFPLAY GOALMAP x=-6.13 isPlayer1Goal=True 
(Filename: E:\unity\Runtime/Export/Debug/Debug.bindings.h Line: 39)

SELFPLAY GOALMAP x=6.18 isPlayer1Goal=False 
(Filename: E:\unity\Runtime/Export/Debug/Debug.bindings.h Line: 39)

SELFPLAY PROGRESS goals=282/500 matches=34 score=138:144 real=131.8903 
(Filename: E:\unity\Runtime/Export/Debug/Debug.bindings.h Line: 39)

SELFPLAY GOAL 283 scorer=Fan ZhaoReward=-1 total=139:144 
(Filename: E:\unity\Runtime/Export/Debug/Debug.bindings.h Line: 39)

SELFPLAY GOAL 284 scorer=Zhao ZhaoReward=1 total=139:145 
(Filename: E:\unity\Runtime/Export/Debug/Debug.bindings.h Line: 39)

SELFPLAY GOAL 285 scorer=Zhao ZhaoReward=1 total=139:146 
(Filename: E:\unity\Runtime/Export/Debug/Debug.bindings.h Line: 39)

SELFPLAY GOAL 286 scorer=Zhao ZhaoReward=1 total=139:147 
(Filename: E:\unity\Runtime/Export/Debug/Debug.bindings.h Line: 39)

SELFPLAY GOAL 287 scorer=Fan ZhaoReward=-1 total=140:147 
(Filename: E:\unity\Runtime/Export/Debug/Debug.bindings.h Line: 39)

SELFPLAY GOAL 288 scorer=Fan ZhaoReward=-1 total=141:147 
(Filename: E:\unity\Runtime/Export/Debug/Debug.bindings.h Line: 39)

SELFPLAY GOAL 289 scorer=Zhao ZhaoReward=1 total=141:148 
(Filename: E:\unity\Runtime/Export/Debug/Debug.bindings.h Line: 39)

SELFPLAY GOAL 290 scorer=Fan ZhaoReward=-1 total=142:148 
(Filename: E:\unity\Runtime/Export/Debug/Debug.bindings.h Line: 39)

SELFPLAY GOAL 291 scorer=Zhao ZhaoReward=1 total=142:149 
(Filename: E:\unity\Runtime/Export/Debug/Debug.bindings.h Line: 39)

SELFPLAY MATCH 34 goals=9 total=291 score=4:5 
(Filename: E:\unity\Runtime/Export/Debug/Debug.bindings.h Line: 39)

Unloading 4 Unused Serialized files (Serialized files now loaded: 0)
UnloadTime: 0.680800 ms

Unloading 4 unused Assets to reduce memory usage. Loaded Objects now: 1061.
Total: 1.363800 ms (FindLiveObjects: 0.040000 ms CreateObjectMapping: 0.009300 ms MarkObjects: 0.308500 ms  DeleteObjects: 1.005500 ms)

SELFPLAY GOALMAP x=-6.13 isPlayer1Goal=True 
(Filename: E:\unity\Runtime/Export/Debug/Debug.bindings.h Line: 39)

SELFPLAY GOALMAP x=6.18 isPlayer1Goal=False 
(Filename: E:\unity\Runtime/Export/Debug/Debug.bindings.h Line: 39)

SELFPLAY GOAL 292 scorer=Zhao ZhaoReward=1 total=142:150 
(Filename: E:\unity\Runtime/Export/Debug/Debug.bindings.h Line: 39)

SELFPLAY GOAL 293 scorer=Zhao ZhaoReward=1 total=142:151 
(Filename: E:\unity\Runtime/Export/Debug/Debug.bindings.h Line: 39)

SELFPLAY GOAL 294 scorer=Fan ZhaoReward=-1 total=143:151 
(Filename: E:\unity\Runtime/Export/Debug/Debug.bindings.h Line: 39)

SELFPLAY GOAL 295 scorer=Fan ZhaoReward=-1 total=144:151 
(Filename: E:\unity\Runtime/Export/Debug/Debug.bindings.h Line: 39)

SELFPLAY GOAL 296 scorer=Zhao ZhaoReward=1 total=144:152 
(Filename: E:\unity\Runtime/Export/Debug/Debug.bindings.h Line: 39)

SELFPLAY GOAL 297 scorer=Fan ZhaoReward=-1 total=145:152 
(Filename: E:\unity\Runtime/Export/Debug/Debug.bindings.h Line: 39)

SELFPLAY GOAL 298 scorer=Zhao ZhaoReward=1 total=145:153 
(Filename: E:\unity\Runtime/Export/Debug/Debug.bindings.h Line: 39)

SELFPLAY MATCH 35 goals=7 total=298 score=3:4 
(Filename: E:\unity\Runtime/Export/Debug/Debug.bindings.h Line: 39)

Unloading 4 Unused Serialized files (Serialized files now loaded: 0)
UnloadTime: 0.742600 ms

Unloading 4 unused Assets to reduce memory usage. Loaded Objects now: 1061.
Total: 1.411100 ms (FindLiveObjects: 0.041900 ms CreateObjectMapping: 0.009900 ms MarkObjects: 0.375300 ms  DeleteObjects: 0.983400 ms)

SELFPLAY GOALMAP x=-6.13 isPlayer1Goal=True 
(Filename: E:\unity\Runtime/Export/Debug/Debug.bindings.h Line: 39)

SELFPLAY GOALMAP x=6.18 isPlayer1Goal=False 
(Filename: E:\unity\Runtime/Export/Debug/Debug.bindings.h Line: 39)

SELFPLAY GOAL 299 scorer=Fan ZhaoReward=-1 total=146:153 
(Filename: E:\unity\Runtime/Export/Debug/Debug.bindings.h Line: 39)

SELFPLAY GOAL 300 scorer=Fan ZhaoReward=-1 total=147:153 
(Filename: E:\unity\Runtime/Export/Debug/Debug.bindings.h Line: 39)

SELFPLAY GOAL 301 scorer=Zhao ZhaoReward=1 total=147:154 
(Filename: E:\unity\Runtime/Export/Debug/Debug.bindings.h Line: 39)

SELFPLAY GOAL 302 scorer=Fan ZhaoReward=-1 total=148:154 
(Filename: E:\unity\Runtime/Export/Debug/Debug.bindings.h Line: 39)

SELFPLAY GOAL 303 scorer=Fan ZhaoReward=-1 total=149:154 
(Filename: E:\unity\Runtime/Export/Debug/Debug.bindings.h Line: 39)

SELFPLAY GOAL 304 scorer=Zhao ZhaoReward=1 total=149:155 
(Filename: E:\unity\Runtime/Export/Debug/Debug.bindings.h Line: 39)

SELFPLAY MATCH 36 goals=6 total=304 score=4:2 
(Filename: E:\unity\Runtime/Export/Debug/Debug.bindings.h Line: 39)

Unloading 4 Unused Serialized files (Serialized files now loaded: 0)
UnloadTime: 0.754000 ms

Unloading 4 unused Assets to reduce memory usage. Loaded Objects now: 1061.
Total: 1.347200 ms (FindLiveObjects: 0.042200 ms CreateObjectMapping: 0.009700 ms MarkObjects: 0.315300 ms  DeleteObjects: 0.979400 ms)

SELFPLAY GOALMAP x=-6.13 isPlayer1Goal=True 
(Filename: E:\unity\Runtime/Export/Debug/Debug.bindings.h Line: 39)

SELFPLAY GOALMAP x=6.18 isPlayer1Goal=False 
(Filename: E:\unity\Runtime/Export/Debug/Debug.bindings.h Line: 39)

SELFPLAY GOAL 305 scorer=Fan ZhaoReward=-1 total=150:155 
(Filename: E:\unity\Runtime/Export/Debug/Debug.bindings.h Line: 39)

SELFPLAY GOAL 306 scorer=Fan ZhaoReward=-1 total=151:155 
(Filename: E:\unity\Runtime/Export/Debug/Debug.bindings.h Line: 39)

SELFPLAY GOAL 307 scorer=Fan ZhaoReward=-1 total=152:155 
(Filename: E:\unity\Runtime/Export/Debug/Debug.bindings.h Line: 39)

SELFPLAY GOAL 308 scorer=Zhao ZhaoReward=1 total=152:156 
(Filename: E:\unity\Runtime/Export/Debug/Debug.bindings.h Line: 39)

SELFPLAY GOAL 309 scorer=Zhao ZhaoReward=1 total=152:157 
(Filename: E:\unity\Runtime/Export/Debug/Debug.bindings.h Line: 39)

SELFPLAY GOAL 310 scorer=Fan ZhaoReward=-1 total=153:157 
(Filename: E:\unity\Runtime/Export/Debug/Debug.bindings.h Line: 39)

SELFPLAY GOAL 311 scorer=Zhao ZhaoReward=1 total=153:158 
(Filename: E:\unity\Runtime/Export/Debug/Debug.bindings.h Line: 39)

SELFPLAY GOAL 312 scorer=Fan ZhaoReward=-1 total=154:158 
(Filename: E:\unity\Runtime/Export/Debug/Debug.bindings.h Line: 39)

SELFPLAY GOAL 313 scorer=Fan ZhaoReward=-1 total=155:158 
(Filename: E:\unity\Runtime/Export/Debug/Debug.bindings.h Line: 39)

SELFPLAY GOAL 314 scorer=Fan ZhaoReward=-1 total=156:158 
(Filename: E:\unity\Runtime/Export/Debug/Debug.bindings.h Line: 39)

SELFPLAY GOAL 315 scorer=Fan ZhaoReward=-1 total=157:158 
(Filename: E:\unity\Runtime/Export/Debug/Debug.bindings.h Line: 39)

SELFPLAY MATCH 37 goals=11 total=315 score=8:3 
(Filename: E:\unity\Runtime/Export/Debug/Debug.bindings.h Line: 39)

Unloading 4 Unused Serialized files (Serialized files now loaded: 0)
UnloadTime: 0.499700 ms

Unloading 4 unused Assets to reduce memory usage. Loaded Objects now: 1061.
Total: 1.452600 ms (FindLiveObjects: 0.042700 ms CreateObjectMapping: 0.009800 ms MarkObjects: 0.308600 ms  DeleteObjects: 1.090900 ms)

SELFPLAY GOALMAP x=-6.13 isPlayer1Goal=True 
(Filename: E:\unity\Runtime/Export/Debug/Debug.bindings.h Line: 39)

SELFPLAY GOALMAP x=6.18 isPlayer1Goal=False 
(Filename: E:\unity\Runtime/Export/Debug/Debug.bindings.h Line: 39)

SELFPLAY GOAL 316 scorer=Zhao ZhaoReward=1 total=157:159 
(Filename: E:\unity\Runtime/Export/Debug/Debug.bindings.h Line: 39)

SELFPLAY GOAL 317 scorer=Zhao ZhaoReward=1 total=157:160 
(Filename: E:\unity\Runtime/Export/Debug/Debug.bindings.h Line: 39)

SELFPLAY GOAL 318 scorer=Zhao ZhaoReward=1 total=157:161 
(Filename: E:\unity\Runtime/Export/Debug/Debug.bindings.h Line: 39)

SELFPLAY GOAL 319 scorer=Fan ZhaoReward=-1 total=158:161 
(Filename: E:\unity\Runtime/Export/Debug/Debug.bindings.h Line: 39)

SELFPLAY GOAL 320 scorer=Zhao ZhaoReward=1 total=158:162 
(Filename: E:\unity\Runtime/Export/Debug/Debug.bindings.h Line: 39)

SELFPLAY GOAL 321 scorer=Zhao ZhaoReward=1 total=158:163 
(Filename: E:\unity\Runtime/Export/Debug/Debug.bindings.h Line: 39)

SELFPLAY GOAL 322 scorer=Zhao ZhaoReward=1 total=158:164 
(Filename: E:\unity\Runtime/Export/Debug/Debug.bindings.h Line: 39)

SELFPLAY GOAL 323 scorer=Fan ZhaoReward=-1 total=159:164 
(Filename: E:\unity\Runtime/Export/Debug/Debug.bindings.h Line: 39)

SELFPLAY GOAL 324 scorer=Zhao ZhaoReward=1 total=159:165 
(Filename: E:\unity\Runtime/Export/Debug/Debug.bindings.h Line: 39)

SELFPLAY MATCH 38 goals=9 total=324 score=2:7 
(Filename: E:\unity\Runtime/Export/Debug/Debug.bindings.h Line: 39)

Unloading 4 Unused Serialized files (Serialized files now loaded: 0)
UnloadTime: 0.523100 ms

Unloading 4 unused Assets to reduce memory usage. Loaded Objects now: 1061.
Total: 1.421400 ms (FindLiveObjects: 0.041500 ms CreateObjectMapping: 0.009100 ms MarkObjects: 0.323100 ms  DeleteObjects: 1.047400 ms)

SELFPLAY GOALMAP x=-6.13 isPlayer1Goal=True 
(Filename: E:\unity\Runtime/Export/Debug/Debug.bindings.h Line: 39)

SELFPLAY GOALMAP x=6.18 isPlayer1Goal=False 
(Filename: E:\unity\Runtime/Export/Debug/Debug.bindings.h Line: 39)

SELFPLAY GOAL 325 scorer=Fan ZhaoReward=-1 total=160:165 
(Filename: E:\unity\Runtime/Export/Debug/Debug.bindings.h Line: 39)

SELFPLAY GOAL 326 scorer=Zhao ZhaoReward=1 total=160:166 
(Filename: E:\unity\Runtime/Export/Debug/Debug.bindings.h Line: 39)

SELFPLAY GOAL 327 scorer=Zhao ZhaoReward=1 total=160:167 
(Filename: E:\unity\Runtime/Export/Debug/Debug.bindings.h Line: 39)

SELFPLAY GOAL 328 scorer=Zhao ZhaoReward=1 total=160:168 
(Filename: E:\unity\Runtime/Export/Debug/Debug.bindings.h Line: 39)

SELFPLAY GOAL 329 scorer=Fan ZhaoReward=-1 total=161:168 
(Filename: E:\unity\Runtime/Export/Debug/Debug.bindings.h Line: 39)

SELFPLAY GOAL 330 scorer=Fan ZhaoReward=-1 total=162:168 
(Filename: E:\unity\Runtime/Export/Debug/Debug.bindings.h Line: 39)

SELFPLAY GOAL 331 scorer=Zhao ZhaoReward=1 total=162:169 
(Filename: E:\unity\Runtime/Export/Debug/Debug.bindings.h Line: 39)

SELFPLAY MATCH 39 goals=7 total=331 score=3:4 
(Filename: E:\unity\Runtime/Export/Debug/Debug.bindings.h Line: 39)

Unloading 4 Unused Serialized files (Serialized files now loaded: 0)
UnloadTime: 0.458300 ms

Unloading 4 unused Assets to reduce memory usage. Loaded Objects now: 1061.
Total: 1.476700 ms (FindLiveObjects: 0.041800 ms CreateObjectMapping: 0.009900 ms MarkObjects: 0.286800 ms  DeleteObjects: 1.137600 ms)

SELFPLAY GOALMAP x=-6.13 isPlayer1Goal=True 
(Filename: E:\unity\Runtime/Export/Debug/Debug.bindings.h Line: 39)

SELFPLAY GOALMAP x=6.18 isPlayer1Goal=False 
(Filename: E:\unity\Runtime/Export/Debug/Debug.bindings.h Line: 39)

SELFPLAY GOAL 332 scorer=Fan ZhaoReward=-1 total=163:169 
(Filename: E:\unity\Runtime/Export/Debug/Debug.bindings.h Line: 39)

SELFPLAY GOAL 333 scorer=Fan ZhaoReward=-1 total=164:169 
(Filename: E:\unity\Runtime/Export/Debug/Debug.bindings.h Line: 39)

SELFPLAY GOAL 334 scorer=Zhao ZhaoReward=1 total=164:170 
(Filename: E:\unity\Runtime/Export/Debug/Debug.bindings.h Line: 39)

SELFPLAY GOAL 335 scorer=Zhao ZhaoReward=1 total=164:171 
(Filename: E:\unity\Runtime/Export/Debug/Debug.bindings.h Line: 39)

SELFPLAY GOAL 336 scorer=Zhao ZhaoReward=1 total=164:172 
(Filename: E:\unity\Runtime/Export/Debug/Debug.bindings.h Line: 39)

SELFPLAY GOAL 337 scorer=Zhao ZhaoReward=1 total=164:173 
(Filename: E:\unity\Runtime/Export/Debug/Debug.bindings.h Line: 39)

SELFPLAY GOAL 338 scorer=Fan ZhaoReward=-1 total=165:173 
(Filename: E:\unity\Runtime/Export/Debug/Debug.bindings.h Line: 39)

SELFPLAY GOAL 339 scorer=Fan ZhaoReward=-1 total=166:173 
(Filename: E:\unity\Runtime/Export/Debug/Debug.bindings.h Line: 39)

SELFPLAY GOAL 340 scorer=Fan ZhaoReward=-1 total=167:173 
(Filename: E:\unity\Runtime/Export/Debug/Debug.bindings.h Line: 39)

SELFPLAY GOAL 341 scorer=Zhao ZhaoReward=1 total=167:174 
(Filename: E:\unity\Runtime/Export/Debug/Debug.bindings.h Line: 39)

SELFPLAY GOAL 342 scorer=Zhao ZhaoReward=1 total=167:175 
(Filename: E:\unity\Runtime/Export/Debug/Debug.bindings.h Line: 39)

SELFPLAY MATCH 40 goals=11 total=342 score=5:6 
(Filename: E:\unity\Runtime/Export/Debug/Debug.bindings.h Line: 39)

Unloading 4 Unused Serialized files (Serialized files now loaded: 0)
UnloadTime: 0.628300 ms

Unloading 4 unused Assets to reduce memory usage. Loaded Objects now: 1061.
Total: 1.459200 ms (FindLiveObjects: 0.047800 ms CreateObjectMapping: 0.011400 ms MarkObjects: 0.399800 ms  DeleteObjects: 0.999400 ms)

SELFPLAY GOALMAP x=-6.13 isPlayer1Goal=True 
(Filename: E:\unity\Runtime/Export/Debug/Debug.bindings.h Line: 39)

SELFPLAY GOALMAP x=6.18 isPlayer1Goal=False 
(Filename: E:\unity\Runtime/Export/Debug/Debug.bindings.h Line: 39)

SELFPLAY GOAL 343 scorer=Zhao ZhaoReward=1 total=167:176 
(Filename: E:\unity\Runtime/Export/Debug/Debug.bindings.h Line: 39)

SELFPLAY PROGRESS goals=343/500 matches=41 score=167:176 real=161.8936 
(Filename: E:\unity\Runtime/Export/Debug/Debug.bindings.h Line: 39)

SELFPLAY GOAL 344 scorer=Fan ZhaoReward=-1 total=168:176 
(Filename: E:\unity\Runtime/Export/Debug/Debug.bindings.h Line: 39)

SELFPLAY GOAL 345 scorer=Zhao ZhaoReward=1 total=168:177 
(Filename: E:\unity\Runtime/Export/Debug/Debug.bindings.h Line: 39)

SELFPLAY GOAL 346 scorer=Fan ZhaoReward=-1 total=169:177 
(Filename: E:\unity\Runtime/Export/Debug/Debug.bindings.h Line: 39)

SELFPLAY GOAL 347 scorer=Zhao ZhaoReward=1 total=169:178 
(Filename: E:\unity\Runtime/Export/Debug/Debug.bindings.h Line: 39)

SELFPLAY GOAL 348 scorer=Zhao ZhaoReward=1 total=169:179 
(Filename: E:\unity\Runtime/Export/Debug/Debug.bindings.h Line: 39)

SELFPLAY GOAL 349 scorer=Fan ZhaoReward=-1 total=170:179 
(Filename: E:\unity\Runtime/Export/Debug/Debug.bindings.h Line: 39)

SELFPLAY MATCH 41 goals=7 total=349 score=3:4 
(Filename: E:\unity\Runtime/Export/Debug/Debug.bindings.h Line: 39)

Unloading 4 Unused Serialized files (Serialized files now loaded: 0)
UnloadTime: 0.427200 ms

Unloading 4 unused Assets to reduce memory usage. Loaded Objects now: 1061.
Total: 1.414300 ms (FindLiveObjects: 0.059500 ms CreateObjectMapping: 0.020000 ms MarkObjects: 0.302100 ms  DeleteObjects: 1.032100 ms)

SELFPLAY GOALMAP x=-6.13 isPlayer1Goal=True 
(Filename: E:\unity\Runtime/Export/Debug/Debug.bindings.h Line: 39)

SELFPLAY GOALMAP x=6.18 isPlayer1Goal=False 
(Filename: E:\unity\Runtime/Export/Debug/Debug.bindings.h Line: 39)

SELFPLAY GOAL 350 scorer=Fan ZhaoReward=-1 total=171:179 
(Filename: E:\unity\Runtime/Export/Debug/Debug.bindings.h Line: 39)

SELFPLAY GOAL 351 scorer=Zhao ZhaoReward=1 total=171:180 
(Filename: E:\unity\Runtime/Export/Debug/Debug.bindings.h Line: 39)

SELFPLAY GOAL 352 scorer=Fan ZhaoReward=-1 total=172:180 
(Filename: E:\unity\Runtime/Export/Debug/Debug.bindings.h Line: 39)

SELFPLAY GOAL 353 scorer=Fan ZhaoReward=-1 total=173:180 
(Filename: E:\unity\Runtime/Export/Debug/Debug.bindings.h Line: 39)

SELFPLAY GOAL 354 scorer=Fan ZhaoReward=-1 total=174:180 
(Filename: E:\unity\Runtime/Export/Debug/Debug.bindings.h Line: 39)

SELFPLAY GOAL 355 scorer=Zhao ZhaoReward=1 total=174:181 
(Filename: E:\unity\Runtime/Export/Debug/Debug.bindings.h Line: 39)

SELFPLAY MATCH 42 goals=6 total=355 score=4:2 
(Filename: E:\unity\Runtime/Export/Debug/Debug.bindings.h Line: 39)

Unloading 4 Unused Serialized files (Serialized files now loaded: 0)
UnloadTime: 0.692000 ms

Unloading 4 unused Assets to reduce memory usage. Loaded Objects now: 1061.
Total: 1.461800 ms (FindLiveObjects: 0.043200 ms CreateObjectMapping: 0.009700 ms MarkObjects: 0.388400 ms  DeleteObjects: 1.020000 ms)

SELFPLAY GOALMAP x=-6.13 isPlayer1Goal=True 
(Filename: E:\unity\Runtime/Export/Debug/Debug.bindings.h Line: 39)

SELFPLAY GOALMAP x=6.18 isPlayer1Goal=False 
(Filename: E:\unity\Runtime/Export/Debug/Debug.bindings.h Line: 39)

SELFPLAY GOAL 356 scorer=Fan ZhaoReward=-1 total=175:181 
(Filename: E:\unity\Runtime/Export/Debug/Debug.bindings.h Line: 39)

SELFPLAY GOAL 357 scorer=Fan ZhaoReward=-1 total=176:181 
(Filename: E:\unity\Runtime/Export/Debug/Debug.bindings.h Line: 39)

SELFPLAY GOAL 358 scorer=Fan ZhaoReward=-1 total=177:181 
(Filename: E:\unity\Runtime/Export/Debug/Debug.bindings.h Line: 39)

SELFPLAY GOAL 359 scorer=Fan ZhaoReward=-1 total=178:181 
(Filename: E:\unity\Runtime/Export/Debug/Debug.bindings.h Line: 39)

SELFPLAY GOAL 360 scorer=Fan ZhaoReward=-1 total=179:181 
(Filename: E:\unity\Runtime/Export/Debug/Debug.bindings.h Line: 39)

SELFPLAY GOAL 361 scorer=Zhao ZhaoReward=1 total=179:182 
(Filename: E:\unity\Runtime/Export/Debug/Debug.bindings.h Line: 39)

SELFPLAY GOAL 362 scorer=Fan ZhaoReward=-1 total=180:182 
(Filename: E:\unity\Runtime/Export/Debug/Debug.bindings.h Line: 39)

SELFPLAY GOAL 363 scorer=Zhao ZhaoReward=1 total=180:183 
(Filename: E:\unity\Runtime/Export/Debug/Debug.bindings.h Line: 39)

SELFPLAY GOAL 364 scorer=Zhao ZhaoReward=1 total=180:184 
(Filename: E:\unity\Runtime/Export/Debug/Debug.bindings.h Line: 39)

SELFPLAY GOAL 365 scorer=Zhao ZhaoReward=1 total=180:185 
(Filename: E:\unity\Runtime/Export/Debug/Debug.bindings.h Line: 39)

SELFPLAY GOAL 366 scorer=Zhao ZhaoReward=1 total=180:186 
(Filename: E:\unity\Runtime/Export/Debug/Debug.bindings.h Line: 39)

SELFPLAY GOAL 367 scorer=Zhao ZhaoReward=1 total=180:187 
(Filename: E:\unity\Runtime/Export/Debug/Debug.bindings.h Line: 39)

SELFPLAY MATCH 43 goals=12 total=367 score=6:6 
(Filename: E:\unity\Runtime/Export/Debug/Debug.bindings.h Line: 39)

Unloading 4 Unused Serialized files (Serialized files now loaded: 0)
UnloadTime: 0.454100 ms

Unloading 4 unused Assets to reduce memory usage. Loaded Objects now: 1061.
Total: 1.336800 ms (FindLiveObjects: 0.041100 ms CreateObjectMapping: 0.008800 ms MarkObjects: 0.285600 ms  DeleteObjects: 1.001000 ms)

SELFPLAY GOALMAP x=-6.13 isPlayer1Goal=True 
(Filename: E:\unity\Runtime/Export/Debug/Debug.bindings.h Line: 39)

SELFPLAY GOALMAP x=6.18 isPlayer1Goal=False 
(Filename: E:\unity\Runtime/Export/Debug/Debug.bindings.h Line: 39)

SELFPLAY GOAL 368 scorer=Fan ZhaoReward=-1 total=181:187 
(Filename: E:\unity\Runtime/Export/Debug/Debug.bindings.h Line: 39)

SELFPLAY GOAL 369 scorer=Zhao ZhaoReward=1 total=181:188 
(Filename: E:\unity\Runtime/Export/Debug/Debug.bindings.h Line: 39)

SELFPLAY GOAL 370 scorer=Fan ZhaoReward=-1 total=182:188 
(Filename: E:\unity\Runtime/Export/Debug/Debug.bindings.h Line: 39)

SELFPLAY GOAL 371 scorer=Zhao ZhaoReward=1 total=182:189 
(Filename: E:\unity\Runtime/Export/Debug/Debug.bindings.h Line: 39)

SELFPLAY GOAL 372 scorer=Fan ZhaoReward=-1 total=183:189 
(Filename: E:\unity\Runtime/Export/Debug/Debug.bindings.h Line: 39)

SELFPLAY GOAL 373 scorer=Fan ZhaoReward=-1 total=184:189 
(Filename: E:\unity\Runtime/Export/Debug/Debug.bindings.h Line: 39)

SELFPLAY GOAL 374 scorer=Zhao ZhaoReward=1 total=184:190 
(Filename: E:\unity\Runtime/Export/Debug/Debug.bindings.h Line: 39)

SELFPLAY GOAL 375 scorer=Fan ZhaoReward=-1 total=185:190 
(Filename: E:\unity\Runtime/Export/Debug/Debug.bindings.h Line: 39)

SELFPLAY MATCH 44 goals=8 total=375 score=5:3 
(Filename: E:\unity\Runtime/Export/Debug/Debug.bindings.h Line: 39)

Unloading 4 Unused Serialized files (Serialized files now loaded: 0)
UnloadTime: 0.426900 ms

Unloading 4 unused Assets to reduce memory usage. Loaded Objects now: 1061.
Total: 1.219700 ms (FindLiveObjects: 0.042900 ms CreateObjectMapping: 0.009500 ms MarkObjects: 0.293100 ms  DeleteObjects: 0.873800 ms)

SELFPLAY GOALMAP x=-6.13 isPlayer1Goal=True 
(Filename: E:\unity\Runtime/Export/Debug/Debug.bindings.h Line: 39)

SELFPLAY GOALMAP x=6.18 isPlayer1Goal=False 
(Filename: E:\unity\Runtime/Export/Debug/Debug.bindings.h Line: 39)

SELFPLAY GOAL 376 scorer=Fan ZhaoReward=-1 total=186:190 
(Filename: E:\unity\Runtime/Export/Debug/Debug.bindings.h Line: 39)

SELFPLAY GOAL 377 scorer=Fan ZhaoReward=-1 total=187:190 
(Filename: E:\unity\Runtime/Export/Debug/Debug.bindings.h Line: 39)

SELFPLAY GOAL 378 scorer=Zhao ZhaoReward=1 total=187:191 
(Filename: E:\unity\Runtime/Export/Debug/Debug.bindings.h Line: 39)

SELFPLAY GOAL 379 scorer=Fan ZhaoReward=-1 total=188:191 
(Filename: E:\unity\Runtime/Export/Debug/Debug.bindings.h Line: 39)

SELFPLAY GOAL 380 scorer=Fan ZhaoReward=-1 total=189:191 
(Filename: E:\unity\Runtime/Export/Debug/Debug.bindings.h Line: 39)

SELFPLAY GOAL 381 scorer=Zhao ZhaoReward=1 total=189:192 
(Filename: E:\unity\Runtime/Export/Debug/Debug.bindings.h Line: 39)

SELFPLAY GOAL 382 scorer=Zhao ZhaoReward=1 total=189:193 
(Filename: E:\unity\Runtime/Export/Debug/Debug.bindings.h Line: 39)

SELFPLAY GOAL 383 scorer=Fan ZhaoReward=-1 total=190:193 
(Filename: E:\unity\Runtime/Export/Debug/Debug.bindings.h Line: 39)

SELFPLAY GOAL 384 scorer=Zhao ZhaoReward=1 total=190:194 
(Filename: E:\unity\Runtime/Export/Debug/Debug.bindings.h Line: 39)

SELFPLAY GOAL 385 scorer=Zhao ZhaoReward=1 total=190:195 
(Filename: E:\unity\Runtime/Export/Debug/Debug.bindings.h Line: 39)

SELFPLAY GOAL 386 scorer=Zhao ZhaoReward=1 total=190:196 
(Filename: E:\unity\Runtime/Export/Debug/Debug.bindings.h Line: 39)

SELFPLAY GOAL 387 scorer=Zhao ZhaoReward=1 total=190:197 
(Filename: E:\unity\Runtime/Export/Debug/Debug.bindings.h Line: 39)

SELFPLAY MATCH 45 goals=12 total=387 score=5:7 
(Filename: E:\unity\Runtime/Export/Debug/Debug.bindings.h Line: 39)

Unloading 4 Unused Serialized files (Serialized files now loaded: 0)
UnloadTime: 0.471700 ms

Unloading 4 unused Assets to reduce memory usage. Loaded Objects now: 1061.
Total: 1.354200 ms (FindLiveObjects: 0.040700 ms CreateObjectMapping: 0.009000 ms MarkObjects: 0.380100 ms  DeleteObjects: 0.923700 ms)

SELFPLAY GOALMAP x=-6.13 isPlayer1Goal=True 
(Filename: E:\unity\Runtime/Export/Debug/Debug.bindings.h Line: 39)

SELFPLAY GOALMAP x=6.18 isPlayer1Goal=False 
(Filename: E:\unity\Runtime/Export/Debug/Debug.bindings.h Line: 39)

SELFPLAY GOAL 388 scorer=Fan ZhaoReward=-1 total=191:197 
(Filename: E:\unity\Runtime/Export/Debug/Debug.bindings.h Line: 39)

SELFPLAY GOAL 389 scorer=Fan ZhaoReward=-1 total=192:197 
(Filename: E:\unity\Runtime/Export/Debug/Debug.bindings.h Line: 39)

SELFPLAY GOAL 390 scorer=Zhao ZhaoReward=1 total=192:198 
(Filename: E:\unity\Runtime/Export/Debug/Debug.bindings.h Line: 39)

SELFPLAY GOAL 391 scorer=Zhao ZhaoReward=1 total=192:199 
(Filename: E:\unity\Runtime/Export/Debug/Debug.bindings.h Line: 39)

SELFPLAY GOAL 392 scorer=Zhao ZhaoReward=1 total=192:200 
(Filename: E:\unity\Runtime/Export/Debug/Debug.bindings.h Line: 39)

SELFPLAY GOAL 393 scorer=Zhao ZhaoReward=1 total=192:201 
(Filename: E:\unity\Runtime/Export/Debug/Debug.bindings.h Line: 39)

SELFPLAY GOAL 394 scorer=Zhao ZhaoReward=1 total=192:202 
(Filename: E:\unity\Runtime/Export/Debug/Debug.bindings.h Line: 39)

SELFPLAY GOAL 395 scorer=Fan ZhaoReward=-1 total=193:202 
(Filename: E:\unity\Runtime/Export/Debug/Debug.bindings.h Line: 39)

SELFPLAY GOAL 396 scorer=Fan ZhaoReward=-1 total=194:202 
(Filename: E:\unity\Runtime/Export/Debug/Debug.bindings.h Line: 39)

SELFPLAY MATCH 46 goals=9 total=396 score=4:5 
(Filename: E:\unity\Runtime/Export/Debug/Debug.bindings.h Line: 39)

Unloading 4 Unused Serialized files (Serialized files now loaded: 0)
UnloadTime: 0.651800 ms

Unloading 4 unused Assets to reduce memory usage. Loaded Objects now: 1061.
Total: 1.432500 ms (FindLiveObjects: 0.056700 ms CreateObjectMapping: 0.008700 ms MarkObjects: 0.294900 ms  DeleteObjects: 1.071700 ms)

SELFPLAY GOALMAP x=-6.13 isPlayer1Goal=True 
(Filename: E:\unity\Runtime/Export/Debug/Debug.bindings.h Line: 39)

SELFPLAY GOALMAP x=6.18 isPlayer1Goal=False 
(Filename: E:\unity\Runtime/Export/Debug/Debug.bindings.h Line: 39)

SELFPLAY GOAL 397 scorer=Fan ZhaoReward=-1 total=195:202 
(Filename: E:\unity\Runtime/Export/Debug/Debug.bindings.h Line: 39)

SELFPLAY GOAL 398 scorer=Zhao ZhaoReward=1 total=195:203 
(Filename: E:\unity\Runtime/Export/Debug/Debug.bindings.h Line: 39)

SELFPLAY GOAL 399 scorer=Fan ZhaoReward=-1 total=196:203 
(Filename: E:\unity\Runtime/Export/Debug/Debug.bindings.h Line: 39)

SELFPLAY GOAL 400 scorer=Zhao ZhaoReward=1 total=196:204 
(Filename: E:\unity\Runtime/Export/Debug/Debug.bindings.h Line: 39)

SELFPLAY GOAL 401 scorer=Zhao ZhaoReward=1 total=196:205 
(Filename: E:\unity\Runtime/Export/Debug/Debug.bindings.h Line: 39)

SELFPLAY GOAL 402 scorer=Zhao ZhaoReward=1 total=196:206 
(Filename: E:\unity\Runtime/Export/Debug/Debug.bindings.h Line: 39)

SELFPLAY GOAL 403 scorer=Fan ZhaoReward=-1 total=197:206 
(Filename: E:\unity\Runtime/Export/Debug/Debug.bindings.h Line: 39)

SELFPLAY MATCH 47 goals=7 total=403 score=3:4 
(Filename: E:\unity\Runtime/Export/Debug/Debug.bindings.h Line: 39)

Unloading 4 Unused Serialized files (Serialized files now loaded: 0)
UnloadTime: 0.831500 ms

Unloading 4 unused Assets to reduce memory usage. Loaded Objects now: 1061.
Total: 1.404200 ms (FindLiveObjects: 0.039800 ms CreateObjectMapping: 0.008400 ms MarkObjects: 0.404800 ms  DeleteObjects: 0.950800 ms)

SELFPLAY GOALMAP x=-6.13 isPlayer1Goal=True 
(Filename: E:\unity\Runtime/Export/Debug/Debug.bindings.h Line: 39)

SELFPLAY GOALMAP x=6.18 isPlayer1Goal=False 
(Filename: E:\unity\Runtime/Export/Debug/Debug.bindings.h Line: 39)

SELFPLAY GOAL 404 scorer=Fan ZhaoReward=-1 total=198:206 
(Filename: E:\unity\Runtime/Export/Debug/Debug.bindings.h Line: 39)

SELFPLAY GOAL 405 scorer=Zhao ZhaoReward=1 total=198:207 
(Filename: E:\unity\Runtime/Export/Debug/Debug.bindings.h Line: 39)

SELFPLAY GOAL 406 scorer=Zhao ZhaoReward=1 total=198:208 
(Filename: E:\unity\Runtime/Export/Debug/Debug.bindings.h Line: 39)

SELFPLAY GOAL 407 scorer=Fan ZhaoReward=-1 total=199:208 
(Filename: E:\unity\Runtime/Export/Debug/Debug.bindings.h Line: 39)

SELFPLAY GOAL 408 scorer=Zhao ZhaoReward=1 total=199:209 
(Filename: E:\unity\Runtime/Export/Debug/Debug.bindings.h Line: 39)

SELFPLAY PROGRESS goals=408/500 matches=48 score=199:209 real=191.8947 
(Filename: E:\unity\Runtime/Export/Debug/Debug.bindings.h Line: 39)

SELFPLAY MATCH 48 goals=5 total=408 score=2:3 
(Filename: E:\unity\Runtime/Export/Debug/Debug.bindings.h Line: 39)

Unloading 4 Unused Serialized files (Serialized files now loaded: 0)
UnloadTime: 0.677900 ms

Unloading 4 unused Assets to reduce memory usage. Loaded Objects now: 1061.
Total: 1.380400 ms (FindLiveObjects: 0.040600 ms CreateObjectMapping: 0.009300 ms MarkObjects: 0.405100 ms  DeleteObjects: 0.924800 ms)

SELFPLAY GOALMAP x=-6.13 isPlayer1Goal=True 
(Filename: E:\unity\Runtime/Export/Debug/Debug.bindings.h Line: 39)

SELFPLAY GOALMAP x=6.18 isPlayer1Goal=False 
(Filename: E:\unity\Runtime/Export/Debug/Debug.bindings.h Line: 39)

SELFPLAY GOAL 409 scorer=Fan ZhaoReward=-1 total=200:209 
(Filename: E:\unity\Runtime/Export/Debug/Debug.bindings.h Line: 39)

SELFPLAY GOAL 410 scorer=Zhao ZhaoReward=1 total=200:210 
(Filename: E:\unity\Runtime/Export/Debug/Debug.bindings.h Line: 39)

SELFPLAY GOAL 411 scorer=Fan ZhaoReward=-1 total=201:210 
(Filename: E:\unity\Runtime/Export/Debug/Debug.bindings.h Line: 39)

SELFPLAY GOAL 412 scorer=Fan ZhaoReward=-1 total=202:210 
(Filename: E:\unity\Runtime/Export/Debug/Debug.bindings.h Line: 39)

SELFPLAY GOAL 413 scorer=Fan ZhaoReward=-1 total=203:210 
(Filename: E:\unity\Runtime/Export/Debug/Debug.bindings.h Line: 39)

SELFPLAY GOAL 414 scorer=Zhao ZhaoReward=1 total=203:211 
(Filename: E:\unity\Runtime/Export/Debug/Debug.bindings.h Line: 39)

SELFPLAY GOAL 415 scorer=Fan ZhaoReward=-1 total=204:211 
(Filename: E:\unity\Runtime/Export/Debug/Debug.bindings.h Line: 39)

SELFPLAY GOAL 416 scorer=Zhao ZhaoReward=1 total=204:212 
(Filename: E:\unity\Runtime/Export/Debug/Debug.bindings.h Line: 39)

SELFPLAY GOAL 417 scorer=Fan ZhaoReward=-1 total=205:212 
(Filename: E:\unity\Runtime/Export/Debug/Debug.bindings.h Line: 39)

SELFPLAY GOAL 418 scorer=Fan ZhaoReward=-1 total=206:212 
(Filename: E:\unity\Runtime/Export/Debug/Debug.bindings.h Line: 39)

SELFPLAY MATCH 49 goals=10 total=418 score=7:3 
(Filename: E:\unity\Runtime/Export/Debug/Debug.bindings.h Line: 39)

Unloading 4 Unused Serialized files (Serialized files now loaded: 0)
UnloadTime: 0.418500 ms

Unloading 4 unused Assets to reduce memory usage. Loaded Objects now: 1061.
Total: 1.315400 ms (FindLiveObjects: 0.040200 ms CreateObjectMapping: 0.009100 ms MarkObjects: 0.283500 ms  DeleteObjects: 0.982200 ms)

SELFPLAY GOALMAP x=-6.13 isPlayer1Goal=True 
(Filename: E:\unity\Runtime/Export/Debug/Debug.bindings.h Line: 39)

SELFPLAY GOALMAP x=6.18 isPlayer1Goal=False 
(Filename: E:\unity\Runtime/Export/Debug/Debug.bindings.h Line: 39)

SELFPLAY GOAL 419 scorer=Zhao ZhaoReward=1 total=206:213 
(Filename: E:\unity\Runtime/Export/Debug/Debug.bindings.h Line: 39)

SELFPLAY GOAL 420 scorer=Fan ZhaoReward=-1 total=207:213 
(Filename: E:\unity\Runtime/Export/Debug/Debug.bindings.h Line: 39)

SELFPLAY GOAL 421 scorer=Zhao ZhaoReward=1 total=207:214 
(Filename: E:\unity\Runtime/Export/Debug/Debug.bindings.h Line: 39)

SELFPLAY GOAL 422 scorer=Zhao ZhaoReward=1 total=207:215 
(Filename: E:\unity\Runtime/Export/Debug/Debug.bindings.h Line: 39)

SELFPLAY GOAL 423 scorer=Zhao ZhaoReward=1 total=207:216 
(Filename: E:\unity\Runtime/Export/Debug/Debug.bindings.h Line: 39)

SELFPLAY GOAL 424 scorer=Fan ZhaoReward=-1 total=208:216 
(Filename: E:\unity\Runtime/Export/Debug/Debug.bindings.h Line: 39)

SELFPLAY GOAL 425 scorer=Fan ZhaoReward=-1 total=209:216 
(Filename: E:\unity\Runtime/Export/Debug/Debug.bindings.h Line: 39)

SELFPLAY MATCH 50 goals=7 total=425 score=3:4 
(Filename: E:\unity\Runtime/Export/Debug/Debug.bindings.h Line: 39)

Unloading 4 Unused Serialized files (Serialized files now loaded: 0)
UnloadTime: 0.594200 ms

Unloading 4 unused Assets to reduce memory usage. Loaded Objects now: 1061.
Total: 1.358100 ms (FindLiveObjects: 0.057100 ms CreateObjectMapping: 0.009500 ms MarkObjects: 0.381200 ms  DeleteObjects: 0.909500 ms)

SELFPLAY GOALMAP x=-6.13 isPlayer1Goal=True 
(Filename: E:\unity\Runtime/Export/Debug/Debug.bindings.h Line: 39)

SELFPLAY GOALMAP x=6.18 isPlayer1Goal=False 
(Filename: E:\unity\Runtime/Export/Debug/Debug.bindings.h Line: 39)

SELFPLAY GOAL 426 scorer=Fan ZhaoReward=-1 total=210:216 
(Filename: E:\unity\Runtime/Export/Debug/Debug.bindings.h Line: 39)

SELFPLAY GOAL 427 scorer=Zhao ZhaoReward=1 total=210:217 
(Filename: E:\unity\Runtime/Export/Debug/Debug.bindings.h Line: 39)

SELFPLAY GOAL 428 scorer=Fan ZhaoReward=-1 total=211:217 
(Filename: E:\unity\Runtime/Export/Debug/Debug.bindings.h Line: 39)

SELFPLAY GOAL 429 scorer=Zhao ZhaoReward=1 total=211:218 
(Filename: E:\unity\Runtime/Export/Debug/Debug.bindings.h Line: 39)

SELFPLAY GOAL 430 scorer=Fan ZhaoReward=-1 total=212:218 
(Filename: E:\unity\Runtime/Export/Debug/Debug.bindings.h Line: 39)

SELFPLAY GOAL 431 scorer=Zhao ZhaoReward=1 total=212:219 
(Filename: E:\unity\Runtime/Export/Debug/Debug.bindings.h Line: 39)

SELFPLAY GOAL 432 scorer=Zhao ZhaoReward=1 total=212:220 
(Filename: E:\unity\Runtime/Export/Debug/Debug.bindings.h Line: 39)

SELFPLAY MATCH 51 goals=7 total=432 score=3:4 
(Filename: E:\unity\Runtime/Export/Debug/Debug.bindings.h Line: 39)

Unloading 4 Unused Serialized files (Serialized files now loaded: 0)
UnloadTime: 0.541300 ms

Unloading 4 unused Assets to reduce memory usage. Loaded Objects now: 1061.
Total: 1.250300 ms (FindLiveObjects: 0.040400 ms CreateObjectMapping: 0.009000 ms MarkObjects: 0.319700 ms  DeleteObjects: 0.880500 ms)

SELFPLAY GOALMAP x=-6.13 isPlayer1Goal=True 
(Filename: E:\unity\Runtime/Export/Debug/Debug.bindings.h Line: 39)

SELFPLAY GOALMAP x=6.18 isPlayer1Goal=False 
(Filename: E:\unity\Runtime/Export/Debug/Debug.bindings.h Line: 39)

SELFPLAY GOAL 433 scorer=Fan ZhaoReward=-1 total=213:220 
(Filename: E:\unity\Runtime/Export/Debug/Debug.bindings.h Line: 39)

SELFPLAY GOAL 434 scorer=Fan ZhaoReward=-1 total=214:220 
(Filename: E:\unity\Runtime/Export/Debug/Debug.bindings.h Line: 39)

SELFPLAY GOAL 435 scorer=Zhao ZhaoReward=1 total=214:221 
(Filename: E:\unity\Runtime/Export/Debug/Debug.bindings.h Line: 39)

SELFPLAY GOAL 436 scorer=Zhao ZhaoReward=1 total=214:222 
(Filename: E:\unity\Runtime/Export/Debug/Debug.bindings.h Line: 39)

SELFPLAY GOAL 437 scorer=Zhao ZhaoReward=1 total=214:223 
(Filename: E:\unity\Runtime/Export/Debug/Debug.bindings.h Line: 39)

SELFPLAY GOAL 438 scorer=Fan ZhaoReward=-1 total=215:223 
(Filename: E:\unity\Runtime/Export/Debug/Debug.bindings.h Line: 39)

SELFPLAY GOAL 439 scorer=Fan ZhaoReward=-1 total=216:223 
(Filename: E:\unity\Runtime/Export/Debug/Debug.bindings.h Line: 39)

SELFPLAY MATCH 52 goals=7 total=439 score=4:3 
(Filename: E:\unity\Runtime/Export/Debug/Debug.bindings.h Line: 39)

Unloading 4 Unused Serialized files (Serialized files now loaded: 0)
UnloadTime: 0.854600 ms

Unloading 4 unused Assets to reduce memory usage. Loaded Objects now: 1061.
Total: 1.397700 ms (FindLiveObjects: 0.043400 ms CreateObjectMapping: 0.009600 ms MarkObjects: 0.301900 ms  DeleteObjects: 1.042100 ms)

SELFPLAY GOALMAP x=-6.13 isPlayer1Goal=True 
(Filename: E:\unity\Runtime/Export/Debug/Debug.bindings.h Line: 39)

SELFPLAY GOALMAP x=6.18 isPlayer1Goal=False 
(Filename: E:\unity\Runtime/Export/Debug/Debug.bindings.h Line: 39)

SELFPLAY GOAL 440 scorer=Zhao ZhaoReward=1 total=216:224 
(Filename: E:\unity\Runtime/Export/Debug/Debug.bindings.h Line: 39)

SELFPLAY GOAL 441 scorer=Fan ZhaoReward=-1 total=217:224 
(Filename: E:\unity\Runtime/Export/Debug/Debug.bindings.h Line: 39)

SELFPLAY GOAL 442 scorer=Zhao ZhaoReward=1 total=217:225 
(Filename: E:\unity\Runtime/Export/Debug/Debug.bindings.h Line: 39)

SELFPLAY GOAL 443 scorer=Zhao ZhaoReward=1 total=217:226 
(Filename: E:\unity\Runtime/Export/Debug/Debug.bindings.h Line: 39)

SELFPLAY GOAL 444 scorer=Zhao ZhaoReward=1 total=217:227 
(Filename: E:\unity\Runtime/Export/Debug/Debug.bindings.h Line: 39)

SELFPLAY GOAL 445 scorer=Fan ZhaoReward=-1 total=218:227 
(Filename: E:\unity\Runtime/Export/Debug/Debug.bindings.h Line: 39)

SELFPLAY MATCH 53 goals=6 total=445 score=2:4 
(Filename: E:\unity\Runtime/Export/Debug/Debug.bindings.h Line: 39)

Unloading 4 Unused Serialized files (Serialized files now loaded: 0)
UnloadTime: 0.725100 ms

Unloading 4 unused Assets to reduce memory usage. Loaded Objects now: 1061.
Total: 1.375000 ms (FindLiveObjects: 0.042300 ms CreateObjectMapping: 0.008900 ms MarkObjects: 0.326700 ms  DeleteObjects: 0.996700 ms)

SELFPLAY GOALMAP x=-6.13 isPlayer1Goal=True 
(Filename: E:\unity\Runtime/Export/Debug/Debug.bindings.h Line: 39)

SELFPLAY GOALMAP x=6.18 isPlayer1Goal=False 
(Filename: E:\unity\Runtime/Export/Debug/Debug.bindings.h Line: 39)

SELFPLAY GOAL 446 scorer=Fan ZhaoReward=-1 total=219:227 
(Filename: E:\unity\Runtime/Export/Debug/Debug.bindings.h Line: 39)

SELFPLAY GOAL 447 scorer=Zhao ZhaoReward=1 total=219:228 
(Filename: E:\unity\Runtime/Export/Debug/Debug.bindings.h Line: 39)

SELFPLAY GOAL 448 scorer=Zhao ZhaoReward=1 total=219:229 
(Filename: E:\unity\Runtime/Export/Debug/Debug.bindings.h Line: 39)

SELFPLAY GOAL 449 scorer=Fan ZhaoReward=-1 total=220:229 
(Filename: E:\unity\Runtime/Export/Debug/Debug.bindings.h Line: 39)

SELFPLAY GOAL 450 scorer=Fan ZhaoReward=-1 total=221:229 
(Filename: E:\unity\Runtime/Export/Debug/Debug.bindings.h Line: 39)

SELFPLAY GOAL 451 scorer=Zhao ZhaoReward=1 total=221:230 
(Filename: E:\unity\Runtime/Export/Debug/Debug.bindings.h Line: 39)

SELFPLAY GOAL 452 scorer=Zhao ZhaoReward=1 total=221:231 
(Filename: E:\unity\Runtime/Export/Debug/Debug.bindings.h Line: 39)

SELFPLAY MATCH 54 goals=7 total=452 score=3:4 
(Filename: E:\unity\Runtime/Export/Debug/Debug.bindings.h Line: 39)

Unloading 4 Unused Serialized files (Serialized files now loaded: 0)
UnloadTime: 0.424100 ms

Unloading 4 unused Assets to reduce memory usage. Loaded Objects now: 1061.
Total: 1.375200 ms (FindLiveObjects: 0.039500 ms CreateObjectMapping: 0.009400 ms MarkObjects: 0.265900 ms  DeleteObjects: 1.059900 ms)

SELFPLAY GOALMAP x=-6.13 isPlayer1Goal=True 
(Filename: E:\unity\Runtime/Export/Debug/Debug.bindings.h Line: 39)

SELFPLAY GOALMAP x=6.18 isPlayer1Goal=False 
(Filename: E:\unity\Runtime/Export/Debug/Debug.bindings.h Line: 39)

SELFPLAY GOAL 453 scorer=Fan ZhaoReward=-1 total=222:231 
(Filename: E:\unity\Runtime/Export/Debug/Debug.bindings.h Line: 39)

SELFPLAY GOAL 454 scorer=Fan ZhaoReward=-1 total=223:231 
(Filename: E:\unity\Runtime/Export/Debug/Debug.bindings.h Line: 39)

SELFPLAY GOAL 455 scorer=Fan ZhaoReward=-1 total=224:231 
(Filename: E:\unity\Runtime/Export/Debug/Debug.bindings.h Line: 39)

SELFPLAY MATCH 55 goals=3 total=455 score=3:0 
(Filename: E:\unity\Runtime/Export/Debug/Debug.bindings.h Line: 39)

Unloading 4 Unused Serialized files (Serialized files now loaded: 0)
UnloadTime: 0.286200 ms

Unloading 4 unused Assets to reduce memory usage. Loaded Objects now: 1061.
Total: 1.168500 ms (FindLiveObjects: 0.036300 ms CreateObjectMapping: 0.008600 ms MarkObjects: 0.269300 ms  DeleteObjects: 0.853900 ms)

SELFPLAY GOALMAP x=-6.13 isPlayer1Goal=True 
(Filename: E:\unity\Runtime/Export/Debug/Debug.bindings.h Line: 39)

SELFPLAY GOALMAP x=6.18 isPlayer1Goal=False 
(Filename: E:\unity\Runtime/Export/Debug/Debug.bindings.h Line: 39)

SELFPLAY GOAL 456 scorer=Fan ZhaoReward=-1 total=225:231 
(Filename: E:\unity\Runtime/Export/Debug/Debug.bindings.h Line: 39)

SELFPLAY PROGRESS goals=456/500 matches=56 score=225:231 real=221.8954 
(Filename: E:\unity\Runtime/Export/Debug/Debug.bindings.h Line: 39)

SELFPLAY GOAL 457 scorer=Zhao ZhaoReward=1 total=225:232 
(Filename: E:\unity\Runtime/Export/Debug/Debug.bindings.h Line: 39)

SELFPLAY GOAL 458 scorer=Fan ZhaoReward=-1 total=226:232 
(Filename: E:\unity\Runtime/Export/Debug/Debug.bindings.h Line: 39)

SELFPLAY GOAL 459 scorer=Zhao ZhaoReward=1 total=226:233 
(Filename: E:\unity\Runtime/Export/Debug/Debug.bindings.h Line: 39)

SELFPLAY GOAL 460 scorer=Zhao ZhaoReward=1 total=226:234 
(Filename: E:\unity\Runtime/Export/Debug/Debug.bindings.h Line: 39)

SELFPLAY GOAL 461 scorer=Fan ZhaoReward=-1 total=227:234 
(Filename: E:\unity\Runtime/Export/Debug/Debug.bindings.h Line: 39)

SELFPLAY GOAL 462 scorer=Fan ZhaoReward=-1 total=228:234 
(Filename: E:\unity\Runtime/Export/Debug/Debug.bindings.h Line: 39)

SELFPLAY GOAL 463 scorer=Fan ZhaoReward=-1 total=229:234 
(Filename: E:\unity\Runtime/Export/Debug/Debug.bindings.h Line: 39)

SELFPLAY GOAL 464 scorer=Zhao ZhaoReward=1 total=229:235 
(Filename: E:\unity\Runtime/Export/Debug/Debug.bindings.h Line: 39)

SELFPLAY MATCH 56 goals=9 total=464 score=5:4 
(Filename: E:\unity\Runtime/Export/Debug/Debug.bindings.h Line: 39)

Unloading 4 Unused Serialized files (Serialized files now loaded: 0)
UnloadTime: 0.439000 ms

Unloading 4 unused Assets to reduce memory usage. Loaded Objects now: 1061.
Total: 1.203200 ms (FindLiveObjects: 0.039600 ms CreateObjectMapping: 0.010300 ms MarkObjects: 0.266800 ms  DeleteObjects: 0.886100 ms)

SELFPLAY GOALMAP x=-6.13 isPlayer1Goal=True 
(Filename: E:\unity\Runtime/Export/Debug/Debug.bindings.h Line: 39)

SELFPLAY GOALMAP x=6.18 isPlayer1Goal=False 
(Filename: E:\unity\Runtime/Export/Debug/Debug.bindings.h Line: 39)

SELFPLAY GOAL 465 scorer=Zhao ZhaoReward=1 total=229:236 
(Filename: E:\unity\Runtime/Export/Debug/Debug.bindings.h Line: 39)

SELFPLAY GOAL 466 scorer=Zhao ZhaoReward=1 total=229:237 
(Filename: E:\unity\Runtime/Export/Debug/Debug.bindings.h Line: 39)

SELFPLAY GOAL 467 scorer=Zhao ZhaoReward=1 total=229:238 
(Filename: E:\unity\Runtime/Export/Debug/Debug.bindings.h Line: 39)

SELFPLAY GOAL 468 scorer=Fan ZhaoReward=-1 total=230:238 
(Filename: E:\unity\Runtime/Export/Debug/Debug.bindings.h Line: 39)

SELFPLAY GOAL 469 scorer=Zhao ZhaoReward=1 total=230:239 
(Filename: E:\unity\Runtime/Export/Debug/Debug.bindings.h Line: 39)

SELFPLAY GOAL 470 scorer=Zhao ZhaoReward=1 total=230:240 
(Filename: E:\unity\Runtime/Export/Debug/Debug.bindings.h Line: 39)

SELFPLAY GOAL 471 scorer=Fan ZhaoReward=-1 total=231:240 
(Filename: E:\unity\Runtime/Export/Debug/Debug.bindings.h Line: 39)

SELFPLAY GOAL 472 scorer=Fan ZhaoReward=-1 total=232:240 
(Filename: E:\unity\Runtime/Export/Debug/Debug.bindings.h Line: 39)

SELFPLAY MATCH 57 goals=8 total=472 score=3:5 
(Filename: E:\unity\Runtime/Export/Debug/Debug.bindings.h Line: 39)

Unloading 4 Unused Serialized files (Serialized files now loaded: 0)
UnloadTime: 0.463500 ms

Unloading 4 unused Assets to reduce memory usage. Loaded Objects now: 1061.
Total: 1.261800 ms (FindLiveObjects: 0.033800 ms CreateObjectMapping: 0.008600 ms MarkObjects: 0.252000 ms  DeleteObjects: 0.967000 ms)

SELFPLAY GOALMAP x=-6.13 isPlayer1Goal=True 
(Filename: E:\unity\Runtime/Export/Debug/Debug.bindings.h Line: 39)

SELFPLAY GOALMAP x=6.18 isPlayer1Goal=False 
(Filename: E:\unity\Runtime/Export/Debug/Debug.bindings.h Line: 39)

SELFPLAY GOAL 473 scorer=Zhao ZhaoReward=1 total=232:241 
(Filename: E:\unity\Runtime/Export/Debug/Debug.bindings.h Line: 39)

SELFPLAY MATCH 58 goals=1 total=473 score=0:1 
(Filename: E:\unity\Runtime/Export/Debug/Debug.bindings.h Line: 39)

Unloading 4 Unused Serialized files (Serialized files now loaded: 0)
UnloadTime: 0.280700 ms

Unloading 4 unused Assets to reduce memory usage. Loaded Objects now: 1061.
Total: 1.402900 ms (FindLiveObjects: 0.032700 ms CreateObjectMapping: 0.008300 ms MarkObjects: 0.285800 ms  DeleteObjects: 1.075700 ms)

SELFPLAY GOALMAP x=-6.13 isPlayer1Goal=True 
(Filename: E:\unity\Runtime/Export/Debug/Debug.bindings.h Line: 39)

SELFPLAY GOALMAP x=6.18 isPlayer1Goal=False 
(Filename: E:\unity\Runtime/Export/Debug/Debug.bindings.h Line: 39)

SELFPLAY GOAL 474 scorer=Zhao ZhaoReward=1 total=232:242 
(Filename: E:\unity\Runtime/Export/Debug/Debug.bindings.h Line: 39)

SELFPLAY GOAL 475 scorer=Zhao ZhaoReward=1 total=232:243 
(Filename: E:\unity\Runtime/Export/Debug/Debug.bindings.h Line: 39)

SELFPLAY GOAL 476 scorer=Zhao ZhaoReward=1 total=232:244 
(Filename: E:\unity\Runtime/Export/Debug/Debug.bindings.h Line: 39)

SELFPLAY GOAL 477 scorer=Fan ZhaoReward=-1 total=233:244 
(Filename: E:\unity\Runtime/Export/Debug/Debug.bindings.h Line: 39)

SELFPLAY GOAL 478 scorer=Fan ZhaoReward=-1 total=234:244 
(Filename: E:\unity\Runtime/Export/Debug/Debug.bindings.h Line: 39)

SELFPLAY GOAL 479 scorer=Zhao ZhaoReward=1 total=234:245 
(Filename: E:\unity\Runtime/Export/Debug/Debug.bindings.h Line: 39)

SELFPLAY GOAL 480 scorer=Fan ZhaoReward=-1 total=235:245 
(Filename: E:\unity\Runtime/Export/Debug/Debug.bindings.h Line: 39)

SELFPLAY GOAL 481 scorer=Fan ZhaoReward=-1 total=236:245 
(Filename: E:\unity\Runtime/Export/Debug/Debug.bindings.h Line: 39)

SELFPLAY GOAL 482 scorer=Fan ZhaoReward=-1 total=237:245 
(Filename: E:\unity\Runtime/Export/Debug/Debug.bindings.h Line: 39)

SELFPLAY GOAL 483 scorer=Fan ZhaoReward=-1 total=238:245 
(Filename: E:\unity\Runtime/Export/Debug/Debug.bindings.h Line: 39)

SELFPLAY MATCH 59 goals=10 total=483 score=6:4 
(Filename: E:\unity\Runtime/Export/Debug/Debug.bindings.h Line: 39)

Unloading 4 Unused Serialized files (Serialized files now loaded: 0)
UnloadTime: 0.508600 ms

Unloading 4 unused Assets to reduce memory usage. Loaded Objects now: 1061.
Total: 1.336300 ms (FindLiveObjects: 0.039900 ms CreateObjectMapping: 0.008100 ms MarkObjects: 0.248700 ms  DeleteObjects: 1.039300 ms)

SELFPLAY GOALMAP x=-6.13 isPlayer1Goal=True 
(Filename: E:\unity\Runtime/Export/Debug/Debug.bindings.h Line: 39)

SELFPLAY GOALMAP x=6.18 isPlayer1Goal=False 
(Filename: E:\unity\Runtime/Export/Debug/Debug.bindings.h Line: 39)

SELFPLAY GOAL 484 scorer=Fan ZhaoReward=-1 total=239:245 
(Filename: E:\unity\Runtime/Export/Debug/Debug.bindings.h Line: 39)

SELFPLAY GOAL 485 scorer=Fan ZhaoReward=-1 total=240:245 
(Filename: E:\unity\Runtime/Export/Debug/Debug.bindings.h Line: 39)

SELFPLAY GOAL 486 scorer=Fan ZhaoReward=-1 total=241:245 
(Filename: E:\unity\Runtime/Export/Debug/Debug.bindings.h Line: 39)

SELFPLAY GOAL 487 scorer=Zhao ZhaoReward=1 total=241:246 
(Filename: E:\unity\Runtime/Export/Debug/Debug.bindings.h Line: 39)

SELFPLAY GOAL 488 scorer=Zhao ZhaoReward=1 total=241:247 
(Filename: E:\unity\Runtime/Export/Debug/Debug.bindings.h Line: 39)

SELFPLAY GOAL 489 scorer=Zhao ZhaoReward=1 total=241:248 
(Filename: E:\unity\Runtime/Export/Debug/Debug.bindings.h Line: 39)

SELFPLAY GOAL 490 scorer=Zhao ZhaoReward=1 total=241:249 
(Filename: E:\unity\Runtime/Export/Debug/Debug.bindings.h Line: 39)

SELFPLAY MATCH 60 goals=7 total=490 score=3:4 
(Filename: E:\unity\Runtime/Export/Debug/Debug.bindings.h Line: 39)

Unloading 4 Unused Serialized files (Serialized files now loaded: 0)
UnloadTime: 0.511800 ms

Unloading 4 unused Assets to reduce memory usage. Loaded Objects now: 1061.
Total: 1.393900 ms (FindLiveObjects: 0.030700 ms CreateObjectMapping: 0.008200 ms MarkObjects: 0.240900 ms  DeleteObjects: 1.113600 ms)

SELFPLAY GOALMAP x=-6.13 isPlayer1Goal=True 
(Filename: E:\unity\Runtime/Export/Debug/Debug.bindings.h Line: 39)

SELFPLAY GOALMAP x=6.18 isPlayer1Goal=False 
(Filename: E:\unity\Runtime/Export/Debug/Debug.bindings.h Line: 39)

SELFPLAY GOAL 491 scorer=Fan ZhaoReward=-1 total=242:249 
(Filename: E:\unity\Runtime/Export/Debug/Debug.bindings.h Line: 39)

SELFPLAY GOAL 492 scorer=Fan ZhaoReward=-1 total=243:249 
(Filename: E:\unity\Runtime/Export/Debug/Debug.bindings.h Line: 39)

SELFPLAY GOAL 493 scorer=Fan ZhaoReward=-1 total=244:249 
(Filename: E:\unity\Runtime/Export/Debug/Debug.bindings.h Line: 39)

SELFPLAY GOAL 494 scorer=Zhao ZhaoReward=1 total=244:250 
(Filename: E:\unity\Runtime/Export/Debug/Debug.bindings.h Line: 39)

SELFPLAY GOAL 495 scorer=Fan ZhaoReward=-1 total=245:250 
(Filename: E:\unity\Runtime/Export/Debug/Debug.bindings.h Line: 39)

SELFPLAY GOAL 496 scorer=Fan ZhaoReward=-1 total=246:250 
(Filename: E:\unity\Runtime/Export/Debug/Debug.bindings.h Line: 39)

SELFPLAY MATCH 61 goals=6 total=496 score=5:1 
(Filename: E:\unity\Runtime/Export/Debug/Debug.bindings.h Line: 39)

Unloading 4 Unused Serialized files (Serialized files now loaded: 0)
UnloadTime: 0.265500 ms

Unloading 4 unused Assets to reduce memory usage. Loaded Objects now: 1061.
Total: 1.320300 ms (FindLiveObjects: 0.052000 ms CreateObjectMapping: 0.015800 ms MarkObjects: 0.240500 ms  DeleteObjects: 1.011700 ms)

SELFPLAY GOALMAP x=-6.13 isPlayer1Goal=True 
(Filename: E:\unity\Runtime/Export/Debug/Debug.bindings.h Line: 39)

SELFPLAY GOALMAP x=6.18 isPlayer1Goal=False 
(Filename: E:\unity\Runtime/Export/Debug/Debug.bindings.h Line: 39)

SELFPLAY GOAL 497 scorer=Fan ZhaoReward=-1 total=247:250 
(Filename: E:\unity\Runtime/Export/Debug/Debug.bindings.h Line: 39)

SELFPLAY GOAL 498 scorer=Fan ZhaoReward=-1 total=248:250 
(Filename: E:\unity\Runtime/Export/Debug/Debug.bindings.h Line: 39)

SELFPLAY GOAL 499 scorer=Fan ZhaoReward=-1 total=249:250 
(Filename: E:\unity\Runtime/Export/Debug/Debug.bindings.h Line: 39)

SELFPLAY GOAL 500 scorer=Zhao ZhaoReward=1 total=249:251 
(Filename: E:\unity\Runtime/Export/Debug/Debug.bindings.h Line: 39)

SELFPLAY MATCH 62 goals=4 total=500 score=3:1 
(Filename: E:\unity\Runtime/Export/Debug/Debug.bindings.h Line: 39)

SELFPLAY COMPLETE goals=500 fan=249 zhao=251 matches=62 failures=0 
(Filename: E:\unity\Runtime/Export/Debug/Debug.bindings.h Line: 39)

Setting up 12 worker threads for Enlighten.
  Thread -> id: 72c4 -> priority: 1 
  Thread -> id: 7164 -> priority: 1 
  Thread -> id: 1850 -> priority: 1 
  Thread -> id: 783c -> priority: 1 
  Thread -> id: 4328 -> priority: 1 
  Thread -> id: 40c4 -> priority: 1 
  Thread -> id: 7954 -> priority: 1 
  Thread -> id: 38c8 -> priority: 1 
  Thread -> id: bd8 -> priority: 1 
  Thread -> id: 1938 -> priority: 1 
  Thread -> id: 3034 -> priority: 1 
  Thread -> id: 4bac -> priority: 1 

Mono path[0] = 'C:/Users/Alienware/Documents/范志毅VS赵鹏/范志毅VS赵鹏 PC双人版（32位）/鑼冨織姣匳S璧甸箯 PC鍙屼汉鐗堬紙32浣嶏級/AI Mod Source/build/fan-strategy-selfplay-experiment-baseline-worker-1/FanZhiYi_Data/Managed'
Mono config path = 'C:/Users/Alienware/Documents/范志毅VS赵鹏/范志毅VS赵鹏 PC双人版（32位）/鑼冨織姣匳S璧甸箯 PC鍙屼汉鐗堬紙32浣嶏級/AI Mod Source/build/fan-strategy-selfplay-experiment-baseline-worker-1/MonoBleedingEdge/etc'
AS: AutoStreaming module initializing.Initialize engine version: 2019.4.33f1c1 (c2f94a8bebb3)
[Subsystems] Discovering subsystems at path C:/Users/Alienware/Documents/范志毅VS赵鹏/范志毅VS赵鹏 PC双人版（32位）/鑼冨織姣匳S璧甸箯 PC鍙屼汉鐗堬紙32浣嶏級/AI Mod Source/build/fan-strategy-selfplay-experiment-baseline-worker-1/FanZhiYi_Data/UnitySubsystems
Forcing GfxDevice: Null
GfxDevice: creating device client; threaded=0
NullGfxDevice:
    Version:  NULL 1.0 [1.0]
    Renderer: Null Device
    Vendor:   Unity Technologies
Begin MonoManager ReloadAssembly
- Completed reload, in  0.124 seconds
Microsoft Media Foundation video decoding to texture disabled: graphics device is Null, only Direct3D 11 and Direct3D 12 (only on desktop) are supported for hardware-accelerated video decoding.
UnloadTime: 0.602600 ms
Unloading 5 Unused Serialized files (Serialized files now loaded: 0)
UnloadTime: 0.167300 ms

Unloading 145 unused Assets to reduce memory usage. Loaded Objects now: 1003.
Total: 0.496700 ms (FindLiveObjects: 0.043700 ms CreateObjectMapping: 0.011200 ms MarkObjects: 0.246000 ms  DeleteObjects: 0.195300 ms)

SELFPLAY GOALMAP x=-6.13 isPlayer1Goal=True 
(Filename: E:\unity\Runtime/Export/Debug/Debug.bindings.h Line: 39)

SELFPLAY GOALMAP x=6.18 isPlayer1Goal=False 
(Filename: E:\unity\Runtime/Export/Debug/Debug.bindings.h Line: 39)

SELFPLAY GOAL 101 scorer=Fan ZhaoReward=-1 total=46:55 
(Filename: E:\unity\Runtime/Export/Debug/Debug.bindings.h Line: 39)

SELFPLAY GOAL 102 scorer=Fan ZhaoReward=-1 total=47:55 
(Filename: E:\unity\Runtime/Export/Debug/Debug.bindings.h Line: 39)

SELFPLAY GOAL 103 scorer=Zhao ZhaoReward=1 total=47:56 
(Filename: E:\unity\Runtime/Export/Debug/Debug.bindings.h Line: 39)

SELFPLAY MATCH 13 goals=3 total=103 score=2:1 
(Filename: E:\unity\Runtime/Export/Debug/Debug.bindings.h Line: 39)

Unloading 4 Unused Serialized files (Serialized files now loaded: 0)
UnloadTime: 1.211400 ms

Unloading 37 unused Assets to reduce memory usage. Loaded Objects now: 1061.
Total: 1.201600 ms (FindLiveObjects: 0.040500 ms CreateObjectMapping: 0.009400 ms MarkObjects: 0.307400 ms  DeleteObjects: 0.843700 ms)

SELFPLAY GOALMAP x=-6.13 isPlayer1Goal=True 
(Filename: E:\unity\Runtime/Export/Debug/Debug.bindings.h Line: 39)

SELFPLAY GOALMAP x=6.18 isPlayer1Goal=False 
(Filename: E:\unity\Runtime/Export/Debug/Debug.bindings.h Line: 39)

SELFPLAY GOAL 104 scorer=Fan ZhaoReward=-1 total=48:56 
(Filename: E:\unity\Runtime/Export/Debug/Debug.bindings.h Line: 39)

SELFPLAY GOAL 105 scorer=Fan ZhaoReward=-1 total=49:56 
(Filename: E:\unity\Runtime/Export/Debug/Debug.bindings.h Line: 39)

SELFPLAY GOAL 106 scorer=Zhao ZhaoReward=1 total=49:57 
(Filename: E:\unity\Runtime/Export/Debug/Debug.bindings.h Line: 39)

SELFPLAY GOAL 107 scorer=Zhao ZhaoReward=1 total=49:58 
(Filename: E:\unity\Runtime/Export/Debug/Debug.bindings.h Line: 39)

SELFPLAY GOAL 108 scorer=Zhao ZhaoReward=1 total=49:59 
(Filename: E:\unity\Runtime/Export/Debug/Debug.bindings.h Line: 39)

SELFPLAY GOAL 109 scorer=Fan ZhaoReward=-1 total=50:59 
(Filename: E:\unity\Runtime/Export/Debug/Debug.bindings.h Line: 39)

SELFPLAY GOAL 110 scorer=Zhao ZhaoReward=1 total=50:60 
(Filename: E:\unity\Runtime/Export/Debug/Debug.bindings.h Line: 39)

SELFPLAY GOAL 111 scorer=Fan ZhaoReward=-1 total=51:60 
(Filename: E:\unity\Runtime/Export/Debug/Debug.bindings.h Line: 39)

SELFPLAY GOAL 112 scorer=Zhao ZhaoReward=1 total=51:61 
(Filename: E:\unity\Runtime/Export/Debug/Debug.bindings.h Line: 39)

SELFPLAY GOAL 113 scorer=Zhao ZhaoReward=1 total=51:62 
(Filename: E:\unity\Runtime/Export/Debug/Debug.bindings.h Line: 39)

SELFPLAY GOAL 114 scorer=Fan ZhaoReward=-1 total=52:62 
(Filename: E:\unity\Runtime/Export/Debug/Debug.bindings.h Line: 39)

SELFPLAY GOAL 115 scorer=Fan ZhaoReward=-1 total=53:62 
(Filename: E:\unity\Runtime/Export/Debug/Debug.bindings.h Line: 39)

SELFPLAY GOAL 116 scorer=Zhao ZhaoReward=1 total=53:63 
(Filename: E:\unity\Runtime/Export/Debug/Debug.bindings.h Line: 39)

SELFPLAY MATCH 14 goals=13 total=116 score=6:7 
(Filename: E:\unity\Runtime/Export/Debug/Debug.bindings.h Line: 39)

Unloading 4 Unused Serialized files (Serialized files now loaded: 0)
UnloadTime: 0.591300 ms

Unloading 4 unused Assets to reduce memory usage. Loaded Objects now: 1061.
Total: 1.261400 ms (FindLiveObjects: 0.047100 ms CreateObjectMapping: 0.011000 ms MarkObjects: 0.313800 ms  DeleteObjects: 0.888600 ms)

SELFPLAY GOALMAP x=-6.13 isPlayer1Goal=True 
(Filename: E:\unity\Runtime/Export/Debug/Debug.bindings.h Line: 39)

SELFPLAY GOALMAP x=6.18 isPlayer1Goal=False 
(Filename: E:\unity\Runtime/Export/Debug/Debug.bindings.h Line: 39)

SELFPLAY GOAL 117 scorer=Zhao ZhaoReward=1 total=53:64 
(Filename: E:\unity\Runtime/Export/Debug/Debug.bindings.h Line: 39)

SELFPLAY GOAL 118 scorer=Fan ZhaoReward=-1 total=54:64 
(Filename: E:\unity\Runtime/Export/Debug/Debug.bindings.h Line: 39)

SELFPLAY GOAL 119 scorer=Zhao ZhaoReward=1 total=54:65 
(Filename: E:\unity\Runtime/Export/Debug/Debug.bindings.h Line: 39)

SELFPLAY GOAL 120 scorer=Fan ZhaoReward=-1 total=55:65 
(Filename: E:\unity\Runtime/Export/Debug/Debug.bindings.h Line: 39)

SELFPLAY GOAL 121 scorer=Zhao ZhaoReward=1 total=55:66 
(Filename: E:\unity\Runtime/Export/Debug/Debug.bindings.h Line: 39)

SELFPLAY GOAL 122 scorer=Zhao ZhaoReward=1 total=55:67 
(Filename: E:\unity\Runtime/Export/Debug/Debug.bindings.h Line: 39)

SELFPLAY GOAL 123 scorer=Fan ZhaoReward=-1 total=56:67 
(Filename: E:\unity\Runtime/Export/Debug/Debug.bindings.h Line: 39)

SELFPLAY GOAL 124 scorer=Zhao ZhaoReward=1 total=56:68 
(Filename: E:\unity\Runtime/Export/Debug/Debug.bindings.h Line: 39)

SELFPLAY MATCH 15 goals=8 total=124 score=3:5 
(Filename: E:\unity\Runtime/Export/Debug/Debug.bindings.h Line: 39)

Unloading 4 Unused Serialized files (Serialized files now loaded: 0)
UnloadTime: 0.819400 ms

Unloading 4 unused Assets to reduce memory usage. Loaded Objects now: 1061.
Total: 1.249500 ms (FindLiveObjects: 0.043000 ms CreateObjectMapping: 0.010700 ms MarkObjects: 0.303600 ms  DeleteObjects: 0.891600 ms)

SELFPLAY GOALMAP x=-6.13 isPlayer1Goal=True 
(Filename: E:\unity\Runtime/Export/Debug/Debug.bindings.h Line: 39)

SELFPLAY GOALMAP x=6.18 isPlayer1Goal=False 
(Filename: E:\unity\Runtime/Export/Debug/Debug.bindings.h Line: 39)

SELFPLAY GOAL 125 scorer=Fan ZhaoReward=-1 total=57:68 
(Filename: E:\unity\Runtime/Export/Debug/Debug.bindings.h Line: 39)

SELFPLAY GOAL 126 scorer=Zhao ZhaoReward=1 total=57:69 
(Filename: E:\unity\Runtime/Export/Debug/Debug.bindings.h Line: 39)

SELFPLAY GOAL 127 scorer=Zhao ZhaoReward=1 total=57:70 
(Filename: E:\unity\Runtime/Export/Debug/Debug.bindings.h Line: 39)

SELFPLAY MATCH 16 goals=3 total=127 score=1:2 
(Filename: E:\unity\Runtime/Export/Debug/Debug.bindings.h Line: 39)

Unloading 4 Unused Serialized files (Serialized files now loaded: 0)
UnloadTime: 0.719900 ms

Unloading 4 unused Assets to reduce memory usage. Loaded Objects now: 1061.
Total: 1.282600 ms (FindLiveObjects: 0.051300 ms CreateObjectMapping: 0.008900 ms MarkObjects: 0.248400 ms  DeleteObjects: 0.973500 ms)

SELFPLAY GOALMAP x=-6.13 isPlayer1Goal=True 
(Filename: E:\unity\Runtime/Export/Debug/Debug.bindings.h Line: 39)

SELFPLAY GOALMAP x=6.18 isPlayer1Goal=False 
(Filename: E:\unity\Runtime/Export/Debug/Debug.bindings.h Line: 39)

SELFPLAY GOAL 128 scorer=Zhao ZhaoReward=1 total=57:71 
(Filename: E:\unity\Runtime/Export/Debug/Debug.bindings.h Line: 39)

SELFPLAY GOAL 129 scorer=Zhao ZhaoReward=1 total=57:72 
(Filename: E:\unity\Runtime/Export/Debug/Debug.bindings.h Line: 39)

SELFPLAY GOAL 130 scorer=Fan ZhaoReward=-1 total=58:72 
(Filename: E:\unity\Runtime/Export/Debug/Debug.bindings.h Line: 39)

SELFPLAY GOAL 131 scorer=Zhao ZhaoReward=1 total=58:73 
(Filename: E:\unity\Runtime/Export/Debug/Debug.bindings.h Line: 39)

SELFPLAY GOAL 132 scorer=Fan ZhaoReward=-1 total=59:73 
(Filename: E:\unity\Runtime/Export/Debug/Debug.bindings.h Line: 39)

SELFPLAY GOAL 133 scorer=Fan ZhaoReward=-1 total=60:73 
(Filename: E:\unity\Runtime/Export/Debug/Debug.bindings.h Line: 39)

SELFPLAY MATCH 17 goals=6 total=133 score=3:3 
(Filename: E:\unity\Runtime/Export/Debug/Debug.bindings.h Line: 39)

Unloading 4 Unused Serialized files (Serialized files now loaded: 0)
UnloadTime: 0.670700 ms

Unloading 4 unused Assets to reduce memory usage. Loaded Objects now: 1061.
Total: 1.168100 ms (FindLiveObjects: 0.043400 ms CreateObjectMapping: 0.010100 ms MarkObjects: 0.270600 ms  DeleteObjects: 0.843500 ms)

SELFPLAY GOALMAP x=-6.13 isPlayer1Goal=True 
(Filename: E:\unity\Runtime/Export/Debug/Debug.bindings.h Line: 39)

SELFPLAY GOALMAP x=6.18 isPlayer1Goal=False 
(Filename: E:\unity\Runtime/Export/Debug/Debug.bindings.h Line: 39)

SELFPLAY GOAL 134 scorer=Fan ZhaoReward=-1 total=61:73 
(Filename: E:\unity\Runtime/Export/Debug/Debug.bindings.h Line: 39)

SELFPLAY GOAL 135 scorer=Fan ZhaoReward=-1 total=62:73 
(Filename: E:\unity\Runtime/Export/Debug/Debug.bindings.h Line: 39)

SELFPLAY GOAL 136 scorer=Zhao ZhaoReward=1 total=62:74 
(Filename: E:\unity\Runtime/Export/Debug/Debug.bindings.h Line: 39)

SELFPLAY GOAL 137 scorer=Zhao ZhaoReward=1 total=62:75 
(Filename: E:\unity\Runtime/Export/Debug/Debug.bindings.h Line: 39)

SELFPLAY GOAL 138 scorer=Fan ZhaoReward=-1 total=63:75 
(Filename: E:\unity\Runtime/Export/Debug/Debug.bindings.h Line: 39)

SELFPLAY MATCH 18 goals=5 total=138 score=3:2 
(Filename: E:\unity\Runtime/Export/Debug/Debug.bindings.h Line: 39)

Unloading 4 Unused Serialized files (Serialized files now loaded: 0)
UnloadTime: 0.363400 ms

Unloading 4 unused Assets to reduce memory usage. Loaded Objects now: 1061.
Total: 1.175400 ms (FindLiveObjects: 0.039900 ms CreateObjectMapping: 0.016500 ms MarkObjects: 0.246000 ms  DeleteObjects: 0.872400 ms)

SELFPLAY GOALMAP x=-6.13 isPlayer1Goal=True 
(Filename: E:\unity\Runtime/Export/Debug/Debug.bindings.h Line: 39)

SELFPLAY GOALMAP x=6.18 isPlayer1Goal=False 
(Filename: E:\unity\Runtime/Export/Debug/Debug.bindings.h Line: 39)

SELFPLAY GOAL 139 scorer=Fan ZhaoReward=-1 total=64:75 
(Filename: E:\unity\Runtime/Export/Debug/Debug.bindings.h Line: 39)

SELFPLAY GOAL 140 scorer=Fan ZhaoReward=-1 total=65:75 
(Filename: E:\unity\Runtime/Export/Debug/Debug.bindings.h Line: 39)

SELFPLAY GOAL 141 scorer=Fan ZhaoReward=-1 total=66:75 
(Filename: E:\unity\Runtime/Export/Debug/Debug.bindings.h Line: 39)

SELFPLAY GOAL 142 scorer=Zhao ZhaoReward=1 total=66:76 
(Filename: E:\unity\Runtime/Export/Debug/Debug.bindings.h Line: 39)

SELFPLAY GOAL 143 scorer=Zhao ZhaoReward=1 total=66:77 
(Filename: E:\unity\Runtime/Export/Debug/Debug.bindings.h Line: 39)

SELFPLAY GOAL 144 scorer=Zhao ZhaoReward=1 total=66:78 
(Filename: E:\unity\Runtime/Export/Debug/Debug.bindings.h Line: 39)

SELFPLAY GOAL 145 scorer=Zhao ZhaoReward=1 total=66:79 
(Filename: E:\unity\Runtime/Export/Debug/Debug.bindings.h Line: 39)

SELFPLAY GOAL 146 scorer=Fan ZhaoReward=-1 total=67:79 
(Filename: E:\unity\Runtime/Export/Debug/Debug.bindings.h Line: 39)

SELFPLAY GOAL 147 scorer=Zhao ZhaoReward=1 total=67:80 
(Filename: E:\unity\Runtime/Export/Debug/Debug.bindings.h Line: 39)

SELFPLAY GOAL 148 scorer=Zhao ZhaoReward=1 total=67:81 
(Filename: E:\unity\Runtime/Export/Debug/Debug.bindings.h Line: 39)

SELFPLAY MATCH 19 goals=10 total=148 score=4:6 
(Filename: E:\unity\Runtime/Export/Debug/Debug.bindings.h Line: 39)

Unloading 4 Unused Serialized files (Serialized files now loaded: 0)
UnloadTime: 0.560000 ms

Unloading 4 unused Assets to reduce memory usage. Loaded Objects now: 1061.
Total: 1.343400 ms (FindLiveObjects: 0.053100 ms CreateObjectMapping: 0.010900 ms MarkObjects: 0.265300 ms  DeleteObjects: 1.013400 ms)

SELFPLAY GOALMAP x=-6.13 isPlayer1Goal=True 
(Filename: E:\unity\Runtime/Export/Debug/Debug.bindings.h Line: 39)

SELFPLAY GOALMAP x=6.18 isPlayer1Goal=False 
(Filename: E:\unity\Runtime/Export/Debug/Debug.bindings.h Line: 39)

SELFPLAY GOAL 149 scorer=Fan ZhaoReward=-1 total=68:81 
(Filename: E:\unity\Runtime/Export/Debug/Debug.bindings.h Line: 39)

SELFPLAY GOAL 150 scorer=Zhao ZhaoReward=1 total=68:82 
(Filename: E:\unity\Runtime/Export/Debug/Debug.bindings.h Line: 39)

SELFPLAY PROGRESS goals=150/500 matches=20 score=68:82 real=75.60056 
(Filename: E:\unity\Runtime/Export/Debug/Debug.bindings.h Line: 39)

SELFPLAY GOAL 151 scorer=Zhao ZhaoReward=1 total=68:83 
(Filename: E:\unity\Runtime/Export/Debug/Debug.bindings.h Line: 39)

SELFPLAY GOAL 152 scorer=Zhao ZhaoReward=1 total=68:84 
(Filename: E:\unity\Runtime/Export/Debug/Debug.bindings.h Line: 39)

SELFPLAY GOAL 153 scorer=Zhao ZhaoReward=1 total=68:85 
(Filename: E:\unity\Runtime/Export/Debug/Debug.bindings.h Line: 39)

SELFPLAY GOAL 154 scorer=Zhao ZhaoReward=1 total=68:86 
(Filename: E:\unity\Runtime/Export/Debug/Debug.bindings.h Line: 39)

SELFPLAY GOAL 155 scorer=Zhao ZhaoReward=1 total=68:87 
(Filename: E:\unity\Runtime/Export/Debug/Debug.bindings.h Line: 39)

SELFPLAY GOAL 156 scorer=Fan ZhaoReward=-1 total=69:87 
(Filename: E:\unity\Runtime/Export/Debug/Debug.bindings.h Line: 39)

SELFPLAY GOAL 157 scorer=Fan ZhaoReward=-1 total=70:87 
(Filename: E:\unity\Runtime/Export/Debug/Debug.bindings.h Line: 39)

SELFPLAY MATCH 20 goals=9 total=157 score=3:6 
(Filename: E:\unity\Runtime/Export/Debug/Debug.bindings.h Line: 39)

Unloading 4 Unused Serialized files (Serialized files now loaded: 0)
UnloadTime: 0.574100 ms

Unloading 4 unused Assets to reduce memory usage. Loaded Objects now: 1061.
Total: 1.327100 ms (FindLiveObjects: 0.047200 ms CreateObjectMapping: 0.010600 ms MarkObjects: 0.361100 ms  DeleteObjects: 0.907500 ms)

SELFPLAY GOALMAP x=-6.13 isPlayer1Goal=True 
(Filename: E:\unity\Runtime/Export/Debug/Debug.bindings.h Line: 39)

SELFPLAY GOALMAP x=6.18 isPlayer1Goal=False 
(Filename: E:\unity\Runtime/Export/Debug/Debug.bindings.h Line: 39)

SELFPLAY GOAL 158 scorer=Zhao ZhaoReward=1 total=70:88 
(Filename: E:\unity\Runtime/Export/Debug/Debug.bindings.h Line: 39)

SELFPLAY GOAL 159 scorer=Fan ZhaoReward=-1 total=71:88 
(Filename: E:\unity\Runtime/Export/Debug/Debug.bindings.h Line: 39)

SELFPLAY GOAL 160 scorer=Fan ZhaoReward=-1 total=72:88 
(Filename: E:\unity\Runtime/Export/Debug/Debug.bindings.h Line: 39)

SELFPLAY GOAL 161 scorer=Fan ZhaoReward=-1 total=73:88 
(Filename: E:\unity\Runtime/Export/Debug/Debug.bindings.h Line: 39)

SELFPLAY GOAL 162 scorer=Fan ZhaoReward=-1 total=74:88 
(Filename: E:\unity\Runtime/Export/Debug/Debug.bindings.h Line: 39)

SELFPLAY GOAL 163 scorer=Fan ZhaoReward=-1 total=75:88 
(Filename: E:\unity\Runtime/Export/Debug/Debug.bindings.h Line: 39)

SELFPLAY GOAL 164 scorer=Fan ZhaoReward=-1 total=76:88 
(Filename: E:\unity\Runtime/Export/Debug/Debug.bindings.h Line: 39)

SELFPLAY GOAL 165 scorer=Fan ZhaoReward=-1 total=77:88 
(Filename: E:\unity\Runtime/Export/Debug/Debug.bindings.h Line: 39)

SELFPLAY MATCH 21 goals=8 total=165 score=7:1 
(Filename: E:\unity\Runtime/Export/Debug/Debug.bindings.h Line: 39)

Unloading 4 Unused Serialized files (Serialized files now loaded: 0)
UnloadTime: 0.556300 ms

Unloading 4 unused Assets to reduce memory usage. Loaded Objects now: 1061.
Total: 1.228900 ms (FindLiveObjects: 0.046700 ms CreateObjectMapping: 0.010800 ms MarkObjects: 0.365800 ms  DeleteObjects: 0.804900 ms)

SELFPLAY GOALMAP x=-6.13 isPlayer1Goal=True 
(Filename: E:\unity\Runtime/Export/Debug/Debug.bindings.h Line: 39)

SELFPLAY GOALMAP x=6.18 isPlayer1Goal=False 
(Filename: E:\unity\Runtime/Export/Debug/Debug.bindings.h Line: 39)

SELFPLAY GOAL 166 scorer=Fan ZhaoReward=-1 total=78:88 
(Filename: E:\unity\Runtime/Export/Debug/Debug.bindings.h Line: 39)

SELFPLAY GOAL 167 scorer=Fan ZhaoReward=-1 total=79:88 
(Filename: E:\unity\Runtime/Export/Debug/Debug.bindings.h Line: 39)

SELFPLAY GOAL 168 scorer=Zhao ZhaoReward=1 total=79:89 
(Filename: E:\unity\Runtime/Export/Debug/Debug.bindings.h Line: 39)

SELFPLAY GOAL 169 scorer=Zhao ZhaoReward=1 total=79:90 
(Filename: E:\unity\Runtime/Export/Debug/Debug.bindings.h Line: 39)

SELFPLAY GOAL 170 scorer=Fan ZhaoReward=-1 total=80:90 
(Filename: E:\unity\Runtime/Export/Debug/Debug.bindings.h Line: 39)

SELFPLAY MATCH 22 goals=5 total=170 score=3:2 
(Filename: E:\unity\Runtime/Export/Debug/Debug.bindings.h Line: 39)

Unloading 4 Unused Serialized files (Serialized files now loaded: 0)
UnloadTime: 0.803400 ms

Unloading 4 unused Assets to reduce memory usage. Loaded Objects now: 1061.
Total: 1.282500 ms (FindLiveObjects: 0.040300 ms CreateObjectMapping: 0.030700 ms MarkObjects: 0.334900 ms  DeleteObjects: 0.875900 ms)

SELFPLAY GOALMAP x=-6.13 isPlayer1Goal=True 
(Filename: E:\unity\Runtime/Export/Debug/Debug.bindings.h Line: 39)

SELFPLAY GOALMAP x=6.18 isPlayer1Goal=False 
(Filename: E:\unity\Runtime/Export/Debug/Debug.bindings.h Line: 39)

SELFPLAY GOAL 171 scorer=Fan ZhaoReward=-1 total=81:90 
(Filename: E:\unity\Runtime/Export/Debug/Debug.bindings.h Line: 39)

SELFPLAY GOAL 172 scorer=Fan ZhaoReward=-1 total=82:90 
(Filename: E:\unity\Runtime/Export/Debug/Debug.bindings.h Line: 39)

SELFPLAY GOAL 173 scorer=Zhao ZhaoReward=1 total=82:91 
(Filename: E:\unity\Runtime/Export/Debug/Debug.bindings.h Line: 39)

SELFPLAY GOAL 174 scorer=Zhao ZhaoReward=1 total=82:92 
(Filename: E:\unity\Runtime/Export/Debug/Debug.bindings.h Line: 39)

SELFPLAY GOAL 175 scorer=Fan ZhaoReward=-1 total=83:92 
(Filename: E:\unity\Runtime/Export/Debug/Debug.bindings.h Line: 39)

SELFPLAY GOAL 176 scorer=Zhao ZhaoReward=1 total=83:93 
(Filename: E:\unity\Runtime/Export/Debug/Debug.bindings.h Line: 39)

SELFPLAY GOAL 177 scorer=Fan ZhaoReward=-1 total=84:93 
(Filename: E:\unity\Runtime/Export/Debug/Debug.bindings.h Line: 39)

SELFPLAY GOAL 178 scorer=Zhao ZhaoReward=1 total=84:94 
(Filename: E:\unity\Runtime/Export/Debug/Debug.bindings.h Line: 39)

SELFPLAY GOAL 179 scorer=Zhao ZhaoReward=1 total=84:95 
(Filename: E:\unity\Runtime/Export/Debug/Debug.bindings.h Line: 39)

SELFPLAY MATCH 23 goals=9 total=179 score=4:5 
(Filename: E:\unity\Runtime/Export/Debug/Debug.bindings.h Line: 39)

Unloading 4 Unused Serialized files (Serialized files now loaded: 0)
UnloadTime: 0.553300 ms

Unloading 4 unused Assets to reduce memory usage. Loaded Objects now: 1061.
Total: 1.283700 ms (FindLiveObjects: 0.045800 ms CreateObjectMapping: 0.008900 ms MarkObjects: 0.326000 ms  DeleteObjects: 0.902500 ms)

SELFPLAY GOALMAP x=-6.13 isPlayer1Goal=True 
(Filename: E:\unity\Runtime/Export/Debug/Debug.bindings.h Line: 39)

SELFPLAY GOALMAP x=6.18 isPlayer1Goal=False 
(Filename: E:\unity\Runtime/Export/Debug/Debug.bindings.h Line: 39)

SELFPLAY GOAL 180 scorer=Fan ZhaoReward=-1 total=85:95 
(Filename: E:\unity\Runtime/Export/Debug/Debug.bindings.h Line: 39)

SELFPLAY GOAL 181 scorer=Zhao ZhaoReward=1 total=85:96 
(Filename: E:\unity\Runtime/Export/Debug/Debug.bindings.h Line: 39)

SELFPLAY GOAL 182 scorer=Fan ZhaoReward=-1 total=86:96 
(Filename: E:\unity\Runtime/Export/Debug/Debug.bindings.h Line: 39)

SELFPLAY GOAL 183 scorer=Zhao ZhaoReward=1 total=86:97 
(Filename: E:\unity\Runtime/Export/Debug/Debug.bindings.h Line: 39)

SELFPLAY GOAL 184 scorer=Fan ZhaoReward=-1 total=87:97 
(Filename: E:\unity\Runtime/Export/Debug/Debug.bindings.h Line: 39)

SELFPLAY MATCH 24 goals=5 total=184 score=3:2 
(Filename: E:\unity\Runtime/Export/Debug/Debug.bindings.h Line: 39)

Unloading 4 Unused Serialized files (Serialized files now loaded: 0)
UnloadTime: 0.657600 ms

Unloading 4 unused Assets to reduce memory usage. Loaded Objects now: 1061.
Total: 1.249700 ms (FindLiveObjects: 0.044000 ms CreateObjectMapping: 0.009600 ms MarkObjects: 0.275600 ms  DeleteObjects: 0.919700 ms)

SELFPLAY GOALMAP x=-6.13 isPlayer1Goal=True 
(Filename: E:\unity\Runtime/Export/Debug/Debug.bindings.h Line: 39)

SELFPLAY GOALMAP x=6.18 isPlayer1Goal=False 
(Filename: E:\unity\Runtime/Export/Debug/Debug.bindings.h Line: 39)

SELFPLAY GOAL 185 scorer=Fan ZhaoReward=-1 total=88:97 
(Filename: E:\unity\Runtime/Export/Debug/Debug.bindings.h Line: 39)

SELFPLAY GOAL 186 scorer=Fan ZhaoReward=-1 total=89:97 
(Filename: E:\unity\Runtime/Export/Debug/Debug.bindings.h Line: 39)

SELFPLAY GOAL 187 scorer=Zhao ZhaoReward=1 total=89:98 
(Filename: E:\unity\Runtime/Export/Debug/Debug.bindings.h Line: 39)

SELFPLAY GOAL 188 scorer=Fan ZhaoReward=-1 total=90:98 
(Filename: E:\unity\Runtime/Export/Debug/Debug.bindings.h Line: 39)

SELFPLAY GOAL 189 scorer=Zhao ZhaoReward=1 total=90:99 
(Filename: E:\unity\Runtime/Export/Debug/Debug.bindings.h Line: 39)

SELFPLAY GOAL 190 scorer=Fan ZhaoReward=-1 total=91:99 
(Filename: E:\unity\Runtime/Export/Debug/Debug.bindings.h Line: 39)

SELFPLAY GOAL 191 scorer=Fan ZhaoReward=-1 total=92:99 
(Filename: E:\unity\Runtime/Export/Debug/Debug.bindings.h Line: 39)

SELFPLAY GOAL 192 scorer=Fan ZhaoReward=-1 total=93:99 
(Filename: E:\unity\Runtime/Export/Debug/Debug.bindings.h Line: 39)

SELFPLAY GOAL 193 scorer=Fan ZhaoReward=-1 total=94:99 
(Filename: E:\unity\Runtime/Export/Debug/Debug.bindings.h Line: 39)

SELFPLAY GOAL 194 scorer=Fan ZhaoReward=-1 total=95:99 
(Filename: E:\unity\Runtime/Export/Debug/Debug.bindings.h Line: 39)

SELFPLAY GOAL 195 scorer=Fan ZhaoReward=-1 total=96:99 
(Filename: E:\unity\Runtime/Export/Debug/Debug.bindings.h Line: 39)

SELFPLAY GOAL 196 scorer=Fan ZhaoReward=-1 total=97:99 
(Filename: E:\unity\Runtime/Export/Debug/Debug.bindings.h Line: 39)

SELFPLAY MATCH 25 goals=12 total=196 score=10:2 
(Filename: E:\unity\Runtime/Export/Debug/Debug.bindings.h Line: 39)

Unloading 4 Unused Serialized files (Serialized files now loaded: 0)
UnloadTime: 0.457900 ms

Unloading 4 unused Assets to reduce memory usage. Loaded Objects now: 1061.
Total: 1.351300 ms (FindLiveObjects: 0.042300 ms CreateObjectMapping: 0.009100 ms MarkObjects: 0.344300 ms  DeleteObjects: 0.955100 ms)

SELFPLAY GOALMAP x=-6.13 isPlayer1Goal=True 
(Filename: E:\unity\Runtime/Export/Debug/Debug.bindings.h Line: 39)

SELFPLAY GOALMAP x=6.18 isPlayer1Goal=False 
(Filename: E:\unity\Runtime/Export/Debug/Debug.bindings.h Line: 39)

SELFPLAY GOAL 197 scorer=Zhao ZhaoReward=1 total=97:100 
(Filename: E:\unity\Runtime/Export/Debug/Debug.bindings.h Line: 39)

SELFPLAY GOAL 198 scorer=Zhao ZhaoReward=1 total=97:101 
(Filename: E:\unity\Runtime/Export/Debug/Debug.bindings.h Line: 39)

SELFPLAY GOAL 199 scorer=Zhao ZhaoReward=1 total=97:102 
(Filename: E:\unity\Runtime/Export/Debug/Debug.bindings.h Line: 39)

SELFPLAY GOAL 200 scorer=Fan ZhaoReward=-1 total=98:102 
(Filename: E:\unity\Runtime/Export/Debug/Debug.bindings.h Line: 39)

SELFPLAY GOAL 201 scorer=Fan ZhaoReward=-1 total=99:102 
(Filename: E:\unity\Runtime/Export/Debug/Debug.bindings.h Line: 39)

SELFPLAY GOAL 202 scorer=Fan ZhaoReward=-1 total=100:102 
(Filename: E:\unity\Runtime/Export/Debug/Debug.bindings.h Line: 39)

SELFPLAY GOAL 203 scorer=Fan ZhaoReward=-1 total=101:102 
(Filename: E:\unity\Runtime/Export/Debug/Debug.bindings.h Line: 39)

SELFPLAY GOAL 204 scorer=Fan ZhaoReward=-1 total=102:102 
(Filename: E:\unity\Runtime/Export/Debug/Debug.bindings.h Line: 39)

SELFPLAY GOAL 205 scorer=Fan ZhaoReward=-1 total=103:102 
(Filename: E:\unity\Runtime/Export/Debug/Debug.bindings.h Line: 39)

SELFPLAY GOAL 206 scorer=Zhao ZhaoReward=1 total=103:103 
(Filename: E:\unity\Runtime/Export/Debug/Debug.bindings.h Line: 39)

SELFPLAY GOAL 207 scorer=Zhao ZhaoReward=1 total=103:104 
(Filename: E:\unity\Runtime/Export/Debug/Debug.bindings.h Line: 39)

SELFPLAY MATCH 26 goals=11 total=207 score=6:5 
(Filename: E:\unity\Runtime/Export/Debug/Debug.bindings.h Line: 39)

Unloading 4 Unused Serialized files (Serialized files now loaded: 0)
UnloadTime: 0.791300 ms

Unloading 4 unused Assets to reduce memory usage. Loaded Objects now: 1061.
Total: 1.238500 ms (FindLiveObjects: 0.041900 ms CreateObjectMapping: 0.008700 ms MarkObjects: 0.305600 ms  DeleteObjects: 0.881800 ms)

SELFPLAY GOALMAP x=-6.13 isPlayer1Goal=True 
(Filename: E:\unity\Runtime/Export/Debug/Debug.bindings.h Line: 39)

SELFPLAY GOALMAP x=6.18 isPlayer1Goal=False 
(Filename: E:\unity\Runtime/Export/Debug/Debug.bindings.h Line: 39)

SELFPLAY GOAL 208 scorer=Fan ZhaoReward=-1 total=104:104 
(Filename: E:\unity\Runtime/Export/Debug/Debug.bindings.h Line: 39)

SELFPLAY GOAL 209 scorer=Zhao ZhaoReward=1 total=104:105 
(Filename: E:\unity\Runtime/Export/Debug/Debug.bindings.h Line: 39)

SELFPLAY GOAL 210 scorer=Zhao ZhaoReward=1 total=104:106 
(Filename: E:\unity\Runtime/Export/Debug/Debug.bindings.h Line: 39)

SELFPLAY GOAL 211 scorer=Fan ZhaoReward=-1 total=105:106 
(Filename: E:\unity\Runtime/Export/Debug/Debug.bindings.h Line: 39)

SELFPLAY GOAL 212 scorer=Fan ZhaoReward=-1 total=106:106 
(Filename: E:\unity\Runtime/Export/Debug/Debug.bindings.h Line: 39)

SELFPLAY PROGRESS goals=212/500 matches=27 score=106:106 real=105.6033 
(Filename: E:\unity\Runtime/Export/Debug/Debug.bindings.h Line: 39)

SELFPLAY GOAL 213 scorer=Zhao ZhaoReward=1 total=106:107 
(Filename: E:\unity\Runtime/Export/Debug/Debug.bindings.h Line: 39)

SELFPLAY GOAL 214 scorer=Zhao ZhaoReward=1 total=106:108 
(Filename: E:\unity\Runtime/Export/Debug/Debug.bindings.h Line: 39)

SELFPLAY GOAL 215 scorer=Zhao ZhaoReward=1 total=106:109 
(Filename: E:\unity\Runtime/Export/Debug/Debug.bindings.h Line: 39)

SELFPLAY MATCH 27 goals=8 total=215 score=3:5 
(Filename: E:\unity\Runtime/Export/Debug/Debug.bindings.h Line: 39)

Unloading 4 Unused Serialized files (Serialized files now loaded: 0)
UnloadTime: 0.520800 ms

Unloading 4 unused Assets to reduce memory usage. Loaded Objects now: 1061.
Total: 1.221500 ms (FindLiveObjects: 0.041300 ms CreateObjectMapping: 0.009000 ms MarkObjects: 0.299800 ms  DeleteObjects: 0.870800 ms)

SELFPLAY GOALMAP x=-6.13 isPlayer1Goal=True 
(Filename: E:\unity\Runtime/Export/Debug/Debug.bindings.h Line: 39)

SELFPLAY GOALMAP x=6.18 isPlayer1Goal=False 
(Filename: E:\unity\Runtime/Export/Debug/Debug.bindings.h Line: 39)

SELFPLAY GOAL 216 scorer=Zhao ZhaoReward=1 total=106:110 
(Filename: E:\unity\Runtime/Export/Debug/Debug.bindings.h Line: 39)

SELFPLAY GOAL 217 scorer=Zhao ZhaoReward=1 total=106:111 
(Filename: E:\unity\Runtime/Export/Debug/Debug.bindings.h Line: 39)

SELFPLAY GOAL 218 scorer=Fan ZhaoReward=-1 total=107:111 
(Filename: E:\unity\Runtime/Export/Debug/Debug.bindings.h Line: 39)

SELFPLAY GOAL 219 scorer=Fan ZhaoReward=-1 total=108:111 
(Filename: E:\unity\Runtime/Export/Debug/Debug.bindings.h Line: 39)

SELFPLAY GOAL 220 scorer=Zhao ZhaoReward=1 total=108:112 
(Filename: E:\unity\Runtime/Export/Debug/Debug.bindings.h Line: 39)

SELFPLAY GOAL 221 scorer=Fan ZhaoReward=-1 total=109:112 
(Filename: E:\unity\Runtime/Export/Debug/Debug.bindings.h Line: 39)

SELFPLAY GOAL 222 scorer=Zhao ZhaoReward=1 total=109:113 
(Filename: E:\unity\Runtime/Export/Debug/Debug.bindings.h Line: 39)

SELFPLAY GOAL 223 scorer=Fan ZhaoReward=-1 total=110:113 
(Filename: E:\unity\Runtime/Export/Debug/Debug.bindings.h Line: 39)

SELFPLAY GOAL 224 scorer=Fan ZhaoReward=-1 total=111:113 
(Filename: E:\unity\Runtime/Export/Debug/Debug.bindings.h Line: 39)

SELFPLAY GOAL 225 scorer=Fan ZhaoReward=-1 total=112:113 
(Filename: E:\unity\Runtime/Export/Debug/Debug.bindings.h Line: 39)

SELFPLAY GOAL 226 scorer=Zhao ZhaoReward=1 total=112:114 
(Filename: E:\unity\Runtime/Export/Debug/Debug.bindings.h Line: 39)

SELFPLAY GOAL 227 scorer=Fan ZhaoReward=-1 total=113:114 
(Filename: E:\unity\Runtime/Export/Debug/Debug.bindings.h Line: 39)

SELFPLAY MATCH 28 goals=12 total=227 score=7:5 
(Filename: E:\unity\Runtime/Export/Debug/Debug.bindings.h Line: 39)

Unloading 4 Unused Serialized files (Serialized files now loaded: 0)
UnloadTime: 0.384700 ms

Unloading 4 unused Assets to reduce memory usage. Loaded Objects now: 1061.
Total: 1.392500 ms (FindLiveObjects: 0.043400 ms CreateObjectMapping: 0.009200 ms MarkObjects: 0.376100 ms  DeleteObjects: 0.963200 ms)

SELFPLAY GOALMAP x=-6.13 isPlayer1Goal=True 
(Filename: E:\unity\Runtime/Export/Debug/Debug.bindings.h Line: 39)

SELFPLAY GOALMAP x=6.18 isPlayer1Goal=False 
(Filename: E:\unity\Runtime/Export/Debug/Debug.bindings.h Line: 39)

SELFPLAY GOAL 228 scorer=Fan ZhaoReward=-1 total=114:114 
(Filename: E:\unity\Runtime/Export/Debug/Debug.bindings.h Line: 39)

SELFPLAY GOAL 229 scorer=Fan ZhaoReward=-1 total=115:114 
(Filename: E:\unity\Runtime/Export/Debug/Debug.bindings.h Line: 39)

SELFPLAY GOAL 230 scorer=Fan ZhaoReward=-1 total=116:114 
(Filename: E:\unity\Runtime/Export/Debug/Debug.bindings.h Line: 39)

SELFPLAY GOAL 231 scorer=Zhao ZhaoReward=1 total=116:115 
(Filename: E:\unity\Runtime/Export/Debug/Debug.bindings.h Line: 39)

SELFPLAY GOAL 232 scorer=Zhao ZhaoReward=1 total=116:116 
(Filename: E:\unity\Runtime/Export/Debug/Debug.bindings.h Line: 39)

SELFPLAY GOAL 233 scorer=Zhao ZhaoReward=1 total=116:117 
(Filename: E:\unity\Runtime/Export/Debug/Debug.bindings.h Line: 39)

SELFPLAY GOAL 234 scorer=Fan ZhaoReward=-1 total=117:117 
(Filename: E:\unity\Runtime/Export/Debug/Debug.bindings.h Line: 39)

SELFPLAY GOAL 235 scorer=Fan ZhaoReward=-1 total=118:117 
(Filename: E:\unity\Runtime/Export/Debug/Debug.bindings.h Line: 39)

SELFPLAY MATCH 29 goals=8 total=235 score=5:3 
(Filename: E:\unity\Runtime/Export/Debug/Debug.bindings.h Line: 39)

Unloading 4 Unused Serialized files (Serialized files now loaded: 0)
UnloadTime: 0.585800 ms

Unloading 4 unused Assets to reduce memory usage. Loaded Objects now: 1061.
Total: 1.330300 ms (FindLiveObjects: 0.043900 ms CreateObjectMapping: 0.009600 ms MarkObjects: 0.289900 ms  DeleteObjects: 0.986300 ms)

SELFPLAY GOALMAP x=-6.13 isPlayer1Goal=True 
(Filename: E:\unity\Runtime/Export/Debug/Debug.bindings.h Line: 39)

SELFPLAY GOALMAP x=6.18 isPlayer1Goal=False 
(Filename: E:\unity\Runtime/Export/Debug/Debug.bindings.h Line: 39)

SELFPLAY GOAL 236 scorer=Fan ZhaoReward=-1 total=119:117 
(Filename: E:\unity\Runtime/Export/Debug/Debug.bindings.h Line: 39)

SELFPLAY GOAL 237 scorer=Zhao ZhaoReward=1 total=119:118 
(Filename: E:\unity\Runtime/Export/Debug/Debug.bindings.h Line: 39)

SELFPLAY GOAL 238 scorer=Fan ZhaoReward=-1 total=120:118 
(Filename: E:\unity\Runtime/Export/Debug/Debug.bindings.h Line: 39)

SELFPLAY GOAL 239 scorer=Zhao ZhaoReward=1 total=120:119 
(Filename: E:\unity\Runtime/Export/Debug/Debug.bindings.h Line: 39)

SELFPLAY GOAL 240 scorer=Zhao ZhaoReward=1 total=120:120 
(Filename: E:\unity\Runtime/Export/Debug/Debug.bindings.h Line: 39)

SELFPLAY GOAL 241 scorer=Fan ZhaoReward=-1 total=121:120 
(Filename: E:\unity\Runtime/Export/Debug/Debug.bindings.h Line: 39)

SELFPLAY GOAL 242 scorer=Fan ZhaoReward=-1 total=122:120 
(Filename: E:\unity\Runtime/Export/Debug/Debug.bindings.h Line: 39)

SELFPLAY GOAL 243 scorer=Fan ZhaoReward=-1 total=123:120 
(Filename: E:\unity\Runtime/Export/Debug/Debug.bindings.h Line: 39)

SELFPLAY MATCH 30 goals=8 total=243 score=5:3 
(Filename: E:\unity\Runtime/Export/Debug/Debug.bindings.h Line: 39)

Unloading 4 Unused Serialized files (Serialized files now loaded: 0)
UnloadTime: 0.481000 ms

Unloading 4 unused Assets to reduce memory usage. Loaded Objects now: 1061.
Total: 1.319400 ms (FindLiveObjects: 0.043200 ms CreateObjectMapping: 0.008900 ms MarkObjects: 0.368700 ms  DeleteObjects: 0.898200 ms)

SELFPLAY GOALMAP x=-6.13 isPlayer1Goal=True 
(Filename: E:\unity\Runtime/Export/Debug/Debug.bindings.h Line: 39)

SELFPLAY GOALMAP x=6.18 isPlayer1Goal=False 
(Filename: E:\unity\Runtime/Export/Debug/Debug.bindings.h Line: 39)

SELFPLAY GOAL 244 scorer=Fan ZhaoReward=-1 total=124:120 
(Filename: E:\unity\Runtime/Export/Debug/Debug.bindings.h Line: 39)

SELFPLAY GOAL 245 scorer=Fan ZhaoReward=-1 total=125:120 
(Filename: E:\unity\Runtime/Export/Debug/Debug.bindings.h Line: 39)

SELFPLAY GOAL 246 scorer=Fan ZhaoReward=-1 total=126:120 
(Filename: E:\unity\Runtime/Export/Debug/Debug.bindings.h Line: 39)

SELFPLAY GOAL 247 scorer=Zhao ZhaoReward=1 total=126:121 
(Filename: E:\unity\Runtime/Export/Debug/Debug.bindings.h Line: 39)

SELFPLAY GOAL 248 scorer=Zhao ZhaoReward=1 total=126:122 
(Filename: E:\unity\Runtime/Export/Debug/Debug.bindings.h Line: 39)

SELFPLAY GOAL 249 scorer=Fan ZhaoReward=-1 total=127:122 
(Filename: E:\unity\Runtime/Export/Debug/Debug.bindings.h Line: 39)

SELFPLAY GOAL 250 scorer=Fan ZhaoReward=-1 total=128:122 
(Filename: E:\unity\Runtime/Export/Debug/Debug.bindings.h Line: 39)

SELFPLAY GOAL 251 scorer=Zhao ZhaoReward=1 total=128:123 
(Filename: E:\unity\Runtime/Export/Debug/Debug.bindings.h Line: 39)

SELFPLAY GOAL 252 scorer=Zhao ZhaoReward=1 total=128:124 
(Filename: E:\unity\Runtime/Export/Debug/Debug.bindings.h Line: 39)

SELFPLAY GOAL 253 scorer=Zhao ZhaoReward=1 total=128:125 
(Filename: E:\unity\Runtime/Export/Debug/Debug.bindings.h Line: 39)

SELFPLAY GOAL 254 scorer=Fan ZhaoReward=-1 total=129:125 
(Filename: E:\unity\Runtime/Export/Debug/Debug.bindings.h Line: 39)

SELFPLAY MATCH 31 goals=11 total=254 score=6:5 
(Filename: E:\unity\Runtime/Export/Debug/Debug.bindings.h Line: 39)

Unloading 4 Unused Serialized files (Serialized files now loaded: 0)
UnloadTime: 0.761800 ms

Unloading 4 unused Assets to reduce memory usage. Loaded Objects now: 1061.
Total: 1.191300 ms (FindLiveObjects: 0.045600 ms CreateObjectMapping: 0.010900 ms MarkObjects: 0.291700 ms  DeleteObjects: 0.842500 ms)

SELFPLAY GOALMAP x=-6.13 isPlayer1Goal=True 
(Filename: E:\unity\Runtime/Export/Debug/Debug.bindings.h Line: 39)

SELFPLAY GOALMAP x=6.18 isPlayer1Goal=False 
(Filename: E:\unity\Runtime/Export/Debug/Debug.bindings.h Line: 39)

SELFPLAY GOAL 255 scorer=Fan ZhaoReward=-1 total=130:125 
(Filename: E:\unity\Runtime/Export/Debug/Debug.bindings.h Line: 39)

SELFPLAY GOAL 256 scorer=Zhao ZhaoReward=1 total=130:126 
(Filename: E:\unity\Runtime/Export/Debug/Debug.bindings.h Line: 39)

SELFPLAY GOAL 257 scorer=Fan ZhaoReward=-1 total=131:126 
(Filename: E:\unity\Runtime/Export/Debug/Debug.bindings.h Line: 39)

SELFPLAY GOAL 258 scorer=Zhao ZhaoReward=1 total=131:127 
(Filename: E:\unity\Runtime/Export/Debug/Debug.bindings.h Line: 39)

SELFPLAY GOAL 259 scorer=Fan ZhaoReward=-1 total=132:127 
(Filename: E:\unity\Runtime/Export/Debug/Debug.bindings.h Line: 39)

SELFPLAY GOAL 260 scorer=Fan ZhaoReward=-1 total=133:127 
(Filename: E:\unity\Runtime/Export/Debug/Debug.bindings.h Line: 39)

SELFPLAY GOAL 261 scorer=Zhao ZhaoReward=1 total=133:128 
(Filename: E:\unity\Runtime/Export/Debug/Debug.bindings.h Line: 39)

SELFPLAY GOAL 262 scorer=Zhao ZhaoReward=1 total=133:129 
(Filename: E:\unity\Runtime/Export/Debug/Debug.bindings.h Line: 39)

SELFPLAY GOAL 263 scorer=Zhao ZhaoReward=1 total=133:130 
(Filename: E:\unity\Runtime/Export/Debug/Debug.bindings.h Line: 39)

SELFPLAY GOAL 264 scorer=Fan ZhaoReward=-1 total=134:130 
(Filename: E:\unity\Runtime/Export/Debug/Debug.bindings.h Line: 39)

SELFPLAY GOAL 265 scorer=Zhao ZhaoReward=1 total=134:131 
(Filename: E:\unity\Runtime/Export/Debug/Debug.bindings.h Line: 39)

SELFPLAY GOAL 266 scorer=Zhao ZhaoReward=1 total=134:132 
(Filename: E:\unity\Runtime/Export/Debug/Debug.bindings.h Line: 39)

SELFPLAY MATCH 32 goals=12 total=266 score=5:7 
(Filename: E:\unity\Runtime/Export/Debug/Debug.bindings.h Line: 39)

Unloading 4 Unused Serialized files (Serialized files now loaded: 0)
UnloadTime: 0.583900 ms

Unloading 4 unused Assets to reduce memory usage. Loaded Objects now: 1061.
Total: 1.402500 ms (FindLiveObjects: 0.044300 ms CreateObjectMapping: 0.010600 ms MarkObjects: 0.305700 ms  DeleteObjects: 1.041400 ms)

SELFPLAY GOALMAP x=-6.13 isPlayer1Goal=True 
(Filename: E:\unity\Runtime/Export/Debug/Debug.bindings.h Line: 39)

SELFPLAY GOALMAP x=6.18 isPlayer1Goal=False 
(Filename: E:\unity\Runtime/Export/Debug/Debug.bindings.h Line: 39)

SELFPLAY GOAL 267 scorer=Zhao ZhaoReward=1 total=134:133 
(Filename: E:\unity\Runtime/Export/Debug/Debug.bindings.h Line: 39)

SELFPLAY GOAL 268 scorer=Fan ZhaoReward=-1 total=135:133 
(Filename: E:\unity\Runtime/Export/Debug/Debug.bindings.h Line: 39)

SELFPLAY GOAL 269 scorer=Fan ZhaoReward=-1 total=136:133 
(Filename: E:\unity\Runtime/Export/Debug/Debug.bindings.h Line: 39)

SELFPLAY GOAL 270 scorer=Fan ZhaoReward=-1 total=137:133 
(Filename: E:\unity\Runtime/Export/Debug/Debug.bindings.h Line: 39)

SELFPLAY GOAL 271 scorer=Fan ZhaoReward=-1 total=138:133 
(Filename: E:\unity\Runtime/Export/Debug/Debug.bindings.h Line: 39)

SELFPLAY GOAL 272 scorer=Zhao ZhaoReward=1 total=138:134 
(Filename: E:\unity\Runtime/Export/Debug/Debug.bindings.h Line: 39)

SELFPLAY GOAL 273 scorer=Zhao ZhaoReward=1 total=138:135 
(Filename: E:\unity\Runtime/Export/Debug/Debug.bindings.h Line: 39)

SELFPLAY GOAL 274 scorer=Zhao ZhaoReward=1 total=138:136 
(Filename: E:\unity\Runtime/Export/Debug/Debug.bindings.h Line: 39)

SELFPLAY GOAL 275 scorer=Fan ZhaoReward=-1 total=139:136 
(Filename: E:\unity\Runtime/Export/Debug/Debug.bindings.h Line: 39)

SELFPLAY GOAL 276 scorer=Fan ZhaoReward=-1 total=140:136 
(Filename: E:\unity\Runtime/Export/Debug/Debug.bindings.h Line: 39)

SELFPLAY GOAL 277 scorer=Fan ZhaoReward=-1 total=141:136 
(Filename: E:\unity\Runtime/Export/Debug/Debug.bindings.h Line: 39)

SELFPLAY GOAL 278 scorer=Zhao ZhaoReward=1 total=141:137 
(Filename: E:\unity\Runtime/Export/Debug/Debug.bindings.h Line: 39)

SELFPLAY MATCH 33 goals=12 total=278 score=7:5 
(Filename: E:\unity\Runtime/Export/Debug/Debug.bindings.h Line: 39)

Unloading 4 Unused Serialized files (Serialized files now loaded: 0)
UnloadTime: 0.547600 ms

Unloading 4 unused Assets to reduce memory usage. Loaded Objects now: 1061.
Total: 1.398100 ms (FindLiveObjects: 0.040200 ms CreateObjectMapping: 0.010000 ms MarkObjects: 0.310700 ms  DeleteObjects: 1.036500 ms)

SELFPLAY GOALMAP x=-6.13 isPlayer1Goal=True 
(Filename: E:\unity\Runtime/Export/Debug/Debug.bindings.h Line: 39)

SELFPLAY GOALMAP x=6.18 isPlayer1Goal=False 
(Filename: E:\unity\Runtime/Export/Debug/Debug.bindings.h Line: 39)

SELFPLAY GOAL 279 scorer=Fan ZhaoReward=-1 total=142:137 
(Filename: E:\unity\Runtime/Export/Debug/Debug.bindings.h Line: 39)

SELFPLAY GOAL 280 scorer=Fan ZhaoReward=-1 total=143:137 
(Filename: E:\unity\Runtime/Export/Debug/Debug.bindings.h Line: 39)

SELFPLAY GOAL 281 scorer=Fan ZhaoReward=-1 total=144:137 
(Filename: E:\unity\Runtime/Export/Debug/Debug.bindings.h Line: 39)

SELFPLAY GOAL 282 scorer=Fan ZhaoReward=-1 total=145:137 
(Filename: E:\unity\Runtime/Export/Debug/Debug.bindings.h Line: 39)

SELFPLAY GOAL 283 scorer=Fan ZhaoReward=-1 total=146:137 
(Filename: E:\unity\Runtime/Export/Debug/Debug.bindings.h Line: 39)

SELFPLAY GOAL 284 scorer=Fan ZhaoReward=-1 total=147:137 
(Filename: E:\unity\Runtime/Export/Debug/Debug.bindings.h Line: 39)

SELFPLAY GOAL 285 scorer=Fan ZhaoReward=-1 total=148:137 
(Filename: E:\unity\Runtime/Export/Debug/Debug.bindings.h Line: 39)

SELFPLAY GOAL 286 scorer=Zhao ZhaoReward=1 total=148:138 
(Filename: E:\unity\Runtime/Export/Debug/Debug.bindings.h Line: 39)

SELFPLAY GOAL 287 scorer=Zhao ZhaoReward=1 total=148:139 
(Filename: E:\unity\Runtime/Export/Debug/Debug.bindings.h Line: 39)

SELFPLAY GOAL 288 scorer=Fan ZhaoReward=-1 total=149:139 
(Filename: E:\unity\Runtime/Export/Debug/Debug.bindings.h Line: 39)

SELFPLAY GOAL 289 scorer=Fan ZhaoReward=-1 total=150:139 
(Filename: E:\unity\Runtime/Export/Debug/Debug.bindings.h Line: 39)

SELFPLAY GOAL 290 scorer=Fan ZhaoReward=-1 total=151:139 
(Filename: E:\unity\Runtime/Export/Debug/Debug.bindings.h Line: 39)

SELFPLAY MATCH 34 goals=12 total=290 score=10:2 
(Filename: E:\unity\Runtime/Export/Debug/Debug.bindings.h Line: 39)

Unloading 4 Unused Serialized files (Serialized files now loaded: 0)
UnloadTime: 0.390300 ms

Unloading 4 unused Assets to reduce memory usage. Loaded Objects now: 1061.
Total: 1.275000 ms (FindLiveObjects: 0.044000 ms CreateObjectMapping: 0.010700 ms MarkObjects: 0.300300 ms  DeleteObjects: 0.919300 ms)

SELFPLAY GOALMAP x=-6.13 isPlayer1Goal=True 
(Filename: E:\unity\Runtime/Export/Debug/Debug.bindings.h Line: 39)

SELFPLAY GOALMAP x=6.18 isPlayer1Goal=False 
(Filename: E:\unity\Runtime/Export/Debug/Debug.bindings.h Line: 39)

SELFPLAY PROGRESS goals=290/500 matches=35 score=151:139 real=135.8552 
(Filename: E:\unity\Runtime/Export/Debug/Debug.bindings.h Line: 39)

SELFPLAY GOAL 291 scorer=Fan ZhaoReward=-1 total=152:139 
(Filename: E:\unity\Runtime/Export/Debug/Debug.bindings.h Line: 39)

SELFPLAY GOAL 292 scorer=Zhao ZhaoReward=1 total=152:140 
(Filename: E:\unity\Runtime/Export/Debug/Debug.bindings.h Line: 39)

SELFPLAY GOAL 293 scorer=Fan ZhaoReward=-1 total=153:140 
(Filename: E:\unity\Runtime/Export/Debug/Debug.bindings.h Line: 39)

SELFPLAY GOAL 294 scorer=Zhao ZhaoReward=1 total=153:141 
(Filename: E:\unity\Runtime/Export/Debug/Debug.bindings.h Line: 39)

SELFPLAY GOAL 295 scorer=Zhao ZhaoReward=1 total=153:142 
(Filename: E:\unity\Runtime/Export/Debug/Debug.bindings.h Line: 39)

SELFPLAY GOAL 296 scorer=Fan ZhaoReward=-1 total=154:142 
(Filename: E:\unity\Runtime/Export/Debug/Debug.bindings.h Line: 39)

SELFPLAY GOAL 297 scorer=Fan ZhaoReward=-1 total=155:142 
(Filename: E:\unity\Runtime/Export/Debug/Debug.bindings.h Line: 39)

SELFPLAY GOAL 298 scorer=Zhao ZhaoReward=1 total=155:143 
(Filename: E:\unity\Runtime/Export/Debug/Debug.bindings.h Line: 39)

SELFPLAY MATCH 35 goals=8 total=298 score=4:4 
(Filename: E:\unity\Runtime/Export/Debug/Debug.bindings.h Line: 39)

Unloading 4 Unused Serialized files (Serialized files now loaded: 0)
UnloadTime: 0.508200 ms

Unloading 4 unused Assets to reduce memory usage. Loaded Objects now: 1061.
Total: 1.536500 ms (FindLiveObjects: 0.046900 ms CreateObjectMapping: 0.010900 ms MarkObjects: 0.306600 ms  DeleteObjects: 1.171600 ms)

SELFPLAY GOALMAP x=-6.13 isPlayer1Goal=True 
(Filename: E:\unity\Runtime/Export/Debug/Debug.bindings.h Line: 39)

SELFPLAY GOALMAP x=6.18 isPlayer1Goal=False 
(Filename: E:\unity\Runtime/Export/Debug/Debug.bindings.h Line: 39)

SELFPLAY GOAL 299 scorer=Zhao ZhaoReward=1 total=155:144 
(Filename: E:\unity\Runtime/Export/Debug/Debug.bindings.h Line: 39)

SELFPLAY GOAL 300 scorer=Zhao ZhaoReward=1 total=155:145 
(Filename: E:\unity\Runtime/Export/Debug/Debug.bindings.h Line: 39)

SELFPLAY GOAL 301 scorer=Fan ZhaoReward=-1 total=156:145 
(Filename: E:\unity\Runtime/Export/Debug/Debug.bindings.h Line: 39)

SELFPLAY GOAL 302 scorer=Fan ZhaoReward=-1 total=157:145 
(Filename: E:\unity\Runtime/Export/Debug/Debug.bindings.h Line: 39)

SELFPLAY GOAL 303 scorer=Zhao ZhaoReward=1 total=157:146 
(Filename: E:\unity\Runtime/Export/Debug/Debug.bindings.h Line: 39)

SELFPLAY GOAL 304 scorer=Fan ZhaoReward=-1 total=158:146 
(Filename: E:\unity\Runtime/Export/Debug/Debug.bindings.h Line: 39)

SELFPLAY GOAL 305 scorer=Zhao ZhaoReward=1 total=158:147 
(Filename: E:\unity\Runtime/Export/Debug/Debug.bindings.h Line: 39)

SELFPLAY GOAL 306 scorer=Fan ZhaoReward=-1 total=159:147 
(Filename: E:\unity\Runtime/Export/Debug/Debug.bindings.h Line: 39)

SELFPLAY GOAL 307 scorer=Fan ZhaoReward=-1 total=160:147 
(Filename: E:\unity\Runtime/Export/Debug/Debug.bindings.h Line: 39)

SELFPLAY MATCH 36 goals=9 total=307 score=5:4 
(Filename: E:\unity\Runtime/Export/Debug/Debug.bindings.h Line: 39)

Unloading 4 Unused Serialized files (Serialized files now loaded: 0)
UnloadTime: 0.556100 ms

Unloading 4 unused Assets to reduce memory usage. Loaded Objects now: 1061.
Total: 1.642900 ms (FindLiveObjects: 0.046100 ms CreateObjectMapping: 0.032500 ms MarkObjects: 0.428000 ms  DeleteObjects: 1.135700 ms)

SELFPLAY GOALMAP x=-6.13 isPlayer1Goal=True 
(Filename: E:\unity\Runtime/Export/Debug/Debug.bindings.h Line: 39)

SELFPLAY GOALMAP x=6.18 isPlayer1Goal=False 
(Filename: E:\unity\Runtime/Export/Debug/Debug.bindings.h Line: 39)

SELFPLAY GOAL 308 scorer=Fan ZhaoReward=-1 total=161:147 
(Filename: E:\unity\Runtime/Export/Debug/Debug.bindings.h Line: 39)

SELFPLAY GOAL 309 scorer=Zhao ZhaoReward=1 total=161:148 
(Filename: E:\unity\Runtime/Export/Debug/Debug.bindings.h Line: 39)

SELFPLAY GOAL 310 scorer=Zhao ZhaoReward=1 total=161:149 
(Filename: E:\unity\Runtime/Export/Debug/Debug.bindings.h Line: 39)

SELFPLAY GOAL 311 scorer=Fan ZhaoReward=-1 total=162:149 
(Filename: E:\unity\Runtime/Export/Debug/Debug.bindings.h Line: 39)

SELFPLAY GOAL 312 scorer=Zhao ZhaoReward=1 total=162:150 
(Filename: E:\unity\Runtime/Export/Debug/Debug.bindings.h Line: 39)

SELFPLAY GOAL 313 scorer=Zhao ZhaoReward=1 total=162:151 
(Filename: E:\unity\Runtime/Export/Debug/Debug.bindings.h Line: 39)

SELFPLAY GOAL 314 scorer=Fan ZhaoReward=-1 total=163:151 
(Filename: E:\unity\Runtime/Export/Debug/Debug.bindings.h Line: 39)

SELFPLAY GOAL 315 scorer=Zhao ZhaoReward=1 total=163:152 
(Filename: E:\unity\Runtime/Export/Debug/Debug.bindings.h Line: 39)

SELFPLAY MATCH 37 goals=8 total=315 score=3:5 
(Filename: E:\unity\Runtime/Export/Debug/Debug.bindings.h Line: 39)

Unloading 4 Unused Serialized files (Serialized files now loaded: 0)
UnloadTime: 0.808100 ms

Unloading 4 unused Assets to reduce memory usage. Loaded Objects now: 1061.
Total: 1.499900 ms (FindLiveObjects: 0.046000 ms CreateObjectMapping: 0.010100 ms MarkObjects: 0.318500 ms  DeleteObjects: 1.124800 ms)

SELFPLAY GOALMAP x=-6.13 isPlayer1Goal=True 
(Filename: E:\unity\Runtime/Export/Debug/Debug.bindings.h Line: 39)

SELFPLAY GOALMAP x=6.18 isPlayer1Goal=False 
(Filename: E:\unity\Runtime/Export/Debug/Debug.bindings.h Line: 39)

SELFPLAY GOAL 316 scorer=Zhao ZhaoReward=1 total=163:153 
(Filename: E:\unity\Runtime/Export/Debug/Debug.bindings.h Line: 39)

SELFPLAY GOAL 317 scorer=Zhao ZhaoReward=1 total=163:154 
(Filename: E:\unity\Runtime/Export/Debug/Debug.bindings.h Line: 39)

SELFPLAY GOAL 318 scorer=Zhao ZhaoReward=1 total=163:155 
(Filename: E:\unity\Runtime/Export/Debug/Debug.bindings.h Line: 39)

SELFPLAY GOAL 319 scorer=Zhao ZhaoReward=1 total=163:156 
(Filename: E:\unity\Runtime/Export/Debug/Debug.bindings.h Line: 39)

SELFPLAY GOAL 320 scorer=Fan ZhaoReward=-1 total=164:156 
(Filename: E:\unity\Runtime/Export/Debug/Debug.bindings.h Line: 39)

SELFPLAY GOAL 321 scorer=Zhao ZhaoReward=1 total=164:157 
(Filename: E:\unity\Runtime/Export/Debug/Debug.bindings.h Line: 39)

SELFPLAY GOAL 322 scorer=Zhao ZhaoReward=1 total=164:158 
(Filename: E:\unity\Runtime/Export/Debug/Debug.bindings.h Line: 39)

SELFPLAY GOAL 323 scorer=Fan ZhaoReward=-1 total=165:158 
(Filename: E:\unity\Runtime/Export/Debug/Debug.bindings.h Line: 39)

SELFPLAY MATCH 38 goals=8 total=323 score=2:6 
(Filename: E:\unity\Runtime/Export/Debug/Debug.bindings.h Line: 39)

Unloading 4 Unused Serialized files (Serialized files now loaded: 0)
UnloadTime: 0.733700 ms

Unloading 4 unused Assets to reduce memory usage. Loaded Objects now: 1061.
Total: 1.338000 ms (FindLiveObjects: 0.043900 ms CreateObjectMapping: 0.009600 ms MarkObjects: 0.313900 ms  DeleteObjects: 0.969800 ms)

SELFPLAY GOALMAP x=-6.13 isPlayer1Goal=True 
(Filename: E:\unity\Runtime/Export/Debug/Debug.bindings.h Line: 39)

SELFPLAY GOALMAP x=6.18 isPlayer1Goal=False 
(Filename: E:\unity\Runtime/Export/Debug/Debug.bindings.h Line: 39)

SELFPLAY GOAL 324 scorer=Fan ZhaoReward=-1 total=166:158 
(Filename: E:\unity\Runtime/Export/Debug/Debug.bindings.h Line: 39)

SELFPLAY GOAL 325 scorer=Fan ZhaoReward=-1 total=167:158 
(Filename: E:\unity\Runtime/Export/Debug/Debug.bindings.h Line: 39)

SELFPLAY GOAL 326 scorer=Fan ZhaoReward=-1 total=168:158 
(Filename: E:\unity\Runtime/Export/Debug/Debug.bindings.h Line: 39)

SELFPLAY GOAL 327 scorer=Zhao ZhaoReward=1 total=168:159 
(Filename: E:\unity\Runtime/Export/Debug/Debug.bindings.h Line: 39)

SELFPLAY GOAL 328 scorer=Fan ZhaoReward=-1 total=169:159 
(Filename: E:\unity\Runtime/Export/Debug/Debug.bindings.h Line: 39)

SELFPLAY GOAL 329 scorer=Zhao ZhaoReward=1 total=169:160 
(Filename: E:\unity\Runtime/Export/Debug/Debug.bindings.h Line: 39)

SELFPLAY GOAL 330 scorer=Fan ZhaoReward=-1 total=170:160 
(Filename: E:\unity\Runtime/Export/Debug/Debug.bindings.h Line: 39)

SELFPLAY GOAL 331 scorer=Fan ZhaoReward=-1 total=171:160 
(Filename: E:\unity\Runtime/Export/Debug/Debug.bindings.h Line: 39)

SELFPLAY GOAL 332 scorer=Fan ZhaoReward=-1 total=172:160 
(Filename: E:\unity\Runtime/Export/Debug/Debug.bindings.h Line: 39)

SELFPLAY GOAL 333 scorer=Zhao ZhaoReward=1 total=172:161 
(Filename: E:\unity\Runtime/Export/Debug/Debug.bindings.h Line: 39)

SELFPLAY GOAL 334 scorer=Fan ZhaoReward=-1 total=173:161 
(Filename: E:\unity\Runtime/Export/Debug/Debug.bindings.h Line: 39)

SELFPLAY MATCH 39 goals=11 total=334 score=8:3 
(Filename: E:\unity\Runtime/Export/Debug/Debug.bindings.h Line: 39)

Unloading 4 Unused Serialized files (Serialized files now loaded: 0)
UnloadTime: 0.460000 ms

Unloading 4 unused Assets to reduce memory usage. Loaded Objects now: 1061.
Total: 1.338400 ms (FindLiveObjects: 0.041700 ms CreateObjectMapping: 0.010200 ms MarkObjects: 0.320700 ms  DeleteObjects: 0.965200 ms)

SELFPLAY GOALMAP x=-6.13 isPlayer1Goal=True 
(Filename: E:\unity\Runtime/Export/Debug/Debug.bindings.h Line: 39)

SELFPLAY GOALMAP x=6.18 isPlayer1Goal=False 
(Filename: E:\unity\Runtime/Export/Debug/Debug.bindings.h Line: 39)

SELFPLAY GOAL 335 scorer=Fan ZhaoReward=-1 total=174:161 
(Filename: E:\unity\Runtime/Export/Debug/Debug.bindings.h Line: 39)

SELFPLAY GOAL 336 scorer=Zhao ZhaoReward=1 total=174:162 
(Filename: E:\unity\Runtime/Export/Debug/Debug.bindings.h Line: 39)

SELFPLAY GOAL 337 scorer=Fan ZhaoReward=-1 total=175:162 
(Filename: E:\unity\Runtime/Export/Debug/Debug.bindings.h Line: 39)

SELFPLAY GOAL 338 scorer=Zhao ZhaoReward=1 total=175:163 
(Filename: E:\unity\Runtime/Export/Debug/Debug.bindings.h Line: 39)

SELFPLAY GOAL 339 scorer=Zhao ZhaoReward=1 total=175:164 
(Filename: E:\unity\Runtime/Export/Debug/Debug.bindings.h Line: 39)

SELFPLAY GOAL 340 scorer=Zhao ZhaoReward=1 total=175:165 
(Filename: E:\unity\Runtime/Export/Debug/Debug.bindings.h Line: 39)

SELFPLAY GOAL 341 scorer=Zhao ZhaoReward=1 total=175:166 
(Filename: E:\unity\Runtime/Export/Debug/Debug.bindings.h Line: 39)

SELFPLAY GOAL 342 scorer=Fan ZhaoReward=-1 total=176:166 
(Filename: E:\unity\Runtime/Export/Debug/Debug.bindings.h Line: 39)

SELFPLAY GOAL 343 scorer=Fan ZhaoReward=-1 total=177:166 
(Filename: E:\unity\Runtime/Export/Debug/Debug.bindings.h Line: 39)

SELFPLAY MATCH 40 goals=9 total=343 score=4:5 
(Filename: E:\unity\Runtime/Export/Debug/Debug.bindings.h Line: 39)

Unloading 4 Unused Serialized files (Serialized files now loaded: 0)
UnloadTime: 1.007000 ms

Unloading 4 unused Assets to reduce memory usage. Loaded Objects now: 1061.
Total: 1.546500 ms (FindLiveObjects: 0.048900 ms CreateObjectMapping: 0.011900 ms MarkObjects: 0.341500 ms  DeleteObjects: 1.143500 ms)

SELFPLAY GOALMAP x=-6.13 isPlayer1Goal=True 
(Filename: E:\unity\Runtime/Export/Debug/Debug.bindings.h Line: 39)

SELFPLAY GOALMAP x=6.18 isPlayer1Goal=False 
(Filename: E:\unity\Runtime/Export/Debug/Debug.bindings.h Line: 39)

SELFPLAY GOAL 344 scorer=Fan ZhaoReward=-1 total=178:166 
(Filename: E:\unity\Runtime/Export/Debug/Debug.bindings.h Line: 39)

SELFPLAY GOAL 345 scorer=Fan ZhaoReward=-1 total=179:166 
(Filename: E:\unity\Runtime/Export/Debug/Debug.bindings.h Line: 39)

SELFPLAY GOAL 346 scorer=Zhao ZhaoReward=1 total=179:167 
(Filename: E:\unity\Runtime/Export/Debug/Debug.bindings.h Line: 39)

SELFPLAY GOAL 347 scorer=Zhao ZhaoReward=1 total=179:168 
(Filename: E:\unity\Runtime/Export/Debug/Debug.bindings.h Line: 39)

SELFPLAY GOAL 348 scorer=Fan ZhaoReward=-1 total=180:168 
(Filename: E:\unity\Runtime/Export/Debug/Debug.bindings.h Line: 39)

SELFPLAY GOAL 349 scorer=Fan ZhaoReward=-1 total=181:168 
(Filename: E:\unity\Runtime/Export/Debug/Debug.bindings.h Line: 39)

SELFPLAY GOAL 350 scorer=Zhao ZhaoReward=1 total=181:169 
(Filename: E:\unity\Runtime/Export/Debug/Debug.bindings.h Line: 39)

SELFPLAY MATCH 41 goals=7 total=350 score=4:3 
(Filename: E:\unity\Runtime/Export/Debug/Debug.bindings.h Line: 39)

Unloading 4 Unused Serialized files (Serialized files now loaded: 0)
UnloadTime: 0.507100 ms

Unloading 4 unused Assets to reduce memory usage. Loaded Objects now: 1061.
Total: 1.314100 ms (FindLiveObjects: 0.044200 ms CreateObjectMapping: 0.009300 ms MarkObjects: 0.309000 ms  DeleteObjects: 0.951200 ms)

SELFPLAY GOALMAP x=-6.13 isPlayer1Goal=True 
(Filename: E:\unity\Runtime/Export/Debug/Debug.bindings.h Line: 39)

SELFPLAY GOALMAP x=6.18 isPlayer1Goal=False 
(Filename: E:\unity\Runtime/Export/Debug/Debug.bindings.h Line: 39)

SELFPLAY GOAL 351 scorer=Fan ZhaoReward=-1 total=182:169 
(Filename: E:\unity\Runtime/Export/Debug/Debug.bindings.h Line: 39)

SELFPLAY GOAL 352 scorer=Zhao ZhaoReward=1 total=182:170 
(Filename: E:\unity\Runtime/Export/Debug/Debug.bindings.h Line: 39)

SELFPLAY PROGRESS goals=352/500 matches=42 score=182:170 real=165.8583 
(Filename: E:\unity\Runtime/Export/Debug/Debug.bindings.h Line: 39)

SELFPLAY GOAL 353 scorer=Zhao ZhaoReward=1 total=182:171 
(Filename: E:\unity\Runtime/Export/Debug/Debug.bindings.h Line: 39)

SELFPLAY GOAL 354 scorer=Zhao ZhaoReward=1 total=182:172 
(Filename: E:\unity\Runtime/Export/Debug/Debug.bindings.h Line: 39)

SELFPLAY GOAL 355 scorer=Zhao ZhaoReward=1 total=182:173 
(Filename: E:\unity\Runtime/Export/Debug/Debug.bindings.h Line: 39)

SELFPLAY GOAL 356 scorer=Fan ZhaoReward=-1 total=183:173 
(Filename: E:\unity\Runtime/Export/Debug/Debug.bindings.h Line: 39)

SELFPLAY MATCH 42 goals=6 total=356 score=2:4 
(Filename: E:\unity\Runtime/Export/Debug/Debug.bindings.h Line: 39)

Unloading 4 Unused Serialized files (Serialized files now loaded: 0)
UnloadTime: 0.452100 ms

Unloading 4 unused Assets to reduce memory usage. Loaded Objects now: 1061.
Total: 1.512000 ms (FindLiveObjects: 0.043800 ms CreateObjectMapping: 0.010100 ms MarkObjects: 0.402700 ms  DeleteObjects: 1.054800 ms)

SELFPLAY GOALMAP x=-6.13 isPlayer1Goal=True 
(Filename: E:\unity\Runtime/Export/Debug/Debug.bindings.h Line: 39)

SELFPLAY GOALMAP x=6.18 isPlayer1Goal=False 
(Filename: E:\unity\Runtime/Export/Debug/Debug.bindings.h Line: 39)

SELFPLAY GOAL 357 scorer=Fan ZhaoReward=-1 total=184:173 
(Filename: E:\unity\Runtime/Export/Debug/Debug.bindings.h Line: 39)

SELFPLAY GOAL 358 scorer=Fan ZhaoReward=-1 total=185:173 
(Filename: E:\unity\Runtime/Export/Debug/Debug.bindings.h Line: 39)

SELFPLAY GOAL 359 scorer=Fan ZhaoReward=-1 total=186:173 
(Filename: E:\unity\Runtime/Export/Debug/Debug.bindings.h Line: 39)

SELFPLAY GOAL 360 scorer=Fan ZhaoReward=-1 total=187:173 
(Filename: E:\unity\Runtime/Export/Debug/Debug.bindings.h Line: 39)

SELFPLAY GOAL 361 scorer=Zhao ZhaoReward=1 total=187:174 
(Filename: E:\unity\Runtime/Export/Debug/Debug.bindings.h Line: 39)

SELFPLAY GOAL 362 scorer=Fan ZhaoReward=-1 total=188:174 
(Filename: E:\unity\Runtime/Export/Debug/Debug.bindings.h Line: 39)

SELFPLAY MATCH 43 goals=6 total=362 score=5:1 
(Filename: E:\unity\Runtime/Export/Debug/Debug.bindings.h Line: 39)

Unloading 4 Unused Serialized files (Serialized files now loaded: 0)
UnloadTime: 0.715700 ms

Unloading 4 unused Assets to reduce memory usage. Loaded Objects now: 1061.
Total: 1.419200 ms (FindLiveObjects: 0.040800 ms CreateObjectMapping: 0.009600 ms MarkObjects: 0.320000 ms  DeleteObjects: 1.048400 ms)

SELFPLAY GOALMAP x=-6.13 isPlayer1Goal=True 
(Filename: E:\unity\Runtime/Export/Debug/Debug.bindings.h Line: 39)

SELFPLAY GOALMAP x=6.18 isPlayer1Goal=False 
(Filename: E:\unity\Runtime/Export/Debug/Debug.bindings.h Line: 39)

SELFPLAY GOAL 363 scorer=Zhao ZhaoReward=1 total=188:175 
(Filename: E:\unity\Runtime/Export/Debug/Debug.bindings.h Line: 39)

SELFPLAY GOAL 364 scorer=Fan ZhaoReward=-1 total=189:175 
(Filename: E:\unity\Runtime/Export/Debug/Debug.bindings.h Line: 39)

SELFPLAY GOAL 365 scorer=Fan ZhaoReward=-1 total=190:175 
(Filename: E:\unity\Runtime/Export/Debug/Debug.bindings.h Line: 39)

SELFPLAY GOAL 366 scorer=Zhao ZhaoReward=1 total=190:176 
(Filename: E:\unity\Runtime/Export/Debug/Debug.bindings.h Line: 39)

SELFPLAY GOAL 367 scorer=Fan ZhaoReward=-1 total=191:176 
(Filename: E:\unity\Runtime/Export/Debug/Debug.bindings.h Line: 39)

SELFPLAY GOAL 368 scorer=Zhao ZhaoReward=1 total=191:177 
(Filename: E:\unity\Runtime/Export/Debug/Debug.bindings.h Line: 39)

SELFPLAY GOAL 369 scorer=Fan ZhaoReward=-1 total=192:177 
(Filename: E:\unity\Runtime/Export/Debug/Debug.bindings.h Line: 39)

SELFPLAY GOAL 370 scorer=Fan ZhaoReward=-1 total=193:177 
(Filename: E:\unity\Runtime/Export/Debug/Debug.bindings.h Line: 39)

SELFPLAY GOAL 371 scorer=Zhao ZhaoReward=1 total=193:178 
(Filename: E:\unity\Runtime/Export/Debug/Debug.bindings.h Line: 39)

SELFPLAY MATCH 44 goals=9 total=371 score=5:4 
(Filename: E:\unity\Runtime/Export/Debug/Debug.bindings.h Line: 39)

Unloading 4 Unused Serialized files (Serialized files now loaded: 0)
UnloadTime: 0.654600 ms

Unloading 4 unused Assets to reduce memory usage. Loaded Objects now: 1061.
Total: 1.332800 ms (FindLiveObjects: 0.039900 ms CreateObjectMapping: 0.008600 ms MarkObjects: 0.390800 ms  DeleteObjects: 0.892900 ms)

SELFPLAY GOALMAP x=-6.13 isPlayer1Goal=True 
(Filename: E:\unity\Runtime/Export/Debug/Debug.bindings.h Line: 39)

SELFPLAY GOALMAP x=6.18 isPlayer1Goal=False 
(Filename: E:\unity\Runtime/Export/Debug/Debug.bindings.h Line: 39)

SELFPLAY GOAL 372 scorer=Fan ZhaoReward=-1 total=194:178 
(Filename: E:\unity\Runtime/Export/Debug/Debug.bindings.h Line: 39)

SELFPLAY GOAL 373 scorer=Zhao ZhaoReward=1 total=194:179 
(Filename: E:\unity\Runtime/Export/Debug/Debug.bindings.h Line: 39)

SELFPLAY GOAL 374 scorer=Fan ZhaoReward=-1 total=195:179 
(Filename: E:\unity\Runtime/Export/Debug/Debug.bindings.h Line: 39)

SELFPLAY GOAL 375 scorer=Zhao ZhaoReward=1 total=195:180 
(Filename: E:\unity\Runtime/Export/Debug/Debug.bindings.h Line: 39)

SELFPLAY GOAL 376 scorer=Zhao ZhaoReward=1 total=195:181 
(Filename: E:\unity\Runtime/Export/Debug/Debug.bindings.h Line: 39)

SELFPLAY GOAL 377 scorer=Zhao ZhaoReward=1 total=195:182 
(Filename: E:\unity\Runtime/Export/Debug/Debug.bindings.h Line: 39)

SELFPLAY GOAL 378 scorer=Fan ZhaoReward=-1 total=196:182 
(Filename: E:\unity\Runtime/Export/Debug/Debug.bindings.h Line: 39)

SELFPLAY GOAL 379 scorer=Zhao ZhaoReward=1 total=196:183 
(Filename: E:\unity\Runtime/Export/Debug/Debug.bindings.h Line: 39)

SELFPLAY GOAL 380 scorer=Fan ZhaoReward=-1 total=197:183 
(Filename: E:\unity\Runtime/Export/Debug/Debug.bindings.h Line: 39)

SELFPLAY GOAL 381 scorer=Zhao ZhaoReward=1 total=197:184 
(Filename: E:\unity\Runtime/Export/Debug/Debug.bindings.h Line: 39)

SELFPLAY GOAL 382 scorer=Zhao ZhaoReward=1 total=197:185 
(Filename: E:\unity\Runtime/Export/Debug/Debug.bindings.h Line: 39)

SELFPLAY MATCH 45 goals=11 total=382 score=4:7 
(Filename: E:\unity\Runtime/Export/Debug/Debug.bindings.h Line: 39)

Unloading 4 Unused Serialized files (Serialized files now loaded: 0)
UnloadTime: 0.750400 ms

Unloading 4 unused Assets to reduce memory usage. Loaded Objects now: 1061.
Total: 1.233900 ms (FindLiveObjects: 0.046200 ms CreateObjectMapping: 0.009700 ms MarkObjects: 0.293700 ms  DeleteObjects: 0.883500 ms)

SELFPLAY GOALMAP x=-6.13 isPlayer1Goal=True 
(Filename: E:\unity\Runtime/Export/Debug/Debug.bindings.h Line: 39)

SELFPLAY GOALMAP x=6.18 isPlayer1Goal=False 
(Filename: E:\unity\Runtime/Export/Debug/Debug.bindings.h Line: 39)

SELFPLAY GOAL 383 scorer=Zhao ZhaoReward=1 total=197:186 
(Filename: E:\unity\Runtime/Export/Debug/Debug.bindings.h Line: 39)

SELFPLAY GOAL 384 scorer=Zhao ZhaoReward=1 total=197:187 
(Filename: E:\unity\Runtime/Export/Debug/Debug.bindings.h Line: 39)

SELFPLAY GOAL 385 scorer=Fan ZhaoReward=-1 total=198:187 
(Filename: E:\unity\Runtime/Export/Debug/Debug.bindings.h Line: 39)

SELFPLAY GOAL 386 scorer=Zhao ZhaoReward=1 total=198:188 
(Filename: E:\unity\Runtime/Export/Debug/Debug.bindings.h Line: 39)

SELFPLAY GOAL 387 scorer=Fan ZhaoReward=-1 total=199:188 
(Filename: E:\unity\Runtime/Export/Debug/Debug.bindings.h Line: 39)

SELFPLAY GOAL 388 scorer=Zhao ZhaoReward=1 total=199:189 
(Filename: E:\unity\Runtime/Export/Debug/Debug.bindings.h Line: 39)

SELFPLAY GOAL 389 scorer=Fan ZhaoReward=-1 total=200:189 
(Filename: E:\unity\Runtime/Export/Debug/Debug.bindings.h Line: 39)

SELFPLAY GOAL 390 scorer=Fan ZhaoReward=-1 total=201:189 
(Filename: E:\unity\Runtime/Export/Debug/Debug.bindings.h Line: 39)

SELFPLAY GOAL 391 scorer=Fan ZhaoReward=-1 total=202:189 
(Filename: E:\unity\Runtime/Export/Debug/Debug.bindings.h Line: 39)

SELFPLAY MATCH 46 goals=9 total=391 score=5:4 
(Filename: E:\unity\Runtime/Export/Debug/Debug.bindings.h Line: 39)

Unloading 4 Unused Serialized files (Serialized files now loaded: 0)
UnloadTime: 0.690700 ms

Unloading 4 unused Assets to reduce memory usage. Loaded Objects now: 1061.
Total: 1.326700 ms (FindLiveObjects: 0.050800 ms CreateObjectMapping: 0.010700 ms MarkObjects: 0.296500 ms  DeleteObjects: 0.968100 ms)

SELFPLAY GOALMAP x=-6.13 isPlayer1Goal=True 
(Filename: E:\unity\Runtime/Export/Debug/Debug.bindings.h Line: 39)

SELFPLAY GOALMAP x=6.18 isPlayer1Goal=False 
(Filename: E:\unity\Runtime/Export/Debug/Debug.bindings.h Line: 39)

SELFPLAY GOAL 392 scorer=Fan ZhaoReward=-1 total=203:189 
(Filename: E:\unity\Runtime/Export/Debug/Debug.bindings.h Line: 39)

SELFPLAY GOAL 393 scorer=Zhao ZhaoReward=1 total=203:190 
(Filename: E:\unity\Runtime/Export/Debug/Debug.bindings.h Line: 39)

SELFPLAY GOAL 394 scorer=Fan ZhaoReward=-1 total=204:190 
(Filename: E:\unity\Runtime/Export/Debug/Debug.bindings.h Line: 39)

SELFPLAY GOAL 395 scorer=Fan ZhaoReward=-1 total=205:190 
(Filename: E:\unity\Runtime/Export/Debug/Debug.bindings.h Line: 39)

SELFPLAY GOAL 396 scorer=Fan ZhaoReward=-1 total=206:190 
(Filename: E:\unity\Runtime/Export/Debug/Debug.bindings.h Line: 39)

SELFPLAY GOAL 397 scorer=Zhao ZhaoReward=1 total=206:191 
(Filename: E:\unity\Runtime/Export/Debug/Debug.bindings.h Line: 39)

SELFPLAY GOAL 398 scorer=Zhao ZhaoReward=1 total=206:192 
(Filename: E:\unity\Runtime/Export/Debug/Debug.bindings.h Line: 39)

SELFPLAY MATCH 47 goals=7 total=398 score=4:3 
(Filename: E:\unity\Runtime/Export/Debug/Debug.bindings.h Line: 39)

Unloading 4 Unused Serialized files (Serialized files now loaded: 0)
UnloadTime: 0.707200 ms

Unloading 4 unused Assets to reduce memory usage. Loaded Objects now: 1061.
Total: 1.452900 ms (FindLiveObjects: 0.044400 ms CreateObjectMapping: 0.011000 ms MarkObjects: 0.365700 ms  DeleteObjects: 1.031100 ms)

SELFPLAY GOALMAP x=-6.13 isPlayer1Goal=True 
(Filename: E:\unity\Runtime/Export/Debug/Debug.bindings.h Line: 39)

SELFPLAY GOALMAP x=6.18 isPlayer1Goal=False 
(Filename: E:\unity\Runtime/Export/Debug/Debug.bindings.h Line: 39)

SELFPLAY GOAL 399 scorer=Fan ZhaoReward=-1 total=207:192 
(Filename: E:\unity\Runtime/Export/Debug/Debug.bindings.h Line: 39)

SELFPLAY GOAL 400 scorer=Fan ZhaoReward=-1 total=208:192 
(Filename: E:\unity\Runtime/Export/Debug/Debug.bindings.h Line: 39)

SELFPLAY GOAL 401 scorer=Fan ZhaoReward=-1 total=209:192 
(Filename: E:\unity\Runtime/Export/Debug/Debug.bindings.h Line: 39)

SELFPLAY GOAL 402 scorer=Zhao ZhaoReward=1 total=209:193 
(Filename: E:\unity\Runtime/Export/Debug/Debug.bindings.h Line: 39)

SELFPLAY GOAL 403 scorer=Fan ZhaoReward=-1 total=210:193 
(Filename: E:\unity\Runtime/Export/Debug/Debug.bindings.h Line: 39)

SELFPLAY GOAL 404 scorer=Fan ZhaoReward=-1 total=211:193 
(Filename: E:\unity\Runtime/Export/Debug/Debug.bindings.h Line: 39)

SELFPLAY GOAL 405 scorer=Fan ZhaoReward=-1 total=212:193 
(Filename: E:\unity\Runtime/Export/Debug/Debug.bindings.h Line: 39)

SELFPLAY GOAL 406 scorer=Fan ZhaoReward=-1 total=213:193 
(Filename: E:\unity\Runtime/Export/Debug/Debug.bindings.h Line: 39)

SELFPLAY GOAL 407 scorer=Zhao ZhaoReward=1 total=213:194 
(Filename: E:\unity\Runtime/Export/Debug/Debug.bindings.h Line: 39)

SELFPLAY MATCH 48 goals=9 total=407 score=7:2 
(Filename: E:\unity\Runtime/Export/Debug/Debug.bindings.h Line: 39)

Unloading 4 Unused Serialized files (Serialized files now loaded: 0)
UnloadTime: 0.610000 ms

Unloading 4 unused Assets to reduce memory usage. Loaded Objects now: 1061.
Total: 1.467400 ms (FindLiveObjects: 0.044000 ms CreateObjectMapping: 0.009300 ms MarkObjects: 0.322600 ms  DeleteObjects: 1.090900 ms)

SELFPLAY GOALMAP x=-6.13 isPlayer1Goal=True 
(Filename: E:\unity\Runtime/Export/Debug/Debug.bindings.h Line: 39)

SELFPLAY GOALMAP x=6.18 isPlayer1Goal=False 
(Filename: E:\unity\Runtime/Export/Debug/Debug.bindings.h Line: 39)

SELFPLAY GOAL 408 scorer=Fan ZhaoReward=-1 total=214:194 
(Filename: E:\unity\Runtime/Export/Debug/Debug.bindings.h Line: 39)

SELFPLAY PROGRESS goals=408/500 matches=49 score=214:194 real=195.8603 
(Filename: E:\unity\Runtime/Export/Debug/Debug.bindings.h Line: 39)

SELFPLAY MATCH 49 goals=1 total=408 score=1:0 
(Filename: E:\unity\Runtime/Export/Debug/Debug.bindings.h Line: 39)

Unloading 4 Unused Serialized files (Serialized files now loaded: 0)
UnloadTime: 0.362600 ms

Unloading 4 unused Assets to reduce memory usage. Loaded Objects now: 1061.
Total: 1.479800 ms (FindLiveObjects: 0.040500 ms CreateObjectMapping: 0.009100 ms MarkObjects: 0.310600 ms  DeleteObjects: 1.119000 ms)

SELFPLAY GOALMAP x=-6.13 isPlayer1Goal=True 
(Filename: E:\unity\Runtime/Export/Debug/Debug.bindings.h Line: 39)

SELFPLAY GOALMAP x=6.18 isPlayer1Goal=False 
(Filename: E:\unity\Runtime/Export/Debug/Debug.bindings.h Line: 39)

SELFPLAY GOAL 409 scorer=Fan ZhaoReward=-1 total=215:194 
(Filename: E:\unity\Runtime/Export/Debug/Debug.bindings.h Line: 39)

SELFPLAY GOAL 410 scorer=Zhao ZhaoReward=1 total=215:195 
(Filename: E:\unity\Runtime/Export/Debug/Debug.bindings.h Line: 39)

SELFPLAY GOAL 411 scorer=Zhao ZhaoReward=1 total=215:196 
(Filename: E:\unity\Runtime/Export/Debug/Debug.bindings.h Line: 39)

SELFPLAY GOAL 412 scorer=Zhao ZhaoReward=1 total=215:197 
(Filename: E:\unity\Runtime/Export/Debug/Debug.bindings.h Line: 39)

SELFPLAY GOAL 413 scorer=Fan ZhaoReward=-1 total=216:197 
(Filename: E:\unity\Runtime/Export/Debug/Debug.bindings.h Line: 39)

SELFPLAY GOAL 414 scorer=Fan ZhaoReward=-1 total=217:197 
(Filename: E:\unity\Runtime/Export/Debug/Debug.bindings.h Line: 39)

SELFPLAY GOAL 415 scorer=Zhao ZhaoReward=1 total=217:198 
(Filename: E:\unity\Runtime/Export/Debug/Debug.bindings.h Line: 39)

SELFPLAY GOAL 416 scorer=Zhao ZhaoReward=1 total=217:199 
(Filename: E:\unity\Runtime/Export/Debug/Debug.bindings.h Line: 39)

SELFPLAY GOAL 417 scorer=Zhao ZhaoReward=1 total=217:200 
(Filename: E:\unity\Runtime/Export/Debug/Debug.bindings.h Line: 39)

SELFPLAY MATCH 50 goals=9 total=417 score=3:6 
(Filename: E:\unity\Runtime/Export/Debug/Debug.bindings.h Line: 39)

Unloading 4 Unused Serialized files (Serialized files now loaded: 0)
UnloadTime: 0.928300 ms

Unloading 4 unused Assets to reduce memory usage. Loaded Objects now: 1061.
Total: 1.292700 ms (FindLiveObjects: 0.045300 ms CreateObjectMapping: 0.009700 ms MarkObjects: 0.308400 ms  DeleteObjects: 0.928900 ms)

SELFPLAY GOALMAP x=-6.13 isPlayer1Goal=True 
(Filename: E:\unity\Runtime/Export/Debug/Debug.bindings.h Line: 39)

SELFPLAY GOALMAP x=6.18 isPlayer1Goal=False 
(Filename: E:\unity\Runtime/Export/Debug/Debug.bindings.h Line: 39)

SELFPLAY GOAL 418 scorer=Fan ZhaoReward=-1 total=218:200 
(Filename: E:\unity\Runtime/Export/Debug/Debug.bindings.h Line: 39)

SELFPLAY GOAL 419 scorer=Zhao ZhaoReward=1 total=218:201 
(Filename: E:\unity\Runtime/Export/Debug/Debug.bindings.h Line: 39)

SELFPLAY GOAL 420 scorer=Fan ZhaoReward=-1 total=219:201 
(Filename: E:\unity\Runtime/Export/Debug/Debug.bindings.h Line: 39)

SELFPLAY GOAL 421 scorer=Fan ZhaoReward=-1 total=220:201 
(Filename: E:\unity\Runtime/Export/Debug/Debug.bindings.h Line: 39)

SELFPLAY GOAL 422 scorer=Fan ZhaoReward=-1 total=221:201 
(Filename: E:\unity\Runtime/Export/Debug/Debug.bindings.h Line: 39)

SELFPLAY GOAL 423 scorer=Fan ZhaoReward=-1 total=222:201 
(Filename: E:\unity\Runtime/Export/Debug/Debug.bindings.h Line: 39)

SELFPLAY GOAL 424 scorer=Zhao ZhaoReward=1 total=222:202 
(Filename: E:\unity\Runtime/Export/Debug/Debug.bindings.h Line: 39)

SELFPLAY GOAL 425 scorer=Zhao ZhaoReward=1 total=222:203 
(Filename: E:\unity\Runtime/Export/Debug/Debug.bindings.h Line: 39)

SELFPLAY GOAL 426 scorer=Fan ZhaoReward=-1 total=223:203 
(Filename: E:\unity\Runtime/Export/Debug/Debug.bindings.h Line: 39)

SELFPLAY MATCH 51 goals=9 total=426 score=6:3 
(Filename: E:\unity\Runtime/Export/Debug/Debug.bindings.h Line: 39)

Unloading 4 Unused Serialized files (Serialized files now loaded: 0)
UnloadTime: 0.735500 ms

Unloading 4 unused Assets to reduce memory usage. Loaded Objects now: 1061.
Total: 1.462600 ms (FindLiveObjects: 0.043300 ms CreateObjectMapping: 0.010400 ms MarkObjects: 0.305300 ms  DeleteObjects: 1.103000 ms)

SELFPLAY GOALMAP x=-6.13 isPlayer1Goal=True 
(Filename: E:\unity\Runtime/Export/Debug/Debug.bindings.h Line: 39)

SELFPLAY GOALMAP x=6.18 isPlayer1Goal=False 
(Filename: E:\unity\Runtime/Export/Debug/Debug.bindings.h Line: 39)

SELFPLAY GOAL 427 scorer=Fan ZhaoReward=-1 total=224:203 
(Filename: E:\unity\Runtime/Export/Debug/Debug.bindings.h Line: 39)

SELFPLAY GOAL 428 scorer=Zhao ZhaoReward=1 total=224:204 
(Filename: E:\unity\Runtime/Export/Debug/Debug.bindings.h Line: 39)

SELFPLAY GOAL 429 scorer=Fan ZhaoReward=-1 total=225:204 
(Filename: E:\unity\Runtime/Export/Debug/Debug.bindings.h Line: 39)

SELFPLAY GOAL 430 scorer=Zhao ZhaoReward=1 total=225:205 
(Filename: E:\unity\Runtime/Export/Debug/Debug.bindings.h Line: 39)

SELFPLAY GOAL 431 scorer=Zhao ZhaoReward=1 total=225:206 
(Filename: E:\unity\Runtime/Export/Debug/Debug.bindings.h Line: 39)

SELFPLAY GOAL 432 scorer=Zhao ZhaoReward=1 total=225:207 
(Filename: E:\unity\Runtime/Export/Debug/Debug.bindings.h Line: 39)

SELFPLAY GOAL 433 scorer=Zhao ZhaoReward=1 total=225:208 
(Filename: E:\unity\Runtime/Export/Debug/Debug.bindings.h Line: 39)

SELFPLAY GOAL 434 scorer=Fan ZhaoReward=-1 total=226:208 
(Filename: E:\unity\Runtime/Export/Debug/Debug.bindings.h Line: 39)

SELFPLAY GOAL 435 scorer=Fan ZhaoReward=-1 total=227:208 
(Filename: E:\unity\Runtime/Export/Debug/Debug.bindings.h Line: 39)

SELFPLAY MATCH 52 goals=9 total=435 score=4:5 
(Filename: E:\unity\Runtime/Export/Debug/Debug.bindings.h Line: 39)

Unloading 4 Unused Serialized files (Serialized files now loaded: 0)
UnloadTime: 0.460400 ms

Unloading 4 unused Assets to reduce memory usage. Loaded Objects now: 1061.
Total: 1.320900 ms (FindLiveObjects: 0.045400 ms CreateObjectMapping: 0.010800 ms MarkObjects: 0.310500 ms  DeleteObjects: 0.953600 ms)

SELFPLAY GOALMAP x=-6.13 isPlayer1Goal=True 
(Filename: E:\unity\Runtime/Export/Debug/Debug.bindings.h Line: 39)

SELFPLAY GOALMAP x=6.18 isPlayer1Goal=False 
(Filename: E:\unity\Runtime/Export/Debug/Debug.bindings.h Line: 39)

SELFPLAY GOAL 436 scorer=Fan ZhaoReward=-1 total=228:208 
(Filename: E:\unity\Runtime/Export/Debug/Debug.bindings.h Line: 39)

SELFPLAY GOAL 437 scorer=Zhao ZhaoReward=1 total=228:209 
(Filename: E:\unity\Runtime/Export/Debug/Debug.bindings.h Line: 39)

SELFPLAY GOAL 438 scorer=Fan ZhaoReward=-1 total=229:209 
(Filename: E:\unity\Runtime/Export/Debug/Debug.bindings.h Line: 39)

SELFPLAY GOAL 439 scorer=Zhao ZhaoReward=1 total=229:210 
(Filename: E:\unity\Runtime/Export/Debug/Debug.bindings.h Line: 39)

SELFPLAY GOAL 440 scorer=Zhao ZhaoReward=1 total=229:211 
(Filename: E:\unity\Runtime/Export/Debug/Debug.bindings.h Line: 39)

SELFPLAY GOAL 441 scorer=Fan ZhaoReward=-1 total=230:211 
(Filename: E:\unity\Runtime/Export/Debug/Debug.bindings.h Line: 39)

SELFPLAY MATCH 53 goals=6 total=441 score=3:3 
(Filename: E:\unity\Runtime/Export/Debug/Debug.bindings.h Line: 39)

Unloading 4 Unused Serialized files (Serialized files now loaded: 0)
UnloadTime: 0.759500 ms

Unloading 4 unused Assets to reduce memory usage. Loaded Objects now: 1061.
Total: 1.471200 ms (FindLiveObjects: 0.044000 ms CreateObjectMapping: 0.009500 ms MarkObjects: 0.329300 ms  DeleteObjects: 1.087900 ms)

SELFPLAY GOALMAP x=-6.13 isPlayer1Goal=True 
(Filename: E:\unity\Runtime/Export/Debug/Debug.bindings.h Line: 39)

SELFPLAY GOALMAP x=6.18 isPlayer1Goal=False 
(Filename: E:\unity\Runtime/Export/Debug/Debug.bindings.h Line: 39)

SELFPLAY GOAL 442 scorer=Fan ZhaoReward=-1 total=231:211 
(Filename: E:\unity\Runtime/Export/Debug/Debug.bindings.h Line: 39)

SELFPLAY GOAL 443 scorer=Fan ZhaoReward=-1 total=232:211 
(Filename: E:\unity\Runtime/Export/Debug/Debug.bindings.h Line: 39)

SELFPLAY GOAL 444 scorer=Zhao ZhaoReward=1 total=232:212 
(Filename: E:\unity\Runtime/Export/Debug/Debug.bindings.h Line: 39)

SELFPLAY GOAL 445 scorer=Zhao ZhaoReward=1 total=232:213 
(Filename: E:\unity\Runtime/Export/Debug/Debug.bindings.h Line: 39)

SELFPLAY GOAL 446 scorer=Zhao ZhaoReward=1 total=232:214 
(Filename: E:\unity\Runtime/Export/Debug/Debug.bindings.h Line: 39)

SELFPLAY GOAL 447 scorer=Fan ZhaoReward=-1 total=233:214 
(Filename: E:\unity\Runtime/Export/Debug/Debug.bindings.h Line: 39)

SELFPLAY MATCH 54 goals=6 total=447 score=3:3 
(Filename: E:\unity\Runtime/Export/Debug/Debug.bindings.h Line: 39)

Unloading 4 Unused Serialized files (Serialized files now loaded: 0)
UnloadTime: 0.995100 ms

Unloading 4 unused Assets to reduce memory usage. Loaded Objects now: 1061.
Total: 1.387500 ms (FindLiveObjects: 0.040500 ms CreateObjectMapping: 0.008900 ms MarkObjects: 0.390200 ms  DeleteObjects: 0.947400 ms)

SELFPLAY GOALMAP x=-6.13 isPlayer1Goal=True 
(Filename: E:\unity\Runtime/Export/Debug/Debug.bindings.h Line: 39)

SELFPLAY GOALMAP x=6.18 isPlayer1Goal=False 
(Filename: E:\unity\Runtime/Export/Debug/Debug.bindings.h Line: 39)

SELFPLAY GOAL 448 scorer=Fan ZhaoReward=-1 total=234:214 
(Filename: E:\unity\Runtime/Export/Debug/Debug.bindings.h Line: 39)

SELFPLAY GOAL 449 scorer=Zhao ZhaoReward=1 total=234:215 
(Filename: E:\unity\Runtime/Export/Debug/Debug.bindings.h Line: 39)

SELFPLAY GOAL 450 scorer=Fan ZhaoReward=-1 total=235:215 
(Filename: E:\unity\Runtime/Export/Debug/Debug.bindings.h Line: 39)

SELFPLAY GOAL 451 scorer=Fan ZhaoReward=-1 total=236:215 
(Filename: E:\unity\Runtime/Export/Debug/Debug.bindings.h Line: 39)

SELFPLAY GOAL 452 scorer=Zhao ZhaoReward=1 total=236:216 
(Filename: E:\unity\Runtime/Export/Debug/Debug.bindings.h Line: 39)

SELFPLAY GOAL 453 scorer=Zhao ZhaoReward=1 total=236:217 
(Filename: E:\unity\Runtime/Export/Debug/Debug.bindings.h Line: 39)

SELFPLAY GOAL 454 scorer=Fan ZhaoReward=-1 total=237:217 
(Filename: E:\unity\Runtime/Export/Debug/Debug.bindings.h Line: 39)

SELFPLAY GOAL 455 scorer=Zhao ZhaoReward=1 total=237:218 
(Filename: E:\unity\Runtime/Export/Debug/Debug.bindings.h Line: 39)

SELFPLAY MATCH 55 goals=8 total=455 score=4:4 
(Filename: E:\unity\Runtime/Export/Debug/Debug.bindings.h Line: 39)

Unloading 4 Unused Serialized files (Serialized files now loaded: 0)
UnloadTime: 0.576000 ms

Unloading 4 unused Assets to reduce memory usage. Loaded Objects now: 1061.
Total: 1.224600 ms (FindLiveObjects: 0.045600 ms CreateObjectMapping: 0.008400 ms MarkObjects: 0.282800 ms  DeleteObjects: 0.887400 ms)

SELFPLAY GOALMAP x=-6.13 isPlayer1Goal=True 
(Filename: E:\unity\Runtime/Export/Debug/Debug.bindings.h Line: 39)

SELFPLAY GOALMAP x=6.18 isPlayer1Goal=False 
(Filename: E:\unity\Runtime/Export/Debug/Debug.bindings.h Line: 39)

SELFPLAY GOAL 456 scorer=Zhao ZhaoReward=1 total=237:219 
(Filename: E:\unity\Runtime/Export/Debug/Debug.bindings.h Line: 39)

SELFPLAY GOAL 457 scorer=Zhao ZhaoReward=1 total=237:220 
(Filename: E:\unity\Runtime/Export/Debug/Debug.bindings.h Line: 39)

SELFPLAY GOAL 458 scorer=Zhao ZhaoReward=1 total=237:221 
(Filename: E:\unity\Runtime/Export/Debug/Debug.bindings.h Line: 39)

SELFPLAY GOAL 459 scorer=Fan ZhaoReward=-1 total=238:221 
(Filename: E:\unity\Runtime/Export/Debug/Debug.bindings.h Line: 39)

SELFPLAY GOAL 460 scorer=Zhao ZhaoReward=1 total=238:222 
(Filename: E:\unity\Runtime/Export/Debug/Debug.bindings.h Line: 39)

SELFPLAY GOAL 461 scorer=Fan ZhaoReward=-1 total=239:222 
(Filename: E:\unity\Runtime/Export/Debug/Debug.bindings.h Line: 39)

SELFPLAY GOAL 462 scorer=Fan ZhaoReward=-1 total=240:222 
(Filename: E:\unity\Runtime/Export/Debug/Debug.bindings.h Line: 39)

SELFPLAY GOAL 463 scorer=Fan ZhaoReward=-1 total=241:222 
(Filename: E:\unity\Runtime/Export/Debug/Debug.bindings.h Line: 39)

SELFPLAY GOAL 464 scorer=Fan ZhaoReward=-1 total=242:222 
(Filename: E:\unity\Runtime/Export/Debug/Debug.bindings.h Line: 39)

SELFPLAY GOAL 465 scorer=Fan ZhaoReward=-1 total=243:222 
(Filename: E:\unity\Runtime/Export/Debug/Debug.bindings.h Line: 39)

SELFPLAY GOAL 466 scorer=Zhao ZhaoReward=1 total=243:223 
(Filename: E:\unity\Runtime/Export/Debug/Debug.bindings.h Line: 39)

SELFPLAY GOAL 467 scorer=Fan ZhaoReward=-1 total=244:223 
(Filename: E:\unity\Runtime/Export/Debug/Debug.bindings.h Line: 39)

SELFPLAY GOAL 468 scorer=Zhao ZhaoReward=1 total=244:224 
(Filename: E:\unity\Runtime/Export/Debug/Debug.bindings.h Line: 39)

SELFPLAY MATCH 56 goals=13 total=468 score=7:6 
(Filename: E:\unity\Runtime/Export/Debug/Debug.bindings.h Line: 39)

Unloading 4 Unused Serialized files (Serialized files now loaded: 0)
UnloadTime: 0.622200 ms

Unloading 4 unused Assets to reduce memory usage. Loaded Objects now: 1061.
Total: 1.098100 ms (FindLiveObjects: 0.040300 ms CreateObjectMapping: 0.010400 ms MarkObjects: 0.271200 ms  DeleteObjects: 0.775900 ms)

SELFPLAY GOALMAP x=-6.13 isPlayer1Goal=True 
(Filename: E:\unity\Runtime/Export/Debug/Debug.bindings.h Line: 39)

SELFPLAY GOALMAP x=6.18 isPlayer1Goal=False 
(Filename: E:\unity\Runtime/Export/Debug/Debug.bindings.h Line: 39)

SELFPLAY PROGRESS goals=468/500 matches=57 score=244:224 real=225.8606 
(Filename: E:\unity\Runtime/Export/Debug/Debug.bindings.h Line: 39)

SELFPLAY GOAL 469 scorer=Zhao ZhaoReward=1 total=244:225 
(Filename: E:\unity\Runtime/Export/Debug/Debug.bindings.h Line: 39)

SELFPLAY GOAL 470 scorer=Zhao ZhaoReward=1 total=244:226 
(Filename: E:\unity\Runtime/Export/Debug/Debug.bindings.h Line: 39)

SELFPLAY GOAL 471 scorer=Zhao ZhaoReward=1 total=244:227 
(Filename: E:\unity\Runtime/Export/Debug/Debug.bindings.h Line: 39)

SELFPLAY GOAL 472 scorer=Zhao ZhaoReward=1 total=244:228 
(Filename: E:\unity\Runtime/Export/Debug/Debug.bindings.h Line: 39)

SELFPLAY GOAL 473 scorer=Zhao ZhaoReward=1 total=244:229 
(Filename: E:\unity\Runtime/Export/Debug/Debug.bindings.h Line: 39)

SELFPLAY GOAL 474 scorer=Zhao ZhaoReward=1 total=244:230 
(Filename: E:\unity\Runtime/Export/Debug/Debug.bindings.h Line: 39)

SELFPLAY GOAL 475 scorer=Zhao ZhaoReward=1 total=244:231 
(Filename: E:\unity\Runtime/Export/Debug/Debug.bindings.h Line: 39)

SELFPLAY MATCH 57 goals=7 total=475 score=0:7 
(Filename: E:\unity\Runtime/Export/Debug/Debug.bindings.h Line: 39)

Unloading 4 Unused Serialized files (Serialized files now loaded: 0)
UnloadTime: 0.550700 ms

Unloading 4 unused Assets to reduce memory usage. Loaded Objects now: 1061.
Total: 1.207200 ms (FindLiveObjects: 0.035300 ms CreateObjectMapping: 0.008500 ms MarkObjects: 0.348600 ms  DeleteObjects: 0.814500 ms)

SELFPLAY GOALMAP x=-6.13 isPlayer1Goal=True 
(Filename: E:\unity\Runtime/Export/Debug/Debug.bindings.h Line: 39)

SELFPLAY GOALMAP x=6.18 isPlayer1Goal=False 
(Filename: E:\unity\Runtime/Export/Debug/Debug.bindings.h Line: 39)

SELFPLAY GOAL 476 scorer=Zhao ZhaoReward=1 total=244:232 
(Filename: E:\unity\Runtime/Export/Debug/Debug.bindings.h Line: 39)

SELFPLAY GOAL 477 scorer=Zhao ZhaoReward=1 total=244:233 
(Filename: E:\unity\Runtime/Export/Debug/Debug.bindings.h Line: 39)

SELFPLAY GOAL 478 scorer=Fan ZhaoReward=-1 total=245:233 
(Filename: E:\unity\Runtime/Export/Debug/Debug.bindings.h Line: 39)

SELFPLAY GOAL 479 scorer=Zhao ZhaoReward=1 total=245:234 
(Filename: E:\unity\Runtime/Export/Debug/Debug.bindings.h Line: 39)

SELFPLAY GOAL 480 scorer=Zhao ZhaoReward=1 total=245:235 
(Filename: E:\unity\Runtime/Export/Debug/Debug.bindings.h Line: 39)

SELFPLAY GOAL 481 scorer=Zhao ZhaoReward=1 total=245:236 
(Filename: E:\unity\Runtime/Export/Debug/Debug.bindings.h Line: 39)

SELFPLAY GOAL 482 scorer=Fan ZhaoReward=-1 total=246:236 
(Filename: E:\unity\Runtime/Export/Debug/Debug.bindings.h Line: 39)

SELFPLAY GOAL 483 scorer=Fan ZhaoReward=-1 total=247:236 
(Filename: E:\unity\Runtime/Export/Debug/Debug.bindings.h Line: 39)

SELFPLAY MATCH 58 goals=8 total=483 score=3:5 
(Filename: E:\unity\Runtime/Export/Debug/Debug.bindings.h Line: 39)

Unloading 4 Unused Serialized files (Serialized files now loaded: 0)
UnloadTime: 0.335500 ms

Unloading 4 unused Assets to reduce memory usage. Loaded Objects now: 1061.
Total: 1.480400 ms (FindLiveObjects: 0.032100 ms CreateObjectMapping: 0.008200 ms MarkObjects: 0.349600 ms  DeleteObjects: 1.090100 ms)

SELFPLAY GOALMAP x=-6.13 isPlayer1Goal=True 
(Filename: E:\unity\Runtime/Export/Debug/Debug.bindings.h Line: 39)

SELFPLAY GOALMAP x=6.18 isPlayer1Goal=False 
(Filename: E:\unity\Runtime/Export/Debug/Debug.bindings.h Line: 39)

SELFPLAY GOAL 484 scorer=Zhao ZhaoReward=1 total=247:237 
(Filename: E:\unity\Runtime/Export/Debug/Debug.bindings.h Line: 39)

SELFPLAY GOAL 485 scorer=Fan ZhaoReward=-1 total=248:237 
(Filename: E:\unity\Runtime/Export/Debug/Debug.bindings.h Line: 39)

SELFPLAY GOAL 486 scorer=Fan ZhaoReward=-1 total=249:237 
(Filename: E:\unity\Runtime/Export/Debug/Debug.bindings.h Line: 39)

SELFPLAY GOAL 487 scorer=Zhao ZhaoReward=1 total=249:238 
(Filename: E:\unity\Runtime/Export/Debug/Debug.bindings.h Line: 39)

SELFPLAY GOAL 488 scorer=Zhao ZhaoReward=1 total=249:239 
(Filename: E:\unity\Runtime/Export/Debug/Debug.bindings.h Line: 39)

SELFPLAY GOAL 489 scorer=Fan ZhaoReward=-1 total=250:239 
(Filename: E:\unity\Runtime/Export/Debug/Debug.bindings.h Line: 39)

SELFPLAY GOAL 490 scorer=Zhao ZhaoReward=1 total=250:240 
(Filename: E:\unity\Runtime/Export/Debug/Debug.bindings.h Line: 39)

SELFPLAY GOAL 491 scorer=Zhao ZhaoReward=1 total=250:241 
(Filename: E:\unity\Runtime/Export/Debug/Debug.bindings.h Line: 39)

SELFPLAY MATCH 59 goals=8 total=491 score=3:5 
(Filename: E:\unity\Runtime/Export/Debug/Debug.bindings.h Line: 39)

Unloading 4 Unused Serialized files (Serialized files now loaded: 0)
UnloadTime: 0.404200 ms

Unloading 4 unused Assets to reduce memory usage. Loaded Objects now: 1061.
Total: 1.334200 ms (FindLiveObjects: 0.031600 ms CreateObjectMapping: 0.008500 ms MarkObjects: 0.309800 ms  DeleteObjects: 0.984000 ms)

SELFPLAY GOALMAP x=-6.13 isPlayer1Goal=True 
(Filename: E:\unity\Runtime/Export/Debug/Debug.bindings.h Line: 39)

SELFPLAY GOALMAP x=6.18 isPlayer1Goal=False 
(Filename: E:\unity\Runtime/Export/Debug/Debug.bindings.h Line: 39)

SELFPLAY GOAL 492 scorer=Fan ZhaoReward=-1 total=251:241 
(Filename: E:\unity\Runtime/Export/Debug/Debug.bindings.h Line: 39)

SELFPLAY GOAL 493 scorer=Fan ZhaoReward=-1 total=252:241 
(Filename: E:\unity\Runtime/Export/Debug/Debug.bindings.h Line: 39)

SELFPLAY GOAL 494 scorer=Zhao ZhaoReward=1 total=252:242 
(Filename: E:\unity\Runtime/Export/Debug/Debug.bindings.h Line: 39)

SELFPLAY GOAL 495 scorer=Zhao ZhaoReward=1 total=252:243 
(Filename: E:\unity\Runtime/Export/Debug/Debug.bindings.h Line: 39)

SELFPLAY GOAL 496 scorer=Zhao ZhaoReward=1 total=252:244 
(Filename: E:\unity\Runtime/Export/Debug/Debug.bindings.h Line: 39)

SELFPLAY GOAL 497 scorer=Zhao ZhaoReward=1 total=252:245 
(Filename: E:\unity\Runtime/Export/Debug/Debug.bindings.h Line: 39)

SELFPLAY GOAL 498 scorer=Zhao ZhaoReward=1 total=252:246 
(Filename: E:\unity\Runtime/Export/Debug/Debug.bindings.h Line: 39)

SELFPLAY MATCH 60 goals=7 total=498 score=2:5 
(Filename: E:\unity\Runtime/Export/Debug/Debug.bindings.h Line: 39)

Unloading 4 Unused Serialized files (Serialized files now loaded: 0)
UnloadTime: 0.595900 ms

Unloading 4 unused Assets to reduce memory usage. Loaded Objects now: 1061.
Total: 1.461500 ms (FindLiveObjects: 0.044800 ms CreateObjectMapping: 0.010200 ms MarkObjects: 0.378800 ms  DeleteObjects: 1.027200 ms)

SELFPLAY GOALMAP x=-6.13 isPlayer1Goal=True 
(Filename: E:\unity\Runtime/Export/Debug/Debug.bindings.h Line: 39)

SELFPLAY GOALMAP x=6.18 isPlayer1Goal=False 
(Filename: E:\unity\Runtime/Export/Debug/Debug.bindings.h Line: 39)

SELFPLAY GOAL 499 scorer=Zhao ZhaoReward=1 total=252:247 
(Filename: E:\unity\Runtime/Export/Debug/Debug.bindings.h Line: 39)

SELFPLAY GOAL 500 scorer=Fan ZhaoReward=-1 total=253:247 
(Filename: E:\unity\Runtime/Export/Debug/Debug.bindings.h Line: 39)

SELFPLAY MATCH 61 goals=2 total=500 score=1:1 
(Filename: E:\unity\Runtime/Export/Debug/Debug.bindings.h Line: 39)

SELFPLAY COMPLETE goals=500 fan=253 zhao=247 matches=61 failures=0 
(Filename: E:\unity\Runtime/Export/Debug/Debug.bindings.h Line: 39)

Setting up 12 worker threads for Enlighten.
  Thread -> id: 967c -> priority: 1 
  Thread -> id: 691c -> priority: 1 
  Thread -> id: 8c98 -> priority: 1 
  Thread -> id: 6bf0 -> priority: 1 
  Thread -> id: 889c -> priority: 1 
  Thread -> id: 7224 -> priority: 1 
  Thread -> id: 1c38 -> priority: 1 
  Thread -> id: 4990 -> priority: 1 
  Thread -> id: 246c -> priority: 1 
  Thread -> id: 4180 -> priority: 1 
  Thread -> id: 8288 -> priority: 1 
  Thread -> id: 481c -> priority: 1 

Mono path[0] = 'C:/Users/Alienware/Documents/范志毅VS赵鹏/范志毅VS赵鹏 PC双人版（32位）/鑼冨織姣匳S璧甸箯 PC鍙屼汉鐗堬紙32浣嶏級/AI Mod Source/build/fan-strategy-selfplay-experiment-baseline-worker-2/FanZhiYi_Data/Managed'
Mono config path = 'C:/Users/Alienware/Documents/范志毅VS赵鹏/范志毅VS赵鹏 PC双人版（32位）/鑼冨織姣匳S璧甸箯 PC鍙屼汉鐗堬紙32浣嶏級/AI Mod Source/build/fan-strategy-selfplay-experiment-baseline-worker-2/MonoBleedingEdge/etc'
AS: AutoStreaming module initializing.Initialize engine version: 2019.4.33f1c1 (c2f94a8bebb3)
[Subsystems] Discovering subsystems at path C:/Users/Alienware/Documents/范志毅VS赵鹏/范志毅VS赵鹏 PC双人版（32位）/鑼冨織姣匳S璧甸箯 PC鍙屼汉鐗堬紙32浣嶏級/AI Mod Source/build/fan-strategy-selfplay-experiment-baseline-worker-2/FanZhiYi_Data/UnitySubsystems
Forcing GfxDevice: Null
GfxDevice: creating device client; threaded=0
NullGfxDevice:
    Version:  NULL 1.0 [1.0]
    Renderer: Null Device
    Vendor:   Unity Technologies
Begin MonoManager ReloadAssembly
- Completed reload, in  0.132 seconds
Microsoft Media Foundation video decoding to texture disabled: graphics device is Null, only Direct3D 11 and Direct3D 12 (only on desktop) are supported for hardware-accelerated video decoding.
UnloadTime: 0.669000 ms
Unloading 5 Unused Serialized files (Serialized files now loaded: 0)
UnloadTime: 0.156900 ms

Unloading 145 unused Assets to reduce memory usage. Loaded Objects now: 1003.
Total: 0.510100 ms (FindLiveObjects: 0.041200 ms CreateObjectMapping: 0.010100 ms MarkObjects: 0.234700 ms  DeleteObjects: 0.223400 ms)

SELFPLAY GOALMAP x=-6.13 isPlayer1Goal=True 
(Filename: E:\unity\Runtime/Export/Debug/Debug.bindings.h Line: 39)

SELFPLAY GOALMAP x=6.18 isPlayer1Goal=False 
(Filename: E:\unity\Runtime/Export/Debug/Debug.bindings.h Line: 39)

SELFPLAY GOAL 101 scorer=Fan ZhaoReward=-1 total=53:48 
(Filename: E:\unity\Runtime/Export/Debug/Debug.bindings.h Line: 39)

SELFPLAY GOAL 102 scorer=Fan ZhaoReward=-1 total=54:48 
(Filename: E:\unity\Runtime/Export/Debug/Debug.bindings.h Line: 39)

SELFPLAY GOAL 103 scorer=Zhao ZhaoReward=1 total=54:49 
(Filename: E:\unity\Runtime/Export/Debug/Debug.bindings.h Line: 39)

SELFPLAY GOAL 104 scorer=Zhao ZhaoReward=1 total=54:50 
(Filename: E:\unity\Runtime/Export/Debug/Debug.bindings.h Line: 39)

SELFPLAY GOAL 105 scorer=Zhao ZhaoReward=1 total=54:51 
(Filename: E:\unity\Runtime/Export/Debug/Debug.bindings.h Line: 39)

SELFPLAY GOAL 106 scorer=Fan ZhaoReward=-1 total=55:51 
(Filename: E:\unity\Runtime/Export/Debug/Debug.bindings.h Line: 39)

SELFPLAY GOAL 107 scorer=Zhao ZhaoReward=1 total=55:52 
(Filename: E:\unity\Runtime/Export/Debug/Debug.bindings.h Line: 39)

SELFPLAY GOAL 108 scorer=Fan ZhaoReward=-1 total=56:52 
(Filename: E:\unity\Runtime/Export/Debug/Debug.bindings.h Line: 39)

SELFPLAY MATCH 13 goals=8 total=108 score=4:4 
(Filename: E:\unity\Runtime/Export/Debug/Debug.bindings.h Line: 39)

Unloading 4 Unused Serialized files (Serialized files now loaded: 0)
UnloadTime: 1.113100 ms

Unloading 37 unused Assets to reduce memory usage. Loaded Objects now: 1061.
Total: 1.299200 ms (FindLiveObjects: 0.043700 ms CreateObjectMapping: 0.009300 ms MarkObjects: 0.245000 ms  DeleteObjects: 1.000600 ms)

SELFPLAY GOALMAP x=-6.13 isPlayer1Goal=True 
(Filename: E:\unity\Runtime/Export/Debug/Debug.bindings.h Line: 39)

SELFPLAY GOALMAP x=6.18 isPlayer1Goal=False 
(Filename: E:\unity\Runtime/Export/Debug/Debug.bindings.h Line: 39)

SELFPLAY GOAL 109 scorer=Fan ZhaoReward=-1 total=57:52 
(Filename: E:\unity\Runtime/Export/Debug/Debug.bindings.h Line: 39)

SELFPLAY GOAL 110 scorer=Fan ZhaoReward=-1 total=58:52 
(Filename: E:\unity\Runtime/Export/Debug/Debug.bindings.h Line: 39)

SELFPLAY GOAL 111 scorer=Fan ZhaoReward=-1 total=59:52 
(Filename: E:\unity\Runtime/Export/Debug/Debug.bindings.h Line: 39)

SELFPLAY GOAL 112 scorer=Fan ZhaoReward=-1 total=60:52 
(Filename: E:\unity\Runtime/Export/Debug/Debug.bindings.h Line: 39)

SELFPLAY GOAL 113 scorer=Zhao ZhaoReward=1 total=60:53 
(Filename: E:\unity\Runtime/Export/Debug/Debug.bindings.h Line: 39)

SELFPLAY MATCH 14 goals=5 total=113 score=4:1 
(Filename: E:\unity\Runtime/Export/Debug/Debug.bindings.h Line: 39)

Unloading 4 Unused Serialized files (Serialized files now loaded: 0)
UnloadTime: 0.699600 ms

Unloading 4 unused Assets to reduce memory usage. Loaded Objects now: 1061.
Total: 1.228700 ms (FindLiveObjects: 0.045100 ms CreateObjectMapping: 0.010700 ms MarkObjects: 0.311800 ms  DeleteObjects: 0.860500 ms)

SELFPLAY GOALMAP x=-6.13 isPlayer1Goal=True 
(Filename: E:\unity\Runtime/Export/Debug/Debug.bindings.h Line: 39)

SELFPLAY GOALMAP x=6.18 isPlayer1Goal=False 
(Filename: E:\unity\Runtime/Export/Debug/Debug.bindings.h Line: 39)

SELFPLAY GOAL 114 scorer=Fan ZhaoReward=-1 total=61:53 
(Filename: E:\unity\Runtime/Export/Debug/Debug.bindings.h Line: 39)

SELFPLAY GOAL 115 scorer=Zhao ZhaoReward=1 total=61:54 
(Filename: E:\unity\Runtime/Export/Debug/Debug.bindings.h Line: 39)

SELFPLAY GOAL 116 scorer=Zhao ZhaoReward=1 total=61:55 
(Filename: E:\unity\Runtime/Export/Debug/Debug.bindings.h Line: 39)

SELFPLAY GOAL 117 scorer=Fan ZhaoReward=-1 total=62:55 
(Filename: E:\unity\Runtime/Export/Debug/Debug.bindings.h Line: 39)

SELFPLAY GOAL 118 scorer=Fan ZhaoReward=-1 total=63:55 
(Filename: E:\unity\Runtime/Export/Debug/Debug.bindings.h Line: 39)

SELFPLAY GOAL 119 scorer=Fan ZhaoReward=-1 total=64:55 
(Filename: E:\unity\Runtime/Export/Debug/Debug.bindings.h Line: 39)

SELFPLAY GOAL 120 scorer=Zhao ZhaoReward=1 total=64:56 
(Filename: E:\unity\Runtime/Export/Debug/Debug.bindings.h Line: 39)

SELFPLAY GOAL 121 scorer=Zhao ZhaoReward=1 total=64:57 
(Filename: E:\unity\Runtime/Export/Debug/Debug.bindings.h Line: 39)

SELFPLAY MATCH 15 goals=8 total=121 score=4:4 
(Filename: E:\unity\Runtime/Export/Debug/Debug.bindings.h Line: 39)

Unloading 4 Unused Serialized files (Serialized files now loaded: 0)
UnloadTime: 0.660800 ms

Unloading 4 unused Assets to reduce memory usage. Loaded Objects now: 1061.
Total: 1.415100 ms (FindLiveObjects: 0.041400 ms CreateObjectMapping: 0.010800 ms MarkObjects: 0.309900 ms  DeleteObjects: 1.052700 ms)

SELFPLAY GOALMAP x=-6.13 isPlayer1Goal=True 
(Filename: E:\unity\Runtime/Export/Debug/Debug.bindings.h Line: 39)

SELFPLAY GOALMAP x=6.18 isPlayer1Goal=False 
(Filename: E:\unity\Runtime/Export/Debug/Debug.bindings.h Line: 39)

SELFPLAY GOAL 122 scorer=Zhao ZhaoReward=1 total=64:58 
(Filename: E:\unity\Runtime/Export/Debug/Debug.bindings.h Line: 39)

SELFPLAY GOAL 123 scorer=Zhao ZhaoReward=1 total=64:59 
(Filename: E:\unity\Runtime/Export/Debug/Debug.bindings.h Line: 39)

SELFPLAY GOAL 124 scorer=Fan ZhaoReward=-1 total=65:59 
(Filename: E:\unity\Runtime/Export/Debug/Debug.bindings.h Line: 39)

SELFPLAY GOAL 125 scorer=Zhao ZhaoReward=1 total=65:60 
(Filename: E:\unity\Runtime/Export/Debug/Debug.bindings.h Line: 39)

SELFPLAY GOAL 126 scorer=Fan ZhaoReward=-1 total=66:60 
(Filename: E:\unity\Runtime/Export/Debug/Debug.bindings.h Line: 39)

SELFPLAY GOAL 127 scorer=Fan ZhaoReward=-1 total=67:60 
(Filename: E:\unity\Runtime/Export/Debug/Debug.bindings.h Line: 39)

SELFPLAY GOAL 128 scorer=Zhao ZhaoReward=1 total=67:61 
(Filename: E:\unity\Runtime/Export/Debug/Debug.bindings.h Line: 39)

SELFPLAY GOAL 129 scorer=Zhao ZhaoReward=1 total=67:62 
(Filename: E:\unity\Runtime/Export/Debug/Debug.bindings.h Line: 39)

SELFPLAY GOAL 130 scorer=Zhao ZhaoReward=1 total=67:63 
(Filename: E:\unity\Runtime/Export/Debug/Debug.bindings.h Line: 39)

SELFPLAY GOAL 131 scorer=Fan ZhaoReward=-1 total=68:63 
(Filename: E:\unity\Runtime/Export/Debug/Debug.bindings.h Line: 39)

SELFPLAY MATCH 16 goals=10 total=131 score=4:6 
(Filename: E:\unity\Runtime/Export/Debug/Debug.bindings.h Line: 39)

Unloading 4 Unused Serialized files (Serialized files now loaded: 0)
UnloadTime: 0.876800 ms

Unloading 4 unused Assets to reduce memory usage. Loaded Objects now: 1061.
Total: 1.178600 ms (FindLiveObjects: 0.041200 ms CreateObjectMapping: 0.008900 ms MarkObjects: 0.244100 ms  DeleteObjects: 0.884000 ms)

SELFPLAY GOALMAP x=-6.13 isPlayer1Goal=True 
(Filename: E:\unity\Runtime/Export/Debug/Debug.bindings.h Line: 39)

SELFPLAY GOALMAP x=6.18 isPlayer1Goal=False 
(Filename: E:\unity\Runtime/Export/Debug/Debug.bindings.h Line: 39)

SELFPLAY GOAL 132 scorer=Fan ZhaoReward=-1 total=69:63 
(Filename: E:\unity\Runtime/Export/Debug/Debug.bindings.h Line: 39)

SELFPLAY GOAL 133 scorer=Zhao ZhaoReward=1 total=69:64 
(Filename: E:\unity\Runtime/Export/Debug/Debug.bindings.h Line: 39)

SELFPLAY GOAL 134 scorer=Fan ZhaoReward=-1 total=70:64 
(Filename: E:\unity\Runtime/Export/Debug/Debug.bindings.h Line: 39)

SELFPLAY GOAL 135 scorer=Fan ZhaoReward=-1 total=71:64 
(Filename: E:\unity\Runtime/Export/Debug/Debug.bindings.h Line: 39)

SELFPLAY GOAL 136 scorer=Zhao ZhaoReward=1 total=71:65 
(Filename: E:\unity\Runtime/Export/Debug/Debug.bindings.h Line: 39)

SELFPLAY GOAL 137 scorer=Zhao ZhaoReward=1 total=71:66 
(Filename: E:\unity\Runtime/Export/Debug/Debug.bindings.h Line: 39)

SELFPLAY MATCH 17 goals=6 total=137 score=3:3 
(Filename: E:\unity\Runtime/Export/Debug/Debug.bindings.h Line: 39)

Unloading 4 Unused Serialized files (Serialized files now loaded: 0)
UnloadTime: 0.659300 ms

Unloading 4 unused Assets to reduce memory usage. Loaded Objects now: 1061.
Total: 1.152500 ms (FindLiveObjects: 0.040100 ms CreateObjectMapping: 0.013000 ms MarkObjects: 0.259300 ms  DeleteObjects: 0.839600 ms)

SELFPLAY GOALMAP x=-6.13 isPlayer1Goal=True 
(Filename: E:\unity\Runtime/Export/Debug/Debug.bindings.h Line: 39)

SELFPLAY GOALMAP x=6.18 isPlayer1Goal=False 
(Filename: E:\unity\Runtime/Export/Debug/Debug.bindings.h Line: 39)

SELFPLAY GOAL 138 scorer=Zhao ZhaoReward=1 total=71:67 
(Filename: E:\unity\Runtime/Export/Debug/Debug.bindings.h Line: 39)

SELFPLAY GOAL 139 scorer=Fan ZhaoReward=-1 total=72:67 
(Filename: E:\unity\Runtime/Export/Debug/Debug.bindings.h Line: 39)

SELFPLAY GOAL 140 scorer=Fan ZhaoReward=-1 total=73:67 
(Filename: E:\unity\Runtime/Export/Debug/Debug.bindings.h Line: 39)

SELFPLAY GOAL 141 scorer=Zhao ZhaoReward=1 total=73:68 
(Filename: E:\unity\Runtime/Export/Debug/Debug.bindings.h Line: 39)

SELFPLAY GOAL 142 scorer=Fan ZhaoReward=-1 total=74:68 
(Filename: E:\unity\Runtime/Export/Debug/Debug.bindings.h Line: 39)

SELFPLAY GOAL 143 scorer=Zhao ZhaoReward=1 total=74:69 
(Filename: E:\unity\Runtime/Export/Debug/Debug.bindings.h Line: 39)

SELFPLAY GOAL 144 scorer=Fan ZhaoReward=-1 total=75:69 
(Filename: E:\unity\Runtime/Export/Debug/Debug.bindings.h Line: 39)

SELFPLAY GOAL 145 scorer=Zhao ZhaoReward=1 total=75:70 
(Filename: E:\unity\Runtime/Export/Debug/Debug.bindings.h Line: 39)

SELFPLAY GOAL 146 scorer=Fan ZhaoReward=-1 total=76:70 
(Filename: E:\unity\Runtime/Export/Debug/Debug.bindings.h Line: 39)

SELFPLAY GOAL 147 scorer=Zhao ZhaoReward=1 total=76:71 
(Filename: E:\unity\Runtime/Export/Debug/Debug.bindings.h Line: 39)

SELFPLAY GOAL 148 scorer=Fan ZhaoReward=-1 total=77:71 
(Filename: E:\unity\Runtime/Export/Debug/Debug.bindings.h Line: 39)

SELFPLAY MATCH 18 goals=11 total=148 score=6:5 
(Filename: E:\unity\Runtime/Export/Debug/Debug.bindings.h Line: 39)

Unloading 4 Unused Serialized files (Serialized files now loaded: 0)
UnloadTime: 0.634300 ms

Unloading 4 unused Assets to reduce memory usage. Loaded Objects now: 1061.
Total: 1.242500 ms (FindLiveObjects: 0.043400 ms CreateObjectMapping: 0.011000 ms MarkObjects: 0.263200 ms  DeleteObjects: 0.924400 ms)

SELFPLAY GOALMAP x=-6.13 isPlayer1Goal=True 
(Filename: E:\unity\Runtime/Export/Debug/Debug.bindings.h Line: 39)

SELFPLAY GOALMAP x=6.18 isPlayer1Goal=False 
(Filename: E:\unity\Runtime/Export/Debug/Debug.bindings.h Line: 39)

SELFPLAY GOAL 149 scorer=Zhao ZhaoReward=1 total=77:72 
(Filename: E:\unity\Runtime/Export/Debug/Debug.bindings.h Line: 39)

SELFPLAY GOAL 150 scorer=Fan ZhaoReward=-1 total=78:72 
(Filename: E:\unity\Runtime/Export/Debug/Debug.bindings.h Line: 39)

SELFPLAY GOAL 151 scorer=Zhao ZhaoReward=1 total=78:73 
(Filename: E:\unity\Runtime/Export/Debug/Debug.bindings.h Line: 39)

SELFPLAY GOAL 152 scorer=Zhao ZhaoReward=1 total=78:74 
(Filename: E:\unity\Runtime/Export/Debug/Debug.bindings.h Line: 39)

SELFPLAY GOAL 153 scorer=Zhao ZhaoReward=1 total=78:75 
(Filename: E:\unity\Runtime/Export/Debug/Debug.bindings.h Line: 39)

SELFPLAY GOAL 154 scorer=Fan ZhaoReward=-1 total=79:75 
(Filename: E:\unity\Runtime/Export/Debug/Debug.bindings.h Line: 39)

SELFPLAY GOAL 155 scorer=Zhao ZhaoReward=1 total=79:76 
(Filename: E:\unity\Runtime/Export/Debug/Debug.bindings.h Line: 39)

SELFPLAY GOAL 156 scorer=Fan ZhaoReward=-1 total=80:76 
(Filename: E:\unity\Runtime/Export/Debug/Debug.bindings.h Line: 39)

SELFPLAY MATCH 19 goals=8 total=156 score=3:5 
(Filename: E:\unity\Runtime/Export/Debug/Debug.bindings.h Line: 39)

Unloading 4 Unused Serialized files (Serialized files now loaded: 0)
UnloadTime: 0.661400 ms

Unloading 4 unused Assets to reduce memory usage. Loaded Objects now: 1061.
Total: 1.244500 ms (FindLiveObjects: 0.042900 ms CreateObjectMapping: 0.009500 ms MarkObjects: 0.320900 ms  DeleteObjects: 0.870700 ms)

SELFPLAY GOALMAP x=-6.13 isPlayer1Goal=True 
(Filename: E:\unity\Runtime/Export/Debug/Debug.bindings.h Line: 39)

SELFPLAY GOALMAP x=6.18 isPlayer1Goal=False 
(Filename: E:\unity\Runtime/Export/Debug/Debug.bindings.h Line: 39)

SELFPLAY GOAL 157 scorer=Zhao ZhaoReward=1 total=80:77 
(Filename: E:\unity\Runtime/Export/Debug/Debug.bindings.h Line: 39)

SELFPLAY PROGRESS goals=157/500 matches=20 score=80:77 real=75.50159 
(Filename: E:\unity\Runtime/Export/Debug/Debug.bindings.h Line: 39)

SELFPLAY GOAL 158 scorer=Zhao ZhaoReward=1 total=80:78 
(Filename: E:\unity\Runtime/Export/Debug/Debug.bindings.h Line: 39)

SELFPLAY GOAL 159 scorer=Zhao ZhaoReward=1 total=80:79 
(Filename: E:\unity\Runtime/Export/Debug/Debug.bindings.h Line: 39)

SELFPLAY GOAL 160 scorer=Zhao ZhaoReward=1 total=80:80 
(Filename: E:\unity\Runtime/Export/Debug/Debug.bindings.h Line: 39)

SELFPLAY GOAL 161 scorer=Zhao ZhaoReward=1 total=80:81 
(Filename: E:\unity\Runtime/Export/Debug/Debug.bindings.h Line: 39)

SELFPLAY GOAL 162 scorer=Zhao ZhaoReward=1 total=80:82 
(Filename: E:\unity\Runtime/Export/Debug/Debug.bindings.h Line: 39)

SELFPLAY GOAL 163 scorer=Zhao ZhaoReward=1 total=80:83 
(Filename: E:\unity\Runtime/Export/Debug/Debug.bindings.h Line: 39)

SELFPLAY GOAL 164 scorer=Fan ZhaoReward=-1 total=81:83 
(Filename: E:\unity\Runtime/Export/Debug/Debug.bindings.h Line: 39)

SELFPLAY MATCH 20 goals=8 total=164 score=1:7 
(Filename: E:\unity\Runtime/Export/Debug/Debug.bindings.h Line: 39)

Unloading 4 Unused Serialized files (Serialized files now loaded: 0)
UnloadTime: 0.750600 ms

Unloading 4 unused Assets to reduce memory usage. Loaded Objects now: 1061.
Total: 1.242900 ms (FindLiveObjects: 0.043000 ms CreateObjectMapping: 0.009700 ms MarkObjects: 0.297900 ms  DeleteObjects: 0.891700 ms)

SELFPLAY GOALMAP x=-6.13 isPlayer1Goal=True 
(Filename: E:\unity\Runtime/Export/Debug/Debug.bindings.h Line: 39)

SELFPLAY GOALMAP x=6.18 isPlayer1Goal=False 
(Filename: E:\unity\Runtime/Export/Debug/Debug.bindings.h Line: 39)

SELFPLAY GOAL 165 scorer=Zhao ZhaoReward=1 total=81:84 
(Filename: E:\unity\Runtime/Export/Debug/Debug.bindings.h Line: 39)

SELFPLAY GOAL 166 scorer=Fan ZhaoReward=-1 total=82:84 
(Filename: E:\unity\Runtime/Export/Debug/Debug.bindings.h Line: 39)

SELFPLAY GOAL 167 scorer=Fan ZhaoReward=-1 total=83:84 
(Filename: E:\unity\Runtime/Export/Debug/Debug.bindings.h Line: 39)

SELFPLAY GOAL 168 scorer=Zhao ZhaoReward=1 total=83:85 
(Filename: E:\unity\Runtime/Export/Debug/Debug.bindings.h Line: 39)

SELFPLAY GOAL 169 scorer=Zhao ZhaoReward=1 total=83:86 
(Filename: E:\unity\Runtime/Export/Debug/Debug.bindings.h Line: 39)

SELFPLAY GOAL 170 scorer=Zhao ZhaoReward=1 total=83:87 
(Filename: E:\unity\Runtime/Export/Debug/Debug.bindings.h Line: 39)

SELFPLAY MATCH 21 goals=6 total=170 score=2:4 
(Filename: E:\unity\Runtime/Export/Debug/Debug.bindings.h Line: 39)

Unloading 4 Unused Serialized files (Serialized files now loaded: 0)
UnloadTime: 0.890200 ms

Unloading 4 unused Assets to reduce memory usage. Loaded Objects now: 1061.
Total: 1.459500 ms (FindLiveObjects: 0.048800 ms CreateObjectMapping: 0.010500 ms MarkObjects: 0.290000 ms  DeleteObjects: 1.109800 ms)

SELFPLAY GOALMAP x=-6.13 isPlayer1Goal=True 
(Filename: E:\unity\Runtime/Export/Debug/Debug.bindings.h Line: 39)

SELFPLAY GOALMAP x=6.18 isPlayer1Goal=False 
(Filename: E:\unity\Runtime/Export/Debug/Debug.bindings.h Line: 39)

SELFPLAY GOAL 171 scorer=Zhao ZhaoReward=1 total=83:88 
(Filename: E:\unity\Runtime/Export/Debug/Debug.bindings.h Line: 39)

SELFPLAY GOAL 172 scorer=Zhao ZhaoReward=1 total=83:89 
(Filename: E:\unity\Runtime/Export/Debug/Debug.bindings.h Line: 39)

SELFPLAY GOAL 173 scorer=Zhao ZhaoReward=1 total=83:90 
(Filename: E:\unity\Runtime/Export/Debug/Debug.bindings.h Line: 39)

SELFPLAY GOAL 174 scorer=Zhao ZhaoReward=1 total=83:91 
(Filename: E:\unity\Runtime/Export/Debug/Debug.bindings.h Line: 39)

SELFPLAY GOAL 175 scorer=Zhao ZhaoReward=1 total=83:92 
(Filename: E:\unity\Runtime/Export/Debug/Debug.bindings.h Line: 39)

SELFPLAY GOAL 176 scorer=Zhao ZhaoReward=1 total=83:93 
(Filename: E:\unity\Runtime/Export/Debug/Debug.bindings.h Line: 39)

SELFPLAY MATCH 22 goals=6 total=176 score=0:6 
(Filename: E:\unity\Runtime/Export/Debug/Debug.bindings.h Line: 39)

Unloading 4 Unused Serialized files (Serialized files now loaded: 0)
UnloadTime: 0.652700 ms

Unloading 4 unused Assets to reduce memory usage. Loaded Objects now: 1061.
Total: 1.389600 ms (FindLiveObjects: 0.043800 ms CreateObjectMapping: 0.009700 ms MarkObjects: 0.283500 ms  DeleteObjects: 1.052000 ms)

SELFPLAY GOALMAP x=-6.13 isPlayer1Goal=True 
(Filename: E:\unity\Runtime/Export/Debug/Debug.bindings.h Line: 39)

SELFPLAY GOALMAP x=6.18 isPlayer1Goal=False 
(Filename: E:\unity\Runtime/Export/Debug/Debug.bindings.h Line: 39)

SELFPLAY GOAL 177 scorer=Zhao ZhaoReward=1 total=83:94 
(Filename: E:\unity\Runtime/Export/Debug/Debug.bindings.h Line: 39)

SELFPLAY GOAL 178 scorer=Fan ZhaoReward=-1 total=84:94 
(Filename: E:\unity\Runtime/Export/Debug/Debug.bindings.h Line: 39)

SELFPLAY GOAL 179 scorer=Fan ZhaoReward=-1 total=85:94 
(Filename: E:\unity\Runtime/Export/Debug/Debug.bindings.h Line: 39)

SELFPLAY GOAL 180 scorer=Fan ZhaoReward=-1 total=86:94 
(Filename: E:\unity\Runtime/Export/Debug/Debug.bindings.h Line: 39)

SELFPLAY GOAL 181 scorer=Zhao ZhaoReward=1 total=86:95 
(Filename: E:\unity\Runtime/Export/Debug/Debug.bindings.h Line: 39)

SELFPLAY GOAL 182 scorer=Zhao ZhaoReward=1 total=86:96 
(Filename: E:\unity\Runtime/Export/Debug/Debug.bindings.h Line: 39)

SELFPLAY GOAL 183 scorer=Fan ZhaoReward=-1 total=87:96 
(Filename: E:\unity\Runtime/Export/Debug/Debug.bindings.h Line: 39)

SELFPLAY GOAL 184 scorer=Zhao ZhaoReward=1 total=87:97 
(Filename: E:\unity\Runtime/Export/Debug/Debug.bindings.h Line: 39)

SELFPLAY MATCH 23 goals=8 total=184 score=4:4 
(Filename: E:\unity\Runtime/Export/Debug/Debug.bindings.h Line: 39)

Unloading 4 Unused Serialized files (Serialized files now loaded: 0)
UnloadTime: 0.752000 ms

Unloading 4 unused Assets to reduce memory usage. Loaded Objects now: 1061.
Total: 1.460700 ms (FindLiveObjects: 0.046400 ms CreateObjectMapping: 0.010600 ms MarkObjects: 0.290500 ms  DeleteObjects: 1.112600 ms)

SELFPLAY GOALMAP x=-6.13 isPlayer1Goal=True 
(Filename: E:\unity\Runtime/Export/Debug/Debug.bindings.h Line: 39)

SELFPLAY GOALMAP x=6.18 isPlayer1Goal=False 
(Filename: E:\unity\Runtime/Export/Debug/Debug.bindings.h Line: 39)

SELFPLAY GOAL 185 scorer=Fan ZhaoReward=-1 total=88:97 
(Filename: E:\unity\Runtime/Export/Debug/Debug.bindings.h Line: 39)

SELFPLAY GOAL 186 scorer=Fan ZhaoReward=-1 total=89:97 
(Filename: E:\unity\Runtime/Export/Debug/Debug.bindings.h Line: 39)

SELFPLAY MATCH 24 goals=2 total=186 score=2:0 
(Filename: E:\unity\Runtime/Export/Debug/Debug.bindings.h Line: 39)

Unloading 4 Unused Serialized files (Serialized files now loaded: 0)
UnloadTime: 0.327200 ms

Unloading 4 unused Assets to reduce memory usage. Loaded Objects now: 1061.
Total: 1.321900 ms (FindLiveObjects: 0.054300 ms CreateObjectMapping: 0.010800 ms MarkObjects: 0.295200 ms  DeleteObjects: 0.960800 ms)

SELFPLAY GOALMAP x=-6.13 isPlayer1Goal=True 
(Filename: E:\unity\Runtime/Export/Debug/Debug.bindings.h Line: 39)

SELFPLAY GOALMAP x=6.18 isPlayer1Goal=False 
(Filename: E:\unity\Runtime/Export/Debug/Debug.bindings.h Line: 39)

SELFPLAY GOAL 187 scorer=Fan ZhaoReward=-1 total=90:97 
(Filename: E:\unity\Runtime/Export/Debug/Debug.bindings.h Line: 39)

SELFPLAY GOAL 188 scorer=Fan ZhaoReward=-1 total=91:97 
(Filename: E:\unity\Runtime/Export/Debug/Debug.bindings.h Line: 39)

SELFPLAY GOAL 189 scorer=Fan ZhaoReward=-1 total=92:97 
(Filename: E:\unity\Runtime/Export/Debug/Debug.bindings.h Line: 39)

SELFPLAY GOAL 190 scorer=Fan ZhaoReward=-1 total=93:97 
(Filename: E:\unity\Runtime/Export/Debug/Debug.bindings.h Line: 39)

SELFPLAY GOAL 191 scorer=Zhao ZhaoReward=1 total=93:98 
(Filename: E:\unity\Runtime/Export/Debug/Debug.bindings.h Line: 39)

SELFPLAY GOAL 192 scorer=Fan ZhaoReward=-1 total=94:98 
(Filename: E:\unity\Runtime/Export/Debug/Debug.bindings.h Line: 39)

SELFPLAY GOAL 193 scorer=Fan ZhaoReward=-1 total=95:98 
(Filename: E:\unity\Runtime/Export/Debug/Debug.bindings.h Line: 39)

SELFPLAY GOAL 194 scorer=Fan ZhaoReward=-1 total=96:98 
(Filename: E:\unity\Runtime/Export/Debug/Debug.bindings.h Line: 39)

SELFPLAY GOAL 195 scorer=Zhao ZhaoReward=1 total=96:99 
(Filename: E:\unity\Runtime/Export/Debug/Debug.bindings.h Line: 39)

SELFPLAY GOAL 196 scorer=Fan ZhaoReward=-1 total=97:99 
(Filename: E:\unity\Runtime/Export/Debug/Debug.bindings.h Line: 39)

SELFPLAY MATCH 25 goals=10 total=196 score=8:2 
(Filename: E:\unity\Runtime/Export/Debug/Debug.bindings.h Line: 39)

Unloading 4 Unused Serialized files (Serialized files now loaded: 0)
UnloadTime: 0.561100 ms

Unloading 4 unused Assets to reduce memory usage. Loaded Objects now: 1061.
Total: 1.311600 ms (FindLiveObjects: 0.041500 ms CreateObjectMapping: 0.009700 ms MarkObjects: 0.354300 ms  DeleteObjects: 0.905800 ms)

SELFPLAY GOALMAP x=-6.13 isPlayer1Goal=True 
(Filename: E:\unity\Runtime/Export/Debug/Debug.bindings.h Line: 39)

SELFPLAY GOALMAP x=6.18 isPlayer1Goal=False 
(Filename: E:\unity\Runtime/Export/Debug/Debug.bindings.h Line: 39)

SELFPLAY GOAL 197 scorer=Fan ZhaoReward=-1 total=98:99 
(Filename: E:\unity\Runtime/Export/Debug/Debug.bindings.h Line: 39)

SELFPLAY GOAL 198 scorer=Fan ZhaoReward=-1 total=99:99 
(Filename: E:\unity\Runtime/Export/Debug/Debug.bindings.h Line: 39)

SELFPLAY GOAL 199 scorer=Zhao ZhaoReward=1 total=99:100 
(Filename: E:\unity\Runtime/Export/Debug/Debug.bindings.h Line: 39)

SELFPLAY GOAL 200 scorer=Fan ZhaoReward=-1 total=100:100 
(Filename: E:\unity\Runtime/Export/Debug/Debug.bindings.h Line: 39)

SELFPLAY GOAL 201 scorer=Fan ZhaoReward=-1 total=101:100 
(Filename: E:\unity\Runtime/Export/Debug/Debug.bindings.h Line: 39)

SELFPLAY GOAL 202 scorer=Fan ZhaoReward=-1 total=102:100 
(Filename: E:\unity\Runtime/Export/Debug/Debug.bindings.h Line: 39)

SELFPLAY GOAL 203 scorer=Zhao ZhaoReward=1 total=102:101 
(Filename: E:\unity\Runtime/Export/Debug/Debug.bindings.h Line: 39)

SELFPLAY GOAL 204 scorer=Fan ZhaoReward=-1 total=103:101 
(Filename: E:\unity\Runtime/Export/Debug/Debug.bindings.h Line: 39)

SELFPLAY GOAL 205 scorer=Fan ZhaoReward=-1 total=104:101 
(Filename: E:\unity\Runtime/Export/Debug/Debug.bindings.h Line: 39)

SELFPLAY GOAL 206 scorer=Fan ZhaoReward=-1 total=105:101 
(Filename: E:\unity\Runtime/Export/Debug/Debug.bindings.h Line: 39)

SELFPLAY MATCH 26 goals=10 total=206 score=8:2 
(Filename: E:\unity\Runtime/Export/Debug/Debug.bindings.h Line: 39)

Unloading 4 Unused Serialized files (Serialized files now loaded: 0)
UnloadTime: 0.472400 ms

Unloading 4 unused Assets to reduce memory usage. Loaded Objects now: 1061.
Total: 1.375900 ms (FindLiveObjects: 0.045100 ms CreateObjectMapping: 0.011300 ms MarkObjects: 0.360100 ms  DeleteObjects: 0.959200 ms)

SELFPLAY GOALMAP x=-6.13 isPlayer1Goal=True 
(Filename: E:\unity\Runtime/Export/Debug/Debug.bindings.h Line: 39)

SELFPLAY GOALMAP x=6.18 isPlayer1Goal=False 
(Filename: E:\unity\Runtime/Export/Debug/Debug.bindings.h Line: 39)

SELFPLAY GOAL 207 scorer=Fan ZhaoReward=-1 total=106:101 
(Filename: E:\unity\Runtime/Export/Debug/Debug.bindings.h Line: 39)

SELFPLAY GOAL 208 scorer=Fan ZhaoReward=-1 total=107:101 
(Filename: E:\unity\Runtime/Export/Debug/Debug.bindings.h Line: 39)

SELFPLAY GOAL 209 scorer=Zhao ZhaoReward=1 total=107:102 
(Filename: E:\unity\Runtime/Export/Debug/Debug.bindings.h Line: 39)

SELFPLAY PROGRESS goals=209/500 matches=27 score=107:102 real=105.5023 
(Filename: E:\unity\Runtime/Export/Debug/Debug.bindings.h Line: 39)

SELFPLAY GOAL 210 scorer=Fan ZhaoReward=-1 total=108:102 
(Filename: E:\unity\Runtime/Export/Debug/Debug.bindings.h Line: 39)

SELFPLAY GOAL 211 scorer=Zhao ZhaoReward=1 total=108:103 
(Filename: E:\unity\Runtime/Export/Debug/Debug.bindings.h Line: 39)

SELFPLAY MATCH 27 goals=5 total=211 score=3:2 
(Filename: E:\unity\Runtime/Export/Debug/Debug.bindings.h Line: 39)

Unloading 4 Unused Serialized files (Serialized files now loaded: 0)
UnloadTime: 0.623700 ms

Unloading 4 unused Assets to reduce memory usage. Loaded Objects now: 1061.
Total: 1.534300 ms (FindLiveObjects: 0.058500 ms CreateObjectMapping: 0.012300 ms MarkObjects: 0.444700 ms  DeleteObjects: 1.018000 ms)

SELFPLAY GOALMAP x=-6.13 isPlayer1Goal=True 
(Filename: E:\unity\Runtime/Export/Debug/Debug.bindings.h Line: 39)

SELFPLAY GOALMAP x=6.18 isPlayer1Goal=False 
(Filename: E:\unity\Runtime/Export/Debug/Debug.bindings.h Line: 39)

SELFPLAY GOAL 212 scorer=Fan ZhaoReward=-1 total=109:103 
(Filename: E:\unity\Runtime/Export/Debug/Debug.bindings.h Line: 39)

SELFPLAY GOAL 213 scorer=Zhao ZhaoReward=1 total=109:104 
(Filename: E:\unity\Runtime/Export/Debug/Debug.bindings.h Line: 39)

SELFPLAY GOAL 214 scorer=Fan ZhaoReward=-1 total=110:104 
(Filename: E:\unity\Runtime/Export/Debug/Debug.bindings.h Line: 39)

SELFPLAY GOAL 215 scorer=Fan ZhaoReward=-1 total=111:104 
(Filename: E:\unity\Runtime/Export/Debug/Debug.bindings.h Line: 39)

SELFPLAY GOAL 216 scorer=Fan ZhaoReward=-1 total=112:104 
(Filename: E:\unity\Runtime/Export/Debug/Debug.bindings.h Line: 39)

SELFPLAY GOAL 217 scorer=Fan ZhaoReward=-1 total=113:104 
(Filename: E:\unity\Runtime/Export/Debug/Debug.bindings.h Line: 39)

SELFPLAY GOAL 218 scorer=Fan ZhaoReward=-1 total=114:104 
(Filename: E:\unity\Runtime/Export/Debug/Debug.bindings.h Line: 39)

SELFPLAY GOAL 219 scorer=Fan ZhaoReward=-1 total=115:104 
(Filename: E:\unity\Runtime/Export/Debug/Debug.bindings.h Line: 39)

SELFPLAY GOAL 220 scorer=Fan ZhaoReward=-1 total=116:104 
(Filename: E:\unity\Runtime/Export/Debug/Debug.bindings.h Line: 39)

SELFPLAY GOAL 221 scorer=Zhao ZhaoReward=1 total=116:105 
(Filename: E:\unity\Runtime/Export/Debug/Debug.bindings.h Line: 39)

SELFPLAY GOAL 222 scorer=Zhao ZhaoReward=1 total=116:106 
(Filename: E:\unity\Runtime/Export/Debug/Debug.bindings.h Line: 39)

SELFPLAY MATCH 28 goals=11 total=222 score=8:3 
(Filename: E:\unity\Runtime/Export/Debug/Debug.bindings.h Line: 39)

Unloading 4 Unused Serialized files (Serialized files now loaded: 0)
UnloadTime: 0.433000 ms

Unloading 4 unused Assets to reduce memory usage. Loaded Objects now: 1061.
Total: 1.359500 ms (FindLiveObjects: 0.039000 ms CreateObjectMapping: 0.009400 ms MarkObjects: 0.254500 ms  DeleteObjects: 1.056200 ms)

SELFPLAY GOALMAP x=-6.13 isPlayer1Goal=True 
(Filename: E:\unity\Runtime/Export/Debug/Debug.bindings.h Line: 39)

SELFPLAY GOALMAP x=6.18 isPlayer1Goal=False 
(Filename: E:\unity\Runtime/Export/Debug/Debug.bindings.h Line: 39)

SELFPLAY GOAL 223 scorer=Fan ZhaoReward=-1 total=117:106 
(Filename: E:\unity\Runtime/Export/Debug/Debug.bindings.h Line: 39)

SELFPLAY GOAL 224 scorer=Zhao ZhaoReward=1 total=117:107 
(Filename: E:\unity\Runtime/Export/Debug/Debug.bindings.h Line: 39)

SELFPLAY GOAL 225 scorer=Fan ZhaoReward=-1 total=118:107 
(Filename: E:\unity\Runtime/Export/Debug/Debug.bindings.h Line: 39)

SELFPLAY GOAL 226 scorer=Zhao ZhaoReward=1 total=118:108 
(Filename: E:\unity\Runtime/Export/Debug/Debug.bindings.h Line: 39)

SELFPLAY GOAL 227 scorer=Fan ZhaoReward=-1 total=119:108 
(Filename: E:\unity\Runtime/Export/Debug/Debug.bindings.h Line: 39)

SELFPLAY GOAL 228 scorer=Zhao ZhaoReward=1 total=119:109 
(Filename: E:\unity\Runtime/Export/Debug/Debug.bindings.h Line: 39)

SELFPLAY GOAL 229 scorer=Fan ZhaoReward=-1 total=120:109 
(Filename: E:\unity\Runtime/Export/Debug/Debug.bindings.h Line: 39)

SELFPLAY GOAL 230 scorer=Zhao ZhaoReward=1 total=120:110 
(Filename: E:\unity\Runtime/Export/Debug/Debug.bindings.h Line: 39)

SELFPLAY GOAL 231 scorer=Fan ZhaoReward=-1 total=121:110 
(Filename: E:\unity\Runtime/Export/Debug/Debug.bindings.h Line: 39)

SELFPLAY GOAL 232 scorer=Fan ZhaoReward=-1 total=122:110 
(Filename: E:\unity\Runtime/Export/Debug/Debug.bindings.h Line: 39)

SELFPLAY MATCH 29 goals=10 total=232 score=6:4 
(Filename: E:\unity\Runtime/Export/Debug/Debug.bindings.h Line: 39)

Unloading 4 Unused Serialized files (Serialized files now loaded: 0)
UnloadTime: 0.695800 ms

Unloading 4 unused Assets to reduce memory usage. Loaded Objects now: 1061.
Total: 1.472300 ms (FindLiveObjects: 0.043900 ms CreateObjectMapping: 0.011200 ms MarkObjects: 0.353500 ms  DeleteObjects: 1.063300 ms)

SELFPLAY GOALMAP x=-6.13 isPlayer1Goal=True 
(Filename: E:\unity\Runtime/Export/Debug/Debug.bindings.h Line: 39)

SELFPLAY GOALMAP x=6.18 isPlayer1Goal=False 
(Filename: E:\unity\Runtime/Export/Debug/Debug.bindings.h Line: 39)

SELFPLAY GOAL 233 scorer=Fan ZhaoReward=-1 total=123:110 
(Filename: E:\unity\Runtime/Export/Debug/Debug.bindings.h Line: 39)

SELFPLAY GOAL 234 scorer=Zhao ZhaoReward=1 total=123:111 
(Filename: E:\unity\Runtime/Export/Debug/Debug.bindings.h Line: 39)

SELFPLAY GOAL 235 scorer=Fan ZhaoReward=-1 total=124:111 
(Filename: E:\unity\Runtime/Export/Debug/Debug.bindings.h Line: 39)

SELFPLAY GOAL 236 scorer=Zhao ZhaoReward=1 total=124:112 
(Filename: E:\unity\Runtime/Export/Debug/Debug.bindings.h Line: 39)

SELFPLAY GOAL 237 scorer=Zhao ZhaoReward=1 total=124:113 
(Filename: E:\unity\Runtime/Export/Debug/Debug.bindings.h Line: 39)

SELFPLAY GOAL 238 scorer=Zhao ZhaoReward=1 total=124:114 
(Filename: E:\unity\Runtime/Export/Debug/Debug.bindings.h Line: 39)

SELFPLAY MATCH 30 goals=6 total=238 score=2:4 
(Filename: E:\unity\Runtime/Export/Debug/Debug.bindings.h Line: 39)

Unloading 4 Unused Serialized files (Serialized files now loaded: 0)
UnloadTime: 0.742600 ms

Unloading 4 unused Assets to reduce memory usage. Loaded Objects now: 1061.
Total: 1.457600 ms (FindLiveObjects: 0.041900 ms CreateObjectMapping: 0.009100 ms MarkObjects: 0.375700 ms  DeleteObjects: 1.030700 ms)

SELFPLAY GOALMAP x=-6.13 isPlayer1Goal=True 
(Filename: E:\unity\Runtime/Export/Debug/Debug.bindings.h Line: 39)

SELFPLAY GOALMAP x=6.18 isPlayer1Goal=False 
(Filename: E:\unity\Runtime/Export/Debug/Debug.bindings.h Line: 39)

SELFPLAY GOAL 239 scorer=Zhao ZhaoReward=1 total=124:115 
(Filename: E:\unity\Runtime/Export/Debug/Debug.bindings.h Line: 39)

SELFPLAY GOAL 240 scorer=Fan ZhaoReward=-1 total=125:115 
(Filename: E:\unity\Runtime/Export/Debug/Debug.bindings.h Line: 39)

SELFPLAY GOAL 241 scorer=Zhao ZhaoReward=1 total=125:116 
(Filename: E:\unity\Runtime/Export/Debug/Debug.bindings.h Line: 39)

SELFPLAY GOAL 242 scorer=Fan ZhaoReward=-1 total=126:116 
(Filename: E:\unity\Runtime/Export/Debug/Debug.bindings.h Line: 39)

SELFPLAY MATCH 31 goals=4 total=242 score=2:2 
(Filename: E:\unity\Runtime/Export/Debug/Debug.bindings.h Line: 39)

Unloading 4 Unused Serialized files (Serialized files now loaded: 0)
UnloadTime: 0.641100 ms

Unloading 4 unused Assets to reduce memory usage. Loaded Objects now: 1061.
Total: 1.506300 ms (FindLiveObjects: 0.055900 ms CreateObjectMapping: 0.012600 ms MarkObjects: 0.360100 ms  DeleteObjects: 1.077300 ms)

SELFPLAY GOALMAP x=-6.13 isPlayer1Goal=True 
(Filename: E:\unity\Runtime/Export/Debug/Debug.bindings.h Line: 39)

SELFPLAY GOALMAP x=6.18 isPlayer1Goal=False 
(Filename: E:\unity\Runtime/Export/Debug/Debug.bindings.h Line: 39)

SELFPLAY GOAL 243 scorer=Zhao ZhaoReward=1 total=126:117 
(Filename: E:\unity\Runtime/Export/Debug/Debug.bindings.h Line: 39)

SELFPLAY GOAL 244 scorer=Zhao ZhaoReward=1 total=126:118 
(Filename: E:\unity\Runtime/Export/Debug/Debug.bindings.h Line: 39)

SELFPLAY GOAL 245 scorer=Zhao ZhaoReward=1 total=126:119 
(Filename: E:\unity\Runtime/Export/Debug/Debug.bindings.h Line: 39)

SELFPLAY GOAL 246 scorer=Zhao ZhaoReward=1 total=126:120 
(Filename: E:\unity\Runtime/Export/Debug/Debug.bindings.h Line: 39)

SELFPLAY GOAL 247 scorer=Fan ZhaoReward=-1 total=127:120 
(Filename: E:\unity\Runtime/Export/Debug/Debug.bindings.h Line: 39)

SELFPLAY GOAL 248 scorer=Fan ZhaoReward=-1 total=128:120 
(Filename: E:\unity\Runtime/Export/Debug/Debug.bindings.h Line: 39)

SELFPLAY MATCH 32 goals=6 total=248 score=2:4 
(Filename: E:\unity\Runtime/Export/Debug/Debug.bindings.h Line: 39)

Unloading 4 Unused Serialized files (Serialized files now loaded: 0)
UnloadTime: 0.551400 ms

Unloading 4 unused Assets to reduce memory usage. Loaded Objects now: 1061.
Total: 1.355900 ms (FindLiveObjects: 0.040700 ms CreateObjectMapping: 0.009300 ms MarkObjects: 0.347000 ms  DeleteObjects: 0.958600 ms)

SELFPLAY GOALMAP x=-6.13 isPlayer1Goal=True 
(Filename: E:\unity\Runtime/Export/Debug/Debug.bindings.h Line: 39)

SELFPLAY GOALMAP x=6.18 isPlayer1Goal=False 
(Filename: E:\unity\Runtime/Export/Debug/Debug.bindings.h Line: 39)

SELFPLAY GOAL 249 scorer=Fan ZhaoReward=-1 total=129:120 
(Filename: E:\unity\Runtime/Export/Debug/Debug.bindings.h Line: 39)

SELFPLAY GOAL 250 scorer=Zhao ZhaoReward=1 total=129:121 
(Filename: E:\unity\Runtime/Export/Debug/Debug.bindings.h Line: 39)

SELFPLAY GOAL 251 scorer=Zhao ZhaoReward=1 total=129:122 
(Filename: E:\unity\Runtime/Export/Debug/Debug.bindings.h Line: 39)

SELFPLAY GOAL 252 scorer=Fan ZhaoReward=-1 total=130:122 
(Filename: E:\unity\Runtime/Export/Debug/Debug.bindings.h Line: 39)

SELFPLAY GOAL 253 scorer=Fan ZhaoReward=-1 total=131:122 
(Filename: E:\unity\Runtime/Export/Debug/Debug.bindings.h Line: 39)

SELFPLAY GOAL 254 scorer=Zhao ZhaoReward=1 total=131:123 
(Filename: E:\unity\Runtime/Export/Debug/Debug.bindings.h Line: 39)

SELFPLAY GOAL 255 scorer=Zhao ZhaoReward=1 total=131:124 
(Filename: E:\unity\Runtime/Export/Debug/Debug.bindings.h Line: 39)

SELFPLAY GOAL 256 scorer=Fan ZhaoReward=-1 total=132:124 
(Filename: E:\unity\Runtime/Export/Debug/Debug.bindings.h Line: 39)

SELFPLAY GOAL 257 scorer=Fan ZhaoReward=-1 total=133:124 
(Filename: E:\unity\Runtime/Export/Debug/Debug.bindings.h Line: 39)

SELFPLAY GOAL 258 scorer=Zhao ZhaoReward=1 total=133:125 
(Filename: E:\unity\Runtime/Export/Debug/Debug.bindings.h Line: 39)

SELFPLAY GOAL 259 scorer=Zhao ZhaoReward=1 total=133:126 
(Filename: E:\unity\Runtime/Export/Debug/Debug.bindings.h Line: 39)

SELFPLAY GOAL 260 scorer=Fan ZhaoReward=-1 total=134:126 
(Filename: E:\unity\Runtime/Export/Debug/Debug.bindings.h Line: 39)

SELFPLAY MATCH 33 goals=12 total=260 score=6:6 
(Filename: E:\unity\Runtime/Export/Debug/Debug.bindings.h Line: 39)

Unloading 4 Unused Serialized files (Serialized files now loaded: 0)
UnloadTime: 0.420000 ms

Unloading 4 unused Assets to reduce memory usage. Loaded Objects now: 1061.
Total: 1.450000 ms (FindLiveObjects: 0.043800 ms CreateObjectMapping: 0.010800 ms MarkObjects: 0.375000 ms  DeleteObjects: 1.020100 ms)

SELFPLAY GOALMAP x=-6.13 isPlayer1Goal=True 
(Filename: E:\unity\Runtime/Export/Debug/Debug.bindings.h Line: 39)

SELFPLAY GOALMAP x=6.18 isPlayer1Goal=False 
(Filename: E:\unity\Runtime/Export/Debug/Debug.bindings.h Line: 39)

SELFPLAY GOAL 261 scorer=Fan ZhaoReward=-1 total=135:126 
(Filename: E:\unity\Runtime/Export/Debug/Debug.bindings.h Line: 39)

SELFPLAY GOAL 262 scorer=Fan ZhaoReward=-1 total=136:126 
(Filename: E:\unity\Runtime/Export/Debug/Debug.bindings.h Line: 39)

SELFPLAY GOAL 263 scorer=Fan ZhaoReward=-1 total=137:126 
(Filename: E:\unity\Runtime/Export/Debug/Debug.bindings.h Line: 39)

SELFPLAY GOAL 264 scorer=Zhao ZhaoReward=1 total=137:127 
(Filename: E:\unity\Runtime/Export/Debug/Debug.bindings.h Line: 39)

SELFPLAY GOAL 265 scorer=Fan ZhaoReward=-1 total=138:127 
(Filename: E:\unity\Runtime/Export/Debug/Debug.bindings.h Line: 39)

SELFPLAY GOAL 266 scorer=Fan ZhaoReward=-1 total=139:127 
(Filename: E:\unity\Runtime/Export/Debug/Debug.bindings.h Line: 39)

SELFPLAY GOAL 267 scorer=Fan ZhaoReward=-1 total=140:127 
(Filename: E:\unity\Runtime/Export/Debug/Debug.bindings.h Line: 39)

SELFPLAY GOAL 268 scorer=Zhao ZhaoReward=1 total=140:128 
(Filename: E:\unity\Runtime/Export/Debug/Debug.bindings.h Line: 39)

SELFPLAY GOAL 269 scorer=Zhao ZhaoReward=1 total=140:129 
(Filename: E:\unity\Runtime/Export/Debug/Debug.bindings.h Line: 39)

SELFPLAY GOAL 270 scorer=Fan ZhaoReward=-1 total=141:129 
(Filename: E:\unity\Runtime/Export/Debug/Debug.bindings.h Line: 39)

SELFPLAY GOAL 271 scorer=Fan ZhaoReward=-1 total=142:129 
(Filename: E:\unity\Runtime/Export/Debug/Debug.bindings.h Line: 39)

SELFPLAY MATCH 34 goals=11 total=271 score=8:3 
(Filename: E:\unity\Runtime/Export/Debug/Debug.bindings.h Line: 39)

Unloading 4 Unused Serialized files (Serialized files now loaded: 0)
UnloadTime: 0.547700 ms

Unloading 4 unused Assets to reduce memory usage. Loaded Objects now: 1061.
Total: 1.505600 ms (FindLiveObjects: 0.052100 ms CreateObjectMapping: 0.011000 ms MarkObjects: 0.384100 ms  DeleteObjects: 1.057900 ms)

SELFPLAY GOALMAP x=-6.13 isPlayer1Goal=True 
(Filename: E:\unity\Runtime/Export/Debug/Debug.bindings.h Line: 39)

SELFPLAY GOALMAP x=6.18 isPlayer1Goal=False 
(Filename: E:\unity\Runtime/Export/Debug/Debug.bindings.h Line: 39)

SELFPLAY PROGRESS goals=271/500 matches=35 score=142:129 real=135.7817 
(Filename: E:\unity\Runtime/Export/Debug/Debug.bindings.h Line: 39)

SELFPLAY GOAL 272 scorer=Fan ZhaoReward=-1 total=143:129 
(Filename: E:\unity\Runtime/Export/Debug/Debug.bindings.h Line: 39)

SELFPLAY GOAL 273 scorer=Zhao ZhaoReward=1 total=143:130 
(Filename: E:\unity\Runtime/Export/Debug/Debug.bindings.h Line: 39)

SELFPLAY GOAL 274 scorer=Fan ZhaoReward=-1 total=144:130 
(Filename: E:\unity\Runtime/Export/Debug/Debug.bindings.h Line: 39)

SELFPLAY GOAL 275 scorer=Zhao ZhaoReward=1 total=144:131 
(Filename: E:\unity\Runtime/Export/Debug/Debug.bindings.h Line: 39)

SELFPLAY GOAL 276 scorer=Zhao ZhaoReward=1 total=144:132 
(Filename: E:\unity\Runtime/Export/Debug/Debug.bindings.h Line: 39)

SELFPLAY GOAL 277 scorer=Fan ZhaoReward=-1 total=145:132 
(Filename: E:\unity\Runtime/Export/Debug/Debug.bindings.h Line: 39)

SELFPLAY GOAL 278 scorer=Zhao ZhaoReward=1 total=145:133 
(Filename: E:\unity\Runtime/Export/Debug/Debug.bindings.h Line: 39)

SELFPLAY GOAL 279 scorer=Zhao ZhaoReward=1 total=145:134 
(Filename: E:\unity\Runtime/Export/Debug/Debug.bindings.h Line: 39)

SELFPLAY GOAL 280 scorer=Zhao ZhaoReward=1 total=145:135 
(Filename: E:\unity\Runtime/Export/Debug/Debug.bindings.h Line: 39)

SELFPLAY GOAL 281 scorer=Fan ZhaoReward=-1 total=146:135 
(Filename: E:\unity\Runtime/Export/Debug/Debug.bindings.h Line: 39)

SELFPLAY MATCH 35 goals=10 total=281 score=4:6 
(Filename: E:\unity\Runtime/Export/Debug/Debug.bindings.h Line: 39)

Unloading 4 Unused Serialized files (Serialized files now loaded: 0)
UnloadTime: 0.508400 ms

Unloading 4 unused Assets to reduce memory usage. Loaded Objects now: 1061.
Total: 1.235700 ms (FindLiveObjects: 0.041900 ms CreateObjectMapping: 0.009300 ms MarkObjects: 0.287600 ms  DeleteObjects: 0.896200 ms)

SELFPLAY GOALMAP x=-6.13 isPlayer1Goal=True 
(Filename: E:\unity\Runtime/Export/Debug/Debug.bindings.h Line: 39)

SELFPLAY GOALMAP x=6.18 isPlayer1Goal=False 
(Filename: E:\unity\Runtime/Export/Debug/Debug.bindings.h Line: 39)

SELFPLAY GOAL 282 scorer=Fan ZhaoReward=-1 total=147:135 
(Filename: E:\unity\Runtime/Export/Debug/Debug.bindings.h Line: 39)

SELFPLAY GOAL 283 scorer=Zhao ZhaoReward=1 total=147:136 
(Filename: E:\unity\Runtime/Export/Debug/Debug.bindings.h Line: 39)

SELFPLAY GOAL 284 scorer=Zhao ZhaoReward=1 total=147:137 
(Filename: E:\unity\Runtime/Export/Debug/Debug.bindings.h Line: 39)

SELFPLAY GOAL 285 scorer=Fan ZhaoReward=-1 total=148:137 
(Filename: E:\unity\Runtime/Export/Debug/Debug.bindings.h Line: 39)

SELFPLAY GOAL 286 scorer=Zhao ZhaoReward=1 total=148:138 
(Filename: E:\unity\Runtime/Export/Debug/Debug.bindings.h Line: 39)

SELFPLAY GOAL 287 scorer=Zhao ZhaoReward=1 total=148:139 
(Filename: E:\unity\Runtime/Export/Debug/Debug.bindings.h Line: 39)

SELFPLAY GOAL 288 scorer=Fan ZhaoReward=-1 total=149:139 
(Filename: E:\unity\Runtime/Export/Debug/Debug.bindings.h Line: 39)

SELFPLAY GOAL 289 scorer=Fan ZhaoReward=-1 total=150:139 
(Filename: E:\unity\Runtime/Export/Debug/Debug.bindings.h Line: 39)

SELFPLAY GOAL 290 scorer=Fan ZhaoReward=-1 total=151:139 
(Filename: E:\unity\Runtime/Export/Debug/Debug.bindings.h Line: 39)

SELFPLAY GOAL 291 scorer=Zhao ZhaoReward=1 total=151:140 
(Filename: E:\unity\Runtime/Export/Debug/Debug.bindings.h Line: 39)

SELFPLAY MATCH 36 goals=10 total=291 score=5:5 
(Filename: E:\unity\Runtime/Export/Debug/Debug.bindings.h Line: 39)

Unloading 4 Unused Serialized files (Serialized files now loaded: 0)
UnloadTime: 0.821000 ms

Unloading 4 unused Assets to reduce memory usage. Loaded Objects now: 1061.
Total: 1.558500 ms (FindLiveObjects: 0.046000 ms CreateObjectMapping: 0.011600 ms MarkObjects: 0.309800 ms  DeleteObjects: 1.190700 ms)

SELFPLAY GOALMAP x=-6.13 isPlayer1Goal=True 
(Filename: E:\unity\Runtime/Export/Debug/Debug.bindings.h Line: 39)

SELFPLAY GOALMAP x=6.18 isPlayer1Goal=False 
(Filename: E:\unity\Runtime/Export/Debug/Debug.bindings.h Line: 39)

SELFPLAY GOAL 292 scorer=Fan ZhaoReward=-1 total=152:140 
(Filename: E:\unity\Runtime/Export/Debug/Debug.bindings.h Line: 39)

SELFPLAY GOAL 293 scorer=Zhao ZhaoReward=1 total=152:141 
(Filename: E:\unity\Runtime/Export/Debug/Debug.bindings.h Line: 39)

SELFPLAY GOAL 294 scorer=Zhao ZhaoReward=1 total=152:142 
(Filename: E:\unity\Runtime/Export/Debug/Debug.bindings.h Line: 39)

SELFPLAY GOAL 295 scorer=Zhao ZhaoReward=1 total=152:143 
(Filename: E:\unity\Runtime/Export/Debug/Debug.bindings.h Line: 39)

SELFPLAY GOAL 296 scorer=Zhao ZhaoReward=1 total=152:144 
(Filename: E:\unity\Runtime/Export/Debug/Debug.bindings.h Line: 39)

SELFPLAY GOAL 297 scorer=Zhao ZhaoReward=1 total=152:145 
(Filename: E:\unity\Runtime/Export/Debug/Debug.bindings.h Line: 39)

SELFPLAY GOAL 298 scorer=Fan ZhaoReward=-1 total=153:145 
(Filename: E:\unity\Runtime/Export/Debug/Debug.bindings.h Line: 39)

SELFPLAY GOAL 299 scorer=Zhao ZhaoReward=1 total=153:146 
(Filename: E:\unity\Runtime/Export/Debug/Debug.bindings.h Line: 39)

SELFPLAY GOAL 300 scorer=Zhao ZhaoReward=1 total=153:147 
(Filename: E:\unity\Runtime/Export/Debug/Debug.bindings.h Line: 39)

SELFPLAY MATCH 37 goals=9 total=300 score=2:7 
(Filename: E:\unity\Runtime/Export/Debug/Debug.bindings.h Line: 39)

Unloading 4 Unused Serialized files (Serialized files now loaded: 0)
UnloadTime: 0.567400 ms

Unloading 4 unused Assets to reduce memory usage. Loaded Objects now: 1061.
Total: 1.353000 ms (FindLiveObjects: 0.049200 ms CreateObjectMapping: 0.011500 ms MarkObjects: 0.328300 ms  DeleteObjects: 0.963400 ms)

SELFPLAY GOALMAP x=-6.13 isPlayer1Goal=True 
(Filename: E:\unity\Runtime/Export/Debug/Debug.bindings.h Line: 39)

SELFPLAY GOALMAP x=6.18 isPlayer1Goal=False 
(Filename: E:\unity\Runtime/Export/Debug/Debug.bindings.h Line: 39)

SELFPLAY GOAL 301 scorer=Zhao ZhaoReward=1 total=153:148 
(Filename: E:\unity\Runtime/Export/Debug/Debug.bindings.h Line: 39)

SELFPLAY GOAL 302 scorer=Zhao ZhaoReward=1 total=153:149 
(Filename: E:\unity\Runtime/Export/Debug/Debug.bindings.h Line: 39)

SELFPLAY GOAL 303 scorer=Zhao ZhaoReward=1 total=153:150 
(Filename: E:\unity\Runtime/Export/Debug/Debug.bindings.h Line: 39)

SELFPLAY GOAL 304 scorer=Fan ZhaoReward=-1 total=154:150 
(Filename: E:\unity\Runtime/Export/Debug/Debug.bindings.h Line: 39)

SELFPLAY GOAL 305 scorer=Fan ZhaoReward=-1 total=155:150 
(Filename: E:\unity\Runtime/Export/Debug/Debug.bindings.h Line: 39)

SELFPLAY GOAL 306 scorer=Fan ZhaoReward=-1 total=156:150 
(Filename: E:\unity\Runtime/Export/Debug/Debug.bindings.h Line: 39)

SELFPLAY GOAL 307 scorer=Fan ZhaoReward=-1 total=157:150 
(Filename: E:\unity\Runtime/Export/Debug/Debug.bindings.h Line: 39)

SELFPLAY GOAL 308 scorer=Zhao ZhaoReward=1 total=157:151 
(Filename: E:\unity\Runtime/Export/Debug/Debug.bindings.h Line: 39)

SELFPLAY GOAL 309 scorer=Fan ZhaoReward=-1 total=158:151 
(Filename: E:\unity\Runtime/Export/Debug/Debug.bindings.h Line: 39)

SELFPLAY GOAL 310 scorer=Zhao ZhaoReward=1 total=158:152 
(Filename: E:\unity\Runtime/Export/Debug/Debug.bindings.h Line: 39)

SELFPLAY MATCH 38 goals=10 total=310 score=5:5 
(Filename: E:\unity\Runtime/Export/Debug/Debug.bindings.h Line: 39)

Unloading 4 Unused Serialized files (Serialized files now loaded: 0)
UnloadTime: 0.507800 ms

Unloading 4 unused Assets to reduce memory usage. Loaded Objects now: 1061.
Total: 1.509400 ms (FindLiveObjects: 0.052600 ms CreateObjectMapping: 0.011100 ms MarkObjects: 0.444000 ms  DeleteObjects: 1.000900 ms)

SELFPLAY GOALMAP x=-6.13 isPlayer1Goal=True 
(Filename: E:\unity\Runtime/Export/Debug/Debug.bindings.h Line: 39)

SELFPLAY GOALMAP x=6.18 isPlayer1Goal=False 
(Filename: E:\unity\Runtime/Export/Debug/Debug.bindings.h Line: 39)

SELFPLAY GOAL 311 scorer=Fan ZhaoReward=-1 total=159:152 
(Filename: E:\unity\Runtime/Export/Debug/Debug.bindings.h Line: 39)

SELFPLAY GOAL 312 scorer=Zhao ZhaoReward=1 total=159:153 
(Filename: E:\unity\Runtime/Export/Debug/Debug.bindings.h Line: 39)

SELFPLAY GOAL 313 scorer=Zhao ZhaoReward=1 total=159:154 
(Filename: E:\unity\Runtime/Export/Debug/Debug.bindings.h Line: 39)

SELFPLAY GOAL 314 scorer=Fan ZhaoReward=-1 total=160:154 
(Filename: E:\unity\Runtime/Export/Debug/Debug.bindings.h Line: 39)

SELFPLAY GOAL 315 scorer=Fan ZhaoReward=-1 total=161:154 
(Filename: E:\unity\Runtime/Export/Debug/Debug.bindings.h Line: 39)

SELFPLAY GOAL 316 scorer=Fan ZhaoReward=-1 total=162:154 
(Filename: E:\unity\Runtime/Export/Debug/Debug.bindings.h Line: 39)

SELFPLAY GOAL 317 scorer=Zhao ZhaoReward=1 total=162:155 
(Filename: E:\unity\Runtime/Export/Debug/Debug.bindings.h Line: 39)

SELFPLAY MATCH 39 goals=7 total=317 score=4:3 
(Filename: E:\unity\Runtime/Export/Debug/Debug.bindings.h Line: 39)

Unloading 4 Unused Serialized files (Serialized files now loaded: 0)
UnloadTime: 0.537000 ms

Unloading 4 unused Assets to reduce memory usage. Loaded Objects now: 1061.
Total: 1.653600 ms (FindLiveObjects: 0.051900 ms CreateObjectMapping: 0.011200 ms MarkObjects: 0.412500 ms  DeleteObjects: 1.176800 ms)

SELFPLAY GOALMAP x=-6.13 isPlayer1Goal=True 
(Filename: E:\unity\Runtime/Export/Debug/Debug.bindings.h Line: 39)

SELFPLAY GOALMAP x=6.18 isPlayer1Goal=False 
(Filename: E:\unity\Runtime/Export/Debug/Debug.bindings.h Line: 39)

SELFPLAY GOAL 318 scorer=Fan ZhaoReward=-1 total=163:155 
(Filename: E:\unity\Runtime/Export/Debug/Debug.bindings.h Line: 39)

SELFPLAY GOAL 319 scorer=Fan ZhaoReward=-1 total=164:155 
(Filename: E:\unity\Runtime/Export/Debug/Debug.bindings.h Line: 39)

SELFPLAY GOAL 320 scorer=Fan ZhaoReward=-1 total=165:155 
(Filename: E:\unity\Runtime/Export/Debug/Debug.bindings.h Line: 39)

SELFPLAY GOAL 321 scorer=Zhao ZhaoReward=1 total=165:156 
(Filename: E:\unity\Runtime/Export/Debug/Debug.bindings.h Line: 39)

SELFPLAY GOAL 322 scorer=Fan ZhaoReward=-1 total=166:156 
(Filename: E:\unity\Runtime/Export/Debug/Debug.bindings.h Line: 39)

SELFPLAY GOAL 323 scorer=Fan ZhaoReward=-1 total=167:156 
(Filename: E:\unity\Runtime/Export/Debug/Debug.bindings.h Line: 39)

SELFPLAY GOAL 324 scorer=Fan ZhaoReward=-1 total=168:156 
(Filename: E:\unity\Runtime/Export/Debug/Debug.bindings.h Line: 39)

SELFPLAY GOAL 325 scorer=Zhao ZhaoReward=1 total=168:157 
(Filename: E:\unity\Runtime/Export/Debug/Debug.bindings.h Line: 39)

SELFPLAY GOAL 326 scorer=Fan ZhaoReward=-1 total=169:157 
(Filename: E:\unity\Runtime/Export/Debug/Debug.bindings.h Line: 39)

SELFPLAY GOAL 327 scorer=Zhao ZhaoReward=1 total=169:158 
(Filename: E:\unity\Runtime/Export/Debug/Debug.bindings.h Line: 39)

SELFPLAY MATCH 40 goals=10 total=327 score=7:3 
(Filename: E:\unity\Runtime/Export/Debug/Debug.bindings.h Line: 39)

Unloading 4 Unused Serialized files (Serialized files now loaded: 0)
UnloadTime: 0.481000 ms

Unloading 4 unused Assets to reduce memory usage. Loaded Objects now: 1061.
Total: 1.533800 ms (FindLiveObjects: 0.044700 ms CreateObjectMapping: 0.011300 ms MarkObjects: 0.320400 ms  DeleteObjects: 1.156900 ms)

SELFPLAY GOALMAP x=-6.13 isPlayer1Goal=True 
(Filename: E:\unity\Runtime/Export/Debug/Debug.bindings.h Line: 39)

SELFPLAY GOALMAP x=6.18 isPlayer1Goal=False 
(Filename: E:\unity\Runtime/Export/Debug/Debug.bindings.h Line: 39)

SELFPLAY GOAL 328 scorer=Fan ZhaoReward=-1 total=170:158 
(Filename: E:\unity\Runtime/Export/Debug/Debug.bindings.h Line: 39)

SELFPLAY GOAL 329 scorer=Zhao ZhaoReward=1 total=170:159 
(Filename: E:\unity\Runtime/Export/Debug/Debug.bindings.h Line: 39)

SELFPLAY GOAL 330 scorer=Fan ZhaoReward=-1 total=171:159 
(Filename: E:\unity\Runtime/Export/Debug/Debug.bindings.h Line: 39)

SELFPLAY GOAL 331 scorer=Zhao ZhaoReward=1 total=171:160 
(Filename: E:\unity\Runtime/Export/Debug/Debug.bindings.h Line: 39)

SELFPLAY GOAL 332 scorer=Fan ZhaoReward=-1 total=172:160 
(Filename: E:\unity\Runtime/Export/Debug/Debug.bindings.h Line: 39)

SELFPLAY GOAL 333 scorer=Fan ZhaoReward=-1 total=173:160 
(Filename: E:\unity\Runtime/Export/Debug/Debug.bindings.h Line: 39)

SELFPLAY GOAL 334 scorer=Fan ZhaoReward=-1 total=174:160 
(Filename: E:\unity\Runtime/Export/Debug/Debug.bindings.h Line: 39)

SELFPLAY GOAL 335 scorer=Fan ZhaoReward=-1 total=175:160 
(Filename: E:\unity\Runtime/Export/Debug/Debug.bindings.h Line: 39)

SELFPLAY MATCH 41 goals=8 total=335 score=6:2 
(Filename: E:\unity\Runtime/Export/Debug/Debug.bindings.h Line: 39)

Unloading 4 Unused Serialized files (Serialized files now loaded: 0)
UnloadTime: 0.498400 ms

Unloading 4 unused Assets to reduce memory usage. Loaded Objects now: 1061.
Total: 1.545700 ms (FindLiveObjects: 0.051100 ms CreateObjectMapping: 0.010900 ms MarkObjects: 0.366500 ms  DeleteObjects: 1.116300 ms)

SELFPLAY GOALMAP x=-6.13 isPlayer1Goal=True 
(Filename: E:\unity\Runtime/Export/Debug/Debug.bindings.h Line: 39)

SELFPLAY GOALMAP x=6.18 isPlayer1Goal=False 
(Filename: E:\unity\Runtime/Export/Debug/Debug.bindings.h Line: 39)

SELFPLAY GOAL 336 scorer=Fan ZhaoReward=-1 total=176:160 
(Filename: E:\unity\Runtime/Export/Debug/Debug.bindings.h Line: 39)

SELFPLAY GOAL 337 scorer=Fan ZhaoReward=-1 total=177:160 
(Filename: E:\unity\Runtime/Export/Debug/Debug.bindings.h Line: 39)

SELFPLAY GOAL 338 scorer=Zhao ZhaoReward=1 total=177:161 
(Filename: E:\unity\Runtime/Export/Debug/Debug.bindings.h Line: 39)

SELFPLAY GOAL 339 scorer=Fan ZhaoReward=-1 total=178:161 
(Filename: E:\unity\Runtime/Export/Debug/Debug.bindings.h Line: 39)

SELFPLAY PROGRESS goals=339/500 matches=42 score=178:161 real=165.786 
(Filename: E:\unity\Runtime/Export/Debug/Debug.bindings.h Line: 39)

SELFPLAY GOAL 340 scorer=Fan ZhaoReward=-1 total=179:161 
(Filename: E:\unity\Runtime/Export/Debug/Debug.bindings.h Line: 39)

SELFPLAY GOAL 341 scorer=Fan ZhaoReward=-1 total=180:161 
(Filename: E:\unity\Runtime/Export/Debug/Debug.bindings.h Line: 39)

SELFPLAY GOAL 342 scorer=Zhao ZhaoReward=1 total=180:162 
(Filename: E:\unity\Runtime/Export/Debug/Debug.bindings.h Line: 39)

SELFPLAY GOAL 343 scorer=Zhao ZhaoReward=1 total=180:163 
(Filename: E:\unity\Runtime/Export/Debug/Debug.bindings.h Line: 39)

SELFPLAY GOAL 344 scorer=Zhao ZhaoReward=1 total=180:164 
(Filename: E:\unity\Runtime/Export/Debug/Debug.bindings.h Line: 39)

SELFPLAY GOAL 345 scorer=Fan ZhaoReward=-1 total=181:164 
(Filename: E:\unity\Runtime/Export/Debug/Debug.bindings.h Line: 39)

SELFPLAY GOAL 346 scorer=Zhao ZhaoReward=1 total=181:165 
(Filename: E:\unity\Runtime/Export/Debug/Debug.bindings.h Line: 39)

SELFPLAY MATCH 42 goals=11 total=346 score=6:5 
(Filename: E:\unity\Runtime/Export/Debug/Debug.bindings.h Line: 39)

Unloading 4 Unused Serialized files (Serialized files now loaded: 0)
UnloadTime: 0.577300 ms

Unloading 4 unused Assets to reduce memory usage. Loaded Objects now: 1061.
Total: 1.303100 ms (FindLiveObjects: 0.041600 ms CreateObjectMapping: 0.009900 ms MarkObjects: 0.301400 ms  DeleteObjects: 0.949700 ms)

SELFPLAY GOALMAP x=-6.13 isPlayer1Goal=True 
(Filename: E:\unity\Runtime/Export/Debug/Debug.bindings.h Line: 39)

SELFPLAY GOALMAP x=6.18 isPlayer1Goal=False 
(Filename: E:\unity\Runtime/Export/Debug/Debug.bindings.h Line: 39)

SELFPLAY GOAL 347 scorer=Fan ZhaoReward=-1 total=182:165 
(Filename: E:\unity\Runtime/Export/Debug/Debug.bindings.h Line: 39)

SELFPLAY GOAL 348 scorer=Zhao ZhaoReward=1 total=182:166 
(Filename: E:\unity\Runtime/Export/Debug/Debug.bindings.h Line: 39)

SELFPLAY GOAL 349 scorer=Zhao ZhaoReward=1 total=182:167 
(Filename: E:\unity\Runtime/Export/Debug/Debug.bindings.h Line: 39)

SELFPLAY GOAL 350 scorer=Zhao ZhaoReward=1 total=182:168 
(Filename: E:\unity\Runtime/Export/Debug/Debug.bindings.h Line: 39)

SELFPLAY GOAL 351 scorer=Zhao ZhaoReward=1 total=182:169 
(Filename: E:\unity\Runtime/Export/Debug/Debug.bindings.h Line: 39)

SELFPLAY GOAL 352 scorer=Zhao ZhaoReward=1 total=182:170 
(Filename: E:\unity\Runtime/Export/Debug/Debug.bindings.h Line: 39)

SELFPLAY GOAL 353 scorer=Zhao ZhaoReward=1 total=182:171 
(Filename: E:\unity\Runtime/Export/Debug/Debug.bindings.h Line: 39)

SELFPLAY GOAL 354 scorer=Zhao ZhaoReward=1 total=182:172 
(Filename: E:\unity\Runtime/Export/Debug/Debug.bindings.h Line: 39)

SELFPLAY GOAL 355 scorer=Fan ZhaoReward=-1 total=183:172 
(Filename: E:\unity\Runtime/Export/Debug/Debug.bindings.h Line: 39)

SELFPLAY MATCH 43 goals=9 total=355 score=2:7 
(Filename: E:\unity\Runtime/Export/Debug/Debug.bindings.h Line: 39)

Unloading 4 Unused Serialized files (Serialized files now loaded: 0)
UnloadTime: 0.452100 ms

Unloading 4 unused Assets to reduce memory usage. Loaded Objects now: 1061.
Total: 1.425000 ms (FindLiveObjects: 0.049800 ms CreateObjectMapping: 0.014600 ms MarkObjects: 0.378600 ms  DeleteObjects: 0.981500 ms)

SELFPLAY GOALMAP x=-6.13 isPlayer1Goal=True 
(Filename: E:\unity\Runtime/Export/Debug/Debug.bindings.h Line: 39)

SELFPLAY GOALMAP x=6.18 isPlayer1Goal=False 
(Filename: E:\unity\Runtime/Export/Debug/Debug.bindings.h Line: 39)

SELFPLAY GOAL 356 scorer=Fan ZhaoReward=-1 total=184:172 
(Filename: E:\unity\Runtime/Export/Debug/Debug.bindings.h Line: 39)

SELFPLAY GOAL 357 scorer=Zhao ZhaoReward=1 total=184:173 
(Filename: E:\unity\Runtime/Export/Debug/Debug.bindings.h Line: 39)

SELFPLAY GOAL 358 scorer=Fan ZhaoReward=-1 total=185:173 
(Filename: E:\unity\Runtime/Export/Debug/Debug.bindings.h Line: 39)

SELFPLAY GOAL 359 scorer=Zhao ZhaoReward=1 total=185:174 
(Filename: E:\unity\Runtime/Export/Debug/Debug.bindings.h Line: 39)

SELFPLAY GOAL 360 scorer=Fan ZhaoReward=-1 total=186:174 
(Filename: E:\unity\Runtime/Export/Debug/Debug.bindings.h Line: 39)

SELFPLAY GOAL 361 scorer=Zhao ZhaoReward=1 total=186:175 
(Filename: E:\unity\Runtime/Export/Debug/Debug.bindings.h Line: 39)

SELFPLAY GOAL 362 scorer=Zhao ZhaoReward=1 total=186:176 
(Filename: E:\unity\Runtime/Export/Debug/Debug.bindings.h Line: 39)

SELFPLAY MATCH 44 goals=7 total=362 score=3:4 
(Filename: E:\unity\Runtime/Export/Debug/Debug.bindings.h Line: 39)

Unloading 4 Unused Serialized files (Serialized files now loaded: 0)
UnloadTime: 0.627000 ms

Unloading 4 unused Assets to reduce memory usage. Loaded Objects now: 1061.
Total: 1.237100 ms (FindLiveObjects: 0.041800 ms CreateObjectMapping: 0.009100 ms MarkObjects: 0.307900 ms  DeleteObjects: 0.877800 ms)

SELFPLAY GOALMAP x=-6.13 isPlayer1Goal=True 
(Filename: E:\unity\Runtime/Export/Debug/Debug.bindings.h Line: 39)

SELFPLAY GOALMAP x=6.18 isPlayer1Goal=False 
(Filename: E:\unity\Runtime/Export/Debug/Debug.bindings.h Line: 39)

SELFPLAY GOAL 363 scorer=Zhao ZhaoReward=1 total=186:177 
(Filename: E:\unity\Runtime/Export/Debug/Debug.bindings.h Line: 39)

SELFPLAY GOAL 364 scorer=Zhao ZhaoReward=1 total=186:178 
(Filename: E:\unity\Runtime/Export/Debug/Debug.bindings.h Line: 39)

SELFPLAY GOAL 365 scorer=Zhao ZhaoReward=1 total=186:179 
(Filename: E:\unity\Runtime/Export/Debug/Debug.bindings.h Line: 39)

SELFPLAY GOAL 366 scorer=Zhao ZhaoReward=1 total=186:180 
(Filename: E:\unity\Runtime/Export/Debug/Debug.bindings.h Line: 39)

SELFPLAY GOAL 367 scorer=Fan ZhaoReward=-1 total=187:180 
(Filename: E:\unity\Runtime/Export/Debug/Debug.bindings.h Line: 39)

SELFPLAY GOAL 368 scorer=Fan ZhaoReward=-1 total=188:180 
(Filename: E:\unity\Runtime/Export/Debug/Debug.bindings.h Line: 39)

SELFPLAY GOAL 369 scorer=Zhao ZhaoReward=1 total=188:181 
(Filename: E:\unity\Runtime/Export/Debug/Debug.bindings.h Line: 39)

SELFPLAY MATCH 45 goals=7 total=369 score=2:5 
(Filename: E:\unity\Runtime/Export/Debug/Debug.bindings.h Line: 39)

Unloading 4 Unused Serialized files (Serialized files now loaded: 0)
UnloadTime: 0.662800 ms

Unloading 4 unused Assets to reduce memory usage. Loaded Objects now: 1061.
Total: 1.359700 ms (FindLiveObjects: 0.048200 ms CreateObjectMapping: 0.011200 ms MarkObjects: 0.330800 ms  DeleteObjects: 0.968700 ms)

SELFPLAY GOALMAP x=-6.13 isPlayer1Goal=True 
(Filename: E:\unity\Runtime/Export/Debug/Debug.bindings.h Line: 39)

SELFPLAY GOALMAP x=6.18 isPlayer1Goal=False 
(Filename: E:\unity\Runtime/Export/Debug/Debug.bindings.h Line: 39)

SELFPLAY GOAL 370 scorer=Fan ZhaoReward=-1 total=189:181 
(Filename: E:\unity\Runtime/Export/Debug/Debug.bindings.h Line: 39)

SELFPLAY GOAL 371 scorer=Zhao ZhaoReward=1 total=189:182 
(Filename: E:\unity\Runtime/Export/Debug/Debug.bindings.h Line: 39)

SELFPLAY GOAL 372 scorer=Zhao ZhaoReward=1 total=189:183 
(Filename: E:\unity\Runtime/Export/Debug/Debug.bindings.h Line: 39)

SELFPLAY GOAL 373 scorer=Fan ZhaoReward=-1 total=190:183 
(Filename: E:\unity\Runtime/Export/Debug/Debug.bindings.h Line: 39)

SELFPLAY GOAL 374 scorer=Fan ZhaoReward=-1 total=191:183 
(Filename: E:\unity\Runtime/Export/Debug/Debug.bindings.h Line: 39)

SELFPLAY GOAL 375 scorer=Zhao ZhaoReward=1 total=191:184 
(Filename: E:\unity\Runtime/Export/Debug/Debug.bindings.h Line: 39)

SELFPLAY GOAL 376 scorer=Zhao ZhaoReward=1 total=191:185 
(Filename: E:\unity\Runtime/Export/Debug/Debug.bindings.h Line: 39)

SELFPLAY GOAL 377 scorer=Fan ZhaoReward=-1 total=192:185 
(Filename: E:\unity\Runtime/Export/Debug/Debug.bindings.h Line: 39)

SELFPLAY GOAL 378 scorer=Zhao ZhaoReward=1 total=192:186 
(Filename: E:\unity\Runtime/Export/Debug/Debug.bindings.h Line: 39)

SELFPLAY GOAL 379 scorer=Fan ZhaoReward=-1 total=193:186 
(Filename: E:\unity\Runtime/Export/Debug/Debug.bindings.h Line: 39)

SELFPLAY GOAL 380 scorer=Fan ZhaoReward=-1 total=194:186 
(Filename: E:\unity\Runtime/Export/Debug/Debug.bindings.h Line: 39)

SELFPLAY GOAL 381 scorer=Zhao ZhaoReward=1 total=194:187 
(Filename: E:\unity\Runtime/Export/Debug/Debug.bindings.h Line: 39)

SELFPLAY GOAL 382 scorer=Fan ZhaoReward=-1 total=195:187 
(Filename: E:\unity\Runtime/Export/Debug/Debug.bindings.h Line: 39)

SELFPLAY GOAL 383 scorer=Zhao ZhaoReward=1 total=195:188 
(Filename: E:\unity\Runtime/Export/Debug/Debug.bindings.h Line: 39)

SELFPLAY GOAL 384 scorer=Fan ZhaoReward=-1 total=196:188 
(Filename: E:\unity\Runtime/Export/Debug/Debug.bindings.h Line: 39)

SELFPLAY GOAL 385 scorer=Fan ZhaoReward=-1 total=197:188 
(Filename: E:\unity\Runtime/Export/Debug/Debug.bindings.h Line: 39)

SELFPLAY MATCH 46 goals=16 total=385 score=9:7 
(Filename: E:\unity\Runtime/Export/Debug/Debug.bindings.h Line: 39)

Unloading 4 Unused Serialized files (Serialized files now loaded: 0)
UnloadTime: 0.504900 ms

Unloading 4 unused Assets to reduce memory usage. Loaded Objects now: 1061.
Total: 1.241600 ms (FindLiveObjects: 0.041500 ms CreateObjectMapping: 0.009300 ms MarkObjects: 0.290800 ms  DeleteObjects: 0.899600 ms)

SELFPLAY GOALMAP x=-6.13 isPlayer1Goal=True 
(Filename: E:\unity\Runtime/Export/Debug/Debug.bindings.h Line: 39)

SELFPLAY GOALMAP x=6.18 isPlayer1Goal=False 
(Filename: E:\unity\Runtime/Export/Debug/Debug.bindings.h Line: 39)

SELFPLAY GOAL 386 scorer=Fan ZhaoReward=-1 total=198:188 
(Filename: E:\unity\Runtime/Export/Debug/Debug.bindings.h Line: 39)

SELFPLAY GOAL 387 scorer=Zhao ZhaoReward=1 total=198:189 
(Filename: E:\unity\Runtime/Export/Debug/Debug.bindings.h Line: 39)

SELFPLAY GOAL 388 scorer=Zhao ZhaoReward=1 total=198:190 
(Filename: E:\unity\Runtime/Export/Debug/Debug.bindings.h Line: 39)

SELFPLAY GOAL 389 scorer=Fan ZhaoReward=-1 total=199:190 
(Filename: E:\unity\Runtime/Export/Debug/Debug.bindings.h Line: 39)

SELFPLAY GOAL 390 scorer=Zhao ZhaoReward=1 total=199:191 
(Filename: E:\unity\Runtime/Export/Debug/Debug.bindings.h Line: 39)

SELFPLAY GOAL 391 scorer=Fan ZhaoReward=-1 total=200:191 
(Filename: E:\unity\Runtime/Export/Debug/Debug.bindings.h Line: 39)

SELFPLAY MATCH 47 goals=6 total=391 score=3:3 
(Filename: E:\unity\Runtime/Export/Debug/Debug.bindings.h Line: 39)

Unloading 4 Unused Serialized files (Serialized files now loaded: 0)
UnloadTime: 0.506600 ms

Unloading 4 unused Assets to reduce memory usage. Loaded Objects now: 1061.
Total: 1.332700 ms (FindLiveObjects: 0.046600 ms CreateObjectMapping: 0.010700 ms MarkObjects: 0.303100 ms  DeleteObjects: 0.971800 ms)

SELFPLAY GOALMAP x=-6.13 isPlayer1Goal=True 
(Filename: E:\unity\Runtime/Export/Debug/Debug.bindings.h Line: 39)

SELFPLAY GOALMAP x=6.18 isPlayer1Goal=False 
(Filename: E:\unity\Runtime/Export/Debug/Debug.bindings.h Line: 39)

SELFPLAY GOAL 392 scorer=Fan ZhaoReward=-1 total=201:191 
(Filename: E:\unity\Runtime/Export/Debug/Debug.bindings.h Line: 39)

SELFPLAY GOAL 393 scorer=Zhao ZhaoReward=1 total=201:192 
(Filename: E:\unity\Runtime/Export/Debug/Debug.bindings.h Line: 39)

SELFPLAY GOAL 394 scorer=Fan ZhaoReward=-1 total=202:192 
(Filename: E:\unity\Runtime/Export/Debug/Debug.bindings.h Line: 39)

SELFPLAY GOAL 395 scorer=Zhao ZhaoReward=1 total=202:193 
(Filename: E:\unity\Runtime/Export/Debug/Debug.bindings.h Line: 39)

SELFPLAY GOAL 396 scorer=Fan ZhaoReward=-1 total=203:193 
(Filename: E:\unity\Runtime/Export/Debug/Debug.bindings.h Line: 39)

SELFPLAY GOAL 397 scorer=Zhao ZhaoReward=1 total=203:194 
(Filename: E:\unity\Runtime/Export/Debug/Debug.bindings.h Line: 39)

SELFPLAY GOAL 398 scorer=Zhao ZhaoReward=1 total=203:195 
(Filename: E:\unity\Runtime/Export/Debug/Debug.bindings.h Line: 39)

SELFPLAY GOAL 399 scorer=Zhao ZhaoReward=1 total=203:196 
(Filename: E:\unity\Runtime/Export/Debug/Debug.bindings.h Line: 39)

SELFPLAY GOAL 400 scorer=Zhao ZhaoReward=1 total=203:197 
(Filename: E:\unity\Runtime/Export/Debug/Debug.bindings.h Line: 39)

SELFPLAY GOAL 401 scorer=Fan ZhaoReward=-1 total=204:197 
(Filename: E:\unity\Runtime/Export/Debug/Debug.bindings.h Line: 39)

SELFPLAY GOAL 402 scorer=Fan ZhaoReward=-1 total=205:197 
(Filename: E:\unity\Runtime/Export/Debug/Debug.bindings.h Line: 39)

SELFPLAY GOAL 403 scorer=Zhao ZhaoReward=1 total=205:198 
(Filename: E:\unity\Runtime/Export/Debug/Debug.bindings.h Line: 39)

SELFPLAY GOAL 404 scorer=Fan ZhaoReward=-1 total=206:198 
(Filename: E:\unity\Runtime/Export/Debug/Debug.bindings.h Line: 39)

SELFPLAY GOAL 405 scorer=Fan ZhaoReward=-1 total=207:198 
(Filename: E:\unity\Runtime/Export/Debug/Debug.bindings.h Line: 39)

SELFPLAY MATCH 48 goals=14 total=405 score=7:7 
(Filename: E:\unity\Runtime/Export/Debug/Debug.bindings.h Line: 39)

Unloading 4 Unused Serialized files (Serialized files now loaded: 0)
UnloadTime: 0.703200 ms

Unloading 4 unused Assets to reduce memory usage. Loaded Objects now: 1061.
Total: 1.394900 ms (FindLiveObjects: 0.046000 ms CreateObjectMapping: 0.011300 ms MarkObjects: 0.327100 ms  DeleteObjects: 1.010100 ms)

SELFPLAY GOALMAP x=-6.13 isPlayer1Goal=True 
(Filename: E:\unity\Runtime/Export/Debug/Debug.bindings.h Line: 39)

SELFPLAY GOALMAP x=6.18 isPlayer1Goal=False 
(Filename: E:\unity\Runtime/Export/Debug/Debug.bindings.h Line: 39)

SELFPLAY GOAL 406 scorer=Fan ZhaoReward=-1 total=208:198 
(Filename: E:\unity\Runtime/Export/Debug/Debug.bindings.h Line: 39)

SELFPLAY GOAL 407 scorer=Fan ZhaoReward=-1 total=209:198 
(Filename: E:\unity\Runtime/Export/Debug/Debug.bindings.h Line: 39)

SELFPLAY GOAL 408 scorer=Fan ZhaoReward=-1 total=210:198 
(Filename: E:\unity\Runtime/Export/Debug/Debug.bindings.h Line: 39)

SELFPLAY GOAL 409 scorer=Zhao ZhaoReward=1 total=210:199 
(Filename: E:\unity\Runtime/Export/Debug/Debug.bindings.h Line: 39)

SELFPLAY GOAL 410 scorer=Fan ZhaoReward=-1 total=211:199 
(Filename: E:\unity\Runtime/Export/Debug/Debug.bindings.h Line: 39)

SELFPLAY GOAL 411 scorer=Fan ZhaoReward=-1 total=212:199 
(Filename: E:\unity\Runtime/Export/Debug/Debug.bindings.h Line: 39)

SELFPLAY GOAL 412 scorer=Fan ZhaoReward=-1 total=213:199 
(Filename: E:\unity\Runtime/Export/Debug/Debug.bindings.h Line: 39)

SELFPLAY GOAL 413 scorer=Fan ZhaoReward=-1 total=214:199 
(Filename: E:\unity\Runtime/Export/Debug/Debug.bindings.h Line: 39)

SELFPLAY PROGRESS goals=413/500 matches=49 score=214:199 real=195.7902 
(Filename: E:\unity\Runtime/Export/Debug/Debug.bindings.h Line: 39)

SELFPLAY GOAL 414 scorer=Zhao ZhaoReward=1 total=214:200 
(Filename: E:\unity\Runtime/Export/Debug/Debug.bindings.h Line: 39)

SELFPLAY GOAL 415 scorer=Fan ZhaoReward=-1 total=215:200 
(Filename: E:\unity\Runtime/Export/Debug/Debug.bindings.h Line: 39)

SELFPLAY MATCH 49 goals=10 total=415 score=8:2 
(Filename: E:\unity\Runtime/Export/Debug/Debug.bindings.h Line: 39)

Unloading 4 Unused Serialized files (Serialized files now loaded: 0)
UnloadTime: 0.402200 ms

Unloading 4 unused Assets to reduce memory usage. Loaded Objects now: 1061.
Total: 1.392600 ms (FindLiveObjects: 0.045900 ms CreateObjectMapping: 0.010800 ms MarkObjects: 0.375200 ms  DeleteObjects: 0.960400 ms)

SELFPLAY GOALMAP x=-6.13 isPlayer1Goal=True 
(Filename: E:\unity\Runtime/Export/Debug/Debug.bindings.h Line: 39)

SELFPLAY GOALMAP x=6.18 isPlayer1Goal=False 
(Filename: E:\unity\Runtime/Export/Debug/Debug.bindings.h Line: 39)

SELFPLAY GOAL 416 scorer=Fan ZhaoReward=-1 total=216:200 
(Filename: E:\unity\Runtime/Export/Debug/Debug.bindings.h Line: 39)

SELFPLAY GOAL 417 scorer=Zhao ZhaoReward=1 total=216:201 
(Filename: E:\unity\Runtime/Export/Debug/Debug.bindings.h Line: 39)

SELFPLAY GOAL 418 scorer=Zhao ZhaoReward=1 total=216:202 
(Filename: E:\unity\Runtime/Export/Debug/Debug.bindings.h Line: 39)

SELFPLAY GOAL 419 scorer=Fan ZhaoReward=-1 total=217:202 
(Filename: E:\unity\Runtime/Export/Debug/Debug.bindings.h Line: 39)

SELFPLAY GOAL 420 scorer=Zhao ZhaoReward=1 total=217:203 
(Filename: E:\unity\Runtime/Export/Debug/Debug.bindings.h Line: 39)

SELFPLAY GOAL 421 scorer=Zhao ZhaoReward=1 total=217:204 
(Filename: E:\unity\Runtime/Export/Debug/Debug.bindings.h Line: 39)

SELFPLAY GOAL 422 scorer=Fan ZhaoReward=-1 total=218:204 
(Filename: E:\unity\Runtime/Export/Debug/Debug.bindings.h Line: 39)

SELFPLAY GOAL 423 scorer=Fan ZhaoReward=-1 total=219:204 
(Filename: E:\unity\Runtime/Export/Debug/Debug.bindings.h Line: 39)

SELFPLAY GOAL 424 scorer=Zhao ZhaoReward=1 total=219:205 
(Filename: E:\unity\Runtime/Export/Debug/Debug.bindings.h Line: 39)

SELFPLAY GOAL 425 scorer=Fan ZhaoReward=-1 total=220:205 
(Filename: E:\unity\Runtime/Export/Debug/Debug.bindings.h Line: 39)

SELFPLAY MATCH 50 goals=10 total=425 score=5:5 
(Filename: E:\unity\Runtime/Export/Debug/Debug.bindings.h Line: 39)

Unloading 4 Unused Serialized files (Serialized files now loaded: 0)
UnloadTime: 0.689600 ms

Unloading 4 unused Assets to reduce memory usage. Loaded Objects now: 1061.
Total: 1.230100 ms (FindLiveObjects: 0.050100 ms CreateObjectMapping: 0.010100 ms MarkObjects: 0.303700 ms  DeleteObjects: 0.865700 ms)

SELFPLAY GOALMAP x=-6.13 isPlayer1Goal=True 
(Filename: E:\unity\Runtime/Export/Debug/Debug.bindings.h Line: 39)

SELFPLAY GOALMAP x=6.18 isPlayer1Goal=False 
(Filename: E:\unity\Runtime/Export/Debug/Debug.bindings.h Line: 39)

SELFPLAY GOAL 426 scorer=Fan ZhaoReward=-1 total=221:205 
(Filename: E:\unity\Runtime/Export/Debug/Debug.bindings.h Line: 39)

SELFPLAY GOAL 427 scorer=Fan ZhaoReward=-1 total=222:205 
(Filename: E:\unity\Runtime/Export/Debug/Debug.bindings.h Line: 39)

SELFPLAY GOAL 428 scorer=Fan ZhaoReward=-1 total=223:205 
(Filename: E:\unity\Runtime/Export/Debug/Debug.bindings.h Line: 39)

SELFPLAY GOAL 429 scorer=Fan ZhaoReward=-1 total=224:205 
(Filename: E:\unity\Runtime/Export/Debug/Debug.bindings.h Line: 39)

SELFPLAY GOAL 430 scorer=Fan ZhaoReward=-1 total=225:205 
(Filename: E:\unity\Runtime/Export/Debug/Debug.bindings.h Line: 39)

SELFPLAY GOAL 431 scorer=Zhao ZhaoReward=1 total=225:206 
(Filename: E:\unity\Runtime/Export/Debug/Debug.bindings.h Line: 39)

SELFPLAY GOAL 432 scorer=Zhao ZhaoReward=1 total=225:207 
(Filename: E:\unity\Runtime/Export/Debug/Debug.bindings.h Line: 39)

SELFPLAY GOAL 433 scorer=Fan ZhaoReward=-1 total=226:207 
(Filename: E:\unity\Runtime/Export/Debug/Debug.bindings.h Line: 39)

SELFPLAY GOAL 434 scorer=Fan ZhaoReward=-1 total=227:207 
(Filename: E:\unity\Runtime/Export/Debug/Debug.bindings.h Line: 39)

SELFPLAY MATCH 51 goals=9 total=434 score=7:2 
(Filename: E:\unity\Runtime/Export/Debug/Debug.bindings.h Line: 39)

Unloading 4 Unused Serialized files (Serialized files now loaded: 0)
UnloadTime: 0.771600 ms

Unloading 4 unused Assets to reduce memory usage. Loaded Objects now: 1061.
Total: 1.282700 ms (FindLiveObjects: 0.044900 ms CreateObjectMapping: 0.010800 ms MarkObjects: 0.325200 ms  DeleteObjects: 0.901000 ms)

SELFPLAY GOALMAP x=-6.13 isPlayer1Goal=True 
(Filename: E:\unity\Runtime/Export/Debug/Debug.bindings.h Line: 39)

SELFPLAY GOALMAP x=6.18 isPlayer1Goal=False 
(Filename: E:\unity\Runtime/Export/Debug/Debug.bindings.h Line: 39)

SELFPLAY GOAL 435 scorer=Fan ZhaoReward=-1 total=228:207 
(Filename: E:\unity\Runtime/Export/Debug/Debug.bindings.h Line: 39)

SELFPLAY GOAL 436 scorer=Fan ZhaoReward=-1 total=229:207 
(Filename: E:\unity\Runtime/Export/Debug/Debug.bindings.h Line: 39)

SELFPLAY GOAL 437 scorer=Zhao ZhaoReward=1 total=229:208 
(Filename: E:\unity\Runtime/Export/Debug/Debug.bindings.h Line: 39)

SELFPLAY GOAL 438 scorer=Zhao ZhaoReward=1 total=229:209 
(Filename: E:\unity\Runtime/Export/Debug/Debug.bindings.h Line: 39)

SELFPLAY GOAL 439 scorer=Zhao ZhaoReward=1 total=229:210 
(Filename: E:\unity\Runtime/Export/Debug/Debug.bindings.h Line: 39)

SELFPLAY GOAL 440 scorer=Fan ZhaoReward=-1 total=230:210 
(Filename: E:\unity\Runtime/Export/Debug/Debug.bindings.h Line: 39)

SELFPLAY GOAL 441 scorer=Fan ZhaoReward=-1 total=231:210 
(Filename: E:\unity\Runtime/Export/Debug/Debug.bindings.h Line: 39)

SELFPLAY GOAL 442 scorer=Zhao ZhaoReward=1 total=231:211 
(Filename: E:\unity\Runtime/Export/Debug/Debug.bindings.h Line: 39)

SELFPLAY GOAL 443 scorer=Zhao ZhaoReward=1 total=231:212 
(Filename: E:\unity\Runtime/Export/Debug/Debug.bindings.h Line: 39)

SELFPLAY GOAL 444 scorer=Zhao ZhaoReward=1 total=231:213 
(Filename: E:\unity\Runtime/Export/Debug/Debug.bindings.h Line: 39)

SELFPLAY GOAL 445 scorer=Fan ZhaoReward=-1 total=232:213 
(Filename: E:\unity\Runtime/Export/Debug/Debug.bindings.h Line: 39)

SELFPLAY MATCH 52 goals=11 total=445 score=5:6 
(Filename: E:\unity\Runtime/Export/Debug/Debug.bindings.h Line: 39)

Unloading 4 Unused Serialized files (Serialized files now loaded: 0)
UnloadTime: 1.215900 ms

Unloading 4 unused Assets to reduce memory usage. Loaded Objects now: 1061.
Total: 1.382200 ms (FindLiveObjects: 0.046500 ms CreateObjectMapping: 0.011400 ms MarkObjects: 0.414500 ms  DeleteObjects: 0.909200 ms)

SELFPLAY GOALMAP x=-6.13 isPlayer1Goal=True 
(Filename: E:\unity\Runtime/Export/Debug/Debug.bindings.h Line: 39)

SELFPLAY GOALMAP x=6.18 isPlayer1Goal=False 
(Filename: E:\unity\Runtime/Export/Debug/Debug.bindings.h Line: 39)

SELFPLAY GOAL 446 scorer=Fan ZhaoReward=-1 total=233:213 
(Filename: E:\unity\Runtime/Export/Debug/Debug.bindings.h Line: 39)

SELFPLAY GOAL 447 scorer=Zhao ZhaoReward=1 total=233:214 
(Filename: E:\unity\Runtime/Export/Debug/Debug.bindings.h Line: 39)

SELFPLAY GOAL 448 scorer=Zhao ZhaoReward=1 total=233:215 
(Filename: E:\unity\Runtime/Export/Debug/Debug.bindings.h Line: 39)

SELFPLAY GOAL 449 scorer=Fan ZhaoReward=-1 total=234:215 
(Filename: E:\unity\Runtime/Export/Debug/Debug.bindings.h Line: 39)

SELFPLAY GOAL 450 scorer=Fan ZhaoReward=-1 total=235:215 
(Filename: E:\unity\Runtime/Export/Debug/Debug.bindings.h Line: 39)

SELFPLAY GOAL 451 scorer=Fan ZhaoReward=-1 total=236:215 
(Filename: E:\unity\Runtime/Export/Debug/Debug.bindings.h Line: 39)

SELFPLAY GOAL 452 scorer=Fan ZhaoReward=-1 total=237:215 
(Filename: E:\unity\Runtime/Export/Debug/Debug.bindings.h Line: 39)

SELFPLAY GOAL 453 scorer=Zhao ZhaoReward=1 total=237:216 
(Filename: E:\unity\Runtime/Export/Debug/Debug.bindings.h Line: 39)

SELFPLAY GOAL 454 scorer=Zhao ZhaoReward=1 total=237:217 
(Filename: E:\unity\Runtime/Export/Debug/Debug.bindings.h Line: 39)

SELFPLAY GOAL 455 scorer=Zhao ZhaoReward=1 total=237:218 
(Filename: E:\unity\Runtime/Export/Debug/Debug.bindings.h Line: 39)

SELFPLAY MATCH 53 goals=10 total=455 score=5:5 
(Filename: E:\unity\Runtime/Export/Debug/Debug.bindings.h Line: 39)

Unloading 4 Unused Serialized files (Serialized files now loaded: 0)
UnloadTime: 0.502600 ms

Unloading 4 unused Assets to reduce memory usage. Loaded Objects now: 1061.
Total: 1.422500 ms (FindLiveObjects: 0.046100 ms CreateObjectMapping: 0.009900 ms MarkObjects: 0.352300 ms  DeleteObjects: 1.013600 ms)

SELFPLAY GOALMAP x=-6.13 isPlayer1Goal=True 
(Filename: E:\unity\Runtime/Export/Debug/Debug.bindings.h Line: 39)

SELFPLAY GOALMAP x=6.18 isPlayer1Goal=False 
(Filename: E:\unity\Runtime/Export/Debug/Debug.bindings.h Line: 39)

SELFPLAY GOAL 456 scorer=Zhao ZhaoReward=1 total=237:219 
(Filename: E:\unity\Runtime/Export/Debug/Debug.bindings.h Line: 39)

SELFPLAY GOAL 457 scorer=Fan ZhaoReward=-1 total=238:219 
(Filename: E:\unity\Runtime/Export/Debug/Debug.bindings.h Line: 39)

SELFPLAY GOAL 458 scorer=Fan ZhaoReward=-1 total=239:219 
(Filename: E:\unity\Runtime/Export/Debug/Debug.bindings.h Line: 39)

SELFPLAY GOAL 459 scorer=Zhao ZhaoReward=1 total=239:220 
(Filename: E:\unity\Runtime/Export/Debug/Debug.bindings.h Line: 39)

SELFPLAY GOAL 460 scorer=Zhao ZhaoReward=1 total=239:221 
(Filename: E:\unity\Runtime/Export/Debug/Debug.bindings.h Line: 39)

SELFPLAY GOAL 461 scorer=Fan ZhaoReward=-1 total=240:221 
(Filename: E:\unity\Runtime/Export/Debug/Debug.bindings.h Line: 39)

SELFPLAY GOAL 462 scorer=Fan ZhaoReward=-1 total=241:221 
(Filename: E:\unity\Runtime/Export/Debug/Debug.bindings.h Line: 39)

SELFPLAY MATCH 54 goals=7 total=462 score=4:3 
(Filename: E:\unity\Runtime/Export/Debug/Debug.bindings.h Line: 39)

Unloading 4 Unused Serialized files (Serialized files now loaded: 0)
UnloadTime: 0.614900 ms

Unloading 4 unused Assets to reduce memory usage. Loaded Objects now: 1061.
Total: 1.424300 ms (FindLiveObjects: 0.047000 ms CreateObjectMapping: 0.009800 ms MarkObjects: 0.270500 ms  DeleteObjects: 1.096600 ms)

SELFPLAY GOALMAP x=-6.13 isPlayer1Goal=True 
(Filename: E:\unity\Runtime/Export/Debug/Debug.bindings.h Line: 39)

SELFPLAY GOALMAP x=6.18 isPlayer1Goal=False 
(Filename: E:\unity\Runtime/Export/Debug/Debug.bindings.h Line: 39)

SELFPLAY GOAL 463 scorer=Fan ZhaoReward=-1 total=242:221 
(Filename: E:\unity\Runtime/Export/Debug/Debug.bindings.h Line: 39)

SELFPLAY GOAL 464 scorer=Fan ZhaoReward=-1 total=243:221 
(Filename: E:\unity\Runtime/Export/Debug/Debug.bindings.h Line: 39)

SELFPLAY GOAL 465 scorer=Zhao ZhaoReward=1 total=243:222 
(Filename: E:\unity\Runtime/Export/Debug/Debug.bindings.h Line: 39)

SELFPLAY GOAL 466 scorer=Fan ZhaoReward=-1 total=244:222 
(Filename: E:\unity\Runtime/Export/Debug/Debug.bindings.h Line: 39)

SELFPLAY GOAL 467 scorer=Fan ZhaoReward=-1 total=245:222 
(Filename: E:\unity\Runtime/Export/Debug/Debug.bindings.h Line: 39)

SELFPLAY GOAL 468 scorer=Zhao ZhaoReward=1 total=245:223 
(Filename: E:\unity\Runtime/Export/Debug/Debug.bindings.h Line: 39)

SELFPLAY GOAL 469 scorer=Zhao ZhaoReward=1 total=245:224 
(Filename: E:\unity\Runtime/Export/Debug/Debug.bindings.h Line: 39)

SELFPLAY GOAL 470 scorer=Zhao ZhaoReward=1 total=245:225 
(Filename: E:\unity\Runtime/Export/Debug/Debug.bindings.h Line: 39)

SELFPLAY GOAL 471 scorer=Zhao ZhaoReward=1 total=245:226 
(Filename: E:\unity\Runtime/Export/Debug/Debug.bindings.h Line: 39)

SELFPLAY GOAL 472 scorer=Zhao ZhaoReward=1 total=245:227 
(Filename: E:\unity\Runtime/Export/Debug/Debug.bindings.h Line: 39)

SELFPLAY GOAL 473 scorer=Zhao ZhaoReward=1 total=245:228 
(Filename: E:\unity\Runtime/Export/Debug/Debug.bindings.h Line: 39)

SELFPLAY GOAL 474 scorer=Zhao ZhaoReward=1 total=245:229 
(Filename: E:\unity\Runtime/Export/Debug/Debug.bindings.h Line: 39)

SELFPLAY GOAL 475 scorer=Fan ZhaoReward=-1 total=246:229 
(Filename: E:\unity\Runtime/Export/Debug/Debug.bindings.h Line: 39)

SELFPLAY MATCH 55 goals=13 total=475 score=5:8 
(Filename: E:\unity\Runtime/Export/Debug/Debug.bindings.h Line: 39)

Unloading 4 Unused Serialized files (Serialized files now loaded: 0)
UnloadTime: 0.480600 ms

Unloading 4 unused Assets to reduce memory usage. Loaded Objects now: 1061.
Total: 1.171600 ms (FindLiveObjects: 0.034700 ms CreateObjectMapping: 0.009000 ms MarkObjects: 0.256000 ms  DeleteObjects: 0.871400 ms)

SELFPLAY GOALMAP x=-6.13 isPlayer1Goal=True 
(Filename: E:\unity\Runtime/Export/Debug/Debug.bindings.h Line: 39)

SELFPLAY GOALMAP x=6.18 isPlayer1Goal=False 
(Filename: E:\unity\Runtime/Export/Debug/Debug.bindings.h Line: 39)

SELFPLAY GOAL 476 scorer=Zhao ZhaoReward=1 total=246:230 
(Filename: E:\unity\Runtime/Export/Debug/Debug.bindings.h Line: 39)

SELFPLAY GOAL 477 scorer=Fan ZhaoReward=-1 total=247:230 
(Filename: E:\unity\Runtime/Export/Debug/Debug.bindings.h Line: 39)

SELFPLAY GOAL 478 scorer=Zhao ZhaoReward=1 total=247:231 
(Filename: E:\unity\Runtime/Export/Debug/Debug.bindings.h Line: 39)

SELFPLAY GOAL 479 scorer=Zhao ZhaoReward=1 total=247:232 
(Filename: E:\unity\Runtime/Export/Debug/Debug.bindings.h Line: 39)

SELFPLAY GOAL 480 scorer=Zhao ZhaoReward=1 total=247:233 
(Filename: E:\unity\Runtime/Export/Debug/Debug.bindings.h Line: 39)

SELFPLAY GOAL 481 scorer=Zhao ZhaoReward=1 total=247:234 
(Filename: E:\unity\Runtime/Export/Debug/Debug.bindings.h Line: 39)

SELFPLAY GOAL 482 scorer=Zhao ZhaoReward=1 total=247:235 
(Filename: E:\unity\Runtime/Export/Debug/Debug.bindings.h Line: 39)

SELFPLAY GOAL 483 scorer=Zhao ZhaoReward=1 total=247:236 
(Filename: E:\unity\Runtime/Export/Debug/Debug.bindings.h Line: 39)

SELFPLAY GOAL 484 scorer=Fan ZhaoReward=-1 total=248:236 
(Filename: E:\unity\Runtime/Export/Debug/Debug.bindings.h Line: 39)

SELFPLAY GOAL 485 scorer=Fan ZhaoReward=-1 total=249:236 
(Filename: E:\unity\Runtime/Export/Debug/Debug.bindings.h Line: 39)

SELFPLAY GOAL 486 scorer=Fan ZhaoReward=-1 total=250:236 
(Filename: E:\unity\Runtime/Export/Debug/Debug.bindings.h Line: 39)

SELFPLAY GOAL 487 scorer=Fan ZhaoReward=-1 total=251:236 
(Filename: E:\unity\Runtime/Export/Debug/Debug.bindings.h Line: 39)

SELFPLAY MATCH 56 goals=12 total=487 score=5:7 
(Filename: E:\unity\Runtime/Export/Debug/Debug.bindings.h Line: 39)

Unloading 4 Unused Serialized files (Serialized files now loaded: 0)
UnloadTime: 0.423700 ms

Unloading 4 unused Assets to reduce memory usage. Loaded Objects now: 1061.
Total: 1.159700 ms (FindLiveObjects: 0.032600 ms CreateObjectMapping: 0.008500 ms MarkObjects: 0.251500 ms  DeleteObjects: 0.866900 ms)

SELFPLAY GOALMAP x=-6.13 isPlayer1Goal=True 
(Filename: E:\unity\Runtime/Export/Debug/Debug.bindings.h Line: 39)

SELFPLAY GOALMAP x=6.18 isPlayer1Goal=False 
(Filename: E:\unity\Runtime/Export/Debug/Debug.bindings.h Line: 39)

SELFPLAY PROGRESS goals=487/500 matches=57 score=251:236 real=225.7907 
(Filename: E:\unity\Runtime/Export/Debug/Debug.bindings.h Line: 39)

SELFPLAY GOAL 488 scorer=Fan ZhaoReward=-1 total=252:236 
(Filename: E:\unity\Runtime/Export/Debug/Debug.bindings.h Line: 39)

SELFPLAY GOAL 489 scorer=Fan ZhaoReward=-1 total=253:236 
(Filename: E:\unity\Runtime/Export/Debug/Debug.bindings.h Line: 39)

SELFPLAY GOAL 490 scorer=Fan ZhaoReward=-1 total=254:236 
(Filename: E:\unity\Runtime/Export/Debug/Debug.bindings.h Line: 39)

SELFPLAY GOAL 491 scorer=Zhao ZhaoReward=1 total=254:237 
(Filename: E:\unity\Runtime/Export/Debug/Debug.bindings.h Line: 39)

SELFPLAY GOAL 492 scorer=Zhao ZhaoReward=1 total=254:238 
(Filename: E:\unity\Runtime/Export/Debug/Debug.bindings.h Line: 39)

SELFPLAY GOAL 493 scorer=Fan ZhaoReward=-1 total=255:238 
(Filename: E:\unity\Runtime/Export/Debug/Debug.bindings.h Line: 39)

SELFPLAY GOAL 494 scorer=Zhao ZhaoReward=1 total=255:239 
(Filename: E:\unity\Runtime/Export/Debug/Debug.bindings.h Line: 39)

SELFPLAY GOAL 495 scorer=Zhao ZhaoReward=1 total=255:240 
(Filename: E:\unity\Runtime/Export/Debug/Debug.bindings.h Line: 39)

SELFPLAY MATCH 57 goals=8 total=495 score=4:4 
(Filename: E:\unity\Runtime/Export/Debug/Debug.bindings.h Line: 39)

Unloading 4 Unused Serialized files (Serialized files now loaded: 0)
UnloadTime: 0.397300 ms

Unloading 4 unused Assets to reduce memory usage. Loaded Objects now: 1061.
Total: 1.057000 ms (FindLiveObjects: 0.034800 ms CreateObjectMapping: 0.008400 ms MarkObjects: 0.239300 ms  DeleteObjects: 0.774200 ms)

SELFPLAY GOALMAP x=-6.13 isPlayer1Goal=True 
(Filename: E:\unity\Runtime/Export/Debug/Debug.bindings.h Line: 39)

SELFPLAY GOALMAP x=6.18 isPlayer1Goal=False 
(Filename: E:\unity\Runtime/Export/Debug/Debug.bindings.h Line: 39)

SELFPLAY GOAL 496 scorer=Zhao ZhaoReward=1 total=255:241 
(Filename: E:\unity\Runtime/Export/Debug/Debug.bindings.h Line: 39)

SELFPLAY GOAL 497 scorer=Fan ZhaoReward=-1 total=256:241 
(Filename: E:\unity\Runtime/Export/Debug/Debug.bindings.h Line: 39)

SELFPLAY GOAL 498 scorer=Fan ZhaoReward=-1 total=257:241 
(Filename: E:\unity\Runtime/Export/Debug/Debug.bindings.h Line: 39)

SELFPLAY GOAL 499 scorer=Fan ZhaoReward=-1 total=258:241 
(Filename: E:\unity\Runtime/Export/Debug/Debug.bindings.h Line: 39)

SELFPLAY GOAL 500 scorer=Fan ZhaoReward=-1 total=259:241 
(Filename: E:\unity\Runtime/Export/Debug/Debug.bindings.h Line: 39)

SELFPLAY MATCH 58 goals=5 total=500 score=4:1 
(Filename: E:\unity\Runtime/Export/Debug/Debug.bindings.h Line: 39)

SELFPLAY COMPLETE goals=500 fan=259 zhao=241 matches=58 failures=0 
(Filename: E:\unity\Runtime/Export/Debug/Debug.bindings.h Line: 39)

Setting up 12 worker threads for Enlighten.
  Thread -> id: 2ed4 -> priority: 1 
  Thread -> id: 49f0 -> priority: 1 
  Thread -> id: 3c98 -> priority: 1 
  Thread -> id: 2d50 -> priority: 1 
  Thread -> id: 8f34 -> priority: 1 
  Thread -> id: 1e68 -> priority: 1 
  Thread -> id: 917c -> priority: 1 
  Thread -> id: 9424 -> priority: 1 
  Thread -> id: 88d4 -> priority: 1 
  Thread -> id: 9c8c -> priority: 1 
  Thread -> id: 7520 -> priority: 1 
  Thread -> id: 2fa4 -> priority: 1 

Mono path[0] = 'C:/Users/Alienware/Documents/范志毅VS赵鹏/范志毅VS赵鹏 PC双人版（32位）/鑼冨織姣匳S璧甸箯 PC鍙屼汉鐗堬紙32浣嶏級/AI Mod Source/build/fan-strategy-selfplay-experiment-baseline-worker-3/FanZhiYi_Data/Managed'
Mono config path = 'C:/Users/Alienware/Documents/范志毅VS赵鹏/范志毅VS赵鹏 PC双人版（32位）/鑼冨織姣匳S璧甸箯 PC鍙屼汉鐗堬紙32浣嶏級/AI Mod Source/build/fan-strategy-selfplay-experiment-baseline-worker-3/MonoBleedingEdge/etc'
AS: AutoStreaming module initializing.Initialize engine version: 2019.4.33f1c1 (c2f94a8bebb3)
[Subsystems] Discovering subsystems at path C:/Users/Alienware/Documents/范志毅VS赵鹏/范志毅VS赵鹏 PC双人版（32位）/鑼冨織姣匳S璧甸箯 PC鍙屼汉鐗堬紙32浣嶏級/AI Mod Source/build/fan-strategy-selfplay-experiment-baseline-worker-3/FanZhiYi_Data/UnitySubsystems
Forcing GfxDevice: Null
GfxDevice: creating device client; threaded=0
NullGfxDevice:
    Version:  NULL 1.0 [1.0]
    Renderer: Null Device
    Vendor:   Unity Technologies
Begin MonoManager ReloadAssembly
- Completed reload, in  0.155 seconds
Microsoft Media Foundation video decoding to texture disabled: graphics device is Null, only Direct3D 11 and Direct3D 12 (only on desktop) are supported for hardware-accelerated video decoding.
UnloadTime: 0.538000 ms
Unloading 5 Unused Serialized files (Serialized files now loaded: 0)
UnloadTime: 0.203600 ms

Unloading 145 unused Assets to reduce memory usage. Loaded Objects now: 1003.
Total: 0.563600 ms (FindLiveObjects: 0.038900 ms CreateObjectMapping: 0.010600 ms MarkObjects: 0.229500 ms  DeleteObjects: 0.284000 ms)

SELFPLAY GOALMAP x=-6.13 isPlayer1Goal=True 
(Filename: E:\unity\Runtime/Export/Debug/Debug.bindings.h Line: 39)

SELFPLAY GOALMAP x=6.18 isPlayer1Goal=False 
(Filename: E:\unity\Runtime/Export/Debug/Debug.bindings.h Line: 39)

SELFPLAY GOAL 101 scorer=Fan ZhaoReward=-1 total=57:44 
(Filename: E:\unity\Runtime/Export/Debug/Debug.bindings.h Line: 39)

SELFPLAY GOAL 102 scorer=Fan ZhaoReward=-1 total=58:44 
(Filename: E:\unity\Runtime/Export/Debug/Debug.bindings.h Line: 39)

SELFPLAY GOAL 103 scorer=Zhao ZhaoReward=1 total=58:45 
(Filename: E:\unity\Runtime/Export/Debug/Debug.bindings.h Line: 39)

SELFPLAY GOAL 104 scorer=Fan ZhaoReward=-1 total=59:45 
(Filename: E:\unity\Runtime/Export/Debug/Debug.bindings.h Line: 39)

SELFPLAY GOAL 105 scorer=Fan ZhaoReward=-1 total=60:45 
(Filename: E:\unity\Runtime/Export/Debug/Debug.bindings.h Line: 39)

SELFPLAY GOAL 106 scorer=Fan ZhaoReward=-1 total=61:45 
(Filename: E:\unity\Runtime/Export/Debug/Debug.bindings.h Line: 39)

SELFPLAY GOAL 107 scorer=Fan ZhaoReward=-1 total=62:45 
(Filename: E:\unity\Runtime/Export/Debug/Debug.bindings.h Line: 39)

SELFPLAY GOAL 108 scorer=Fan ZhaoReward=-1 total=63:45 
(Filename: E:\unity\Runtime/Export/Debug/Debug.bindings.h Line: 39)

SELFPLAY GOAL 109 scorer=Zhao ZhaoReward=1 total=63:46 
(Filename: E:\unity\Runtime/Export/Debug/Debug.bindings.h Line: 39)

SELFPLAY MATCH 14 goals=9 total=109 score=7:2 
(Filename: E:\unity\Runtime/Export/Debug/Debug.bindings.h Line: 39)

Unloading 4 Unused Serialized files (Serialized files now loaded: 0)
UnloadTime: 1.624900 ms

Unloading 37 unused Assets to reduce memory usage. Loaded Objects now: 1061.
Total: 1.535000 ms (FindLiveObjects: 0.045200 ms CreateObjectMapping: 0.009700 ms MarkObjects: 0.260800 ms  DeleteObjects: 1.218600 ms)

SELFPLAY GOALMAP x=-6.13 isPlayer1Goal=True 
(Filename: E:\unity\Runtime/Export/Debug/Debug.bindings.h Line: 39)

SELFPLAY GOALMAP x=6.18 isPlayer1Goal=False 
(Filename: E:\unity\Runtime/Export/Debug/Debug.bindings.h Line: 39)

SELFPLAY GOAL 110 scorer=Fan ZhaoReward=-1 total=64:46 
(Filename: E:\unity\Runtime/Export/Debug/Debug.bindings.h Line: 39)

SELFPLAY GOAL 111 scorer=Zhao ZhaoReward=1 total=64:47 
(Filename: E:\unity\Runtime/Export/Debug/Debug.bindings.h Line: 39)

SELFPLAY GOAL 112 scorer=Zhao ZhaoReward=1 total=64:48 
(Filename: E:\unity\Runtime/Export/Debug/Debug.bindings.h Line: 39)

SELFPLAY GOAL 113 scorer=Fan ZhaoReward=-1 total=65:48 
(Filename: E:\unity\Runtime/Export/Debug/Debug.bindings.h Line: 39)

SELFPLAY GOAL 114 scorer=Fan ZhaoReward=-1 total=66:48 
(Filename: E:\unity\Runtime/Export/Debug/Debug.bindings.h Line: 39)

SELFPLAY GOAL 115 scorer=Zhao ZhaoReward=1 total=66:49 
(Filename: E:\unity\Runtime/Export/Debug/Debug.bindings.h Line: 39)

SELFPLAY GOAL 116 scorer=Zhao ZhaoReward=1 total=66:50 
(Filename: E:\unity\Runtime/Export/Debug/Debug.bindings.h Line: 39)

SELFPLAY MATCH 15 goals=7 total=116 score=3:4 
(Filename: E:\unity\Runtime/Export/Debug/Debug.bindings.h Line: 39)

Unloading 4 Unused Serialized files (Serialized files now loaded: 0)
UnloadTime: 0.458500 ms

Unloading 4 unused Assets to reduce memory usage. Loaded Objects now: 1061.
Total: 1.212400 ms (FindLiveObjects: 0.041500 ms CreateObjectMapping: 0.008800 ms MarkObjects: 0.257500 ms  DeleteObjects: 0.904100 ms)

SELFPLAY GOALMAP x=-6.13 isPlayer1Goal=True 
(Filename: E:\unity\Runtime/Export/Debug/Debug.bindings.h Line: 39)

SELFPLAY GOALMAP x=6.18 isPlayer1Goal=False 
(Filename: E:\unity\Runtime/Export/Debug/Debug.bindings.h Line: 39)

SELFPLAY GOAL 117 scorer=Zhao ZhaoReward=1 total=66:51 
(Filename: E:\unity\Runtime/Export/Debug/Debug.bindings.h Line: 39)

SELFPLAY GOAL 118 scorer=Zhao ZhaoReward=1 total=66:52 
(Filename: E:\unity\Runtime/Export/Debug/Debug.bindings.h Line: 39)

SELFPLAY GOAL 119 scorer=Zhao ZhaoReward=1 total=66:53 
(Filename: E:\unity\Runtime/Export/Debug/Debug.bindings.h Line: 39)

SELFPLAY GOAL 120 scorer=Zhao ZhaoReward=1 total=66:54 
(Filename: E:\unity\Runtime/Export/Debug/Debug.bindings.h Line: 39)

SELFPLAY GOAL 121 scorer=Fan ZhaoReward=-1 total=67:54 
(Filename: E:\unity\Runtime/Export/Debug/Debug.bindings.h Line: 39)

SELFPLAY MATCH 16 goals=5 total=121 score=1:4 
(Filename: E:\unity\Runtime/Export/Debug/Debug.bindings.h Line: 39)

Unloading 4 Unused Serialized files (Serialized files now loaded: 0)
UnloadTime: 0.653200 ms

Unloading 4 unused Assets to reduce memory usage. Loaded Objects now: 1061.
Total: 1.426800 ms (FindLiveObjects: 0.040700 ms CreateObjectMapping: 0.008700 ms MarkObjects: 0.263000 ms  DeleteObjects: 1.113900 ms)

SELFPLAY GOALMAP x=-6.13 isPlayer1Goal=True 
(Filename: E:\unity\Runtime/Export/Debug/Debug.bindings.h Line: 39)

SELFPLAY GOALMAP x=6.18 isPlayer1Goal=False 
(Filename: E:\unity\Runtime/Export/Debug/Debug.bindings.h Line: 39)

SELFPLAY GOAL 122 scorer=Zhao ZhaoReward=1 total=67:55 
(Filename: E:\unity\Runtime/Export/Debug/Debug.bindings.h Line: 39)

SELFPLAY GOAL 123 scorer=Zhao ZhaoReward=1 total=67:56 
(Filename: E:\unity\Runtime/Export/Debug/Debug.bindings.h Line: 39)

SELFPLAY GOAL 124 scorer=Zhao ZhaoReward=1 total=67:57 
(Filename: E:\unity\Runtime/Export/Debug/Debug.bindings.h Line: 39)

SELFPLAY GOAL 125 scorer=Fan ZhaoReward=-1 total=68:57 
(Filename: E:\unity\Runtime/Export/Debug/Debug.bindings.h Line: 39)

SELFPLAY GOAL 126 scorer=Zhao ZhaoReward=1 total=68:58 
(Filename: E:\unity\Runtime/Export/Debug/Debug.bindings.h Line: 39)

SELFPLAY GOAL 127 scorer=Fan ZhaoReward=-1 total=69:58 
(Filename: E:\unity\Runtime/Export/Debug/Debug.bindings.h Line: 39)

SELFPLAY GOAL 128 scorer=Fan ZhaoReward=-1 total=70:58 
(Filename: E:\unity\Runtime/Export/Debug/Debug.bindings.h Line: 39)

SELFPLAY MATCH 17 goals=7 total=128 score=3:4 
(Filename: E:\unity\Runtime/Export/Debug/Debug.bindings.h Line: 39)

Unloading 4 Unused Serialized files (Serialized files now loaded: 0)
UnloadTime: 0.722600 ms

Unloading 4 unused Assets to reduce memory usage. Loaded Objects now: 1061.
Total: 1.250900 ms (FindLiveObjects: 0.042600 ms CreateObjectMapping: 0.010600 ms MarkObjects: 0.257000 ms  DeleteObjects: 0.940300 ms)

SELFPLAY GOALMAP x=-6.13 isPlayer1Goal=True 
(Filename: E:\unity\Runtime/Export/Debug/Debug.bindings.h Line: 39)

SELFPLAY GOALMAP x=6.18 isPlayer1Goal=False 
(Filename: E:\unity\Runtime/Export/Debug/Debug.bindings.h Line: 39)

SELFPLAY GOAL 129 scorer=Zhao ZhaoReward=1 total=70:59 
(Filename: E:\unity\Runtime/Export/Debug/Debug.bindings.h Line: 39)

SELFPLAY GOAL 130 scorer=Fan ZhaoReward=-1 total=71:59 
(Filename: E:\unity\Runtime/Export/Debug/Debug.bindings.h Line: 39)

SELFPLAY GOAL 131 scorer=Zhao ZhaoReward=1 total=71:60 
(Filename: E:\unity\Runtime/Export/Debug/Debug.bindings.h Line: 39)

SELFPLAY GOAL 132 scorer=Zhao ZhaoReward=1 total=71:61 
(Filename: E:\unity\Runtime/Export/Debug/Debug.bindings.h Line: 39)

SELFPLAY GOAL 133 scorer=Fan ZhaoReward=-1 total=72:61 
(Filename: E:\unity\Runtime/Export/Debug/Debug.bindings.h Line: 39)

SELFPLAY GOAL 134 scorer=Zhao ZhaoReward=1 total=72:62 
(Filename: E:\unity\Runtime/Export/Debug/Debug.bindings.h Line: 39)

SELFPLAY GOAL 135 scorer=Zhao ZhaoReward=1 total=72:63 
(Filename: E:\unity\Runtime/Export/Debug/Debug.bindings.h Line: 39)

SELFPLAY GOAL 136 scorer=Fan ZhaoReward=-1 total=73:63 
(Filename: E:\unity\Runtime/Export/Debug/Debug.bindings.h Line: 39)

SELFPLAY GOAL 137 scorer=Zhao ZhaoReward=1 total=73:64 
(Filename: E:\unity\Runtime/Export/Debug/Debug.bindings.h Line: 39)

SELFPLAY GOAL 138 scorer=Zhao ZhaoReward=1 total=73:65 
(Filename: E:\unity\Runtime/Export/Debug/Debug.bindings.h Line: 39)

SELFPLAY MATCH 18 goals=10 total=138 score=3:7 
(Filename: E:\unity\Runtime/Export/Debug/Debug.bindings.h Line: 39)

Unloading 4 Unused Serialized files (Serialized files now loaded: 0)
UnloadTime: 0.440500 ms

Unloading 4 unused Assets to reduce memory usage. Loaded Objects now: 1061.
Total: 1.276000 ms (FindLiveObjects: 0.045000 ms CreateObjectMapping: 0.011200 ms MarkObjects: 0.263000 ms  DeleteObjects: 0.956400 ms)

SELFPLAY GOALMAP x=-6.13 isPlayer1Goal=True 
(Filename: E:\unity\Runtime/Export/Debug/Debug.bindings.h Line: 39)

SELFPLAY GOALMAP x=6.18 isPlayer1Goal=False 
(Filename: E:\unity\Runtime/Export/Debug/Debug.bindings.h Line: 39)

SELFPLAY GOAL 139 scorer=Fan ZhaoReward=-1 total=74:65 
(Filename: E:\unity\Runtime/Export/Debug/Debug.bindings.h Line: 39)

SELFPLAY GOAL 140 scorer=Fan ZhaoReward=-1 total=75:65 
(Filename: E:\unity\Runtime/Export/Debug/Debug.bindings.h Line: 39)

SELFPLAY GOAL 141 scorer=Zhao ZhaoReward=1 total=75:66 
(Filename: E:\unity\Runtime/Export/Debug/Debug.bindings.h Line: 39)

SELFPLAY GOAL 142 scorer=Fan ZhaoReward=-1 total=76:66 
(Filename: E:\unity\Runtime/Export/Debug/Debug.bindings.h Line: 39)

SELFPLAY GOAL 143 scorer=Zhao ZhaoReward=1 total=76:67 
(Filename: E:\unity\Runtime/Export/Debug/Debug.bindings.h Line: 39)

SELFPLAY GOAL 144 scorer=Zhao ZhaoReward=1 total=76:68 
(Filename: E:\unity\Runtime/Export/Debug/Debug.bindings.h Line: 39)

SELFPLAY GOAL 145 scorer=Fan ZhaoReward=-1 total=77:68 
(Filename: E:\unity\Runtime/Export/Debug/Debug.bindings.h Line: 39)

SELFPLAY GOAL 146 scorer=Zhao ZhaoReward=1 total=77:69 
(Filename: E:\unity\Runtime/Export/Debug/Debug.bindings.h Line: 39)

SELFPLAY GOAL 147 scorer=Fan ZhaoReward=-1 total=78:69 
(Filename: E:\unity\Runtime/Export/Debug/Debug.bindings.h Line: 39)

SELFPLAY MATCH 19 goals=9 total=147 score=5:4 
(Filename: E:\unity\Runtime/Export/Debug/Debug.bindings.h Line: 39)

Unloading 4 Unused Serialized files (Serialized files now loaded: 0)
UnloadTime: 0.503900 ms

Unloading 4 unused Assets to reduce memory usage. Loaded Objects now: 1061.
Total: 1.276000 ms (FindLiveObjects: 0.040400 ms CreateObjectMapping: 0.016900 ms MarkObjects: 0.327300 ms  DeleteObjects: 0.890800 ms)

SELFPLAY GOALMAP x=-6.13 isPlayer1Goal=True 
(Filename: E:\unity\Runtime/Export/Debug/Debug.bindings.h Line: 39)

SELFPLAY GOALMAP x=6.18 isPlayer1Goal=False 
(Filename: E:\unity\Runtime/Export/Debug/Debug.bindings.h Line: 39)

SELFPLAY GOAL 148 scorer=Zhao ZhaoReward=1 total=78:70 
(Filename: E:\unity\Runtime/Export/Debug/Debug.bindings.h Line: 39)

SELFPLAY GOAL 149 scorer=Zhao ZhaoReward=1 total=78:71 
(Filename: E:\unity\Runtime/Export/Debug/Debug.bindings.h Line: 39)

SELFPLAY GOAL 150 scorer=Fan ZhaoReward=-1 total=79:71 
(Filename: E:\unity\Runtime/Export/Debug/Debug.bindings.h Line: 39)

SELFPLAY GOAL 151 scorer=Zhao ZhaoReward=1 total=79:72 
(Filename: E:\unity\Runtime/Export/Debug/Debug.bindings.h Line: 39)

SELFPLAY GOAL 152 scorer=Fan ZhaoReward=-1 total=80:72 
(Filename: E:\unity\Runtime/Export/Debug/Debug.bindings.h Line: 39)

SELFPLAY GOAL 153 scorer=Fan ZhaoReward=-1 total=81:72 
(Filename: E:\unity\Runtime/Export/Debug/Debug.bindings.h Line: 39)

SELFPLAY GOAL 154 scorer=Zhao ZhaoReward=1 total=81:73 
(Filename: E:\unity\Runtime/Export/Debug/Debug.bindings.h Line: 39)

SELFPLAY GOAL 155 scorer=Fan ZhaoReward=-1 total=82:73 
(Filename: E:\unity\Runtime/Export/Debug/Debug.bindings.h Line: 39)

SELFPLAY MATCH 20 goals=8 total=155 score=4:4 
(Filename: E:\unity\Runtime/Export/Debug/Debug.bindings.h Line: 39)

Unloading 4 Unused Serialized files (Serialized files now loaded: 0)
UnloadTime: 0.437000 ms

Unloading 4 unused Assets to reduce memory usage. Loaded Objects now: 1061.
Total: 1.351000 ms (FindLiveObjects: 0.044100 ms CreateObjectMapping: 0.010300 ms MarkObjects: 0.320400 ms  DeleteObjects: 0.975800 ms)

SELFPLAY GOALMAP x=-6.13 isPlayer1Goal=True 
(Filename: E:\unity\Runtime/Export/Debug/Debug.bindings.h Line: 39)

SELFPLAY GOALMAP x=6.18 isPlayer1Goal=False 
(Filename: E:\unity\Runtime/Export/Debug/Debug.bindings.h Line: 39)

SELFPLAY GOAL 156 scorer=Fan ZhaoReward=-1 total=83:73 
(Filename: E:\unity\Runtime/Export/Debug/Debug.bindings.h Line: 39)

SELFPLAY PROGRESS goals=156/500 matches=21 score=83:73 real=80.14189 
(Filename: E:\unity\Runtime/Export/Debug/Debug.bindings.h Line: 39)

SELFPLAY GOAL 157 scorer=Zhao ZhaoReward=1 total=83:74 
(Filename: E:\unity\Runtime/Export/Debug/Debug.bindings.h Line: 39)

SELFPLAY GOAL 158 scorer=Zhao ZhaoReward=1 total=83:75 
(Filename: E:\unity\Runtime/Export/Debug/Debug.bindings.h Line: 39)

SELFPLAY GOAL 159 scorer=Fan ZhaoReward=-1 total=84:75 
(Filename: E:\unity\Runtime/Export/Debug/Debug.bindings.h Line: 39)

SELFPLAY GOAL 160 scorer=Fan ZhaoReward=-1 total=85:75 
(Filename: E:\unity\Runtime/Export/Debug/Debug.bindings.h Line: 39)

SELFPLAY GOAL 161 scorer=Fan ZhaoReward=-1 total=86:75 
(Filename: E:\unity\Runtime/Export/Debug/Debug.bindings.h Line: 39)

SELFPLAY GOAL 162 scorer=Zhao ZhaoReward=1 total=86:76 
(Filename: E:\unity\Runtime/Export/Debug/Debug.bindings.h Line: 39)

SELFPLAY GOAL 163 scorer=Fan ZhaoReward=-1 total=87:76 
(Filename: E:\unity\Runtime/Export/Debug/Debug.bindings.h Line: 39)

SELFPLAY MATCH 21 goals=8 total=163 score=5:3 
(Filename: E:\unity\Runtime/Export/Debug/Debug.bindings.h Line: 39)

Unloading 4 Unused Serialized files (Serialized files now loaded: 0)
UnloadTime: 0.470700 ms

Unloading 4 unused Assets to reduce memory usage. Loaded Objects now: 1061.
Total: 1.444900 ms (FindLiveObjects: 0.041900 ms CreateObjectMapping: 0.008900 ms MarkObjects: 0.285500 ms  DeleteObjects: 1.108200 ms)

SELFPLAY GOALMAP x=-6.13 isPlayer1Goal=True 
(Filename: E:\unity\Runtime/Export/Debug/Debug.bindings.h Line: 39)

SELFPLAY GOALMAP x=6.18 isPlayer1Goal=False 
(Filename: E:\unity\Runtime/Export/Debug/Debug.bindings.h Line: 39)

SELFPLAY GOAL 164 scorer=Zhao ZhaoReward=1 total=87:77 
(Filename: E:\unity\Runtime/Export/Debug/Debug.bindings.h Line: 39)

SELFPLAY GOAL 165 scorer=Zhao ZhaoReward=1 total=87:78 
(Filename: E:\unity\Runtime/Export/Debug/Debug.bindings.h Line: 39)

SELFPLAY GOAL 166 scorer=Zhao ZhaoReward=1 total=87:79 
(Filename: E:\unity\Runtime/Export/Debug/Debug.bindings.h Line: 39)

SELFPLAY MATCH 22 goals=3 total=166 score=0:3 
(Filename: E:\unity\Runtime/Export/Debug/Debug.bindings.h Line: 39)

Unloading 4 Unused Serialized files (Serialized files now loaded: 0)
UnloadTime: 0.900800 ms

Unloading 4 unused Assets to reduce memory usage. Loaded Objects now: 1061.
Total: 1.349200 ms (FindLiveObjects: 0.043100 ms CreateObjectMapping: 0.009000 ms MarkObjects: 0.370900 ms  DeleteObjects: 0.925500 ms)

SELFPLAY GOALMAP x=-6.13 isPlayer1Goal=True 
(Filename: E:\unity\Runtime/Export/Debug/Debug.bindings.h Line: 39)

SELFPLAY GOALMAP x=6.18 isPlayer1Goal=False 
(Filename: E:\unity\Runtime/Export/Debug/Debug.bindings.h Line: 39)

SELFPLAY GOAL 167 scorer=Fan ZhaoReward=-1 total=88:79 
(Filename: E:\unity\Runtime/Export/Debug/Debug.bindings.h Line: 39)

SELFPLAY GOAL 168 scorer=Zhao ZhaoReward=1 total=88:80 
(Filename: E:\unity\Runtime/Export/Debug/Debug.bindings.h Line: 39)

SELFPLAY GOAL 169 scorer=Fan ZhaoReward=-1 total=89:80 
(Filename: E:\unity\Runtime/Export/Debug/Debug.bindings.h Line: 39)

SELFPLAY GOAL 170 scorer=Fan ZhaoReward=-1 total=90:80 
(Filename: E:\unity\Runtime/Export/Debug/Debug.bindings.h Line: 39)

SELFPLAY GOAL 171 scorer=Zhao ZhaoReward=1 total=90:81 
(Filename: E:\unity\Runtime/Export/Debug/Debug.bindings.h Line: 39)

SELFPLAY GOAL 172 scorer=Fan ZhaoReward=-1 total=91:81 
(Filename: E:\unity\Runtime/Export/Debug/Debug.bindings.h Line: 39)

SELFPLAY GOAL 173 scorer=Fan ZhaoReward=-1 total=92:81 
(Filename: E:\unity\Runtime/Export/Debug/Debug.bindings.h Line: 39)

SELFPLAY GOAL 174 scorer=Zhao ZhaoReward=1 total=92:82 
(Filename: E:\unity\Runtime/Export/Debug/Debug.bindings.h Line: 39)

SELFPLAY GOAL 175 scorer=Fan ZhaoReward=-1 total=93:82 
(Filename: E:\unity\Runtime/Export/Debug/Debug.bindings.h Line: 39)

SELFPLAY GOAL 176 scorer=Zhao ZhaoReward=1 total=93:83 
(Filename: E:\unity\Runtime/Export/Debug/Debug.bindings.h Line: 39)

SELFPLAY GOAL 177 scorer=Zhao ZhaoReward=1 total=93:84 
(Filename: E:\unity\Runtime/Export/Debug/Debug.bindings.h Line: 39)

SELFPLAY GOAL 178 scorer=Fan ZhaoReward=-1 total=94:84 
(Filename: E:\unity\Runtime/Export/Debug/Debug.bindings.h Line: 39)

SELFPLAY GOAL 179 scorer=Fan ZhaoReward=-1 total=95:84 
(Filename: E:\unity\Runtime/Export/Debug/Debug.bindings.h Line: 39)

SELFPLAY MATCH 23 goals=13 total=179 score=8:5 
(Filename: E:\unity\Runtime/Export/Debug/Debug.bindings.h Line: 39)

Unloading 4 Unused Serialized files (Serialized files now loaded: 0)
UnloadTime: 0.507800 ms

Unloading 4 unused Assets to reduce memory usage. Loaded Objects now: 1061.
Total: 1.270400 ms (FindLiveObjects: 0.071400 ms CreateObjectMapping: 0.010800 ms MarkObjects: 0.264400 ms  DeleteObjects: 0.923200 ms)

SELFPLAY GOALMAP x=-6.13 isPlayer1Goal=True 
(Filename: E:\unity\Runtime/Export/Debug/Debug.bindings.h Line: 39)

SELFPLAY GOALMAP x=6.18 isPlayer1Goal=False 
(Filename: E:\unity\Runtime/Export/Debug/Debug.bindings.h Line: 39)

SELFPLAY GOAL 180 scorer=Zhao ZhaoReward=1 total=95:85 
(Filename: E:\unity\Runtime/Export/Debug/Debug.bindings.h Line: 39)

SELFPLAY GOAL 181 scorer=Zhao ZhaoReward=1 total=95:86 
(Filename: E:\unity\Runtime/Export/Debug/Debug.bindings.h Line: 39)

SELFPLAY GOAL 182 scorer=Fan ZhaoReward=-1 total=96:86 
(Filename: E:\unity\Runtime/Export/Debug/Debug.bindings.h Line: 39)

SELFPLAY GOAL 183 scorer=Zhao ZhaoReward=1 total=96:87 
(Filename: E:\unity\Runtime/Export/Debug/Debug.bindings.h Line: 39)

SELFPLAY GOAL 184 scorer=Fan ZhaoReward=-1 total=97:87 
(Filename: E:\unity\Runtime/Export/Debug/Debug.bindings.h Line: 39)

SELFPLAY GOAL 185 scorer=Fan ZhaoReward=-1 total=98:87 
(Filename: E:\unity\Runtime/Export/Debug/Debug.bindings.h Line: 39)

SELFPLAY GOAL 186 scorer=Zhao ZhaoReward=1 total=98:88 
(Filename: E:\unity\Runtime/Export/Debug/Debug.bindings.h Line: 39)

SELFPLAY GOAL 187 scorer=Fan ZhaoReward=-1 total=99:88 
(Filename: E:\unity\Runtime/Export/Debug/Debug.bindings.h Line: 39)

SELFPLAY GOAL 188 scorer=Fan ZhaoReward=-1 total=100:88 
(Filename: E:\unity\Runtime/Export/Debug/Debug.bindings.h Line: 39)

SELFPLAY GOAL 189 scorer=Fan ZhaoReward=-1 total=101:88 
(Filename: E:\unity\Runtime/Export/Debug/Debug.bindings.h Line: 39)

SELFPLAY GOAL 190 scorer=Fan ZhaoReward=-1 total=102:88 
(Filename: E:\unity\Runtime/Export/Debug/Debug.bindings.h Line: 39)

SELFPLAY MATCH 24 goals=11 total=190 score=7:4 
(Filename: E:\unity\Runtime/Export/Debug/Debug.bindings.h Line: 39)

Unloading 4 Unused Serialized files (Serialized files now loaded: 0)
UnloadTime: 0.488000 ms

Unloading 4 unused Assets to reduce memory usage. Loaded Objects now: 1061.
Total: 1.333200 ms (FindLiveObjects: 0.045000 ms CreateObjectMapping: 0.008800 ms MarkObjects: 0.333400 ms  DeleteObjects: 0.945600 ms)

SELFPLAY GOALMAP x=-6.13 isPlayer1Goal=True 
(Filename: E:\unity\Runtime/Export/Debug/Debug.bindings.h Line: 39)

SELFPLAY GOALMAP x=6.18 isPlayer1Goal=False 
(Filename: E:\unity\Runtime/Export/Debug/Debug.bindings.h Line: 39)

SELFPLAY GOAL 191 scorer=Fan ZhaoReward=-1 total=103:88 
(Filename: E:\unity\Runtime/Export/Debug/Debug.bindings.h Line: 39)

SELFPLAY GOAL 192 scorer=Fan ZhaoReward=-1 total=104:88 
(Filename: E:\unity\Runtime/Export/Debug/Debug.bindings.h Line: 39)

SELFPLAY GOAL 193 scorer=Fan ZhaoReward=-1 total=105:88 
(Filename: E:\unity\Runtime/Export/Debug/Debug.bindings.h Line: 39)

SELFPLAY GOAL 194 scorer=Zhao ZhaoReward=1 total=105:89 
(Filename: E:\unity\Runtime/Export/Debug/Debug.bindings.h Line: 39)

SELFPLAY GOAL 195 scorer=Zhao ZhaoReward=1 total=105:90 
(Filename: E:\unity\Runtime/Export/Debug/Debug.bindings.h Line: 39)

SELFPLAY GOAL 196 scorer=Fan ZhaoReward=-1 total=106:90 
(Filename: E:\unity\Runtime/Export/Debug/Debug.bindings.h Line: 39)

SELFPLAY MATCH 25 goals=6 total=196 score=4:2 
(Filename: E:\unity\Runtime/Export/Debug/Debug.bindings.h Line: 39)

Unloading 4 Unused Serialized files (Serialized files now loaded: 0)
UnloadTime: 0.635000 ms

Unloading 4 unused Assets to reduce memory usage. Loaded Objects now: 1061.
Total: 1.257800 ms (FindLiveObjects: 0.042000 ms CreateObjectMapping: 0.009000 ms MarkObjects: 0.289300 ms  DeleteObjects: 0.916900 ms)

SELFPLAY GOALMAP x=-6.13 isPlayer1Goal=True 
(Filename: E:\unity\Runtime/Export/Debug/Debug.bindings.h Line: 39)

SELFPLAY GOALMAP x=6.18 isPlayer1Goal=False 
(Filename: E:\unity\Runtime/Export/Debug/Debug.bindings.h Line: 39)

SELFPLAY GOAL 197 scorer=Zhao ZhaoReward=1 total=106:91 
(Filename: E:\unity\Runtime/Export/Debug/Debug.bindings.h Line: 39)

SELFPLAY GOAL 198 scorer=Zhao ZhaoReward=1 total=106:92 
(Filename: E:\unity\Runtime/Export/Debug/Debug.bindings.h Line: 39)

SELFPLAY GOAL 199 scorer=Zhao ZhaoReward=1 total=106:93 
(Filename: E:\unity\Runtime/Export/Debug/Debug.bindings.h Line: 39)

SELFPLAY GOAL 200 scorer=Zhao ZhaoReward=1 total=106:94 
(Filename: E:\unity\Runtime/Export/Debug/Debug.bindings.h Line: 39)

SELFPLAY GOAL 201 scorer=Zhao ZhaoReward=1 total=106:95 
(Filename: E:\unity\Runtime/Export/Debug/Debug.bindings.h Line: 39)

SELFPLAY GOAL 202 scorer=Fan ZhaoReward=-1 total=107:95 
(Filename: E:\unity\Runtime/Export/Debug/Debug.bindings.h Line: 39)

SELFPLAY GOAL 203 scorer=Zhao ZhaoReward=1 total=107:96 
(Filename: E:\unity\Runtime/Export/Debug/Debug.bindings.h Line: 39)

SELFPLAY GOAL 204 scorer=Zhao ZhaoReward=1 total=107:97 
(Filename: E:\unity\Runtime/Export/Debug/Debug.bindings.h Line: 39)

SELFPLAY GOAL 205 scorer=Zhao ZhaoReward=1 total=107:98 
(Filename: E:\unity\Runtime/Export/Debug/Debug.bindings.h Line: 39)

SELFPLAY GOAL 206 scorer=Fan ZhaoReward=-1 total=108:98 
(Filename: E:\unity\Runtime/Export/Debug/Debug.bindings.h Line: 39)

SELFPLAY GOAL 207 scorer=Fan ZhaoReward=-1 total=109:98 
(Filename: E:\unity\Runtime/Export/Debug/Debug.bindings.h Line: 39)

SELFPLAY MATCH 26 goals=11 total=207 score=3:8 
(Filename: E:\unity\Runtime/Export/Debug/Debug.bindings.h Line: 39)

Unloading 4 Unused Serialized files (Serialized files now loaded: 0)
UnloadTime: 0.701000 ms

Unloading 4 unused Assets to reduce memory usage. Loaded Objects now: 1061.
Total: 1.515200 ms (FindLiveObjects: 0.042200 ms CreateObjectMapping: 0.009700 ms MarkObjects: 0.336100 ms  DeleteObjects: 1.126800 ms)

SELFPLAY GOALMAP x=-6.13 isPlayer1Goal=True 
(Filename: E:\unity\Runtime/Export/Debug/Debug.bindings.h Line: 39)

SELFPLAY GOALMAP x=6.18 isPlayer1Goal=False 
(Filename: E:\unity\Runtime/Export/Debug/Debug.bindings.h Line: 39)

SELFPLAY GOAL 208 scorer=Fan ZhaoReward=-1 total=110:98 
(Filename: E:\unity\Runtime/Export/Debug/Debug.bindings.h Line: 39)

SELFPLAY GOAL 209 scorer=Fan ZhaoReward=-1 total=111:98 
(Filename: E:\unity\Runtime/Export/Debug/Debug.bindings.h Line: 39)

SELFPLAY GOAL 210 scorer=Zhao ZhaoReward=1 total=111:99 
(Filename: E:\unity\Runtime/Export/Debug/Debug.bindings.h Line: 39)

SELFPLAY GOAL 211 scorer=Zhao ZhaoReward=1 total=111:100 
(Filename: E:\unity\Runtime/Export/Debug/Debug.bindings.h Line: 39)

SELFPLAY GOAL 212 scorer=Fan ZhaoReward=-1 total=112:100 
(Filename: E:\unity\Runtime/Export/Debug/Debug.bindings.h Line: 39)

SELFPLAY GOAL 213 scorer=Zhao ZhaoReward=1 total=112:101 
(Filename: E:\unity\Runtime/Export/Debug/Debug.bindings.h Line: 39)

SELFPLAY GOAL 214 scorer=Fan ZhaoReward=-1 total=113:101 
(Filename: E:\unity\Runtime/Export/Debug/Debug.bindings.h Line: 39)

SELFPLAY GOAL 215 scorer=Zhao ZhaoReward=1 total=113:102 
(Filename: E:\unity\Runtime/Export/Debug/Debug.bindings.h Line: 39)

SELFPLAY MATCH 27 goals=8 total=215 score=4:4 
(Filename: E:\unity\Runtime/Export/Debug/Debug.bindings.h Line: 39)

Unloading 4 Unused Serialized files (Serialized files now loaded: 0)
UnloadTime: 0.985000 ms

Unloading 4 unused Assets to reduce memory usage. Loaded Objects now: 1061.
Total: 1.426300 ms (FindLiveObjects: 0.058800 ms CreateObjectMapping: 0.012700 ms MarkObjects: 0.336200 ms  DeleteObjects: 1.018000 ms)

SELFPLAY GOALMAP x=-6.13 isPlayer1Goal=True 
(Filename: E:\unity\Runtime/Export/Debug/Debug.bindings.h Line: 39)

SELFPLAY GOALMAP x=6.18 isPlayer1Goal=False 
(Filename: E:\unity\Runtime/Export/Debug/Debug.bindings.h Line: 39)

SELFPLAY GOAL 216 scorer=Fan ZhaoReward=-1 total=114:102 
(Filename: E:\unity\Runtime/Export/Debug/Debug.bindings.h Line: 39)

SELFPLAY GOAL 217 scorer=Zhao ZhaoReward=1 total=114:103 
(Filename: E:\unity\Runtime/Export/Debug/Debug.bindings.h Line: 39)

SELFPLAY GOAL 218 scorer=Fan ZhaoReward=-1 total=115:103 
(Filename: E:\unity\Runtime/Export/Debug/Debug.bindings.h Line: 39)

SELFPLAY GOAL 219 scorer=Fan ZhaoReward=-1 total=116:103 
(Filename: E:\unity\Runtime/Export/Debug/Debug.bindings.h Line: 39)

SELFPLAY GOAL 220 scorer=Fan ZhaoReward=-1 total=117:103 
(Filename: E:\unity\Runtime/Export/Debug/Debug.bindings.h Line: 39)

SELFPLAY GOAL 221 scorer=Fan ZhaoReward=-1 total=118:103 
(Filename: E:\unity\Runtime/Export/Debug/Debug.bindings.h Line: 39)

SELFPLAY PROGRESS goals=221/500 matches=28 score=118:103 real=110.142 
(Filename: E:\unity\Runtime/Export/Debug/Debug.bindings.h Line: 39)

SELFPLAY GOAL 222 scorer=Fan ZhaoReward=-1 total=119:103 
(Filename: E:\unity\Runtime/Export/Debug/Debug.bindings.h Line: 39)

SELFPLAY MATCH 28 goals=7 total=222 score=6:1 
(Filename: E:\unity\Runtime/Export/Debug/Debug.bindings.h Line: 39)

Unloading 4 Unused Serialized files (Serialized files now loaded: 0)
UnloadTime: 0.672200 ms

Unloading 4 unused Assets to reduce memory usage. Loaded Objects now: 1061.
Total: 1.324000 ms (FindLiveObjects: 0.039800 ms CreateObjectMapping: 0.008800 ms MarkObjects: 0.290100 ms  DeleteObjects: 0.984700 ms)

SELFPLAY GOALMAP x=-6.13 isPlayer1Goal=True 
(Filename: E:\unity\Runtime/Export/Debug/Debug.bindings.h Line: 39)

SELFPLAY GOALMAP x=6.18 isPlayer1Goal=False 
(Filename: E:\unity\Runtime/Export/Debug/Debug.bindings.h Line: 39)

SELFPLAY GOAL 223 scorer=Zhao ZhaoReward=1 total=119:104 
(Filename: E:\unity\Runtime/Export/Debug/Debug.bindings.h Line: 39)

SELFPLAY GOAL 224 scorer=Zhao ZhaoReward=1 total=119:105 
(Filename: E:\unity\Runtime/Export/Debug/Debug.bindings.h Line: 39)

SELFPLAY GOAL 225 scorer=Fan ZhaoReward=-1 total=120:105 
(Filename: E:\unity\Runtime/Export/Debug/Debug.bindings.h Line: 39)

SELFPLAY GOAL 226 scorer=Zhao ZhaoReward=1 total=120:106 
(Filename: E:\unity\Runtime/Export/Debug/Debug.bindings.h Line: 39)

SELFPLAY GOAL 227 scorer=Zhao ZhaoReward=1 total=120:107 
(Filename: E:\unity\Runtime/Export/Debug/Debug.bindings.h Line: 39)

SELFPLAY GOAL 228 scorer=Fan ZhaoReward=-1 total=121:107 
(Filename: E:\unity\Runtime/Export/Debug/Debug.bindings.h Line: 39)

SELFPLAY GOAL 229 scorer=Fan ZhaoReward=-1 total=122:107 
(Filename: E:\unity\Runtime/Export/Debug/Debug.bindings.h Line: 39)

SELFPLAY GOAL 230 scorer=Fan ZhaoReward=-1 total=123:107 
(Filename: E:\unity\Runtime/Export/Debug/Debug.bindings.h Line: 39)

SELFPLAY GOAL 231 scorer=Zhao ZhaoReward=1 total=123:108 
(Filename: E:\unity\Runtime/Export/Debug/Debug.bindings.h Line: 39)

SELFPLAY GOAL 232 scorer=Fan ZhaoReward=-1 total=124:108 
(Filename: E:\unity\Runtime/Export/Debug/Debug.bindings.h Line: 39)

SELFPLAY GOAL 233 scorer=Zhao ZhaoReward=1 total=124:109 
(Filename: E:\unity\Runtime/Export/Debug/Debug.bindings.h Line: 39)

SELFPLAY GOAL 234 scorer=Fan ZhaoReward=-1 total=125:109 
(Filename: E:\unity\Runtime/Export/Debug/Debug.bindings.h Line: 39)

SELFPLAY MATCH 29 goals=12 total=234 score=6:6 
(Filename: E:\unity\Runtime/Export/Debug/Debug.bindings.h Line: 39)

Unloading 4 Unused Serialized files (Serialized files now loaded: 0)
UnloadTime: 0.589300 ms

Unloading 4 unused Assets to reduce memory usage. Loaded Objects now: 1061.
Total: 1.264300 ms (FindLiveObjects: 0.039300 ms CreateObjectMapping: 0.008900 ms MarkObjects: 0.275300 ms  DeleteObjects: 0.940400 ms)

SELFPLAY GOALMAP x=-6.13 isPlayer1Goal=True 
(Filename: E:\unity\Runtime/Export/Debug/Debug.bindings.h Line: 39)

SELFPLAY GOALMAP x=6.18 isPlayer1Goal=False 
(Filename: E:\unity\Runtime/Export/Debug/Debug.bindings.h Line: 39)

SELFPLAY GOAL 235 scorer=Fan ZhaoReward=-1 total=126:109 
(Filename: E:\unity\Runtime/Export/Debug/Debug.bindings.h Line: 39)

SELFPLAY GOAL 236 scorer=Zhao ZhaoReward=1 total=126:110 
(Filename: E:\unity\Runtime/Export/Debug/Debug.bindings.h Line: 39)

SELFPLAY GOAL 237 scorer=Fan ZhaoReward=-1 total=127:110 
(Filename: E:\unity\Runtime/Export/Debug/Debug.bindings.h Line: 39)

SELFPLAY GOAL 238 scorer=Zhao ZhaoReward=1 total=127:111 
(Filename: E:\unity\Runtime/Export/Debug/Debug.bindings.h Line: 39)

SELFPLAY GOAL 239 scorer=Zhao ZhaoReward=1 total=127:112 
(Filename: E:\unity\Runtime/Export/Debug/Debug.bindings.h Line: 39)

SELFPLAY GOAL 240 scorer=Fan ZhaoReward=-1 total=128:112 
(Filename: E:\unity\Runtime/Export/Debug/Debug.bindings.h Line: 39)

SELFPLAY MATCH 30 goals=6 total=240 score=3:3 
(Filename: E:\unity\Runtime/Export/Debug/Debug.bindings.h Line: 39)

Unloading 4 Unused Serialized files (Serialized files now loaded: 0)
UnloadTime: 0.622200 ms

Unloading 4 unused Assets to reduce memory usage. Loaded Objects now: 1061.
Total: 1.435400 ms (FindLiveObjects: 0.041100 ms CreateObjectMapping: 0.009000 ms MarkObjects: 0.296200 ms  DeleteObjects: 1.088800 ms)

SELFPLAY GOALMAP x=-6.13 isPlayer1Goal=True 
(Filename: E:\unity\Runtime/Export/Debug/Debug.bindings.h Line: 39)

SELFPLAY GOALMAP x=6.18 isPlayer1Goal=False 
(Filename: E:\unity\Runtime/Export/Debug/Debug.bindings.h Line: 39)

SELFPLAY GOAL 241 scorer=Fan ZhaoReward=-1 total=129:112 
(Filename: E:\unity\Runtime/Export/Debug/Debug.bindings.h Line: 39)

SELFPLAY GOAL 242 scorer=Fan ZhaoReward=-1 total=130:112 
(Filename: E:\unity\Runtime/Export/Debug/Debug.bindings.h Line: 39)

SELFPLAY GOAL 243 scorer=Zhao ZhaoReward=1 total=130:113 
(Filename: E:\unity\Runtime/Export/Debug/Debug.bindings.h Line: 39)

SELFPLAY GOAL 244 scorer=Fan ZhaoReward=-1 total=131:113 
(Filename: E:\unity\Runtime/Export/Debug/Debug.bindings.h Line: 39)

SELFPLAY GOAL 245 scorer=Zhao ZhaoReward=1 total=131:114 
(Filename: E:\unity\Runtime/Export/Debug/Debug.bindings.h Line: 39)

SELFPLAY GOAL 246 scorer=Fan ZhaoReward=-1 total=132:114 
(Filename: E:\unity\Runtime/Export/Debug/Debug.bindings.h Line: 39)

SELFPLAY GOAL 247 scorer=Zhao ZhaoReward=1 total=132:115 
(Filename: E:\unity\Runtime/Export/Debug/Debug.bindings.h Line: 39)

SELFPLAY GOAL 248 scorer=Zhao ZhaoReward=1 total=132:116 
(Filename: E:\unity\Runtime/Export/Debug/Debug.bindings.h Line: 39)

SELFPLAY GOAL 249 scorer=Zhao ZhaoReward=1 total=132:117 
(Filename: E:\unity\Runtime/Export/Debug/Debug.bindings.h Line: 39)

SELFPLAY GOAL 250 scorer=Fan ZhaoReward=-1 total=133:117 
(Filename: E:\unity\Runtime/Export/Debug/Debug.bindings.h Line: 39)

SELFPLAY MATCH 31 goals=10 total=250 score=5:5 
(Filename: E:\unity\Runtime/Export/Debug/Debug.bindings.h Line: 39)

Unloading 4 Unused Serialized files (Serialized files now loaded: 0)
UnloadTime: 0.735300 ms

Unloading 4 unused Assets to reduce memory usage. Loaded Objects now: 1061.
Total: 1.402500 ms (FindLiveObjects: 0.041500 ms CreateObjectMapping: 0.009300 ms MarkObjects: 0.307300 ms  DeleteObjects: 1.043800 ms)

SELFPLAY GOALMAP x=-6.13 isPlayer1Goal=True 
(Filename: E:\unity\Runtime/Export/Debug/Debug.bindings.h Line: 39)

SELFPLAY GOALMAP x=6.18 isPlayer1Goal=False 
(Filename: E:\unity\Runtime/Export/Debug/Debug.bindings.h Line: 39)

SELFPLAY GOAL 251 scorer=Fan ZhaoReward=-1 total=134:117 
(Filename: E:\unity\Runtime/Export/Debug/Debug.bindings.h Line: 39)

SELFPLAY GOAL 252 scorer=Zhao ZhaoReward=1 total=134:118 
(Filename: E:\unity\Runtime/Export/Debug/Debug.bindings.h Line: 39)

SELFPLAY GOAL 253 scorer=Zhao ZhaoReward=1 total=134:119 
(Filename: E:\unity\Runtime/Export/Debug/Debug.bindings.h Line: 39)

SELFPLAY GOAL 254 scorer=Zhao ZhaoReward=1 total=134:120 
(Filename: E:\unity\Runtime/Export/Debug/Debug.bindings.h Line: 39)

SELFPLAY GOAL 255 scorer=Zhao ZhaoReward=1 total=134:121 
(Filename: E:\unity\Runtime/Export/Debug/Debug.bindings.h Line: 39)

SELFPLAY GOAL 256 scorer=Zhao ZhaoReward=1 total=134:122 
(Filename: E:\unity\Runtime/Export/Debug/Debug.bindings.h Line: 39)

SELFPLAY GOAL 257 scorer=Fan ZhaoReward=-1 total=135:122 
(Filename: E:\unity\Runtime/Export/Debug/Debug.bindings.h Line: 39)

SELFPLAY MATCH 32 goals=7 total=257 score=2:5 
(Filename: E:\unity\Runtime/Export/Debug/Debug.bindings.h Line: 39)

Unloading 4 Unused Serialized files (Serialized files now loaded: 0)
UnloadTime: 0.525100 ms

Unloading 4 unused Assets to reduce memory usage. Loaded Objects now: 1061.
Total: 1.200800 ms (FindLiveObjects: 0.042900 ms CreateObjectMapping: 0.009400 ms MarkObjects: 0.272400 ms  DeleteObjects: 0.875600 ms)

SELFPLAY GOALMAP x=-6.13 isPlayer1Goal=True 
(Filename: E:\unity\Runtime/Export/Debug/Debug.bindings.h Line: 39)

SELFPLAY GOALMAP x=6.18 isPlayer1Goal=False 
(Filename: E:\unity\Runtime/Export/Debug/Debug.bindings.h Line: 39)

SELFPLAY GOAL 258 scorer=Fan ZhaoReward=-1 total=136:122 
(Filename: E:\unity\Runtime/Export/Debug/Debug.bindings.h Line: 39)

SELFPLAY GOAL 259 scorer=Zhao ZhaoReward=1 total=136:123 
(Filename: E:\unity\Runtime/Export/Debug/Debug.bindings.h Line: 39)

SELFPLAY GOAL 260 scorer=Fan ZhaoReward=-1 total=137:123 
(Filename: E:\unity\Runtime/Export/Debug/Debug.bindings.h Line: 39)

SELFPLAY MATCH 33 goals=3 total=260 score=2:1 
(Filename: E:\unity\Runtime/Export/Debug/Debug.bindings.h Line: 39)

Unloading 4 Unused Serialized files (Serialized files now loaded: 0)
UnloadTime: 0.450000 ms

Unloading 4 unused Assets to reduce memory usage. Loaded Objects now: 1061.
Total: 1.379600 ms (FindLiveObjects: 0.043300 ms CreateObjectMapping: 0.009600 ms MarkObjects: 0.394300 ms  DeleteObjects: 0.931800 ms)

SELFPLAY GOALMAP x=-6.13 isPlayer1Goal=True 
(Filename: E:\unity\Runtime/Export/Debug/Debug.bindings.h Line: 39)

SELFPLAY GOALMAP x=6.18 isPlayer1Goal=False 
(Filename: E:\unity\Runtime/Export/Debug/Debug.bindings.h Line: 39)

SELFPLAY GOAL 261 scorer=Fan ZhaoReward=-1 total=138:123 
(Filename: E:\unity\Runtime/Export/Debug/Debug.bindings.h Line: 39)

SELFPLAY GOAL 262 scorer=Zhao ZhaoReward=1 total=138:124 
(Filename: E:\unity\Runtime/Export/Debug/Debug.bindings.h Line: 39)

SELFPLAY GOAL 263 scorer=Zhao ZhaoReward=1 total=138:125 
(Filename: E:\unity\Runtime/Export/Debug/Debug.bindings.h Line: 39)

SELFPLAY GOAL 264 scorer=Fan ZhaoReward=-1 total=139:125 
(Filename: E:\unity\Runtime/Export/Debug/Debug.bindings.h Line: 39)

SELFPLAY GOAL 265 scorer=Fan ZhaoReward=-1 total=140:125 
(Filename: E:\unity\Runtime/Export/Debug/Debug.bindings.h Line: 39)

SELFPLAY GOAL 266 scorer=Zhao ZhaoReward=1 total=140:126 
(Filename: E:\unity\Runtime/Export/Debug/Debug.bindings.h Line: 39)

SELFPLAY GOAL 267 scorer=Zhao ZhaoReward=1 total=140:127 
(Filename: E:\unity\Runtime/Export/Debug/Debug.bindings.h Line: 39)

SELFPLAY MATCH 34 goals=7 total=267 score=3:4 
(Filename: E:\unity\Runtime/Export/Debug/Debug.bindings.h Line: 39)

Unloading 4 Unused Serialized files (Serialized files now loaded: 0)
UnloadTime: 0.670800 ms

Unloading 4 unused Assets to reduce memory usage. Loaded Objects now: 1061.
Total: 1.315800 ms (FindLiveObjects: 0.054600 ms CreateObjectMapping: 0.009200 ms MarkObjects: 0.328900 ms  DeleteObjects: 0.922500 ms)

SELFPLAY GOALMAP x=-6.13 isPlayer1Goal=True 
(Filename: E:\unity\Runtime/Export/Debug/Debug.bindings.h Line: 39)

SELFPLAY GOALMAP x=6.18 isPlayer1Goal=False 
(Filename: E:\unity\Runtime/Export/Debug/Debug.bindings.h Line: 39)

SELFPLAY GOAL 268 scorer=Fan ZhaoReward=-1 total=141:127 
(Filename: E:\unity\Runtime/Export/Debug/Debug.bindings.h Line: 39)

SELFPLAY GOAL 269 scorer=Fan ZhaoReward=-1 total=142:127 
(Filename: E:\unity\Runtime/Export/Debug/Debug.bindings.h Line: 39)

SELFPLAY GOAL 270 scorer=Fan ZhaoReward=-1 total=143:127 
(Filename: E:\unity\Runtime/Export/Debug/Debug.bindings.h Line: 39)

SELFPLAY GOAL 271 scorer=Zhao ZhaoReward=1 total=143:128 
(Filename: E:\unity\Runtime/Export/Debug/Debug.bindings.h Line: 39)

SELFPLAY GOAL 272 scorer=Zhao ZhaoReward=1 total=143:129 
(Filename: E:\unity\Runtime/Export/Debug/Debug.bindings.h Line: 39)

SELFPLAY GOAL 273 scorer=Fan ZhaoReward=-1 total=144:129 
(Filename: E:\unity\Runtime/Export/Debug/Debug.bindings.h Line: 39)

SELFPLAY GOAL 274 scorer=Fan ZhaoReward=-1 total=145:129 
(Filename: E:\unity\Runtime/Export/Debug/Debug.bindings.h Line: 39)

SELFPLAY GOAL 275 scorer=Fan ZhaoReward=-1 total=146:129 
(Filename: E:\unity\Runtime/Export/Debug/Debug.bindings.h Line: 39)

SELFPLAY GOAL 276 scorer=Zhao ZhaoReward=1 total=146:130 
(Filename: E:\unity\Runtime/Export/Debug/Debug.bindings.h Line: 39)

SELFPLAY GOAL 277 scorer=Fan ZhaoReward=-1 total=147:130 
(Filename: E:\unity\Runtime/Export/Debug/Debug.bindings.h Line: 39)

SELFPLAY GOAL 278 scorer=Zhao ZhaoReward=1 total=147:131 
(Filename: E:\unity\Runtime/Export/Debug/Debug.bindings.h Line: 39)

SELFPLAY MATCH 35 goals=11 total=278 score=7:4 
(Filename: E:\unity\Runtime/Export/Debug/Debug.bindings.h Line: 39)

Unloading 4 Unused Serialized files (Serialized files now loaded: 0)
UnloadTime: 0.696800 ms

Unloading 4 unused Assets to reduce memory usage. Loaded Objects now: 1061.
Total: 1.387700 ms (FindLiveObjects: 0.039800 ms CreateObjectMapping: 0.009000 ms MarkObjects: 0.326500 ms  DeleteObjects: 1.011900 ms)

SELFPLAY GOALMAP x=-6.13 isPlayer1Goal=True 
(Filename: E:\unity\Runtime/Export/Debug/Debug.bindings.h Line: 39)

SELFPLAY GOALMAP x=6.18 isPlayer1Goal=False 
(Filename: E:\unity\Runtime/Export/Debug/Debug.bindings.h Line: 39)

SELFPLAY PROGRESS goals=278/500 matches=36 score=147:131 real=140.4574 
(Filename: E:\unity\Runtime/Export/Debug/Debug.bindings.h Line: 39)

SELFPLAY GOAL 279 scorer=Fan ZhaoReward=-1 total=148:131 
(Filename: E:\unity\Runtime/Export/Debug/Debug.bindings.h Line: 39)

SELFPLAY GOAL 280 scorer=Zhao ZhaoReward=1 total=148:132 
(Filename: E:\unity\Runtime/Export/Debug/Debug.bindings.h Line: 39)

SELFPLAY GOAL 281 scorer=Zhao ZhaoReward=1 total=148:133 
(Filename: E:\unity\Runtime/Export/Debug/Debug.bindings.h Line: 39)

SELFPLAY GOAL 282 scorer=Fan ZhaoReward=-1 total=149:133 
(Filename: E:\unity\Runtime/Export/Debug/Debug.bindings.h Line: 39)

SELFPLAY GOAL 283 scorer=Zhao ZhaoReward=1 total=149:134 
(Filename: E:\unity\Runtime/Export/Debug/Debug.bindings.h Line: 39)

SELFPLAY GOAL 284 scorer=Fan ZhaoReward=-1 total=150:134 
(Filename: E:\unity\Runtime/Export/Debug/Debug.bindings.h Line: 39)

SELFPLAY GOAL 285 scorer=Fan ZhaoReward=-1 total=151:134 
(Filename: E:\unity\Runtime/Export/Debug/Debug.bindings.h Line: 39)

SELFPLAY GOAL 286 scorer=Fan ZhaoReward=-1 total=152:134 
(Filename: E:\unity\Runtime/Export/Debug/Debug.bindings.h Line: 39)

SELFPLAY GOAL 287 scorer=Zhao ZhaoReward=1 total=152:135 
(Filename: E:\unity\Runtime/Export/Debug/Debug.bindings.h Line: 39)

SELFPLAY GOAL 288 scorer=Fan ZhaoReward=-1 total=153:135 
(Filename: E:\unity\Runtime/Export/Debug/Debug.bindings.h Line: 39)

SELFPLAY GOAL 289 scorer=Fan ZhaoReward=-1 total=154:135 
(Filename: E:\unity\Runtime/Export/Debug/Debug.bindings.h Line: 39)

SELFPLAY MATCH 36 goals=11 total=289 score=7:4 
(Filename: E:\unity\Runtime/Export/Debug/Debug.bindings.h Line: 39)

Unloading 4 Unused Serialized files (Serialized files now loaded: 0)
UnloadTime: 0.440100 ms

Unloading 4 unused Assets to reduce memory usage. Loaded Objects now: 1061.
Total: 1.359800 ms (FindLiveObjects: 0.042400 ms CreateObjectMapping: 0.009500 ms MarkObjects: 0.323600 ms  DeleteObjects: 0.983700 ms)

SELFPLAY GOALMAP x=-6.13 isPlayer1Goal=True 
(Filename: E:\unity\Runtime/Export/Debug/Debug.bindings.h Line: 39)

SELFPLAY GOALMAP x=6.18 isPlayer1Goal=False 
(Filename: E:\unity\Runtime/Export/Debug/Debug.bindings.h Line: 39)

SELFPLAY GOAL 290 scorer=Fan ZhaoReward=-1 total=155:135 
(Filename: E:\unity\Runtime/Export/Debug/Debug.bindings.h Line: 39)

SELFPLAY GOAL 291 scorer=Fan ZhaoReward=-1 total=156:135 
(Filename: E:\unity\Runtime/Export/Debug/Debug.bindings.h Line: 39)

SELFPLAY GOAL 292 scorer=Zhao ZhaoReward=1 total=156:136 
(Filename: E:\unity\Runtime/Export/Debug/Debug.bindings.h Line: 39)

SELFPLAY GOAL 293 scorer=Fan ZhaoReward=-1 total=157:136 
(Filename: E:\unity\Runtime/Export/Debug/Debug.bindings.h Line: 39)

SELFPLAY GOAL 294 scorer=Zhao ZhaoReward=1 total=157:137 
(Filename: E:\unity\Runtime/Export/Debug/Debug.bindings.h Line: 39)

SELFPLAY GOAL 295 scorer=Fan ZhaoReward=-1 total=158:137 
(Filename: E:\unity\Runtime/Export/Debug/Debug.bindings.h Line: 39)

SELFPLAY GOAL 296 scorer=Zhao ZhaoReward=1 total=158:138 
(Filename: E:\unity\Runtime/Export/Debug/Debug.bindings.h Line: 39)

SELFPLAY GOAL 297 scorer=Fan ZhaoReward=-1 total=159:138 
(Filename: E:\unity\Runtime/Export/Debug/Debug.bindings.h Line: 39)

SELFPLAY GOAL 298 scorer=Fan ZhaoReward=-1 total=160:138 
(Filename: E:\unity\Runtime/Export/Debug/Debug.bindings.h Line: 39)

SELFPLAY GOAL 299 scorer=Fan ZhaoReward=-1 total=161:138 
(Filename: E:\unity\Runtime/Export/Debug/Debug.bindings.h Line: 39)

SELFPLAY GOAL 300 scorer=Zhao ZhaoReward=1 total=161:139 
(Filename: E:\unity\Runtime/Export/Debug/Debug.bindings.h Line: 39)

SELFPLAY GOAL 301 scorer=Zhao ZhaoReward=1 total=161:140 
(Filename: E:\unity\Runtime/Export/Debug/Debug.bindings.h Line: 39)

SELFPLAY GOAL 302 scorer=Fan ZhaoReward=-1 total=162:140 
(Filename: E:\unity\Runtime/Export/Debug/Debug.bindings.h Line: 39)

SELFPLAY MATCH 37 goals=13 total=302 score=8:5 
(Filename: E:\unity\Runtime/Export/Debug/Debug.bindings.h Line: 39)

Unloading 4 Unused Serialized files (Serialized files now loaded: 0)
UnloadTime: 0.413500 ms

Unloading 4 unused Assets to reduce memory usage. Loaded Objects now: 1061.
Total: 1.366600 ms (FindLiveObjects: 0.046900 ms CreateObjectMapping: 0.011100 ms MarkObjects: 0.333500 ms  DeleteObjects: 0.974600 ms)

SELFPLAY GOALMAP x=-6.13 isPlayer1Goal=True 
(Filename: E:\unity\Runtime/Export/Debug/Debug.bindings.h Line: 39)

SELFPLAY GOALMAP x=6.18 isPlayer1Goal=False 
(Filename: E:\unity\Runtime/Export/Debug/Debug.bindings.h Line: 39)

SELFPLAY GOAL 303 scorer=Fan ZhaoReward=-1 total=163:140 
(Filename: E:\unity\Runtime/Export/Debug/Debug.bindings.h Line: 39)

SELFPLAY GOAL 304 scorer=Zhao ZhaoReward=1 total=163:141 
(Filename: E:\unity\Runtime/Export/Debug/Debug.bindings.h Line: 39)

SELFPLAY GOAL 305 scorer=Fan ZhaoReward=-1 total=164:141 
(Filename: E:\unity\Runtime/Export/Debug/Debug.bindings.h Line: 39)

SELFPLAY GOAL 306 scorer=Fan ZhaoReward=-1 total=165:141 
(Filename: E:\unity\Runtime/Export/Debug/Debug.bindings.h Line: 39)

SELFPLAY GOAL 307 scorer=Fan ZhaoReward=-1 total=166:141 
(Filename: E:\unity\Runtime/Export/Debug/Debug.bindings.h Line: 39)

SELFPLAY GOAL 308 scorer=Fan ZhaoReward=-1 total=167:141 
(Filename: E:\unity\Runtime/Export/Debug/Debug.bindings.h Line: 39)

SELFPLAY GOAL 309 scorer=Fan ZhaoReward=-1 total=168:141 
(Filename: E:\unity\Runtime/Export/Debug/Debug.bindings.h Line: 39)

SELFPLAY GOAL 310 scorer=Fan ZhaoReward=-1 total=169:141 
(Filename: E:\unity\Runtime/Export/Debug/Debug.bindings.h Line: 39)

SELFPLAY MATCH 38 goals=8 total=310 score=7:1 
(Filename: E:\unity\Runtime/Export/Debug/Debug.bindings.h Line: 39)

Unloading 4 Unused Serialized files (Serialized files now loaded: 0)
UnloadTime: 0.808900 ms

Unloading 4 unused Assets to reduce memory usage. Loaded Objects now: 1061.
Total: 1.471100 ms (FindLiveObjects: 0.058700 ms CreateObjectMapping: 0.012600 ms MarkObjects: 0.381700 ms  DeleteObjects: 1.017500 ms)

SELFPLAY GOALMAP x=-6.13 isPlayer1Goal=True 
(Filename: E:\unity\Runtime/Export/Debug/Debug.bindings.h Line: 39)

SELFPLAY GOALMAP x=6.18 isPlayer1Goal=False 
(Filename: E:\unity\Runtime/Export/Debug/Debug.bindings.h Line: 39)

SELFPLAY GOAL 311 scorer=Fan ZhaoReward=-1 total=170:141 
(Filename: E:\unity\Runtime/Export/Debug/Debug.bindings.h Line: 39)

SELFPLAY GOAL 312 scorer=Zhao ZhaoReward=1 total=170:142 
(Filename: E:\unity\Runtime/Export/Debug/Debug.bindings.h Line: 39)

SELFPLAY GOAL 313 scorer=Fan ZhaoReward=-1 total=171:142 
(Filename: E:\unity\Runtime/Export/Debug/Debug.bindings.h Line: 39)

SELFPLAY GOAL 314 scorer=Fan ZhaoReward=-1 total=172:142 
(Filename: E:\unity\Runtime/Export/Debug/Debug.bindings.h Line: 39)

SELFPLAY GOAL 315 scorer=Fan ZhaoReward=-1 total=173:142 
(Filename: E:\unity\Runtime/Export/Debug/Debug.bindings.h Line: 39)

SELFPLAY GOAL 316 scorer=Zhao ZhaoReward=1 total=173:143 
(Filename: E:\unity\Runtime/Export/Debug/Debug.bindings.h Line: 39)

SELFPLAY GOAL 317 scorer=Fan ZhaoReward=-1 total=174:143 
(Filename: E:\unity\Runtime/Export/Debug/Debug.bindings.h Line: 39)

SELFPLAY GOAL 318 scorer=Zhao ZhaoReward=1 total=174:144 
(Filename: E:\unity\Runtime/Export/Debug/Debug.bindings.h Line: 39)

SELFPLAY GOAL 319 scorer=Zhao ZhaoReward=1 total=174:145 
(Filename: E:\unity\Runtime/Export/Debug/Debug.bindings.h Line: 39)

SELFPLAY GOAL 320 scorer=Fan ZhaoReward=-1 total=175:145 
(Filename: E:\unity\Runtime/Export/Debug/Debug.bindings.h Line: 39)

SELFPLAY MATCH 39 goals=10 total=320 score=6:4 
(Filename: E:\unity\Runtime/Export/Debug/Debug.bindings.h Line: 39)

Unloading 4 Unused Serialized files (Serialized files now loaded: 0)
UnloadTime: 0.547000 ms

Unloading 4 unused Assets to reduce memory usage. Loaded Objects now: 1061.
Total: 1.390900 ms (FindLiveObjects: 0.046300 ms CreateObjectMapping: 0.011600 ms MarkObjects: 0.343200 ms  DeleteObjects: 0.989200 ms)

SELFPLAY GOALMAP x=-6.13 isPlayer1Goal=True 
(Filename: E:\unity\Runtime/Export/Debug/Debug.bindings.h Line: 39)

SELFPLAY GOALMAP x=6.18 isPlayer1Goal=False 
(Filename: E:\unity\Runtime/Export/Debug/Debug.bindings.h Line: 39)

SELFPLAY GOAL 321 scorer=Fan ZhaoReward=-1 total=176:145 
(Filename: E:\unity\Runtime/Export/Debug/Debug.bindings.h Line: 39)

SELFPLAY GOAL 322 scorer=Zhao ZhaoReward=1 total=176:146 
(Filename: E:\unity\Runtime/Export/Debug/Debug.bindings.h Line: 39)

SELFPLAY GOAL 323 scorer=Fan ZhaoReward=-1 total=177:146 
(Filename: E:\unity\Runtime/Export/Debug/Debug.bindings.h Line: 39)

SELFPLAY GOAL 324 scorer=Zhao ZhaoReward=1 total=177:147 
(Filename: E:\unity\Runtime/Export/Debug/Debug.bindings.h Line: 39)

SELFPLAY GOAL 325 scorer=Fan ZhaoReward=-1 total=178:147 
(Filename: E:\unity\Runtime/Export/Debug/Debug.bindings.h Line: 39)

SELFPLAY GOAL 326 scorer=Fan ZhaoReward=-1 total=179:147 
(Filename: E:\unity\Runtime/Export/Debug/Debug.bindings.h Line: 39)

SELFPLAY GOAL 327 scorer=Zhao ZhaoReward=1 total=179:148 
(Filename: E:\unity\Runtime/Export/Debug/Debug.bindings.h Line: 39)

SELFPLAY GOAL 328 scorer=Fan ZhaoReward=-1 total=180:148 
(Filename: E:\unity\Runtime/Export/Debug/Debug.bindings.h Line: 39)

SELFPLAY GOAL 329 scorer=Zhao ZhaoReward=1 total=180:149 
(Filename: E:\unity\Runtime/Export/Debug/Debug.bindings.h Line: 39)

SELFPLAY GOAL 330 scorer=Fan ZhaoReward=-1 total=181:149 
(Filename: E:\unity\Runtime/Export/Debug/Debug.bindings.h Line: 39)

SELFPLAY MATCH 40 goals=10 total=330 score=6:4 
(Filename: E:\unity\Runtime/Export/Debug/Debug.bindings.h Line: 39)

Unloading 4 Unused Serialized files (Serialized files now loaded: 0)
UnloadTime: 0.473600 ms

Unloading 4 unused Assets to reduce memory usage. Loaded Objects now: 1061.
Total: 1.570000 ms (FindLiveObjects: 0.041400 ms CreateObjectMapping: 0.035000 ms MarkObjects: 0.422200 ms  DeleteObjects: 1.070700 ms)

SELFPLAY GOALMAP x=-6.13 isPlayer1Goal=True 
(Filename: E:\unity\Runtime/Export/Debug/Debug.bindings.h Line: 39)

SELFPLAY GOALMAP x=6.18 isPlayer1Goal=False 
(Filename: E:\unity\Runtime/Export/Debug/Debug.bindings.h Line: 39)

SELFPLAY GOAL 331 scorer=Fan ZhaoReward=-1 total=182:149 
(Filename: E:\unity\Runtime/Export/Debug/Debug.bindings.h Line: 39)

SELFPLAY GOAL 332 scorer=Fan ZhaoReward=-1 total=183:149 
(Filename: E:\unity\Runtime/Export/Debug/Debug.bindings.h Line: 39)

SELFPLAY GOAL 333 scorer=Zhao ZhaoReward=1 total=183:150 
(Filename: E:\unity\Runtime/Export/Debug/Debug.bindings.h Line: 39)

SELFPLAY GOAL 334 scorer=Fan ZhaoReward=-1 total=184:150 
(Filename: E:\unity\Runtime/Export/Debug/Debug.bindings.h Line: 39)

SELFPLAY GOAL 335 scorer=Fan ZhaoReward=-1 total=185:150 
(Filename: E:\unity\Runtime/Export/Debug/Debug.bindings.h Line: 39)

SELFPLAY GOAL 336 scorer=Zhao ZhaoReward=1 total=185:151 
(Filename: E:\unity\Runtime/Export/Debug/Debug.bindings.h Line: 39)

SELFPLAY GOAL 337 scorer=Fan ZhaoReward=-1 total=186:151 
(Filename: E:\unity\Runtime/Export/Debug/Debug.bindings.h Line: 39)

SELFPLAY GOAL 338 scorer=Fan ZhaoReward=-1 total=187:151 
(Filename: E:\unity\Runtime/Export/Debug/Debug.bindings.h Line: 39)

SELFPLAY GOAL 339 scorer=Fan ZhaoReward=-1 total=188:151 
(Filename: E:\unity\Runtime/Export/Debug/Debug.bindings.h Line: 39)

SELFPLAY MATCH 41 goals=9 total=339 score=7:2 
(Filename: E:\unity\Runtime/Export/Debug/Debug.bindings.h Line: 39)

Unloading 4 Unused Serialized files (Serialized files now loaded: 0)
UnloadTime: 0.448400 ms

Unloading 4 unused Assets to reduce memory usage. Loaded Objects now: 1061.
Total: 1.316800 ms (FindLiveObjects: 0.045200 ms CreateObjectMapping: 0.009900 ms MarkObjects: 0.318700 ms  DeleteObjects: 0.942600 ms)

SELFPLAY GOALMAP x=-6.13 isPlayer1Goal=True 
(Filename: E:\unity\Runtime/Export/Debug/Debug.bindings.h Line: 39)

SELFPLAY GOALMAP x=6.18 isPlayer1Goal=False 
(Filename: E:\unity\Runtime/Export/Debug/Debug.bindings.h Line: 39)

SELFPLAY GOAL 340 scorer=Zhao ZhaoReward=1 total=188:152 
(Filename: E:\unity\Runtime/Export/Debug/Debug.bindings.h Line: 39)

SELFPLAY GOAL 341 scorer=Fan ZhaoReward=-1 total=189:152 
(Filename: E:\unity\Runtime/Export/Debug/Debug.bindings.h Line: 39)

SELFPLAY GOAL 342 scorer=Zhao ZhaoReward=1 total=189:153 
(Filename: E:\unity\Runtime/Export/Debug/Debug.bindings.h Line: 39)

SELFPLAY GOAL 343 scorer=Zhao ZhaoReward=1 total=189:154 
(Filename: E:\unity\Runtime/Export/Debug/Debug.bindings.h Line: 39)

SELFPLAY GOAL 344 scorer=Zhao ZhaoReward=1 total=189:155 
(Filename: E:\unity\Runtime/Export/Debug/Debug.bindings.h Line: 39)

SELFPLAY GOAL 345 scorer=Fan ZhaoReward=-1 total=190:155 
(Filename: E:\unity\Runtime/Export/Debug/Debug.bindings.h Line: 39)

SELFPLAY MATCH 42 goals=6 total=345 score=2:4 
(Filename: E:\unity\Runtime/Export/Debug/Debug.bindings.h Line: 39)

Unloading 4 Unused Serialized files (Serialized files now loaded: 0)
UnloadTime: 0.485800 ms

Unloading 4 unused Assets to reduce memory usage. Loaded Objects now: 1061.
Total: 1.512900 ms (FindLiveObjects: 0.041800 ms CreateObjectMapping: 0.009100 ms MarkObjects: 0.306600 ms  DeleteObjects: 1.154900 ms)

SELFPLAY GOALMAP x=-6.13 isPlayer1Goal=True 
(Filename: E:\unity\Runtime/Export/Debug/Debug.bindings.h Line: 39)

SELFPLAY GOALMAP x=6.18 isPlayer1Goal=False 
(Filename: E:\unity\Runtime/Export/Debug/Debug.bindings.h Line: 39)

SELFPLAY GOAL 346 scorer=Fan ZhaoReward=-1 total=191:155 
(Filename: E:\unity\Runtime/Export/Debug/Debug.bindings.h Line: 39)

SELFPLAY GOAL 347 scorer=Zhao ZhaoReward=1 total=191:156 
(Filename: E:\unity\Runtime/Export/Debug/Debug.bindings.h Line: 39)

SELFPLAY PROGRESS goals=347/500 matches=43 score=191:156 real=170.461 
(Filename: E:\unity\Runtime/Export/Debug/Debug.bindings.h Line: 39)

SELFPLAY GOAL 348 scorer=Zhao ZhaoReward=1 total=191:157 
(Filename: E:\unity\Runtime/Export/Debug/Debug.bindings.h Line: 39)

SELFPLAY GOAL 349 scorer=Fan ZhaoReward=-1 total=192:157 
(Filename: E:\unity\Runtime/Export/Debug/Debug.bindings.h Line: 39)

SELFPLAY GOAL 350 scorer=Zhao ZhaoReward=1 total=192:158 
(Filename: E:\unity\Runtime/Export/Debug/Debug.bindings.h Line: 39)

SELFPLAY GOAL 351 scorer=Zhao ZhaoReward=1 total=192:159 
(Filename: E:\unity\Runtime/Export/Debug/Debug.bindings.h Line: 39)

SELFPLAY GOAL 352 scorer=Zhao ZhaoReward=1 total=192:160 
(Filename: E:\unity\Runtime/Export/Debug/Debug.bindings.h Line: 39)

SELFPLAY MATCH 43 goals=7 total=352 score=2:5 
(Filename: E:\unity\Runtime/Export/Debug/Debug.bindings.h Line: 39)

Unloading 4 Unused Serialized files (Serialized files now loaded: 0)
UnloadTime: 0.811600 ms

Unloading 4 unused Assets to reduce memory usage. Loaded Objects now: 1061.
Total: 1.313000 ms (FindLiveObjects: 0.057000 ms CreateObjectMapping: 0.010800 ms MarkObjects: 0.307900 ms  DeleteObjects: 0.936800 ms)

SELFPLAY GOALMAP x=-6.13 isPlayer1Goal=True 
(Filename: E:\unity\Runtime/Export/Debug/Debug.bindings.h Line: 39)

SELFPLAY GOALMAP x=6.18 isPlayer1Goal=False 
(Filename: E:\unity\Runtime/Export/Debug/Debug.bindings.h Line: 39)

SELFPLAY GOAL 353 scorer=Fan ZhaoReward=-1 total=193:160 
(Filename: E:\unity\Runtime/Export/Debug/Debug.bindings.h Line: 39)

SELFPLAY GOAL 354 scorer=Zhao ZhaoReward=1 total=193:161 
(Filename: E:\unity\Runtime/Export/Debug/Debug.bindings.h Line: 39)

SELFPLAY GOAL 355 scorer=Zhao ZhaoReward=1 total=193:162 
(Filename: E:\unity\Runtime/Export/Debug/Debug.bindings.h Line: 39)

SELFPLAY GOAL 356 scorer=Fan ZhaoReward=-1 total=194:162 
(Filename: E:\unity\Runtime/Export/Debug/Debug.bindings.h Line: 39)

SELFPLAY GOAL 357 scorer=Zhao ZhaoReward=1 total=194:163 
(Filename: E:\unity\Runtime/Export/Debug/Debug.bindings.h Line: 39)

SELFPLAY GOAL 358 scorer=Fan ZhaoReward=-1 total=195:163 
(Filename: E:\unity\Runtime/Export/Debug/Debug.bindings.h Line: 39)

SELFPLAY GOAL 359 scorer=Zhao ZhaoReward=1 total=195:164 
(Filename: E:\unity\Runtime/Export/Debug/Debug.bindings.h Line: 39)

SELFPLAY GOAL 360 scorer=Zhao ZhaoReward=1 total=195:165 
(Filename: E:\unity\Runtime/Export/Debug/Debug.bindings.h Line: 39)

SELFPLAY GOAL 361 scorer=Fan ZhaoReward=-1 total=196:165 
(Filename: E:\unity\Runtime/Export/Debug/Debug.bindings.h Line: 39)

SELFPLAY MATCH 44 goals=9 total=361 score=4:5 
(Filename: E:\unity\Runtime/Export/Debug/Debug.bindings.h Line: 39)

Unloading 4 Unused Serialized files (Serialized files now loaded: 0)
UnloadTime: 0.455700 ms

Unloading 4 unused Assets to reduce memory usage. Loaded Objects now: 1061.
Total: 1.269300 ms (FindLiveObjects: 0.050200 ms CreateObjectMapping: 0.009300 ms MarkObjects: 0.301400 ms  DeleteObjects: 0.907900 ms)

SELFPLAY GOALMAP x=-6.13 isPlayer1Goal=True 
(Filename: E:\unity\Runtime/Export/Debug/Debug.bindings.h Line: 39)

SELFPLAY GOALMAP x=6.18 isPlayer1Goal=False 
(Filename: E:\unity\Runtime/Export/Debug/Debug.bindings.h Line: 39)

SELFPLAY GOAL 362 scorer=Fan ZhaoReward=-1 total=197:165 
(Filename: E:\unity\Runtime/Export/Debug/Debug.bindings.h Line: 39)

SELFPLAY GOAL 363 scorer=Fan ZhaoReward=-1 total=198:165 
(Filename: E:\unity\Runtime/Export/Debug/Debug.bindings.h Line: 39)

SELFPLAY GOAL 364 scorer=Zhao ZhaoReward=1 total=198:166 
(Filename: E:\unity\Runtime/Export/Debug/Debug.bindings.h Line: 39)

SELFPLAY GOAL 365 scorer=Fan ZhaoReward=-1 total=199:166 
(Filename: E:\unity\Runtime/Export/Debug/Debug.bindings.h Line: 39)

SELFPLAY GOAL 366 scorer=Zhao ZhaoReward=1 total=199:167 
(Filename: E:\unity\Runtime/Export/Debug/Debug.bindings.h Line: 39)

SELFPLAY GOAL 367 scorer=Zhao ZhaoReward=1 total=199:168 
(Filename: E:\unity\Runtime/Export/Debug/Debug.bindings.h Line: 39)

SELFPLAY GOAL 368 scorer=Zhao ZhaoReward=1 total=199:169 
(Filename: E:\unity\Runtime/Export/Debug/Debug.bindings.h Line: 39)

SELFPLAY MATCH 45 goals=7 total=368 score=3:4 
(Filename: E:\unity\Runtime/Export/Debug/Debug.bindings.h Line: 39)

Unloading 4 Unused Serialized files (Serialized files now loaded: 0)
UnloadTime: 0.457400 ms

Unloading 4 unused Assets to reduce memory usage. Loaded Objects now: 1061.
Total: 1.253300 ms (FindLiveObjects: 0.042100 ms CreateObjectMapping: 0.008800 ms MarkObjects: 0.306600 ms  DeleteObjects: 0.895200 ms)

SELFPLAY GOALMAP x=-6.13 isPlayer1Goal=True 
(Filename: E:\unity\Runtime/Export/Debug/Debug.bindings.h Line: 39)

SELFPLAY GOALMAP x=6.18 isPlayer1Goal=False 
(Filename: E:\unity\Runtime/Export/Debug/Debug.bindings.h Line: 39)

SELFPLAY GOAL 369 scorer=Fan ZhaoReward=-1 total=200:169 
(Filename: E:\unity\Runtime/Export/Debug/Debug.bindings.h Line: 39)

SELFPLAY GOAL 370 scorer=Zhao ZhaoReward=1 total=200:170 
(Filename: E:\unity\Runtime/Export/Debug/Debug.bindings.h Line: 39)

SELFPLAY GOAL 371 scorer=Fan ZhaoReward=-1 total=201:170 
(Filename: E:\unity\Runtime/Export/Debug/Debug.bindings.h Line: 39)

SELFPLAY GOAL 372 scorer=Zhao ZhaoReward=1 total=201:171 
(Filename: E:\unity\Runtime/Export/Debug/Debug.bindings.h Line: 39)

SELFPLAY GOAL 373 scorer=Fan ZhaoReward=-1 total=202:171 
(Filename: E:\unity\Runtime/Export/Debug/Debug.bindings.h Line: 39)

SELFPLAY GOAL 374 scorer=Zhao ZhaoReward=1 total=202:172 
(Filename: E:\unity\Runtime/Export/Debug/Debug.bindings.h Line: 39)

SELFPLAY GOAL 375 scorer=Fan ZhaoReward=-1 total=203:172 
(Filename: E:\unity\Runtime/Export/Debug/Debug.bindings.h Line: 39)

SELFPLAY GOAL 376 scorer=Fan ZhaoReward=-1 total=204:172 
(Filename: E:\unity\Runtime/Export/Debug/Debug.bindings.h Line: 39)

SELFPLAY MATCH 46 goals=8 total=376 score=5:3 
(Filename: E:\unity\Runtime/Export/Debug/Debug.bindings.h Line: 39)

Unloading 4 Unused Serialized files (Serialized files now loaded: 0)
UnloadTime: 0.416700 ms

Unloading 4 unused Assets to reduce memory usage. Loaded Objects now: 1061.
Total: 1.353100 ms (FindLiveObjects: 0.046500 ms CreateObjectMapping: 0.010600 ms MarkObjects: 0.315700 ms  DeleteObjects: 0.979800 ms)

SELFPLAY GOALMAP x=-6.13 isPlayer1Goal=True 
(Filename: E:\unity\Runtime/Export/Debug/Debug.bindings.h Line: 39)

SELFPLAY GOALMAP x=6.18 isPlayer1Goal=False 
(Filename: E:\unity\Runtime/Export/Debug/Debug.bindings.h Line: 39)

SELFPLAY GOAL 377 scorer=Fan ZhaoReward=-1 total=205:172 
(Filename: E:\unity\Runtime/Export/Debug/Debug.bindings.h Line: 39)

SELFPLAY GOAL 378 scorer=Fan ZhaoReward=-1 total=206:172 
(Filename: E:\unity\Runtime/Export/Debug/Debug.bindings.h Line: 39)

SELFPLAY GOAL 379 scorer=Fan ZhaoReward=-1 total=207:172 
(Filename: E:\unity\Runtime/Export/Debug/Debug.bindings.h Line: 39)

SELFPLAY GOAL 380 scorer=Zhao ZhaoReward=1 total=207:173 
(Filename: E:\unity\Runtime/Export/Debug/Debug.bindings.h Line: 39)

SELFPLAY GOAL 381 scorer=Zhao ZhaoReward=1 total=207:174 
(Filename: E:\unity\Runtime/Export/Debug/Debug.bindings.h Line: 39)

SELFPLAY GOAL 382 scorer=Fan ZhaoReward=-1 total=208:174 
(Filename: E:\unity\Runtime/Export/Debug/Debug.bindings.h Line: 39)

SELFPLAY GOAL 383 scorer=Zhao ZhaoReward=1 total=208:175 
(Filename: E:\unity\Runtime/Export/Debug/Debug.bindings.h Line: 39)

SELFPLAY GOAL 384 scorer=Fan ZhaoReward=-1 total=209:175 
(Filename: E:\unity\Runtime/Export/Debug/Debug.bindings.h Line: 39)

SELFPLAY GOAL 385 scorer=Fan ZhaoReward=-1 total=210:175 
(Filename: E:\unity\Runtime/Export/Debug/Debug.bindings.h Line: 39)

SELFPLAY GOAL 386 scorer=Fan ZhaoReward=-1 total=211:175 
(Filename: E:\unity\Runtime/Export/Debug/Debug.bindings.h Line: 39)

SELFPLAY GOAL 387 scorer=Fan ZhaoReward=-1 total=212:175 
(Filename: E:\unity\Runtime/Export/Debug/Debug.bindings.h Line: 39)

SELFPLAY MATCH 47 goals=11 total=387 score=8:3 
(Filename: E:\unity\Runtime/Export/Debug/Debug.bindings.h Line: 39)

Unloading 4 Unused Serialized files (Serialized files now loaded: 0)
UnloadTime: 0.411600 ms

Unloading 4 unused Assets to reduce memory usage. Loaded Objects now: 1061.
Total: 1.422300 ms (FindLiveObjects: 0.059600 ms CreateObjectMapping: 0.009400 ms MarkObjects: 0.395900 ms  DeleteObjects: 0.956900 ms)

SELFPLAY GOALMAP x=-6.13 isPlayer1Goal=True 
(Filename: E:\unity\Runtime/Export/Debug/Debug.bindings.h Line: 39)

SELFPLAY GOALMAP x=6.18 isPlayer1Goal=False 
(Filename: E:\unity\Runtime/Export/Debug/Debug.bindings.h Line: 39)

SELFPLAY GOAL 388 scorer=Fan ZhaoReward=-1 total=213:175 
(Filename: E:\unity\Runtime/Export/Debug/Debug.bindings.h Line: 39)

SELFPLAY GOAL 389 scorer=Fan ZhaoReward=-1 total=214:175 
(Filename: E:\unity\Runtime/Export/Debug/Debug.bindings.h Line: 39)

SELFPLAY GOAL 390 scorer=Zhao ZhaoReward=1 total=214:176 
(Filename: E:\unity\Runtime/Export/Debug/Debug.bindings.h Line: 39)

SELFPLAY GOAL 391 scorer=Zhao ZhaoReward=1 total=214:177 
(Filename: E:\unity\Runtime/Export/Debug/Debug.bindings.h Line: 39)

SELFPLAY GOAL 392 scorer=Fan ZhaoReward=-1 total=215:177 
(Filename: E:\unity\Runtime/Export/Debug/Debug.bindings.h Line: 39)

SELFPLAY GOAL 393 scorer=Zhao ZhaoReward=1 total=215:178 
(Filename: E:\unity\Runtime/Export/Debug/Debug.bindings.h Line: 39)

SELFPLAY MATCH 48 goals=6 total=393 score=3:3 
(Filename: E:\unity\Runtime/Export/Debug/Debug.bindings.h Line: 39)

Unloading 4 Unused Serialized files (Serialized files now loaded: 0)
UnloadTime: 0.778800 ms

Unloading 4 unused Assets to reduce memory usage. Loaded Objects now: 1061.
Total: 1.380700 ms (FindLiveObjects: 0.041300 ms CreateObjectMapping: 0.009000 ms MarkObjects: 0.395300 ms  DeleteObjects: 0.934500 ms)

SELFPLAY GOALMAP x=-6.13 isPlayer1Goal=True 
(Filename: E:\unity\Runtime/Export/Debug/Debug.bindings.h Line: 39)

SELFPLAY GOALMAP x=6.18 isPlayer1Goal=False 
(Filename: E:\unity\Runtime/Export/Debug/Debug.bindings.h Line: 39)

SELFPLAY GOAL 394 scorer=Fan ZhaoReward=-1 total=216:178 
(Filename: E:\unity\Runtime/Export/Debug/Debug.bindings.h Line: 39)

SELFPLAY GOAL 395 scorer=Fan ZhaoReward=-1 total=217:178 
(Filename: E:\unity\Runtime/Export/Debug/Debug.bindings.h Line: 39)

SELFPLAY GOAL 396 scorer=Fan ZhaoReward=-1 total=218:178 
(Filename: E:\unity\Runtime/Export/Debug/Debug.bindings.h Line: 39)

SELFPLAY GOAL 397 scorer=Zhao ZhaoReward=1 total=218:179 
(Filename: E:\unity\Runtime/Export/Debug/Debug.bindings.h Line: 39)

SELFPLAY GOAL 398 scorer=Fan ZhaoReward=-1 total=219:179 
(Filename: E:\unity\Runtime/Export/Debug/Debug.bindings.h Line: 39)

SELFPLAY GOAL 399 scorer=Zhao ZhaoReward=1 total=219:180 
(Filename: E:\unity\Runtime/Export/Debug/Debug.bindings.h Line: 39)

SELFPLAY GOAL 400 scorer=Zhao ZhaoReward=1 total=219:181 
(Filename: E:\unity\Runtime/Export/Debug/Debug.bindings.h Line: 39)

SELFPLAY GOAL 401 scorer=Zhao ZhaoReward=1 total=219:182 
(Filename: E:\unity\Runtime/Export/Debug/Debug.bindings.h Line: 39)

SELFPLAY GOAL 402 scorer=Fan ZhaoReward=-1 total=220:182 
(Filename: E:\unity\Runtime/Export/Debug/Debug.bindings.h Line: 39)

SELFPLAY GOAL 403 scorer=Zhao ZhaoReward=1 total=220:183 
(Filename: E:\unity\Runtime/Export/Debug/Debug.bindings.h Line: 39)

SELFPLAY GOAL 404 scorer=Zhao ZhaoReward=1 total=220:184 
(Filename: E:\unity\Runtime/Export/Debug/Debug.bindings.h Line: 39)

SELFPLAY MATCH 49 goals=11 total=404 score=5:6 
(Filename: E:\unity\Runtime/Export/Debug/Debug.bindings.h Line: 39)

Unloading 4 Unused Serialized files (Serialized files now loaded: 0)
UnloadTime: 0.515800 ms

Unloading 4 unused Assets to reduce memory usage. Loaded Objects now: 1061.
Total: 1.342400 ms (FindLiveObjects: 0.045100 ms CreateObjectMapping: 0.010400 ms MarkObjects: 0.325800 ms  DeleteObjects: 0.960500 ms)

SELFPLAY GOALMAP x=-6.13 isPlayer1Goal=True 
(Filename: E:\unity\Runtime/Export/Debug/Debug.bindings.h Line: 39)

SELFPLAY GOALMAP x=6.18 isPlayer1Goal=False 
(Filename: E:\unity\Runtime/Export/Debug/Debug.bindings.h Line: 39)

SELFPLAY GOAL 405 scorer=Fan ZhaoReward=-1 total=221:184 
(Filename: E:\unity\Runtime/Export/Debug/Debug.bindings.h Line: 39)

SELFPLAY GOAL 406 scorer=Zhao ZhaoReward=1 total=221:185 
(Filename: E:\unity\Runtime/Export/Debug/Debug.bindings.h Line: 39)

SELFPLAY GOAL 407 scorer=Fan ZhaoReward=-1 total=222:185 
(Filename: E:\unity\Runtime/Export/Debug/Debug.bindings.h Line: 39)

SELFPLAY GOAL 408 scorer=Zhao ZhaoReward=1 total=222:186 
(Filename: E:\unity\Runtime/Export/Debug/Debug.bindings.h Line: 39)

SELFPLAY GOAL 409 scorer=Zhao ZhaoReward=1 total=222:187 
(Filename: E:\unity\Runtime/Export/Debug/Debug.bindings.h Line: 39)

SELFPLAY PROGRESS goals=409/500 matches=50 score=222:187 real=200.4657 
(Filename: E:\unity\Runtime/Export/Debug/Debug.bindings.h Line: 39)

SELFPLAY MATCH 50 goals=5 total=409 score=2:3 
(Filename: E:\unity\Runtime/Export/Debug/Debug.bindings.h Line: 39)

Unloading 4 Unused Serialized files (Serialized files now loaded: 0)
UnloadTime: 1.143800 ms

Unloading 4 unused Assets to reduce memory usage. Loaded Objects now: 1061.
Total: 1.496100 ms (FindLiveObjects: 0.050900 ms CreateObjectMapping: 0.010100 ms MarkObjects: 0.373300 ms  DeleteObjects: 1.061000 ms)

SELFPLAY GOALMAP x=-6.13 isPlayer1Goal=True 
(Filename: E:\unity\Runtime/Export/Debug/Debug.bindings.h Line: 39)

SELFPLAY GOALMAP x=6.18 isPlayer1Goal=False 
(Filename: E:\unity\Runtime/Export/Debug/Debug.bindings.h Line: 39)

SELFPLAY GOAL 410 scorer=Fan ZhaoReward=-1 total=223:187 
(Filename: E:\unity\Runtime/Export/Debug/Debug.bindings.h Line: 39)

SELFPLAY GOAL 411 scorer=Fan ZhaoReward=-1 total=224:187 
(Filename: E:\unity\Runtime/Export/Debug/Debug.bindings.h Line: 39)

SELFPLAY GOAL 412 scorer=Fan ZhaoReward=-1 total=225:187 
(Filename: E:\unity\Runtime/Export/Debug/Debug.bindings.h Line: 39)

SELFPLAY GOAL 413 scorer=Zhao ZhaoReward=1 total=225:188 
(Filename: E:\unity\Runtime/Export/Debug/Debug.bindings.h Line: 39)

SELFPLAY GOAL 414 scorer=Fan ZhaoReward=-1 total=226:188 
(Filename: E:\unity\Runtime/Export/Debug/Debug.bindings.h Line: 39)

SELFPLAY MATCH 51 goals=5 total=414 score=4:1 
(Filename: E:\unity\Runtime/Export/Debug/Debug.bindings.h Line: 39)

Unloading 4 Unused Serialized files (Serialized files now loaded: 0)
UnloadTime: 0.577500 ms

Unloading 4 unused Assets to reduce memory usage. Loaded Objects now: 1061.
Total: 1.362800 ms (FindLiveObjects: 0.050700 ms CreateObjectMapping: 0.009900 ms MarkObjects: 0.365400 ms  DeleteObjects: 0.936100 ms)

SELFPLAY GOALMAP x=-6.13 isPlayer1Goal=True 
(Filename: E:\unity\Runtime/Export/Debug/Debug.bindings.h Line: 39)

SELFPLAY GOALMAP x=6.18 isPlayer1Goal=False 
(Filename: E:\unity\Runtime/Export/Debug/Debug.bindings.h Line: 39)

SELFPLAY GOAL 415 scorer=Fan ZhaoReward=-1 total=227:188 
(Filename: E:\unity\Runtime/Export/Debug/Debug.bindings.h Line: 39)

SELFPLAY GOAL 416 scorer=Fan ZhaoReward=-1 total=228:188 
(Filename: E:\unity\Runtime/Export/Debug/Debug.bindings.h Line: 39)

SELFPLAY GOAL 417 scorer=Fan ZhaoReward=-1 total=229:188 
(Filename: E:\unity\Runtime/Export/Debug/Debug.bindings.h Line: 39)

SELFPLAY GOAL 418 scorer=Fan ZhaoReward=-1 total=230:188 
(Filename: E:\unity\Runtime/Export/Debug/Debug.bindings.h Line: 39)

SELFPLAY GOAL 419 scorer=Fan ZhaoReward=-1 total=231:188 
(Filename: E:\unity\Runtime/Export/Debug/Debug.bindings.h Line: 39)

SELFPLAY GOAL 420 scorer=Fan ZhaoReward=-1 total=232:188 
(Filename: E:\unity\Runtime/Export/Debug/Debug.bindings.h Line: 39)

SELFPLAY MATCH 52 goals=6 total=420 score=6:0 
(Filename: E:\unity\Runtime/Export/Debug/Debug.bindings.h Line: 39)

Unloading 4 Unused Serialized files (Serialized files now loaded: 0)
UnloadTime: 0.622500 ms

Unloading 4 unused Assets to reduce memory usage. Loaded Objects now: 1061.
Total: 1.304400 ms (FindLiveObjects: 0.063400 ms CreateObjectMapping: 0.009500 ms MarkObjects: 0.335100 ms  DeleteObjects: 0.896100 ms)

SELFPLAY GOALMAP x=-6.13 isPlayer1Goal=True 
(Filename: E:\unity\Runtime/Export/Debug/Debug.bindings.h Line: 39)

SELFPLAY GOALMAP x=6.18 isPlayer1Goal=False 
(Filename: E:\unity\Runtime/Export/Debug/Debug.bindings.h Line: 39)

SELFPLAY GOAL 421 scorer=Fan ZhaoReward=-1 total=233:188 
(Filename: E:\unity\Runtime/Export/Debug/Debug.bindings.h Line: 39)

SELFPLAY GOAL 422 scorer=Fan ZhaoReward=-1 total=234:188 
(Filename: E:\unity\Runtime/Export/Debug/Debug.bindings.h Line: 39)

SELFPLAY GOAL 423 scorer=Zhao ZhaoReward=1 total=234:189 
(Filename: E:\unity\Runtime/Export/Debug/Debug.bindings.h Line: 39)

SELFPLAY GOAL 424 scorer=Zhao ZhaoReward=1 total=234:190 
(Filename: E:\unity\Runtime/Export/Debug/Debug.bindings.h Line: 39)

SELFPLAY GOAL 425 scorer=Fan ZhaoReward=-1 total=235:190 
(Filename: E:\unity\Runtime/Export/Debug/Debug.bindings.h Line: 39)

SELFPLAY GOAL 426 scorer=Zhao ZhaoReward=1 total=235:191 
(Filename: E:\unity\Runtime/Export/Debug/Debug.bindings.h Line: 39)

SELFPLAY GOAL 427 scorer=Fan ZhaoReward=-1 total=236:191 
(Filename: E:\unity\Runtime/Export/Debug/Debug.bindings.h Line: 39)

SELFPLAY GOAL 428 scorer=Fan ZhaoReward=-1 total=237:191 
(Filename: E:\unity\Runtime/Export/Debug/Debug.bindings.h Line: 39)

SELFPLAY GOAL 429 scorer=Fan ZhaoReward=-1 total=238:191 
(Filename: E:\unity\Runtime/Export/Debug/Debug.bindings.h Line: 39)

SELFPLAY MATCH 53 goals=9 total=429 score=6:3 
(Filename: E:\unity\Runtime/Export/Debug/Debug.bindings.h Line: 39)

Unloading 4 Unused Serialized files (Serialized files now loaded: 0)
UnloadTime: 0.707600 ms

Unloading 4 unused Assets to reduce memory usage. Loaded Objects now: 1061.
Total: 1.289600 ms (FindLiveObjects: 0.046000 ms CreateObjectMapping: 0.010600 ms MarkObjects: 0.329400 ms  DeleteObjects: 0.902900 ms)

SELFPLAY GOALMAP x=-6.13 isPlayer1Goal=True 
(Filename: E:\unity\Runtime/Export/Debug/Debug.bindings.h Line: 39)

SELFPLAY GOALMAP x=6.18 isPlayer1Goal=False 
(Filename: E:\unity\Runtime/Export/Debug/Debug.bindings.h Line: 39)

SELFPLAY GOAL 430 scorer=Fan ZhaoReward=-1 total=239:191 
(Filename: E:\unity\Runtime/Export/Debug/Debug.bindings.h Line: 39)

SELFPLAY GOAL 431 scorer=Zhao ZhaoReward=1 total=239:192 
(Filename: E:\unity\Runtime/Export/Debug/Debug.bindings.h Line: 39)

SELFPLAY GOAL 432 scorer=Zhao ZhaoReward=1 total=239:193 
(Filename: E:\unity\Runtime/Export/Debug/Debug.bindings.h Line: 39)

SELFPLAY GOAL 433 scorer=Fan ZhaoReward=-1 total=240:193 
(Filename: E:\unity\Runtime/Export/Debug/Debug.bindings.h Line: 39)

SELFPLAY GOAL 434 scorer=Fan ZhaoReward=-1 total=241:193 
(Filename: E:\unity\Runtime/Export/Debug/Debug.bindings.h Line: 39)

SELFPLAY GOAL 435 scorer=Zhao ZhaoReward=1 total=241:194 
(Filename: E:\unity\Runtime/Export/Debug/Debug.bindings.h Line: 39)

SELFPLAY GOAL 436 scorer=Fan ZhaoReward=-1 total=242:194 
(Filename: E:\unity\Runtime/Export/Debug/Debug.bindings.h Line: 39)

SELFPLAY GOAL 437 scorer=Zhao ZhaoReward=1 total=242:195 
(Filename: E:\unity\Runtime/Export/Debug/Debug.bindings.h Line: 39)

SELFPLAY GOAL 438 scorer=Zhao ZhaoReward=1 total=242:196 
(Filename: E:\unity\Runtime/Export/Debug/Debug.bindings.h Line: 39)

SELFPLAY GOAL 439 scorer=Fan ZhaoReward=-1 total=243:196 
(Filename: E:\unity\Runtime/Export/Debug/Debug.bindings.h Line: 39)

SELFPLAY MATCH 54 goals=10 total=439 score=5:5 
(Filename: E:\unity\Runtime/Export/Debug/Debug.bindings.h Line: 39)

Unloading 4 Unused Serialized files (Serialized files now loaded: 0)
UnloadTime: 0.662300 ms

Unloading 4 unused Assets to reduce memory usage. Loaded Objects now: 1061.
Total: 1.384000 ms (FindLiveObjects: 0.043900 ms CreateObjectMapping: 0.009400 ms MarkObjects: 0.322100 ms  DeleteObjects: 1.007800 ms)

SELFPLAY GOALMAP x=-6.13 isPlayer1Goal=True 
(Filename: E:\unity\Runtime/Export/Debug/Debug.bindings.h Line: 39)

SELFPLAY GOALMAP x=6.18 isPlayer1Goal=False 
(Filename: E:\unity\Runtime/Export/Debug/Debug.bindings.h Line: 39)

SELFPLAY GOAL 440 scorer=Fan ZhaoReward=-1 total=244:196 
(Filename: E:\unity\Runtime/Export/Debug/Debug.bindings.h Line: 39)

SELFPLAY GOAL 441 scorer=Zhao ZhaoReward=1 total=244:197 
(Filename: E:\unity\Runtime/Export/Debug/Debug.bindings.h Line: 39)

SELFPLAY GOAL 442 scorer=Fan ZhaoReward=-1 total=245:197 
(Filename: E:\unity\Runtime/Export/Debug/Debug.bindings.h Line: 39)

SELFPLAY GOAL 443 scorer=Zhao ZhaoReward=1 total=245:198 
(Filename: E:\unity\Runtime/Export/Debug/Debug.bindings.h Line: 39)

SELFPLAY GOAL 444 scorer=Zhao ZhaoReward=1 total=245:199 
(Filename: E:\unity\Runtime/Export/Debug/Debug.bindings.h Line: 39)

SELFPLAY GOAL 445 scorer=Fan ZhaoReward=-1 total=246:199 
(Filename: E:\unity\Runtime/Export/Debug/Debug.bindings.h Line: 39)

SELFPLAY GOAL 446 scorer=Zhao ZhaoReward=1 total=246:200 
(Filename: E:\unity\Runtime/Export/Debug/Debug.bindings.h Line: 39)

SELFPLAY GOAL 447 scorer=Zhao ZhaoReward=1 total=246:201 
(Filename: E:\unity\Runtime/Export/Debug/Debug.bindings.h Line: 39)

SELFPLAY GOAL 448 scorer=Zhao ZhaoReward=1 total=246:202 
(Filename: E:\unity\Runtime/Export/Debug/Debug.bindings.h Line: 39)

SELFPLAY GOAL 449 scorer=Zhao ZhaoReward=1 total=246:203 
(Filename: E:\unity\Runtime/Export/Debug/Debug.bindings.h Line: 39)

SELFPLAY GOAL 450 scorer=Fan ZhaoReward=-1 total=247:203 
(Filename: E:\unity\Runtime/Export/Debug/Debug.bindings.h Line: 39)

SELFPLAY MATCH 55 goals=11 total=450 score=4:7 
(Filename: E:\unity\Runtime/Export/Debug/Debug.bindings.h Line: 39)

Unloading 4 Unused Serialized files (Serialized files now loaded: 0)
UnloadTime: 0.460200 ms

Unloading 4 unused Assets to reduce memory usage. Loaded Objects now: 1061.
Total: 1.332900 ms (FindLiveObjects: 0.046900 ms CreateObjectMapping: 0.010900 ms MarkObjects: 0.402300 ms  DeleteObjects: 0.872300 ms)

SELFPLAY GOALMAP x=-6.13 isPlayer1Goal=True 
(Filename: E:\unity\Runtime/Export/Debug/Debug.bindings.h Line: 39)

SELFPLAY GOALMAP x=6.18 isPlayer1Goal=False 
(Filename: E:\unity\Runtime/Export/Debug/Debug.bindings.h Line: 39)

SELFPLAY GOAL 451 scorer=Zhao ZhaoReward=1 total=247:204 
(Filename: E:\unity\Runtime/Export/Debug/Debug.bindings.h Line: 39)

SELFPLAY GOAL 452 scorer=Zhao ZhaoReward=1 total=247:205 
(Filename: E:\unity\Runtime/Export/Debug/Debug.bindings.h Line: 39)

SELFPLAY GOAL 453 scorer=Zhao ZhaoReward=1 total=247:206 
(Filename: E:\unity\Runtime/Export/Debug/Debug.bindings.h Line: 39)

SELFPLAY GOAL 454 scorer=Zhao ZhaoReward=1 total=247:207 
(Filename: E:\unity\Runtime/Export/Debug/Debug.bindings.h Line: 39)

SELFPLAY GOAL 455 scorer=Zhao ZhaoReward=1 total=247:208 
(Filename: E:\unity\Runtime/Export/Debug/Debug.bindings.h Line: 39)

SELFPLAY GOAL 456 scorer=Zhao ZhaoReward=1 total=247:209 
(Filename: E:\unity\Runtime/Export/Debug/Debug.bindings.h Line: 39)

SELFPLAY GOAL 457 scorer=Zhao ZhaoReward=1 total=247:210 
(Filename: E:\unity\Runtime/Export/Debug/Debug.bindings.h Line: 39)

SELFPLAY GOAL 458 scorer=Zhao ZhaoReward=1 total=247:211 
(Filename: E:\unity\Runtime/Export/Debug/Debug.bindings.h Line: 39)

SELFPLAY MATCH 56 goals=8 total=458 score=0:8 
(Filename: E:\unity\Runtime/Export/Debug/Debug.bindings.h Line: 39)

Unloading 4 Unused Serialized files (Serialized files now loaded: 0)
UnloadTime: 0.814300 ms

Unloading 4 unused Assets to reduce memory usage. Loaded Objects now: 1061.
Total: 1.327900 ms (FindLiveObjects: 0.035000 ms CreateObjectMapping: 0.008300 ms MarkObjects: 0.424000 ms  DeleteObjects: 0.860400 ms)

SELFPLAY GOALMAP x=-6.13 isPlayer1Goal=True 
(Filename: E:\unity\Runtime/Export/Debug/Debug.bindings.h Line: 39)

SELFPLAY GOALMAP x=6.18 isPlayer1Goal=False 
(Filename: E:\unity\Runtime/Export/Debug/Debug.bindings.h Line: 39)

SELFPLAY GOAL 459 scorer=Zhao ZhaoReward=1 total=247:212 
(Filename: E:\unity\Runtime/Export/Debug/Debug.bindings.h Line: 39)

SELFPLAY GOAL 460 scorer=Fan ZhaoReward=-1 total=248:212 
(Filename: E:\unity\Runtime/Export/Debug/Debug.bindings.h Line: 39)

SELFPLAY GOAL 461 scorer=Zhao ZhaoReward=1 total=248:213 
(Filename: E:\unity\Runtime/Export/Debug/Debug.bindings.h Line: 39)

SELFPLAY GOAL 462 scorer=Fan ZhaoReward=-1 total=249:213 
(Filename: E:\unity\Runtime/Export/Debug/Debug.bindings.h Line: 39)

SELFPLAY GOAL 463 scorer=Fan ZhaoReward=-1 total=250:213 
(Filename: E:\unity\Runtime/Export/Debug/Debug.bindings.h Line: 39)

SELFPLAY GOAL 464 scorer=Zhao ZhaoReward=1 total=250:214 
(Filename: E:\unity\Runtime/Export/Debug/Debug.bindings.h Line: 39)

SELFPLAY GOAL 465 scorer=Fan ZhaoReward=-1 total=251:214 
(Filename: E:\unity\Runtime/Export/Debug/Debug.bindings.h Line: 39)

SELFPLAY GOAL 466 scorer=Fan ZhaoReward=-1 total=252:214 
(Filename: E:\unity\Runtime/Export/Debug/Debug.bindings.h Line: 39)

SELFPLAY MATCH 57 goals=8 total=466 score=5:3 
(Filename: E:\unity\Runtime/Export/Debug/Debug.bindings.h Line: 39)

Unloading 4 Unused Serialized files (Serialized files now loaded: 0)
UnloadTime: 0.391500 ms

Unloading 4 unused Assets to reduce memory usage. Loaded Objects now: 1061.
Total: 1.424300 ms (FindLiveObjects: 0.038500 ms CreateObjectMapping: 0.009500 ms MarkObjects: 0.354800 ms  DeleteObjects: 1.021200 ms)

SELFPLAY GOALMAP x=-6.13 isPlayer1Goal=True 
(Filename: E:\unity\Runtime/Export/Debug/Debug.bindings.h Line: 39)

SELFPLAY GOALMAP x=6.18 isPlayer1Goal=False 
(Filename: E:\unity\Runtime/Export/Debug/Debug.bindings.h Line: 39)

SELFPLAY GOAL 467 scorer=Zhao ZhaoReward=1 total=252:215 
(Filename: E:\unity\Runtime/Export/Debug/Debug.bindings.h Line: 39)

SELFPLAY PROGRESS goals=467/500 matches=58 score=252:215 real=230.4696 
(Filename: E:\unity\Runtime/Export/Debug/Debug.bindings.h Line: 39)

SELFPLAY GOAL 468 scorer=Zhao ZhaoReward=1 total=252:216 
(Filename: E:\unity\Runtime/Export/Debug/Debug.bindings.h Line: 39)

SELFPLAY GOAL 469 scorer=Zhao ZhaoReward=1 total=252:217 
(Filename: E:\unity\Runtime/Export/Debug/Debug.bindings.h Line: 39)

SELFPLAY GOAL 470 scorer=Zhao ZhaoReward=1 total=252:218 
(Filename: E:\unity\Runtime/Export/Debug/Debug.bindings.h Line: 39)

SELFPLAY GOAL 471 scorer=Fan ZhaoReward=-1 total=253:218 
(Filename: E:\unity\Runtime/Export/Debug/Debug.bindings.h Line: 39)

SELFPLAY MATCH 58 goals=5 total=471 score=1:4 
(Filename: E:\unity\Runtime/Export/Debug/Debug.bindings.h Line: 39)

Unloading 4 Unused Serialized files (Serialized files now loaded: 0)
UnloadTime: 0.742700 ms

Unloading 4 unused Assets to reduce memory usage. Loaded Objects now: 1061.
Total: 1.319800 ms (FindLiveObjects: 0.033500 ms CreateObjectMapping: 0.008500 ms MarkObjects: 0.352900 ms  DeleteObjects: 0.924700 ms)

SELFPLAY GOALMAP x=-6.13 isPlayer1Goal=True 
(Filename: E:\unity\Runtime/Export/Debug/Debug.bindings.h Line: 39)

SELFPLAY GOALMAP x=6.18 isPlayer1Goal=False 
(Filename: E:\unity\Runtime/Export/Debug/Debug.bindings.h Line: 39)

SELFPLAY GOAL 472 scorer=Zhao ZhaoReward=1 total=253:219 
(Filename: E:\unity\Runtime/Export/Debug/Debug.bindings.h Line: 39)

SELFPLAY GOAL 473 scorer=Fan ZhaoReward=-1 total=254:219 
(Filename: E:\unity\Runtime/Export/Debug/Debug.bindings.h Line: 39)

SELFPLAY GOAL 474 scorer=Zhao ZhaoReward=1 total=254:220 
(Filename: E:\unity\Runtime/Export/Debug/Debug.bindings.h Line: 39)

SELFPLAY GOAL 475 scorer=Zhao ZhaoReward=1 total=254:221 
(Filename: E:\unity\Runtime/Export/Debug/Debug.bindings.h Line: 39)

SELFPLAY GOAL 476 scorer=Zhao ZhaoReward=1 total=254:222 
(Filename: E:\unity\Runtime/Export/Debug/Debug.bindings.h Line: 39)

SELFPLAY GOAL 477 scorer=Fan ZhaoReward=-1 total=255:222 
(Filename: E:\unity\Runtime/Export/Debug/Debug.bindings.h Line: 39)

SELFPLAY GOAL 478 scorer=Fan ZhaoReward=-1 total=256:222 
(Filename: E:\unity\Runtime/Export/Debug/Debug.bindings.h Line: 39)

SELFPLAY MATCH 59 goals=7 total=478 score=3:4 
(Filename: E:\unity\Runtime/Export/Debug/Debug.bindings.h Line: 39)

Unloading 4 Unused Serialized files (Serialized files now loaded: 0)
UnloadTime: 0.764700 ms

Unloading 4 unused Assets to reduce memory usage. Loaded Objects now: 1061.
Total: 1.270300 ms (FindLiveObjects: 0.034100 ms CreateObjectMapping: 0.008800 ms MarkObjects: 0.332700 ms  DeleteObjects: 0.894100 ms)

SELFPLAY GOALMAP x=-6.13 isPlayer1Goal=True 
(Filename: E:\unity\Runtime/Export/Debug/Debug.bindings.h Line: 39)

SELFPLAY GOALMAP x=6.18 isPlayer1Goal=False 
(Filename: E:\unity\Runtime/Export/Debug/Debug.bindings.h Line: 39)

SELFPLAY MATCH 60 goals=0 total=478 score=0:0 
(Filename: E:\unity\Runtime/Export/Debug/Debug.bindings.h Line: 39)

Unloading 4 Unused Serialized files (Serialized files now loaded: 0)
UnloadTime: 0.408500 ms

Unloading 3 unused Assets to reduce memory usage. Loaded Objects now: 1061.
Total: 1.462600 ms (FindLiveObjects: 0.053500 ms CreateObjectMapping: 0.010500 ms MarkObjects: 0.455400 ms  DeleteObjects: 0.942900 ms)

SELFPLAY GOALMAP x=-6.13 isPlayer1Goal=True 
(Filename: E:\unity\Runtime/Export/Debug/Debug.bindings.h Line: 39)

SELFPLAY GOALMAP x=6.18 isPlayer1Goal=False 
(Filename: E:\unity\Runtime/Export/Debug/Debug.bindings.h Line: 39)

SELFPLAY GOAL 479 scorer=Zhao ZhaoReward=1 total=256:223 
(Filename: E:\unity\Runtime/Export/Debug/Debug.bindings.h Line: 39)

SELFPLAY GOAL 480 scorer=Zhao ZhaoReward=1 total=256:224 
(Filename: E:\unity\Runtime/Export/Debug/Debug.bindings.h Line: 39)

SELFPLAY GOAL 481 scorer=Zhao ZhaoReward=1 total=256:225 
(Filename: E:\unity\Runtime/Export/Debug/Debug.bindings.h Line: 39)

SELFPLAY GOAL 482 scorer=Fan ZhaoReward=-1 total=257:225 
(Filename: E:\unity\Runtime/Export/Debug/Debug.bindings.h Line: 39)

SELFPLAY GOAL 483 scorer=Fan ZhaoReward=-1 total=258:225 
(Filename: E:\unity\Runtime/Export/Debug/Debug.bindings.h Line: 39)

SELFPLAY GOAL 484 scorer=Fan ZhaoReward=-1 total=259:225 
(Filename: E:\unity\Runtime/Export/Debug/Debug.bindings.h Line: 39)

SELFPLAY MATCH 61 goals=6 total=484 score=3:3 
(Filename: E:\unity\Runtime/Export/Debug/Debug.bindings.h Line: 39)

Unloading 4 Unused Serialized files (Serialized files now loaded: 0)
UnloadTime: 0.565600 ms

Unloading 4 unused Assets to reduce memory usage. Loaded Objects now: 1061.
Total: 1.540500 ms (FindLiveObjects: 0.033700 ms CreateObjectMapping: 0.008300 ms MarkObjects: 0.405500 ms  DeleteObjects: 1.092600 ms)

SELFPLAY GOALMAP x=-6.13 isPlayer1Goal=True 
(Filename: E:\unity\Runtime/Export/Debug/Debug.bindings.h Line: 39)

SELFPLAY GOALMAP x=6.18 isPlayer1Goal=False 
(Filename: E:\unity\Runtime/Export/Debug/Debug.bindings.h Line: 39)

SELFPLAY GOAL 485 scorer=Zhao ZhaoReward=1 total=259:226 
(Filename: E:\unity\Runtime/Export/Debug/Debug.bindings.h Line: 39)

SELFPLAY GOAL 486 scorer=Zhao ZhaoReward=1 total=259:227 
(Filename: E:\unity\Runtime/Export/Debug/Debug.bindings.h Line: 39)

SELFPLAY GOAL 487 scorer=Zhao ZhaoReward=1 total=259:228 
(Filename: E:\unity\Runtime/Export/Debug/Debug.bindings.h Line: 39)

SELFPLAY GOAL 488 scorer=Fan ZhaoReward=-1 total=260:228 
(Filename: E:\unity\Runtime/Export/Debug/Debug.bindings.h Line: 39)

SELFPLAY GOAL 489 scorer=Fan ZhaoReward=-1 total=261:228 
(Filename: E:\unity\Runtime/Export/Debug/Debug.bindings.h Line: 39)

SELFPLAY GOAL 490 scorer=Fan ZhaoReward=-1 total=262:228 
(Filename: E:\unity\Runtime/Export/Debug/Debug.bindings.h Line: 39)

SELFPLAY GOAL 491 scorer=Zhao ZhaoReward=1 total=262:229 
(Filename: E:\unity\Runtime/Export/Debug/Debug.bindings.h Line: 39)

SELFPLAY GOAL 492 scorer=Fan ZhaoReward=-1 total=263:229 
(Filename: E:\unity\Runtime/Export/Debug/Debug.bindings.h Line: 39)

SELFPLAY GOAL 493 scorer=Fan ZhaoReward=-1 total=264:229 
(Filename: E:\unity\Runtime/Export/Debug/Debug.bindings.h Line: 39)

SELFPLAY GOAL 494 scorer=Fan ZhaoReward=-1 total=265:229 
(Filename: E:\unity\Runtime/Export/Debug/Debug.bindings.h Line: 39)

SELFPLAY MATCH 62 goals=10 total=494 score=6:4 
(Filename: E:\unity\Runtime/Export/Debug/Debug.bindings.h Line: 39)

Unloading 4 Unused Serialized files (Serialized files now loaded: 0)
UnloadTime: 0.321600 ms

Unloading 4 unused Assets to reduce memory usage. Loaded Objects now: 1061.
Total: 1.377600 ms (FindLiveObjects: 0.033200 ms CreateObjectMapping: 0.008800 ms MarkObjects: 0.318900 ms  DeleteObjects: 1.016400 ms)

SELFPLAY GOALMAP x=-6.13 isPlayer1Goal=True 
(Filename: E:\unity\Runtime/Export/Debug/Debug.bindings.h Line: 39)

SELFPLAY GOALMAP x=6.18 isPlayer1Goal=False 
(Filename: E:\unity\Runtime/Export/Debug/Debug.bindings.h Line: 39)

SELFPLAY GOAL 495 scorer=Zhao ZhaoReward=1 total=265:230 
(Filename: E:\unity\Runtime/Export/Debug/Debug.bindings.h Line: 39)

SELFPLAY GOAL 496 scorer=Zhao ZhaoReward=1 total=265:231 
(Filename: E:\unity\Runtime/Export/Debug/Debug.bindings.h Line: 39)

SELFPLAY GOAL 497 scorer=Zhao ZhaoReward=1 total=265:232 
(Filename: E:\unity\Runtime/Export/Debug/Debug.bindings.h Line: 39)

SELFPLAY GOAL 498 scorer=Fan ZhaoReward=-1 total=266:232 
(Filename: E:\unity\Runtime/Export/Debug/Debug.bindings.h Line: 39)

SELFPLAY GOAL 499 scorer=Fan ZhaoReward=-1 total=267:232 
(Filename: E:\unity\Runtime/Export/Debug/Debug.bindings.h Line: 39)

SELFPLAY GOAL 500 scorer=Zhao ZhaoReward=1 total=267:233 
(Filename: E:\unity\Runtime/Export/Debug/Debug.bindings.h Line: 39)

SELFPLAY MATCH 63 goals=6 total=500 score=2:4 
(Filename: E:\unity\Runtime/Export/Debug/Debug.bindings.h Line: 39)

SELFPLAY COMPLETE goals=500 fan=267 zhao=233 matches=63 failures=0 
(Filename: E:\unity\Runtime/Export/Debug/Debug.bindings.h Line: 39)

Setting up 12 worker threads for Enlighten.
  Thread -> id: 68f0 -> priority: 1 
  Thread -> id: 9938 -> priority: 1 
  Thread -> id: 9740 -> priority: 1 
  Thread -> id: 1340 -> priority: 1 
  Thread -> id: 528c -> priority: 1 
  Thread -> id: 40d0 -> priority: 1 
  Thread -> id: 9b64 -> priority: 1 
  Thread -> id: 59b8 -> priority: 1 
  Thread -> id: 2ca8 -> priority: 1 
  Thread -> id: 15a8 -> priority: 1 
  Thread -> id: 99f8 -> priority: 1 
  Thread -> id: 7904 -> priority: 1 

SELFPLAY COMPLETE goals=2000 fan=1028 zhao=972 workers=4 failures=0
